pos,points,sd_pts,dropoff,floor,ceiling,points_vor,floor_vor,ceiling_vor,rank,floor_rank,ceiling_rank,pos_rank,tier,overall_ecr,pos_ecr,sd_ecr,uncertainty,adp,adp_sd,adp_diff,aav,aav_sd,first_name,last_name,team,position,age,exp
QB,360.9166666666667,3.923981821228694,8.805999999999983,357.975,364.75199999999995,98.1806666666667,103.5,94.24019999999996,3,1,8,1,1,26.15,1.75,0.9,0.03,15.855,4.188761750207333,-12.855,41.394666666666666,8.326462447455638,Patrick,Mahomes,KCC,QB,28,3
QB,352.1106666666667,22.464439484067555,16.380666666666684,331.0652,371.2862,89.37466666666671,76.59019999999998,100.77440000000001,7,7,4,2,2,27.37,2.36,0.93,0.62,22.291666666666668,3.977195061290752,-15.291666666666668,35.886,5.132852877948745,Jalen,Hurts,PHI,QB,25,0
QB,335.73,13.44569447815917,20.450666666666677,323.136,347.211,72.99400000000003,68.661,76.69920000000002,16,16,15,3,3,27.22,2.19,0.9,0.28,19.905,3.4689467661909528,-3.905000000000001,36.45266666666667,7.76959035099163,Josh,Allen,BUF,QB,27,2
QB,315.27933333333334,8.01044326696927,2.8899999999999864,310.00800000000004,323.1822,52.54333333333335,55.533000000000015,52.67040000000003,24,20,31,4,3,38.84,4.57,1.27,0.13,38.79666666666667,7.677396838917618,-14.796666666666667,29.647333333333336,10.684494726263642,Lamar,Jackson,BAL,QB,26,2
QB,312.38933333333335,16.265658343065425,21.370000000000005,296.4638,324.4448,49.653333333333364,41.98879999999997,53.93299999999999,29,34,29,5,4,42.62,5.53,1.12,0.47,37.513333333333335,6.432639858996892,-8.513333333333335,26.07,7.995027621382348,Joe,Burrow,CIN,QB,27,0
QB,291.01933333333335,7.207707078768748,0.04200000000003001,283.98900000000003,296.4882,28.28333333333336,29.51400000000001,25.976400000000012,48,47,56,6,4,46.31,5.97,1.39,0.11,49.755,8.874483553048782,-1.7550000000000026,22.699333333333335,8.523149704709457,Justin,Fields,CHI,QB,24,-1
QB,290.9773333333333,6.515705743304654,5.911333333333289,286.0272,297.3312,28.24133333333333,31.55219999999997,26.81940000000003,49,44,54,7,5,84.2,10.56,2.5,0.2,79.43833333333333,14.540222850959182,-30.438333333333333,14.904666666666667,8.51951740938939,Deshaun,Watson,CLE,QB,28,3
QB,285.06600000000003,7.937429558742554,11.635333333333335,279.62600000000003,292.89020000000005,22.33000000000004,25.15100000000001,22.378400000000056,59,53,60,8,6,45.78,6.12,1.18,0.12,47.303333333333335,10.476259934834673,11.696666666666665,23.880000000000003,11.620166378613806,Justin,Herbert,LAC,QB,25,0
QB,273.4306666666667,4.767928411095677,5.880000000000052,269.4552,277.95120000000003,10.694666666666706,14.980199999999968,7.439400000000035,75,65,77,9,7,99.06,12.97,1.97,0.09,101.15666666666667,17.50055300713539,-26.156666666666666,14.342000000000002,9.341928851509559,Kirk,Cousins,MIN,QB,35,8
QB,267.55066666666664,11.692965463616718,4.256666666666661,256.0172,275.3942,4.814666666666653,1.5421999999999798,4.882400000000018,82,93,81,10,7,96.95,12.52,2.51,0.42,114.06666666666666,15.440660247829076,-32.06666666666666,11.944666666666668,7.658984498976061,Daniel,Jones,NYG,QB,26,1
QB,263.294,9.61488367064313,0.12999999999999545,257.3342,272.7692,0.5579999999999927,2.859199999999987,2.2574000000000183,92,88,91,11,7,131.4,16.79,2.33,0.26,128.05,11.745234494608159,-36.05000000000001,10.236666666666668,6.896425805363886,Russell,Wilson,DEN,QB,35,8
QB,263.164,11.228636960913835,0.42799999999999727,252.3872,272.2412,0.42799999999999727,-2.0878000000000156,1.7293999999999983,93,101,93,12,7,117.31,15.08,2.67,0.41,98.97833333333334,15.350263208022055,-5.978333333333339,13.068,8.321062111693836,Aaron,Rodgers,NYJ,QB,40,15
QB,262.736,7.711407653599964,0.8206666666666251,256.136,269.9492,0,1.6610000000000014,-0.5625999999999749,96,92,98,13,7,60.76,8.17,0.81,0.09,58.17666666666667,9.685196034269119,37.82333333333333,21.074,10.51375949252534,Trevor,Lawrence,JAC,QB,24,-1
QB,261.91533333333336,8.308500787346247,5.883333333333383,254.47500000000002,269.4294,-0.8206666666666251,0,-1.082400000000007,98,96,100,14,8,88.42,10.88,2.1,0.23,84.38666666666667,11.465292068770959,13.61333333333333,16.318,9.719055235292508,Dak,Prescott,DAL,QB,30,4
QB,256.032,11.85981669335577,4.789333333333303,249.101,267.6824,-6.704000000000008,-5.374000000000024,-2.829400000000021,119,113,111,15,9,103.64,13.61,2.29,0.37,116.59333333333333,20.07946020744139,2.4066666666666663,12.434666666666669,7.848053913055276,Geno,Smith,SEA,QB,33,7
QB,251.24266666666668,21.45523249310836,11.684666666666686,231.89280000000002,270.5118,-11.493333333333311,-22.5822,0,133,171,96,16,10,126.59,16.13,1.92,0.65,116.485,12.787488351249175,16.515,11.523333333333333,7.233562208360568,Jared,Goff,DET,QB,29,4
QB,239.558,15.410722630688019,0.3526666666666358,224.358,249.9126,-23.177999999999997,-30.11700000000002,-20.599199999999996,170,190,172,17,10,92.66,11.97,2.29,0.53,90.055,12.954049238236923,79.945,13.425333333333334,7.748947684829357,Tua,Tagovailoa,MIA,QB,25,0
QB,239.20533333333336,12.502025649203148,13.191333333333347,229.7536,251.4076,-23.530666666666633,-24.721400000000017,-19.10419999999999,173,177,161,18,11,125.77,15.87,3.9,0.57,111.28999999999999,30.772198491495534,61.71000000000001,25.46333333333334,27.172550283123762,Anthony,Richardson,IND,QB,21,-3
QB,226.014,1.6152238234993976,4.734666666666669,224.83780000000002,227.599,-36.72199999999998,-29.637200000000007,-42.912800000000004,208,189,232,19,12,169.6,22.73,2.24,0.05,141.12166666666667,20.54497295906931,66.87833333333333,6.534666666666667,3.8258354497924882,Kenny,Pickett,PIT,QB,25,-2
QB,221.27933333333334,5.88231938382584,5.814666666666682,215.584,225.89619999999996,-41.45666666666665,-38.89100000000002,-44.61560000000003,215,214,238,20,13,157.45,20.64,2.34,0.18,140.91666666666666,16.736358292319416,74.08333333333334,9.424000000000001,6.316136371759771,Derek,Carr,NOS,QB,32,6
QB,215.46466666666666,22.408041086479056,6.000666666666632,194.3914,234.45940000000002,-47.27133333333333,-60.08360000000002,-36.05239999999998,234,293,215,21,14,195.77,23.92,4.55,0.85,146.01666666666665,22.601832275774065,87.98333333333335,10.995333333333335,8.717208472645103,Brock,Purdy,SFO,QB,24,-2
QB,209.46400000000003,18.520571481463527,0.8400000000000034,191.198,221.2508,-53.27199999999996,-63.277000000000015,-49.260999999999996,253,315,256,22,14,156.71,20.47,2.15,0.6,143.57166666666666,18.03700678851369,109.42833333333334,7.290000000000001,4.699368751935379,Matthew,Stafford,LAR,QB,35,11
QB,208.62400000000002,14.817624236023809,4.760000000000019,194.51520000000002,220.85820000000004,-54.111999999999966,-59.9598,-49.653599999999955,255,291,259,23,15,190.4,24.66,2.75,0.55,130.31,46.30446976264818,124.69,26.805000000000003,20.115000000000006,Bryce,Young,CAR,QB,22,-3
QB,203.864,14.463212921062865,3.9293333333333464,191.23000000000002,217.21480000000003,-58.871999999999986,-63.245000000000005,-53.29699999999997,279,314,268,24,15,176.66,23.08,3.06,0.56,146.178,25.690265393724527,132.822,8.171333333333333,5.681029562402303,Jordan,Love,GBP,QB,25,0
QB,199.93466666666666,2.9075050014287744,4.106666666666655,197.2714,202.5004,-62.80133333333333,-57.20360000000002,-68.01139999999998,303,270,341,25,16,230.82,27.82,2.97,0.1,163.56333333333333,36.73010784386866,139.43666666666667,7.65,2.0700000000000003,Jimmy,Garoppolo,LVR,QB,32,6
QB,195.828,27.752550369290383,1.1233333333333348,171.7584,221.5734,-66.90799999999999,-82.71660000000003,-48.9384,326,405,254,26,16,201.21,24.87,5.03,0.92,147.124,20.777450854231365,178.876,10.278000000000002,5.298000000000001,Kyler,Murray,ARI,QB,26,1
QB,194.70466666666667,8.14831671778493,14.695999999999998,186.9964,201.5314,-68.03133333333332,-67.47860000000003,-68.9804,334,340,345,27,17,205.99,25.85,3.18,0.3,163.315,40.365,170.685,8.581000000000001,2.891000000000001,Ryan,Tannehill,TEN,QB,35,8
QB,180.00866666666667,5.601869806888881,0.4166666666666856,176.2086,185.53259999999997,-82.72733333333332,-78.26640000000003,-84.97920000000002,407,389,419,28,17,229.68,27.41,3.52,0.24,151.18333333333334,37.493343705546216,255.81666666666666,6.598000000000001,0.6980000000000004,Sam,Howell,WAS,QB,23,-2
QB,179.59199999999998,9.95226265730563,0.4326666666666483,171.079,188.9044,-83.144,-83.396000000000015,-81.60739999999998,409,410,409,29,17,236.41,28.05,2.59,0.32,160.695,40.455000000000005,248.305,6.449000000000001,1.399000000000001,Mac,Jones,NEP,QB,25,-1
QB,179.15933333333334,10.183600607512696,7.363999999999976,170.419,188.6692,-83.57666666666665,-84.05600000000001,-81.8426,410,414,410,30,18,226,27.26,2.84,0.36,142.746,51.64686034987994,267.254,22.795,17.765,C.J.,Stroud,HOU,QB,22,-3
QB,171.79533333333336,11.556240968988721,15.54066666666671,162.48860000000002,182.90060000000003,-90.94066666666663,-91.9864,-87.61119999999997,444,464,421,31,19,257.21,29.45,2.39,0.37,123.46,NA,320.54,4.715,0.20500000000000007,Desmond,Ridder,ATL,QB,24,-2
QB,156.25466666666665,26.33384866162432,92.32066666666665,131.09640000000002,177.81539999999998,-106.48133333333334,-123.3786,-92.69640000000001,544,610,452,32,20,289.35,31.05,2.03,0.78,132.01,NA,411.99,4.497,2.007,Baker,Mayfield,TBB,QB,28,2
QB,63.934000000000005,23.111005776469362,19.378666666666668,43.800200000000004,85.3082,-198.802,-210.6748,-185.2036,609,611,609,33,21,346.76,36.68,2.59,0.75,159.61,NA,449.39,4.2490000000000006,3.119,Kyle,Trask,TBB,QB,25,-1
QB,44.55533333333334,23.498567303845004,0.88333333333334,21.4206,58.8066,-218.18066666666664,-233.05440000000002,-211.7052,610,614,611,34,21,340.38,35.91,3.44,0.8,151.12,NA,458.88,2.6,1.3600000000000003,Colt,McCoy,ARI,QB,37,10
QB,43.672,30.781163915615664,4.011999999999993,13.581000000000007,66.7224,-219.064,-240.894,-203.7894,611,623,610,35,22,338.33,35.19,2.59,0.87,NA,NA,NA,4.424,2.8240000000000007,Jacoby,Brissett,WAS,QB,31,4
QB,39.660000000000004,7.014499269370552,3.298000000000009,35.196000000000005,44.124,-223.076,-219.27900000000002,-226.3878,612,613,614,36,23,315.13,33.6,4.59,0.46,149.385,0.8149999999999977,462.615,4.125000000000001,2.7150000000000007,Trey,Lance,SFO,QB,23,-1
QB,36.361999999999995,0.3082985565973347,2.816666666666663,36.1658,36.5582,-226.374,-218.30920000000003,-233.9536,613,612,615,37,23,337.75,56.11,18.72,0.96,NA,NA,NA,NA,NA,Brian,Hoyer,LVR,QB,38,11
QB,33.54533333333333,16.776183276697157,2.7759999999999962,18.163600000000002,48.3316,-229.19066666666666,-236.31140000000002,-222.18019999999999,614,619,612,38,23,357.68,39.18,3.77,0.65,NA,NA,NA,3.9840000000000004,NA,Taylor,Heinicke,ATL,QB,30,5
QB,30.769333333333336,20.541502411784133,8.684000000000005,10.807000000000002,46.6432,-231.96666666666664,-243.668,-223.8686,615,631,613,39,24,344.46,36.6,3.37,0.72,60.55,NA,554.45,7.953,6.783,Will,Levis,TEN,QB,24,-3
QB,22.08533333333333,3.6309427609552487,0.06033333333333246,18.540999999999997,24.828399999999995,-240.65066666666667,-235.93400000000003,-245.6834,616,617,619,40,24,350.83,39.21,5.83,0.44,NA,NA,NA,1.484,0.4840000000000001,Sam,Darnold,SFO,QB,26,2
QB,22.025,3.2880465325174475,0.8269999999999982,19.9325,24.1175,-240.71099999999998,-234.54250000000002,-246.3943,617,616,620,41,24,375.8,40.81,3.53,0.18,NA,NA,NA,3.224,1.3840000000000003,Mike,White,MIA,QB,28,2
QB,21.198,0.11030865786510058,0.8520000000000003,21.1278,21.2682,-241.53799999999998,-233.34720000000002,-249.2436,618,615,621,42,24,336.5,42.95,7.81,0.52,102.52,NA,515.48,3.4800000000000004,NA,Clayton,Tune,ARI,QB,24,-3
QB,20.346,14.378802036331122,0.18900000000000006,6.896000000000003,32.6522,-242.39,-247.579,-237.8596,619,648,616,43,24,354.67,37.59,4.32,0.64,NA,NA,NA,1.9700000000000002,0.7900000000000003,Gardner,Minshew,IND,QB,27,1
QB,20.157,9.507757779834316,1.083000000000002,14.106300000000001,26.2077,-242.57899999999998,-240.36870000000002,-244.3041,620,621,618,44,24,NA,63.29,8.19,0.78,NA,NA,NA,1.6800000000000002,NA,Trevor,Siemian,CIN,QB,32,5
QB,19.073999999999998,13.946285096756053,0.671999999999997,5.649200000000002,30.246199999999998,-243.66199999999998,-248.82580000000002,-240.2656,621,651,617,45,24,367.22,41.78,4.06,0.61,NA,NA,NA,4.5840000000000005,NA,Bailey,Zappe,NEP,QB,24,-2
QB,18.402,NA,1.1400000000000006,18.402,18.402,-244.334,-236.07300000000004,-252.1098,622,618,625,46,24,NA,53.9,6.01,0.71,NA,NA,NA,1.0560000000000003,NA,Mitchell,Trubisky,PIT,QB,29,3
QB,17.262,5.744535490359513,0.5839999999999996,13.606200000000001,20.9178,-245.474,-240.86880000000002,-249.594,623,622,623,47,24,NA,48.54,4.07,0.3,NA,NA,NA,1.8240000000000003,NA,Marcus,Mariota,PHI,QB,30,5
QB,16.678,7.181376469730576,0.26200000000000045,12.107800000000003,21.2482,-246.058,-242.36720000000003,-249.2636,624,627,622,48,24,NA,56.11,3.41,0.28,NA,NA,NA,NA,NA,Tyrod,Taylor,NYG,QB,34,9
QB,16.416,NA,1.4909999999999997,16.416,16.416,-246.32,-238.05900000000003,-254.0958,625,620,630,49,25,NA,75.2,7.93,0.89,NA,NA,NA,NA,NA,Easton,Stick,LAC,QB,28,1
QB,14.925,7.615540033379119,0.27500000000000036,10.0785,19.771500000000003,-247.81099999999998,-244.39650000000003,-250.7403,626,633,624,50,25,369,42.57,2.95,0.25,NA,NA,NA,1.368,NA,Tyler,Huntley,BAL,QB,25,0
QB,14.65,2.8142849891224597,0.10800000000000054,12.859,16.441,-248.08599999999998,-241.616,-254.0708,627,625,629,51,25,366.2,44.53,5.7,0.37,NA,NA,NA,1.4640000000000002,NA,Jarrett,Stidham,DEN,QB,27,1
QB,14.542,5.201477482408242,0.1540000000000017,11.231800000000002,17.852199999999996,-248.194,-243.24320000000003,-252.6596,628,628,626,52,25,NA,72.6,8.26,0.66,NA,NA,NA,NA,NA,David,Blough,ARI,QB,28,1
QB,14.387999999999998,1.9912126958213159,0.21599999999999753,13.120800000000001,15.655199999999997,-248.34799999999998,-241.35420000000002,-254.8566,629,624,632,53,25,NA,53.6,6.99,0.51,NA,NA,NA,0.3360000000000001,NA,Teddy,Bridgewater,DET,QB,31,6
QB,14.172,2.873681958742129,0.6170000000000009,12.3432,16.0008,-248.564,-242.13180000000003,-254.511,630,626,631,54,25,352.77,41.39,5.3,0.33,NA,NA,NA,1.6080000000000003,NA,Jameis,Winston,NOS,QB,29,5
QB,13.555,6.356889962867062,0.6159999999999961,9.509500000000001,17.6005,-249.18099999999998,-244.96550000000002,-252.91129999999998,631,636,627,55,25,356.5,44.71,5.14,0.49,NA,NA,NA,1.4880000000000002,NA,Andy,Dalton,CAR,QB,36,9
QB,12.939000000000004,6.588820987096253,0.2570000000000032,8.745900000000002,17.132100000000005,-249.797,-245.72910000000002,-253.37969999999999,632,640,628,56,25,NA,48.71,6.93,0.62,NA,NA,NA,NA,NA,Davis,Mills,HOU,QB,25,-1
QB,12.682,3.306431308828295,1.0340000000000007,10.577800000000002,14.7862,-250.054,-243.89720000000003,-255.7256,633,632,633,57,25,NA,58.5,9.53,0.69,NA,NA,NA,NA,NA,P.J.,Walker,CHI,QB,28,3
QB,11.648,1.0634885989045673,0.26599999999999824,10.971200000000001,12.3248,-251.088,-243.5038,-258.187,634,630,639,58,25,NA,71.6,6.09,0.33,NA,NA,NA,1.0560000000000003,NA,Blaine,Gabbert,KCC,QB,34,9
QB,11.382000000000001,2.5766971106437793,0.3979999999999997,9.7422,13.021799999999999,-251.35399999999998,-244.73280000000003,-257.49,635,635,637,59,25,NA,60.14,6.49,0.48,NA,NA,NA,NA,NA,Joshua,Dobbs,CLE,QB,28,3
QB,10.984000000000002,NA,0.2660000000000018,10.984000000000002,10.984000000000002,-251.75199999999998,-243.491,-259.5278,636,629,641,60,25,NA,68.6,3.44,0.27,NA,NA,NA,NA,NA,Brett,Rypien,LAR,QB,27,1
QB,10.718,5.031771854923472,0.1120000000000001,7.5158000000000005,13.9202,-252.018,-246.9592,-256.59159999999997,637,644,635,61,25,NA,59.89,9.33,0.73,NA,NA,NA,NA,NA,Nick,Mullens,MIN,QB,28,3
QB,10.606,3.770293357286672,0.07899999999999885,8.2066,13.0054,-252.13,-246.2684,-257.5064,638,641,638,62,25,NA,60.25,4.79,0.29,NA,NA,NA,1.1960000000000002,0.19600000000000006,Cooper,Rush,DAL,QB,30,3
QB,10.527000000000001,1.7069557697843267,0.08099999999999952,9.4407,11.613300000000002,-252.209,-245.03430000000003,-258.8985,639,637,640,63,25,NA,60,4.32,0.19,NA,NA,NA,1.8480000000000003,NA,Drew,Lock,SEA,QB,27,1
QB,10.446000000000002,6.4007305833006285,0.386000000000001,6.372600000000001,14.519400000000001,-252.29,-248.10240000000002,-255.9924,640,649,634,64,25,NA,60.4,12.47,0.89,NA,NA,NA,0.9840000000000001,NA,Sean,Clifford,GBP,QB,25,-3
QB,10.06,0,0.15700000000000003,10.06,10.06,-252.676,-244.41500000000002,-260.4518,641,634,643,65,25,NA,NA,NA,0.01,NA,NA,NA,NA,NA,Max,Duggan,LAC,QB,22,-3
QB,9.903,5.774233975169348,0.745000000000001,6.228300000000001,13.5777,-252.833,-248.24670000000003,-256.9341,642,650,636,66,25,NA,53.18,4.8,0.43,73.21,NA,568.79,3.6720000000000006,NA,Stetson,Bennett,LAR,QB,26,-3
QB,9.158,NA,0.0779999999999994,9.158,9.158,-253.578,-245.31700000000004,-261.3538,643,638,646,67,25,NA,NA,NA,NA,NA,NA,NA,NA,NA,Matt,Barkley,BUF,QB,33,7
QB,9.08,0,0.04399999999999871,9.08,9.08,-253.65599999999998,-245.395,-261.4318,644,639,647,68,25,NA,70,2.94,0.07,NA,NA,NA,3.2880000000000007,NA,Jake,Haener,NOS,QB,24,-3
QB,9.036000000000001,2.39850620178477,0.47300000000000253,7.509600000000001,10.562400000000002,-253.7,-246.96540000000002,-259.94939999999997,645,645,642,69,25,NA,69.29,5.99,0.41,NA,NA,NA,NA,NA,C.J.,Beathard,JAC,QB,30,3
QB,8.562999999999999,1.5796765491707485,1.009999999999998,7.557699999999999,9.5683,-254.173,-246.9173,-260.9435,646,642,645,70,26,NA,56.45,6.26,0.39,110.69,NA,535.31,1.6080000000000003,NA,Aidan,O'Connell,LVR,QB,25,-3
QB,7.553000000000001,3.3757277733845767,0.009000000000002117,5.404700000000002,9.7013,-255.183,-249.07030000000003,-260.8105,647,652,644,71,26,NA,61.75,11.67,0.82,NA,NA,NA,1.9920000000000002,NA,Jaren,Hall,MIN,QB,25,-3
QB,7.543999999999999,NA,0.0820000000000034,7.543999999999999,7.543999999999999,-255.19199999999998,-246.931,-262.9678,648,643,651,72,26,361.5,49.43,6.97,0.84,NA,NA,NA,1.5600000000000003,NA,Zach,Wilson,NYJ,QB,24,-1
QB,7.461999999999995,NA,0.28599999999999515,7.461999999999995,7.461999999999995,-255.274,-247.01300000000003,-263.0498,649,646,652,73,26,NA,57.38,6.06,0.73,59.21,NA,589.79,10.608,NA,Hendon,Hooker,DET,QB,25,-3
QB,7.176,2.8057997077482213,0.08399999999999874,5.3904,8.9616,-255.56,-249.08460000000002,-261.5502,650,653,649,74,26,NA,53.75,11.52,0.81,99.52,NA,550.48,2.5200000000000005,NA,Dorian,Thompson-Robinson,CLE,QB,24,-3
QB,7.092000000000001,NA,1.0010000000000003,7.092000000000001,7.092000000000001,-255.64399999999998,-247.383,-263.4198,651,647,653,75,26,NA,NA,NA,NA,NA,NA,NA,NA,NA,Nate,Sudfeld,DET,QB,30,4
QB,6.091000000000001,4.67963267789257,0.8030000000000008,3.1129000000000024,9.0691,-256.645,-251.36210000000003,-261.4427,652,656,648,76,26,NA,63.33,15.84,0.93,NA,NA,NA,NA,NA,Tanner,McKee,PHI,QB,23,-3
QB,5.288,NA,0.5350000000000001,5.288,5.288,-257.448,-249.187,-265.2238,653,654,654,77,26,NA,62.71,4.53,0.53,NA,NA,NA,NA,NA,Case,Keenum,HOU,QB,35,8
QB,4.753,5.723322286923916,0.17299999999999915,1.1107,8.395299999999999,-257.983,-253.36430000000001,-262.1165,654,658,650,78,26,NA,66,4.69,0.4,NA,NA,NA,NA,NA,Kyle,Allen,BUF,QB,27,2
QB,4.580000000000001,0.9050966799187816,2.7659999999999973,4.0040000000000004,5.1560000000000015,-258.156,-250.47100000000003,-265.3558,655,655,655,79,26,357.75,51.83,11.3,0.76,NA,NA,NA,NA,NA,Malik,Willis,TEN,QB,24,-2
QB,1.8140000000000036,NA,1.0320000000000036,1.8140000000000036,1.8140000000000036,-260.92199999999997,-252.66100000000003,-268.6978,656,657,656,80,27,NA,65.57,3.2,0.23,NA,NA,NA,NA,NA,Matt,Corral,CAR,QB,24,-2
QB,0.782,NA,0.05400000000000005,0.782,0.782,-261.954,-253.693,-269.7298,657,659,657,81,27,NA,NA,NA,NA,NA,NA,NA,NA,NA,Shane,Buechele,KCC,QB,25,-1
QB,0.728,NA,0.652,0.728,0.728,-262.008,-253.747,-269.7838,658,660,658,82,27,NA,74.6,10.09,0.96,NA,NA,NA,NA,NA,Mason,Rudolph,PIT,QB,28,2
QB,0.07599999999999996,NA,0,0.07599999999999996,0.07599999999999996,-262.65999999999997,-254.39900000000003,-270.4358,659,661,659,83,27,NA,NA,NA,NA,NA,NA,NA,NA,NA,Will,Grier,DAL,QB,28,1
RB,213.37333333333333,12.837391998896557,0.549999999999983,200.77200000000002,220.79700000000003,100,89.792,105.06000000000003,1,4,2,1,1,8.6,4.21,2.97,0.26,5.911666666666667,2.204642198231319,-4.911666666666667,50.142,5.531134422521298,Austin,Ekeler,LAC,RB,28,3
RB,212.82333333333335,17.52251789365141,7.590000000000003,197.55,229.02300000000002,99.45000000000002,86.57,113.28600000000003,2,5,1,2,1,3.05,1.5,0.92,0.28,2.9033333333333333,1.6517330965450268,-0.9033333333333333,56.70466666666667,7.6236502776265604,Christian,McCaffrey,SFO,RB,27,3
RB,205.23333333333335,18.971645509373545,0.4733333333333576,186.52,217.39000000000001,91.86000000000001,75.53999999999999,101.65300000000002,5,10,3,3,1,11.47,5.53,2.21,0.43,16.143333333333334,4.910236473146912,-11.143333333333334,39.82466666666667,6.449154225340115,Derrick,Henry,TEN,RB,29,4
RB,204.76,5.615719010064508,4.429999999999978,201.22500000000002,210.297,91.38666666666666,90.245,94.56,6,3,7,4,2,8.47,4.15,1.68,0.03,8.405,1.3290692231783867,-2.4049999999999994,64.65400000000001,26.192945462471386,Bijan,Robinson,ATL,RB,21,-3
RB,200.33,18.861010047184642,1.7966666666666526,182.25,215.63100000000003,86.95666666666668,71.26999999999998,99.89400000000003,8,13,5,5,2,5.81,2.86,0.89,0.33,11.65,4.818464485704965,-3.6500000000000004,46.376000000000005,5.355608150963498,Nick,Chubb,CLE,RB,28,2
RB,198.53333333333336,12.768548599325356,2.2900000000000205,186.65500000000003,209.56000000000003,85.160000000000025,75.67500000000001,93.82300000000004,9,9,9,6,2,18.93,8.42,2.68,0.23,20.905,4.509389278679172,-11.905000000000001,32.814,7.30948005446808,Josh,Jacobs,LVR,RB,25,1
RB,196.24333333333334,15.316645629292756,1.4399999999999977,181.14000000000004,205.91699999999997,82.87,70.160000000000025,90.17999999999998,11,15,10,7,3,15.47,7.14,1.69,0.25,17.058333333333334,3.3894808681500996,-6.058333333333334,35.49133333333334,6.066059969663631,Tony,Pollard,DAL,RB,26,1
RB,194.80333333333334,10.089402030513659,1.8533333333333246,185.06000000000003,202.799,81.43,74.08000000000001,87.06200000000001,12,12,12,8,3,14.52,6.67,1.32,0.1,10.688333333333333,3.2431795955341247,1.3116666666666674,45.79066666666667,5.253089334435077,Saquon,Barkley,NYG,RB,26,2
RB,192.95000000000002,8.23695939045471,17.973333333333358,185.25500000000002,200.01500000000001,79.57666666666668,74.275,84.27800000000002,13,11,14,9,4,14.26,6.62,3.11,0.14,16.451666666666668,5.239037496419441,-3.451666666666668,36.622,11.407774308192929,Jonathan,Taylor,IND,RB,24,0
RB,174.97666666666666,13.153806800061087,3.373333333333335,164.435,187.637,61.603333333333325,53.454999999999984,71.9,19,21,18,10,4,35.09,14.12,3.81,0.34,36.575,5.0349867593337985,-17.575000000000003,27.86066666666667,9.240639275624943,Joe,Mixon,CIN,RB,27,3
RB,171.60333333333332,10.500287297656833,0.20999999999997954,162.435,181.299,58.22999999999999,51.454999999999984,65.56200000000001,20,23,22,11,4,42.22,16.72,3.4,0.22,39.8,3.0407619659113947,-19.799999999999997,25.827333333333335,7.190300936369465,Aaron,Jones,GBP,RB,29,3
RB,171.39333333333335,11.81000141123334,3.380000000000024,161.06,182.28200000000004,58.02000000000001,50.079999999999984,66.54500000000004,21,24,21,12,5,35.35,14.09,3.94,0.28,32.02,5.453222289007971,-11.020000000000003,23.877333333333333,7.0271407809688515,Breece,Hall,NYJ,RB,22,-2
RB,168.01333333333332,14.832077849490043,2.3433333333333053,158.22,182.646,54.639999999999986,47.23999999999998,66.90899999999999,23,26,20,13,5,27.38,11.41,2.75,0.31,29.55,6.454011672337343,-6.550000000000001,25.756666666666668,5.429157904827925,Rhamondre,Stevenson,NEP,RB,25,-1
RB,165.67000000000002,14.043849187455695,0.18666666666666742,153.295,178.54899999999998,52.29666666666668,42.31499999999997,62.81199999999998,26,32,23,14,5,30.58,12.69,2.84,0.28,28.381666666666668,3.421755965712472,-2.3816666666666677,26.874666666666666,3.341385474453505,Najee,Harris,PIT,RB,25,-1
RB,165.48333333333335,10.812300094491164,3.083333333333343,154.85500000000002,171.865,52.110000000000014,43.875,56.128000000000014,27,29,27,15,5,33.06,13.4,2.83,0.19,31.888333333333335,4.299288377808073,-4.888333333333335,24.65266666666667,5.641612141538581,Travis,Etienne,JAC,RB,24,-1
RB,162.4,9.759610647971568,0.5866666666666731,153.8,171.35000000000002,49.02666666666667,42.81999999999999,55.61300000000003,30,31,28,16,5,56.01,21.35,6.09,0.38,61.236666666666665,15.70123632782534,-31.236666666666665,17.152,6.342484896841828,Alexander,Mattison,MIN,RB,25,1
RB,161.81333333333333,11.777543603542007,0.6166666666666458,151.05,172.23600000000002,48.44,40.06999999999999,56.499000000000024,31,37,26,17,5,41.86,16.44,3.29,0.24,42.471666666666664,5.934740703874282,-11.471666666666664,19.256,2.9770822404943167,Kenneth,Walker III,SEA,RB,23,-2
RB,161.1966666666667,3.2454635005393757,2.0533333333333417,158.00500000000002,163.126,47.82333333333335,47.025000000000006,47.38900000000001,32,27,34,18,6,55.42,21.49,3.46,0.05,48.26,13.659059264824938,-16.259999999999998,15.504666666666667,2.048808651116274,Dameon,Pierce,HOU,RB,23,-2
RB,159.14333333333335,6.323656642586904,4.659999999999997,154.095,165.23700000000002,45.77000000000001,43.11499999999998,49.50000000000003,33,30,33,19,6,59.07,22.79,3.73,0.12,63.778333333333336,7.973222720804651,-30.778333333333336,16.413333333333334,8.187231250890353,James,Conner,ARI,RB,28,3
RB,154.48333333333335,8.560130450719383,0.2466666666666697,146.07000000000002,159.525,41.110000000000014,35.09,43.78800000000001,35,40,37,20,6,43.67,17.09,4.25,0.21,37.57333333333333,10.382632400097556,-2.5733333333333306,35.367333333333335,20.80415986180542,Jahmyr,Gibbs,DET,RB,21,-3
RB,154.23666666666668,15.95656709111747,4.356666666666683,138.841,166.921,40.863333333333344,27.86099999999999,51.184,36,49,32,21,7,45.03,17.36,3.82,0.44,47.155,4.313647914855052,-11.155000000000001,20.831333333333337,5.567476108814682,Miles,Sanders,CAR,RB,26,1
RB,149.88,3.1783171647901938,2.7299999999999898,147.23499999999999,152.896,36.50666666666666,36.25499999999997,37.15899999999999,40,39,44,22,7,48.33,18.99,4.38,0.08,56.605000000000004,11.848647953810314,-16.605000000000004,16.11466666666667,2.821943223304743,J.K.,Dobbins,BAL,RB,25,0
RB,147.15,13.837720187950035,0.12999999999999545,133.51000000000002,155.785,33.77666666666667,22.53,40.048,42,58,40,23,7,67.94,26.36,3.99,0.38,68.51333333333334,10.215347386272391,-26.513333333333335,10.274666666666667,2.5939937462444966,Isiah,Pacheco,KCC,RB,24,-2
RB,147.02,20.31853095083402,0.9699999999999989,127.151,162.206,33.646666666666675,16.170999999999978,46.468999999999994,43,62,36,24,7,49.45,19.56,4.08,0.6,57.913333333333334,7.92033388746263,-14.913333333333334,16.01,1.9368531178176636,Cam,Akers,LAR,RB,24,0
RB,146.05,9.569613367320535,5.226666666666688,136.98000000000002,154.035,32.67666666666668,26,38.298,45,52,41,25,8,67.02,25.95,3.62,0.2,75.22666666666666,18.753543368891354,-30.22666666666666,12.588666666666667,6.152169554085959,David,Montgomery,DET,RB,26,1
RB,140.82333333333332,8.136069894816119,3.386666666666656,132.92700000000002,147.147,27.44999999999999,21.947000000000003,31.409999999999997,52,59,47,26,8,69.76,27.15,4.62,0.22,71.41666666666667,13.381357263828745,-19.41666666666667,14.097333333333335,5.753122128220661,Javonte,Williams,DEN,RB,23,-1
RB,137.43666666666667,12.02497539845023,1.703333333333319,125.88100000000001,147.121,24.063333333333333,14.900999999999996,31.384000000000015,55,66,48,27,8,76.19,28.9,4.46,0.34,82.93333333333334,10.019101201649221,-27.933333333333337,9.563333333333334,3.451785367345749,James,Cook,BUF,RB,24,-2
RB,135.73333333333335,19.53754931748948,2.4766666666666595,116.48500000000001,147.76000000000002,22.360000000000014,5.5049999999999955,32.023000000000025,58,84,46,28,8,69,26.35,2.91,0.51,74.65,12.32273238098326,-16.650000000000006,10.377333333333334,3.633952974685036,Rachaad,White,TBB,RB,24,-2
RB,133.2566666666667,12.29258448550725,5.02000000000001,121.212,142.317,19.883333333333354,10.231999999999985,26.580000000000013,62,77,55,29,9,74.38,28.46,4.71,0.37,75.425,5.096762861529529,-13.424999999999997,15.404666666666667,9.508955264497896,Alvin,Kamara,NOS,RB,28,3
RB,128.23666666666668,2.105239495481046,0.7700000000000102,126.355,130.14399999999998,14.863333333333344,15.374999999999986,14.406999999999982,66,64,69,30,9,84.45,32.17,4.31,0.06,92.07833333333333,25.102055305403887,-26.078333333333333,6.499333333333333,2.6298442708435967,Brian,Robinson,WAS,RB,24,-2
RB,127.46666666666667,1.1239810200058178,0.1700000000000017,126.57000000000001,128.54999999999998,14.093333333333334,15.58999999999999,12.812999999999988,67,63,73,31,9,77.27,29.27,4.15,0.04,69.14166666666667,10.10563278023147,-2.1416666666666657,10.839333333333334,4.518949828838064,D'Andre,Swift,PHI,RB,24,0
RB,127.29666666666667,7.618335338729413,12.273333333333326,119.81400000000001,131.739,13.923333333333332,8.833999999999989,16.00200000000001,68,79,67,32,10,88.31,33.41,3.26,0.13,92.725,9.204306510179535,-24.724999999999994,6.408666666666668,3.391002342802036,AJ,Dillon,GBP,RB,25,0
RB,115.02333333333334,7.950134170775569,1.3500000000000085,110.263,122.845,1.6500000000000057,-0.717000000000013,7.108000000000004,88,99,78,33,11,86.9,32.72,4.8,0.22,93.526,8.641332304685431,-5.525999999999996,8.06,5.0976334378480646,Rashaad,Penny,PHI,RB,27,2
RB,113.67333333333333,2.5142858495670892,0.29999999999999716,111.19500000000001,115.398,0.29999999999999716,0.2149999999999892,-0.33899999999999864,95,95,97,34,11,106.07,39.49,5.09,0.1,113.36666666666666,11.771477769969616,-18.36666666666666,6.4,4.83421141449151,Samaje,Perine,DEN,RB,28,3
RB,113.37333333333333,3.613327183266602,1.8933333333333167,110.98000000000002,116.93800000000002,0,0,1.2010000000000218,96,96,94,35,11,90.73,34.08,5.15,0.13,100.55166666666666,10.991564063205724,-4.551666666666662,5.996666666666667,3.2131016513988824,Khalil,Herbert,CHI,RB,25,-1
RB,111.48000000000002,NA,0.35666666666668334,111.48000000000002,111.48000000000002,-1.8933333333333167,0.5,-4.256999999999977,100,94,113,36,11,124.86,45.51,5.22,0.15,138.51,7.882696239231858,-38.50999999999999,3.5260000000000007,2.4260000000000006,Jeffery,Wilson,MIA,RB,28,2
RB,111.12333333333333,4.746960430984583,4.636666666666656,107.457,115.737,-2.25,-3.5230000000000246,0,101,104,96,37,11,100.38,37.53,4.36,0.12,97.58166666666666,10.743910549185008,3.4183333333333366,7.324666666666667,5.63238879655476,Jamaal,Williams,NOS,RB,28,3
RB,106.48666666666668,5.773130288962245,3.890000000000015,101.04500000000002,111.35900000000001,-6.886666666666656,-9.935000000000002,-4.377999999999986,120,128,115,38,12,97.51,36.32,4.22,0.13,108.825,20.249506784116985,11.174999999999997,6.4573333333333345,3.796709218374367,Antonio,Gibson,WAS,RB,25,0
RB,102.59666666666666,2.4355765915555496,0.9966666666666555,101.039,104.99900000000001,-10.77666666666667,-9.941000000000017,-10.737999999999985,132,129,128,39,12,111.2,41.15,3.47,0.04,124.97,14.874692153677222,7.030000000000001,3.7420000000000004,2.555048857980346,Elijah,Mitchell,SFO,RB,25,-1
RB,101.60000000000001,13.340539719216757,2.25,90.05,113.99,-11.773333333333326,-20.93000000000002,-1.7469999999999999,135,164,106,40,12,109.46,40.67,5.36,0.46,113.31833333333333,28.368657245081042,21.681666666666672,10.344000000000001,10.325036497110638,Zach,Charbonnet,SEA,RB,22,-3
RB,99.35000000000001,4.2358588267316,1.25,95.67,103.27499999999999,-14.023333333333326,-15.310000000000016,-12.462000000000003,142,149,132,41,12,133.17,48.27,5.49,0.16,129.66833333333332,11.774515441787354,12.331666666666678,5.1000000000000005,5.224582917962608,Raheem,Mostert,MIA,RB,31,5
RB,98.10000000000001,0.9165151389911655,6.113333333333344,97.22000000000001,98.84,-15.273333333333326,-13.760000000000005,-16.89699999999999,147,141,148,42,13,117.26,43.14,5.58,0.09,121.905,28.018057718787954,25.095,2.174666666666667,0.9554912639870424,Tyler,Allgeier,ATL,RB,23,-2
RB,91.98666666666666,13.487736405095303,1.5733333333333235,80.09600000000002,104.351,-21.38666666666667,-30.884,-11.385999999999996,162,194,130,43,13,103.76,38.69,4.08,0.37,109.142,9.469965997827027,52.858000000000004,5.836666666666668,5.058789929968981,Damien,Harris,BUF,RB,26,1
RB,90.41333333333334,7.731496189828546,1.7199999999999989,83.034,96.75900000000001,-22.959999999999994,-27.946000000000012,-18.97799999999998,167,186,159,44,13,129.21,46.53,6.23,0.3,129.85,18.132270495813074,37.150000000000006,4.0873333333333335,3.3036627484589824,D'Onta,Foreman,CHI,RB,27,3
RB,88.69333333333334,6.778210186570887,1.38333333333334,82.86800000000002,95.018,-24.679999999999993,-28.111999999999995,-20.718999999999994,179,187,174,45,14,131.78,47.85,4.96,0.2,137.72666666666666,9.909272873873688,41.27333333333334,4.585333333333334,4.552508856541511,Devin,Singletary,HOU,RB,26,1
RB,87.31,7.56381517489686,1.7366666666666646,79.897,92.875,-26.063333333333333,-31.083000000000013,-22.861999999999995,183,195,179,46,14,153.74,53.09,7.01,0.36,151.272,14.836084928309084,31.72800000000001,3.2040000000000006,2.711246699705999,Gus,Edwards,BAL,RB,28,2
RB,85.57333333333334,3.304335535827634,1.5833333333333286,82.31700000000001,87.852,-27.799999999999997,-28.66300000000001,-27.88499999999999,186,188,194,47,14,161.54,55.88,5.7,0.15,152.92000000000002,18.74330920622076,33.079999999999984,2.5573333333333337,1.7253601234396132,Chuba,Hubbard,CAR,RB,24,-1
RB,83.99000000000001,6.501868962075443,1.423333333333332,78.077,89.777,-29.383333333333326,-32.90300000000002,-25.959999999999994,189,201,187,48,14,134.76,49.24,4.19,0.15,137.715,5.9213110879263935,51.285,4.604000000000001,4.2811749166165445,Jaylen,Warren,PIT,RB,25,-2
RB,82.56666666666668,3.6115555282084904,0.30000000000001137,79.64,86.03,-30.806666666666658,-31.340000000000018,-29.706999999999994,193,196,199,49,14,154.85,53.68,6.14,0.18,148.78199999999998,15.722983686310934,44.21800000000002,2.6966666666666668,1.9152081407048747,Kenneth,Gainwell,PHI,RB,24,-1
RB,82.26666666666667,14.801210536078916,4,69.325,95.92000000000002,-31.10666666666667,-41.655000000000015,-19.81699999999998,194,218,166,50,15,132.79,48.82,5.01,0.5,126.07666666666667,8.715018964727244,67.92333333333333,6.244666666666667,5.057624299565514,Jerick,McKinnon,KCC,RB,31,6
RB,78.26666666666667,4.526127852075477,1.886666666666656,75.02000000000001,82.715,-35.10666666666667,-35.96000000000001,-33.02199999999999,203,209,206,51,15,151.55,52.26,9.26,0.41,127.45400000000001,25.52206229911682,75.54599999999999,5.268666666666667,4.936470083864471,Tank,Bigsby,JAC,RB,22,-3
RB,76.38000000000001,28.029336417403822,5.185000000000002,49.26400000000001,98.44900000000001,-36.993333333333325,-61.71600000000001,-17.287999999999982,209,303,150,52,15,120.93,44.15,7.22,0.86,115.02833333333334,29.38138209630188,93.97166666666666,9.943333333333335,9.26331234254549,Devon,Achane,MIA,RB,22,-3
RB,71.19500000000001,28.291342315273766,1.2983333333333462,53.19050000000001,89.1995,-42.17833333333333,-57.78950000000001,-26.537499999999994,217,272,190,53,16,254.88,74.32,9.44,0.91,152.86,61.396866369546906,64.13999999999999,3.0480000000000005,NA,Israel,Abanikanda,NYJ,RB,21,-3
RB,69.89666666666666,31.55013523478676,0.8733333333333348,41.53900000000001,98.329,-43.476666666666674,-69.441,-17.408,218,353,151,54,16,156.51,53.81,10.36,0.95,131.036,28.44953257964004,86.964,5.614000000000002,6.17880829934058,Roschon,Johnson,CHI,RB,22,-3
RB,69.02333333333333,4.121969593936053,0.7999999999999972,65.223,72.63,-44.35000000000001,-45.75700000000002,-43.107,222,228,233,55,16,193.16,62.13,10.35,0.49,148.565,19.215981846716378,73.435,2.5753333333333335,2.150544943858546,Cordarrelle,Patterson,ATL,RB,32,7
RB,68.22333333333333,4.048164192980981,0.7066666666666492,64.46,71.723,-45.150000000000006,-46.520000000000024,-44.013999999999996,223,230,237,56,16,235.74,69.93,8.67,0.35,174.65333333333334,13.71734992222947,48.346666666666664,2.123,1.0930000000000004,Chase,Edmonds,TBB,RB,27,2
RB,67.51666666666668,14.013594590016275,1.296666666666681,56.705000000000005,81.14000000000001,-45.856666666666655,-54.27500000000001,-34.59699999999998,226,257,212,57,16,170.19,57.81,6.83,0.57,157.54666666666665,6.309386305779312,68.45333333333335,4.337000000000001,3.0070000000000006,Jerome,Ford,CLE,RB,24,-2
RB,66.22,20.878630223268964,0.7433333333333252,49.516,86.32600000000001,-47.153333333333336,-61.46400000000002,-29.410999999999987,233,301,198,58,16,175.4,57.7,7.61,0.76,153.774,23.15184882466193,79.226,2.949333333333334,2.6153522813486445,Clyde,Edwards-Helaire,KCC,RB,24,0
RB,65.47666666666667,12.800766904109043,0.9400000000000119,56.67300000000001,78.093,-47.89666666666666,-54.30700000000001,-37.64399999999999,235,258,220,59,16,208.49,65.42,9.45,0.68,138.11333333333334,39.443843907791525,96.88666666666666,5.158000000000001,3.8180000000000014,Tyjae,Spears,TEN,RB,22,-3
RB,64.53666666666666,19.366569994021486,1.61666666666666,48.281000000000006,82.841,-48.83666666666667,-62.69900000000001,-32.896,239,309,205,60,16,208.82,64.88,7.19,0.72,178.86333333333334,12.861706297723051,60.136666666666656,3.701,2.6109999999999998,Joshua,Kelley,LAC,RB,26,0
RB,62.92,6.9013621843807025,0.7700000000000031,58.528,67.312,-50.45333333333333,-52.45200000000002,-48.425,242,243,252,61,16,212.48,65.01,8.53,0.45,161.68,19.654909056009387,80.32,2.384,1.7595847995100056,Michael,Carter,NYJ,RB,24,-1
RB,62.15,11.18514640047237,3.1966666666666583,54.824999999999996,73.185,-51.223333333333336,-56.15500000000002,-42.55199999999999,246,266,230,62,17,233.05,69.51,10.68,0.69,133.8,48.17999999999999,112.19999999999999,4.037000000000001,2.947000000000001,Chase,Brown,CIN,RB,23,-3
RB,58.95333333333334,9.487309067029141,0.268333333333338,53.184,68.295,-54.419999999999995,-57.79600000000002,-47.44199999999999,256,273,248,63,17,288.88,82.44,8.3,0.52,NA,NA,NA,1.8480000000000003,NA,Ronald,Jones,DAL,RB,26,2
RB,58.685,0.30405591591021525,1.6483333333333334,58.491499999999995,58.8785,-54.68833333333333,-52.48850000000002,-56.85849999999999,258,244,283,64,17,273.64,78.88,9.68,0.27,NA,NA,NA,1.8240000000000003,NA,Zonovan,Knight,NYJ,RB,22,-2
RB,57.03666666666667,22.84657596519298,0.46333333333333115,42.181,79.57600000000001,-56.336666666666666,-68.79900000000002,-36.16099999999999,265,348,216,65,17,252.38,75.64,13.15,0.94,181.41333333333333,18.952045330840214,83.58666666666667,3.104,2.104,Ty,Chandler,MIN,RB,25,-2
RB,56.57333333333334,5.481070455060155,1.5,51.268,60.88,-56.8,-59.71200000000002,-54.85699999999999,268,288,277,66,17,283.47,82.56,13.6,0.69,222.3,NA,45.69999999999999,4.6080000000000005,NA,Keaontay,Ingram,ARI,RB,24,-2
RB,55.07333333333334,24.393116515388794,0.09000000000000341,32.18200000000001,75.83200000000002,-58.3,-78.798,-39.90499999999997,276,392,223,67,17,147.33,51.91,7.07,0.82,128.906,29.574275037606586,147.094,7.2780000000000005,8.27802118061235,Kendre,Miller,NOS,RB,21,-3
RB,54.983333333333334,10.847388318546235,0.7266666666666666,47.910000000000004,65.685,-58.39,-63.070000000000014,-50.05199999999999,277,313,261,68,17,260.25,75.09,8.4,0.57,207.44,NA,69.56,0.9680000000000001,0.03199999999999992,Kyren,Williams,LAR,RB,23,-2
RB,54.25666666666667,25.331771223768254,1.0016666666666723,39.183,79.17,-59.11666666666667,-71.79700000000003,-36.56699999999999,281,368,218,69,17,343.6,103.46,13.8,0.96,NA,NA,NA,1.1760000000000002,NA,Corey,Clement,ARI,RB,29,3
RB,53.254999999999995,23.82242745817478,1.1949999999999932,38.094500000000004,68.41549999999998,-60.11833333333334,-72.88550000000001,-47.321500000000015,290,372,245,70,18,304.9,87.21,10.11,0.88,77.48,NA,212.51999999999998,3.9600000000000004,NA,Eric,Gray,NYG,RB,24,-3
RB,52.06,NA,2.5450000000000017,52.06,52.06,-61.31333333333333,-58.920000000000016,-63.67699999999999,295,281,322,71,18,212.47,65.57,6.21,0.25,192.345,17.224999999999994,102.655,1.8440000000000003,0.8440000000000003,Pierre,Strong Jr.,NEP,RB,25,-2
RB,49.515,26.14173770046666,1.6799999999999926,32.87850000000001,66.1515,-63.858333333333334,-78.10150000000002,-49.585499999999996,307,388,258,72,18,292.15,83.64,9.21,0.89,209.8,NA,97.19999999999999,1.4400000000000002,NA,Jordan,Mason,SFO,RB,24,-2
RB,47.83500000000001,7.162991693419729,2.865000000000009,43.276500000000006,52.3935,-65.53833333333333,-67.70350000000002,-63.34349999999999,317,341,320,73,18,181.81,59.23,7.52,0.39,150.494,14.534598171260189,166.506,3.1833333333333336,2.246246251465369,Zamir,White,LVR,RB,24,-2
RB,44.97,19.336098365492457,1.4799999999999898,26.831000000000003,61.43600000000001,-68.40333333333334,-84.14900000000002,-54.30099999999999,336,415,273,74,19,282.77,80.44,8.15,0.75,198.25,NA,137.75,1.7240000000000002,0.7240000000000002,Latavius,Murray,BUF,RB,33,7
RB,43.49000000000001,0.5798275605729691,1.1066666666666691,43.121,43.85900000000001,-69.88333333333333,-67.85900000000001,-71.87799999999999,343,342,357,75,19,256.18,73.68,8.08,0.19,NA,NA,NA,0.8160000000000002,NA,Isaiah,Spiller,LAC,RB,22,-2
RB,42.38333333333334,16.38004375248532,0.393333333333338,26.590000000000003,55.435,-70.99,-84.39000000000001,-60.30199999999999,347,416,303,76,19,260.23,76.64,13.76,0.88,174.965,45.935,172.035,7.536000000000001,NA,Malik,Davis,DAL,RB,25,-2
RB,41.99,18.03932648410134,2.979999999999997,25.477000000000004,57.922,-71.38333333333333,-85.50300000000001,-57.815,348,422,289,77,19,266.27,76.93,10.24,0.81,187.815,12.824999999999989,160.185,2.7200000000000006,1.7200000000000006,Zack,Moss,IND,RB,26,0
RB,39.010000000000005,11.440987719598338,0.12333333333333485,31.729,46.291,-74.36333333333333,-79.25100000000002,-69.446,362,395,350,78,19,324.78,93.14,11.65,0.73,NA,NA,NA,1.0800000000000003,NA,Kevin,Harris,NEP,RB,23,-2
RB,38.88666666666667,16.486434827861764,0.07000000000000028,28.724000000000004,55.13,-74.48666666666666,-82.25600000000001,-60.60699999999999,364,402,306,79,19,334.52,101.69,14.21,0.89,NA,NA,NA,1.3920000000000001,NA,Ameer,Abdullah,LVR,RB,30,5
RB,38.81666666666667,3.9339335700203835,0.4266666666666694,36.35000000000001,42.69500000000001,-74.55666666666667,-74.63000000000001,-73.04199999999999,365,377,360,80,19,284.58,81.56,8.28,0.3,224.87,NA,140.13,1.3040000000000003,0.30400000000000016,Matt,Breida,NYG,RB,28,3
RB,38.39,18.763749625274794,0.013333333333335418,23.007000000000005,56.307,-74.98333333333333,-87.97300000000001,-59.42999999999999,367,441,297,81,19,298.03,84.71,8.57,0.76,NA,NA,NA,1.008,NA,JaMycal,Hasty,JAC,RB,27,0
RB,38.376666666666665,13.834870195752952,0.20666666666666345,25.723000000000003,50.608,-74.99666666666667,-85.25700000000002,-65.12899999999999,368,418,326,82,19,232.35,69.56,6.63,0.55,140.325,58.075,227.675,3.3200000000000007,2.3200000000000007,Zach,Evans,LAR,RB,22,-3
RB,38.17,10.21296724757306,1.9399999999999977,28.384000000000004,46.465,-75.20333333333333,-82.59600000000002,-69.27199999999999,370,403,349,83,19,307.63,90.28,13.96,0.8,135.87,NA,234.13,3.1680000000000006,NA,Trayveon,Williams,CIN,RB,26,1
RB,36.230000000000004,15.513922779232853,0.5066666666666677,26.357000000000003,46.103,-77.14333333333333,-84.62300000000002,-69.63399999999999,388,417,352,84,19,320.05,95.04,12.68,0.83,174.515,15.24499999999999,213.485,2.994,1.8540000000000005,Deon,Jackson,IND,RB,24,-1
RB,35.723333333333336,12.032856407908032,0.046666666666666856,23.907000000000004,44.42700000000001,-77.65,-87.07300000000001,-71.30999999999999,390,431,355,85,19,325.81,93.9,9.39,0.66,NA,NA,NA,2.5920000000000005,NA,Kenyan,Drake,IND,RB,29,4
RB,35.67666666666667,4.8650419662458555,0.2600000000000051,31.107,39.81,-77.69666666666666,-79.87300000000002,-75.92699999999999,391,397,374,86,19,315.13,92.42,12.01,0.6,221.63,NA,169.37,2.7600000000000002,NA,Ke'Shawn,Vaughn,TBB,RB,26,0
RB,35.416666666666664,14.496752509901427,0.45666666666666345,23.590000000000003,49.285,-77.95666666666668,-87.39000000000001,-66.452,392,437,330,87,19,329.65,101.5,16.39,0.91,NA,NA,NA,1.5120000000000002,NA,Ty,Montgomery,NEP,RB,30,5
RB,34.96,11.794541110191615,1.75,27.454000000000004,42.46600000000001,-78.41333333333333,-83.52600000000001,-73.27099999999999,395,411,361,88,20,332.21,98.17,11.01,0.71,NA,NA,NA,1.1280000000000001,NA,Kene,Nwangwu,MIN,RB,25,-1
RB,33.21,5.987762520340963,1.1199999999999974,27.897000000000002,38.67,-80.16333333333333,-83.08300000000001,-77.067,400,408,380,89,20,316.32,100.08,16.06,0.8,NA,NA,NA,0.43200000000000005,NA,Raheem,Blackshear,CAR,RB,25,-2
RB,32.09,NA,0.003333333333337407,32.09,32.09,-81.28333333333333,-78.89000000000001,-83.64699999999999,403,394,414,90,20,319.07,91.34,8.11,0.54,210.66,NA,192.34,2.7840000000000003,NA,Melvin,Gordon,BAL,RB,30,5
RB,32.086666666666666,8.31919667596177,0.4816666666666656,23.884999999999998,37.304,-81.28666666666666,-87.09500000000003,-78.43299999999999,404,433,385,91,20,290.47,83.91,9.89,0.59,149.31,64.65,254.69,4.152,NA,Deuce,Vaughn,DAL,RB,22,-3
RB,31.605,4.235569619307421,0.03500000000000014,28.909499999999998,34.3005,-81.76833333333333,-82.07050000000002,-81.4365,405,401,407,92,20,319.77,90.47,8.06,0.3,NA,NA,NA,NA,NA,Hassan,Haskins,TEN,RB,24,-2
RB,31.57,NA,2.245000000000001,31.57,31.57,-81.80333333333334,-79.410000000000025,-84.167,406,396,415,93,20,353.67,117,11.8,0.84,NA,NA,NA,NA,NA,Royce,Freeman,LAR,RB,27,2
RB,29.325,11.27835315992543,1.7099999999999973,22.1475,36.5025,-84.04833333333333,-88.83250000000001,-79.2345,411,448,393,94,20,349.1,109.27,9.75,0.65,NA,NA,NA,NA,NA,Craig,Reynolds,DET,RB,27,1
RB,27.615000000000002,11.009652583074542,0.07000000000000028,20.608500000000003,34.6215,-85.75833333333333,-90.37150000000001,-81.1155,420,460,406,95,20,373,118.1,13.48,0.79,NA,NA,NA,NA,NA,Kyle,Juszczyk,SFO,RB,32,7
RB,27.545,17.47260856311959,0.370000000000001,16.425500000000003,38.6645,-85.82833333333333,-94.55450000000002,-77.07249999999999,421,496,381,96,20,315,104.33,13.6,0.89,NA,NA,NA,NA,NA,Tony,Jones,DEN,RB,26,0
RB,27.175,6.6114484040942205,0.6149999999999984,22.9675,31.3825,-86.19833333333334,-88.01250000000002,-84.3545,422,442,417,97,20,333.97,95.98,7.55,0.36,NA,NA,NA,2.9520000000000004,NA,DeeJay,Dallas,SEA,RB,25,0
RB,26.560000000000002,2.226948584947574,0.05500000000000327,24.363,28.008,-86.81333333333333,-86.61700000000002,-87.729,424,427,422,98,20,320.33,96.5,13.49,0.61,84.23,NA,339.77,4.272000000000001,NA,Chris,Rodriguez,WAS,RB,23,-3
RB,26.505,12.013744212359443,0.884999999999998,18.859499999999997,34.1505,-86.86833333333334,-92.12050000000002,-81.5865,425,467,408,99,21,350.67,120.17,15.36,0.86,NA,NA,NA,NA,NA,Gary,Brightwell,NYG,RB,24,-1
RB,25.62,2.71529003975634,0.41000000000000014,23.892000000000003,27.348,-87.75333333333333,-87.08800000000002,-88.389,427,432,426,100,21,279.35,80.79,10.86,0.47,143.495,57.945,283.505,6.024,NA,Evan,Hull,IND,RB,23,-3
RB,25.21,2.842569260369923,0.06333333333333258,23.401,27.019000000000002,-88.16333333333333,-87.57900000000002,-88.71799999999999,428,439,428,101,21,268.49,77.72,8.66,0.29,77.61,NA,350.39,3.3800000000000003,2.3800000000000003,DeWayne,McBride,MIN,RB,22,-3
RB,25.14666666666667,3.360957204924417,0.07166666666666544,21.831,27.375000000000004,-88.22666666666666,-89.14900000000002,-88.362,429,454,425,102,21,377.71,117.21,11.95,0.55,NA,NA,NA,NA,NA,Travis,Homer,CHI,RB,25,1
RB,25.075000000000003,2.156675682618968,1.0950000000000024,23.702500000000004,26.4475,-88.29833333333333,-87.27750000000002,-89.28949999999999,430,435,432,103,21,274.24,78.32,8.36,0.24,NA,NA,NA,1.2720000000000002,NA,Boston,Scott,PHI,RB,28,2
RB,23.98,NA,0.4800000000000004,23.98,23.98,-89.39333333333333,-87.00000000000001,-91.75699999999999,433,430,447,104,21,297.01,84.52,8.47,0.57,155.555,73.84500000000001,277.445,3.8160000000000007,NA,Sean,Tucker,TBB,RB,22,-3
RB,23.5,0,0.375,23.5,23.5,-89.87333333333333,-87.48000000000002,-92.237,437,438,450,105,21,NA,NA,NA,0.01,NA,NA,NA,NA,NA,Sincere,McCormick,LVR,RB,23,-2
RB,23.125,1.6617009357883878,0.4499999999999993,22.0675,24.1825,-90.24833333333333,-88.91250000000002,-91.55449999999999,438,450,445,106,21,271.09,78.92,10.82,0.41,206.1,NA,231.9,1.2920000000000003,0.29200000000000015,D'Ernest,Johnson,JAC,RB,27,1
RB,22.675,6.540737725975565,0.08500000000000085,18.512500000000003,26.8375,-90.69833333333334,-92.46750000000002,-88.89949999999999,439,472,430,107,21,313,101,15.98,0.81,NA,NA,NA,NA,NA,Damien,Williams,LVR,RB,31,6
RB,22.59,NA,0.05999999999999872,22.59,22.59,-90.78333333333333,-88.39000000000001,-93.14699999999999,440,443,457,108,21,NA,134,11.94,0.85,NA,NA,NA,NA,NA,Patrick,Taylor,GBP,RB,25,0
RB,22.53,NA,0.06499999999999773,22.53,22.53,-90.84333333333333,-88.45000000000002,-93.207,441,444,459,109,21,360,NA,NA,NA,NA,NA,NA,NA,NA,J.J.,Taylor,NEP,RB,25,0
RB,22.465000000000003,0.47376154339498555,0.1650000000000027,22.163500000000003,22.7665,-90.90833333333333,-88.81650000000002,-92.97049999999999,443,447,455,110,21,371,112.6,10.56,0.35,NA,NA,NA,NA,NA,Anthony,McFarland,PIT,RB,24,0
RB,22.3,NA,0.41499999999999915,22.3,22.3,-91.07333333333334,-88.68000000000002,-93.437,446,446,460,111,21,323.92,92.1,8.35,0.55,NA,NA,NA,1.8960000000000004,NA,Chris,Evans,CIN,RB,26,-1
RB,22.3,0.4242640687119295,0,22.03,22.57,-91.07333333333334,-88.95000000000002,-93.167,446,452,458,111,21,316.88,91.29,12.16,0.48,91.71,NA,354.29,3.9360000000000004,NA,Kenny,McIntosh,SEA,RB,23,-3
RB,21.885,6.526595590351831,0.02500000000000213,17.731500000000004,26.0385,-91.48833333333333,-93.2485,-89.6985,447,482,434,112,21,353.5,120.63,8.69,0.45,NA,NA,NA,NA,NA,Snoop,Conner,JAC,RB,24,-2
RB,21.86,NA,0.1999999999999993,21.86,21.86,-91.51333333333334,-89.12000000000002,-93.877,448,453,461,113,21,301.08,85.92,10.1,0.72,NA,NA,NA,1.3440000000000003,NA,Tyrion,Davis-Price,SFO,RB,23,-2
RB,21.66,7.26905771059771,0.03500000000000014,17.034,26.286,-91.71333333333334,-93.94600000000003,-89.451,452,492,433,114,21,NA,NA,NA,0.32,NA,NA,NA,NA,NA,Hunter,Luepke,DAL,RB,23,-3
RB,21.625,6.3286056916196,0.514999999999997,17.5975,25.652500000000003,-91.74833333333333,-93.38250000000002,-90.08449999999999,453,483,438,115,21,NA,124,8.04,0.4,NA,NA,NA,NA,NA,Dare,Ogunbowale,HOU,RB,29,3
RB,21.110000000000003,NA,0.18000000000000327,21.110000000000003,21.110000000000003,-92.26333333333334,-89.87000000000002,-94.627,454,458,465,116,21,282.23,82.54,13.53,0.92,155.3,NA,298.7,2.2080000000000006,NA,James,Robinson,NYG,RB,25,0
RB,20.93,6.038691911333116,0.1999999999999993,17.087,24.773,-92.44333333333333,-93.89300000000001,-90.964,455,489,442,117,21,NA,128,7.07,0.3,NA,NA,NA,NA,NA,John,Kelly,CLE,RB,27,2
RB,20.73,5.331585130146568,0.05000000000000071,17.337,24.122999999999998,-92.64333333333333,-93.64300000000001,-91.614,457,487,446,118,21,300.5,107.29,17.08,0.82,NA,NA,NA,2.1600000000000006,NA,Rico,Dowdle,DAL,RB,25,0
RB,20.68,7.947880220536795,0.8999999999999986,15.622000000000002,25.738,-92.69333333333333,-95.35800000000002,-89.999,458,502,437,119,21,337.8,117.22,14.51,0.77,NA,NA,NA,NA,NA,Brandon,Bolden,LVR,RB,33,8
RB,19.78,8.796408357960651,0.4750000000000014,14.182,25.378,-93.59333333333333,-96.79800000000002,-90.359,461,511,440,120,21,NA,NA,NA,0.43,NA,NA,NA,NA,NA,Ty'Son,Williams,ARI,RB,27,0
RB,19.305,7.06399674405361,0.3949999999999996,14.809500000000002,23.800500000000003,-94.06833333333333,-96.17050000000002,-91.9365,463,508,448,121,21,343,110.67,8.99,0.5,NA,NA,NA,2.5440000000000005,NA,Lew,Nichols,GBP,RB,22,-3
RB,18.91,NA,0.6400000000000006,18.91,18.91,-94.46333333333334,-92.07000000000002,-96.827,469,466,472,122,21,NA,122.5,9.5,0.68,NA,NA,NA,NA,NA,Jonathan,Williams,WAS,RB,29,4
RB,18.27,NA,0.7049999999999983,18.27,18.27,-95.10333333333334,-92.71000000000002,-97.467,471,475,476,123,21,343,116.5,15.14,0.96,NA,NA,NA,NA,NA,Demetric,Felton,CLE,RB,25,-1
RB,18.27,NA,0.7049999999999983,18.27,18.27,-95.10333333333334,-92.71000000000002,-97.467,471,475,476,123,21,343,151.75,30.09,0.99,NA,NA,NA,NA,NA,Demetric,Felton,CLE,RB,25,-1
RB,17.565,8.393357492684318,0.495000000000001,12.223500000000001,22.9065,-95.80833333333334,-98.75650000000002,-92.8305,474,526,454,124,21,NA,110.5,10.5,0.62,NA,NA,NA,NA,NA,Brittain,Brown,LVR,RB,26,-2
RB,17.07,NA,0.14999999999999858,17.07,17.07,-96.30333333333334,-93.910000000000025,-98.667,475,490,478,125,21,284.57,84.08,15.38,0.97,147.95,61.38000000000001,327.05,2.984,1.984,Deneric,Prince,KCC,RB,23,-3
RB,16.92,9.022682527940347,0.3099999999999987,11.178,22.662,-96.45333333333333,-99.80200000000002,-93.07499999999999,476,539,456,126,22,NA,135.8,10.85,0.65,NA,NA,NA,NA,NA,Zander,Horvath,LAC,RB,25,-2
RB,16.610000000000003,NA,0.490000000000002,16.610000000000003,16.610000000000003,-96.76333333333334,-94.37000000000002,-99.127,477,495,481,127,22,355.5,118.6,8.55,0.59,NA,NA,NA,NA,NA,Tyler,Badie,DEN,RB,23,-2
RB,16.12,NA,0.4400000000000013,16.12,16.12,-97.25333333333333,-94.86000000000001,-99.61699999999999,480,497,484,128,22,330.58,95.08,7.69,0.49,NA,NA,NA,NA,NA,Salvon,Ahmed,MIA,RB,25,0
RB,15.68,NA,0.23999999999999844,15.68,15.68,-97.69333333333333,-95.30000000000001,-100.05699999999999,483,501,485,129,22,384.33,117.36,7.43,0.44,NA,NA,NA,3.7680000000000007,NA,Mohamed,Ibrahim,DET,RB,25,-3
RB,15.440000000000001,NA,1.240000000000002,15.440000000000001,15.440000000000001,-97.93333333333334,-95.54000000000002,-100.297,485,504,486,130,22,341.59,99.02,6.98,0.37,NA,NA,NA,NA,NA,Myles,Gaskin,MIA,RB,26,1
RB,14.2,NA,1.2199999999999989,14.2,14.2,-99.17333333333333,-96.78000000000002,-101.53699999999999,490,510,489,131,22,358,111.58,13.94,0.94,NA,NA,NA,NA,NA,Justice,Hill,BAL,RB,26,1
RB,12.98,NA,0.34999999999999964,12.98,12.98,-100.39333333333333,-98.00000000000001,-102.75699999999999,495,519,495,132,22,NA,NA,NA,NA,NA,NA,NA,NA,NA,Kirk,Merritt,NOS,WR,26,0
RB,12.63,NA,1.4700000000000006,12.63,12.63,-100.74333333333334,-98.35000000000002,-103.107,496,524,497,133,22,NA,137,9.22,0.65,NA,NA,NA,NA,NA,Reggie,Gilliam,BUF,RB,26,0
RB,11.16,NA,0.15000000000000036,11.16,11.16,-102.21333333333334,-99.82000000000002,-104.577,504,540,501,134,22,320.8,110.25,13.6,0.93,NA,NA,NA,2.6880000000000006,NA,Keaton,Mitchell,BAL,RB,NA,-3
RB,11.01,NA,0.5899999999999981,11.01,11.01,-102.36333333333333,-99.97000000000001,-104.72699999999999,505,543,502,135,22,NA,120.4,11.79,0.84,NA,NA,NA,NA,NA,Alec,Ingold,MIA,RB,27,1
RB,10.420000000000002,NA,0.0400000000000027,10.420000000000002,10.420000000000002,-102.95333333333333,-100.56000000000002,-105.317,508,558,505,136,22,363.6,114.07,10.15,0.73,NA,NA,NA,NA,NA,Mike,Boone,HOU,RB,28,2
RB,10.379999999999999,NA,0.16999999999999993,10.379999999999999,10.379999999999999,-102.99333333333334,-100.60000000000002,-105.357,509,559,506,137,22,NA,131.17,5.05,0.13,NA,NA,NA,NA,NA,Darrynton,Evans,BUF,RB,25,0
RB,10.209999999999999,NA,0.46999999999999886,10.209999999999999,10.209999999999999,-103.16333333333334,-100.77000000000002,-105.527,511,564,508,138,22,NA,129,12.25,0.86,NA,NA,NA,NA,NA,Larry,Rountree,LAC,RB,25,-1
RB,9.74,NA,0.1999999999999993,9.74,9.74,-103.63333333333334,-101.24000000000002,-105.997,512,566,511,139,22,355.67,117,8.51,0.58,NA,NA,NA,NA,NA,Trey,Sermon,PHI,RB,24,-1
RB,9.540000000000001,NA,0.09999999999999964,9.540000000000001,9.540000000000001,-103.83333333333333,-101.44000000000001,-106.19699999999999,514,570,512,140,22,NA,122.09,9.82,0.7,NA,NA,NA,NA,NA,Trestan,Ebner,CHI,RB,24,-2
RB,9.440000000000001,NA,0.6300000000000008,9.440000000000001,9.440000000000001,-103.93333333333334,-101.54000000000002,-106.297,516,572,514,141,22,NA,127,13.37,0.91,NA,NA,NA,NA,NA,C.J.,Ham,MIN,RB,30,4
RB,8.81,NA,0.14000000000000057,8.81,8.81,-104.56333333333333,-102.17000000000002,-106.92699999999999,521,575,518,142,22,NA,126.43,5.07,0.14,NA,NA,NA,NA,NA,Julius,Chestnut,TEN,RB,23,-2
RB,8.67,NA,0.2599999999999998,8.67,8.67,-104.70333333333333,-102.31000000000002,-107.067,522,579,520,143,22,NA,NA,NA,NA,NA,NA,NA,NA,NA,Damarea,Crockett,NYJ,RB,26,1
RB,8.41,NA,0.019999999999999574,8.41,8.41,-104.96333333333334,-102.57000000000002,-107.327,527,580,521,144,22,NA,NA,NA,NA,NA,NA,NA,NA,NA,Jake,Funk,IND,RB,25,-1
RB,8.39,NA,0.07000000000000028,8.39,8.39,-104.98333333333333,-102.59000000000002,-107.347,528,581,522,145,22,NA,137.33,11.03,0.8,NA,NA,NA,NA,NA,Jermar,Jefferson,DET,RB,23,-1
RB,8.32,NA,0.8300000000000001,8.32,8.32,-105.05333333333334,-102.66000000000003,-107.417,529,582,524,146,23,NA,NA,NA,NA,NA,NA,NA,NA,NA,Lamical,Perine,KCC,RB,25,0
RB,7.49,NA,0.02999999999999936,7.49,7.49,-105.88333333333334,-103.49000000000002,-108.247,531,587,526,147,23,NA,139,9,0.64,NA,NA,NA,NA,NA,Jonathan,Ward,TEN,RB,26,0
RB,7.460000000000001,NA,0.11000000000000032,7.460000000000001,7.460000000000001,-105.91333333333333,-103.52000000000001,-108.27699999999999,532,588,527,148,23,NA,NA,NA,NA,NA,NA,NA,NA,NA,Qadree,Ollison,JAC,RB,27,1
RB,7.3500000000000005,NA,0.08000000000000007,7.3500000000000005,7.3500000000000005,-106.02333333333334,-103.63000000000002,-108.387,534,589,528,149,23,NA,129.89,10.95,0.79,NA,NA,NA,NA,NA,Patrick,Ricard,BAL,RB,29,3
RB,7.3500000000000005,NA,0,7.3500000000000005,7.3500000000000005,-106.02333333333334,-103.63000000000002,-108.387,534,589,528,149,23,NA,82,9.87,0.71,NA,NA,NA,NA,NA,Giovanni,Ricci,CAR,TE,27,0
RB,7.2700000000000005,NA,0.04999999999999982,7.2700000000000005,7.2700000000000005,-106.10333333333334,-103.71000000000002,-108.467,536,590,529,150,23,NA,NA,NA,NA,NA,NA,NA,NA,NA,Patrick,Laird,TBB,RB,28,1
RB,7.220000000000001,NA,0.040000000000000036,7.220000000000001,7.220000000000001,-106.15333333333334,-103.76000000000002,-108.517,537,591,530,151,23,NA,NA,NA,NA,NA,NA,NA,NA,NA,Spencer,Brown,CAR,RB,25,-1
RB,7.180000000000001,NA,0.20000000000000018,7.180000000000001,7.180000000000001,-106.19333333333333,-103.80000000000001,-108.55699999999999,539,592,532,152,23,NA,NA,NA,NA,NA,NA,NA,NA,NA,Godwin,Igwebuike,ATL,RB,29,2
RB,6.98,NA,0.0600000000000005,6.98,6.98,-106.39333333333333,-104.00000000000001,-108.75699999999999,541,594,534,153,23,NA,NA,NA,NA,NA,NA,NA,NA,NA,Jason,Cabinda,DET,LB,27,2
RB,6.92,NA,0.03999999999999915,6.92,6.92,-106.45333333333333,-104.06000000000002,-108.817,543,595,536,154,23,NA,123.33,8.18,0.54,NA,NA,NA,NA,NA,Avery,Williams,ATL,RB,25,-1
RB,6.880000000000001,NA,0.08999999999999986,6.880000000000001,6.880000000000001,-106.49333333333334,-104.10000000000002,-108.857,545,596,537,155,23,NA,NA,NA,NA,NA,NA,NA,NA,NA,Nate,McCrary,GBP,RB,24,-1
RB,6.790000000000001,NA,0.010000000000000675,6.790000000000001,6.790000000000001,-106.58333333333333,-104.19000000000001,-108.94699999999999,547,597,538,156,23,NA,124,18.83,0.99,NA,NA,NA,NA,NA,Jaret,Patterson,WAS,RB,24,-1
RB,6.78,NA,0.22999999999999954,6.78,6.78,-106.59333333333333,-104.20000000000002,-108.957,548,598,539,157,23,NA,128,7.35,0.43,NA,NA,NA,NA,NA,Ronnie,Rivers,LAR,RB,24,-2
RB,6.550000000000001,NA,0.6800000000000006,6.550000000000001,6.550000000000001,-106.82333333333334,-104.43000000000002,-109.187,550,599,540,158,23,NA,NA,NA,NA,NA,NA,NA,NA,NA,Gerrid,Doaks,HOU,RB,25,-1
RB,5.87,NA,0.9299999999999997,5.87,5.87,-107.50333333333333,-105.11000000000001,-109.86699999999999,554,600,545,159,23,NA,111,20.41,0.99,NA,NA,NA,NA,NA,Jaleel,McLaughlin,DEN,RB,24,-3
RB,4.94,NA,0.040000000000000036,4.94,4.94,-108.43333333333334,-106.04000000000002,-110.797,566,602,548,160,23,NA,143.33,9.29,0.66,NA,NA,NA,NA,NA,Michael,Burton,DEN,RB,31,5
RB,4.9,NA,0.47000000000000064,4.9,4.9,-108.47333333333333,-106.08000000000001,-110.83699999999999,567,603,549,161,23,NA,149.5,7.5,0.45,NA,NA,NA,NA,NA,Adam,Prentice,NOS,RB,26,-1
RB,4.43,NA,0.6399999999999997,4.43,4.43,-108.94333333333333,-106.55000000000001,-111.30699999999999,572,604,554,162,23,NA,NA,NA,NA,NA,NA,NA,NA,NA,Jason,Huntley,IND,RB,25,0
RB,3.79,NA,0.21999999999999975,3.79,3.79,-109.58333333333333,-107.19000000000001,-111.94699999999999,589,605,558,163,23,NA,147.5,6.5,0.29,NA,NA,NA,NA,NA,Khari,Blasingame,CHI,RB,27,1
RB,3.5700000000000003,NA,0.5699999999999998,3.5700000000000003,3.5700000000000003,-109.80333333333334,-107.41000000000003,-112.167,591,606,560,164,23,NA,133.67,10.21,0.74,NA,NA,NA,NA,NA,Keith,Smith,ATL,RB,31,6
RB,3.0000000000000004,NA,1.1200000000000003,3.0000000000000004,3.0000000000000004,-110.37333333333333,-107.98000000000002,-112.737,595,607,567,165,23,NA,145.33,7.13,0.4,NA,NA,NA,NA,NA,Jakob,Johnson,LVR,RB,29,1
RB,1.8800000000000001,NA,1.1500000000000001,1.8800000000000001,1.8800000000000001,-111.49333333333334,-109.10000000000002,-113.857,601,608,585,166,23,NA,NA,NA,NA,NA,NA,NA,NA,NA,Tyler,Goodson,GBP,RB,23,-2
RB,0.73,NA,0,0.73,0.73,-112.64333333333333,-110.25000000000001,-115.00699999999999,607,609,597,167,23,NA,NA,NA,NA,NA,NA,NA,NA,NA,Khalan,Laborn,SFO,RB,24,-3
WR,199.01333333333335,8.072331344372156,5.596666666666692,191.06400000000002,203.93400000000003,84.84333333333335,85.64400000000002,85.09700000000002,10,6,13,1,1,1.72,1.19,0.46,0.14,2.015,0.5560500576986452,7.984999999999999,52.647999999999996,10.83599532422687,Justin,Jefferson,MIN,WR,24,0
WR,193.41666666666666,18.23186313390195,4.98666666666665,175.78000000000003,207.77499999999998,79.24666666666666,70.36000000000003,88.93799999999997,14,14,11,2,1,3.79,2.12,0.68,0.59,4.306666666666667,0.7076643900104687,9.693333333333333,48.33266666666667,10.933499632881603,Ja'Marr,Chase,CIN,WR,23,-1
WR,188.43,7.208307707083543,5.160000000000025,181.53,194.301,74.26,76.11,75.46399999999998,15,8,17,3,2,9.42,4.34,1.64,0.16,9.04,2.8192197502145877,5.960000000000001,42.334,7.060203396503532,Cooper,Kupp,LAR,WR,30,3
WR,183.26999999999998,17.043963740867323,5.596666666666636,166.455,194.499,69.09999999999998,61.03500000000001,75.66199999999999,17,18,16,4,3,8.02,3.45,0.99,0.56,9.128333333333334,1.7412200384277174,7.871666666666666,45.48866666666667,5.468527244352194,Tyreek,Hill,MIA,WR,29,4
WR,177.67333333333335,10.01851452728064,8.36833333333334,170.017,187.432,63.503333333333345,64.597,68.59499999999998,18,17,19,5,4,15.1,7.61,2.03,0.34,16.993333333333332,2.306358360899036,1.0066666666666677,39.67866666666667,6.581274716108493,Davante,Adams,LVR,WR,31,6
WR,169.305,7.817251754932811,2.825000000000017,163.6945,176.9875,55.135000000000005,58.2745,58.15050000000001,22,19,25,6,4,12.23,5.82,1.32,0.18,13.678333333333333,2.291029002192877,8.321666666666667,43.094,6.31813411274774,Stefon,Diggs,BUF,WR,30,5
WR,166.48,12.75028234981485,1.0199999999999818,157.915,179.056,52.30999999999999,52.49499999999999,60.21900000000001,25,22,24,7,4,13.7,6.72,1.54,0.42,15.155000000000001,2.2397749142864036,9.844999999999999,36.942,4.576858602433184,CeeDee,Lamb,DAL,WR,24,0
WR,165.46,11.067917599982394,11.49666666666667,154.592,171.89,51.290000000000006,49.17200000000001,53.05299999999998,28,25,30,8,5,13.05,6.36,1.65,0.38,15.138333333333334,1.2288397870439502,12.861666666666666,34.70733333333334,3.813222725668611,A.J.,Brown,PHI,WR,26,1
WR,153.96333333333334,11.673861115043868,2.210000000000008,146.174,165.47899999999998,39.79333333333334,40.754000000000005,46.64199999999998,37,36,35,9,5,18.99,9.64,1.78,0.39,22.111666666666665,4.8374904536225065,14.888333333333335,31.218000000000004,4.9000933324444595,Garrett,Wilson,NYJ,WR,23,-2
WR,151.75333333333333,5.161253077822618,0.6399999999999864,147.55,156.69400000000002,37.58333333333333,42.13000000000001,37.85700000000001,38,33,42,10,5,17.45,8.72,1.61,0.1,20.64,3.706746102266335,17.36,31.41,3.895749820851776,Amon-Ra,St. Brown,DET,WR,24,-1
WR,151.11333333333334,8.359816584909817,2.8799999999999955,144.96,159.306,36.94333333333334,39.540000000000006,40.46900000000001,39,38,39,11,6,20.87,10.8,0.94,0.19,23.773333333333333,1.4136909924811087,15.226666666666667,27.216,3.5421545232621736,Jaylen,Waddle,MIA,WR,25,-1
WR,148.23333333333335,1.6158073317488562,4.911666666666662,146.645,149.39000000000001,34.06333333333335,41.22500000000001,30.55300000000001,41,35,49,12,6,34.64,16.32,3.6,0.05,39.94166666666666,3.6750574447513356,1.0583333333333371,20.107333333333333,5.603765480063881,Deebo,Samuel,SFO,WR,27,1
WR,143.3216666666667,6.587526723538464,1.1183333333333394,137.40050000000002,149.258,29.151666666666685,31.98050000000002,30.421000000000006,47,43,50,13,6,32.14,15.18,2.98,0.23,42.325,5.83798409841388,4.674999999999997,18.877333333333336,3.0802966668091503,Amari,Cooper,CLE,WR,29,5
WR,142.20333333333335,3.510987515405506,0.2083333333333428,138.751,144.28600000000003,28.033333333333346,33.331,25.449000000000026,50,42,57,14,6,47.94,21.84,4.86,0.16,59.685,9.843235833132653,-9.685000000000002,9.640666666666666,3.9920154753652395,Christian,Watson,GBP,WR,24,-2
WR,141.995,6.552615889856513,2.431666666666672,135.5345,146.46050000000002,27.825000000000003,30.114500000000007,27.62350000000002,51,46,53,15,7,27.53,13.68,2.02,0.15,33.22833333333333,3.7043416719063895,17.77166666666667,22.735333333333333,2.8374572341368527,Tee,Higgins,CIN,WR,24,0
WR,139.56333333333333,3.5850011622499327,2.3300000000000125,136.041,142.143,25.39333333333333,30.620999999999995,23.305999999999997,54,45,58,16,7,34.17,16.05,1.98,0.06,31.368333333333332,4.259528208094831,22.631666666666668,22.171333333333333,2.884115731997513,DeVonta,Smith,PHI,WR,25,-1
WR,137.23333333333332,4.101930439845769,0.6583333333333314,133.195,139.72,23.06333333333332,27.77499999999999,20.882999999999996,56,50,62,17,7,47.6,21.58,3.98,0.14,58.26833333333333,6.7327963894820275,-2.268333333333331,12.731333333333334,5.5390243023679036,Jerry,Jeudy,DEN,WR,24,0
WR,136.575,13.39614590096719,1.828333333333319,123.46100000000001,146.51450000000003,22.404999999999987,18.04100000000001,27.677500000000023,57,60,52,18,7,35.72,16.59,2.4,0.49,37.88666666666667,5.21654632449052,19.11333333333333,23.250666666666667,6.0467347294956575,DK,Metcalf,SEA,WR,26,1
WR,134.74666666666667,4.56059572132121,0.08333333333334281,130.271,138.065,20.576666666666668,24.850999999999985,19.227999999999994,60,54,64,19,7,44.74,20.32,4.57,0.22,54.06,6.969086501591631,5.939999999999998,15.282,6.839838789523236,D.J.,Moore,CHI,WR,26,2
WR,134.66333333333333,7.497348420163841,0.9066666666666663,129.051,141.99299999999997,20.493333333333325,23.630999999999986,23.155999999999963,61,56,59,20,8,26.97,13.32,1.81,0.2,31.871666666666666,7.21936843190286,29.128333333333334,24.39666666666667,2.273211140411045,Chris,Olave,NOS,WR,23,-2
WR,133.75666666666666,6.179695245991765,6.124999999999986,128.53500000000003,139.578,19.58666666666666,23.115000000000023,20.741,64,57,63,21,8,44.29,20.39,4.41,0.28,39.660000000000004,3.6883645879079436,24.339999999999996,24.346000000000004,11.38156134573226,Calvin,Ridley,JAC,WR,29,2
WR,127.63166666666667,11.57924040398736,0.2466666666666697,116.21150000000002,135.0035,13.461666666666673,10.791500000000013,16.1665,69,75,66,22,8,60.49,27.01,4.71,0.52,65.77,10.316921375423323,3.230000000000004,10.867333333333335,6.266439783126906,Mike,Williams,LAC,WR,29,3
WR,127.385,5.194682377200746,0.07500000000000284,123.00450000000001,132.2835,13.215000000000003,17.584500000000006,13.4465,70,61,72,23,8,47.71,21.69,2.95,0.14,50.07333333333333,5.842561272440557,19.92666666666667,20.111333333333334,7.096090253716402,Keenan,Allen,LAC,WR,31,7
WR,127.31,8.930246357184108,0.046666666666666856,118.53,132.597,13.14,13.11,13.760000000000005,71,69,70,24,8,67.79,30.43,4.42,0.4,78.13666666666667,7.422321439789274,-7.13666666666667,11.341333333333335,8.211721919846587,Mike,Evans,TBB,WR,30,6
WR,127.26333333333334,7.057310630355827,1.5233333333333263,120.31500000000001,131.54700000000003,13.093333333333334,14.89500000000001,12.710000000000022,72,67,74,25,9,54,24.11,4.78,0.35,55.425,5.250500769767902,16.575000000000003,16.631333333333334,5.914404187142514,DeAndre,Hopkins,TEN,WR,31,7
WR,125.74000000000001,8.973115401018742,0.09333333333333371,118.34000000000002,134.28799999999998,11.570000000000007,12.920000000000016,15.45099999999998,73,70,68,26,9,49.09,21.99,2.81,0.33,54.01,7.107770395841443,18.990000000000002,15.086666666666668,6.014079776287938,Terry,McLaurin,WAS,WR,28,1
WR,125.64666666666668,7.028693572302993,5.8100000000000165,119.74,132.28600000000003,11.476666666666674,14.319999999999993,13.449000000000026,74,68,71,27,9,63.8,28.69,3.99,0.3,74.34333333333333,8.353499599303008,-0.3433333333333337,10.358,6.370742081317269,Christian,Kirk,JAC,WR,27,2
WR,119.83666666666666,3.929253533857712,1.1866666666666532,116.035,122.92899999999999,5.666666666666657,10.614999999999995,4.0919999999999845,80,76,83,28,10,57.08,26.01,4.27,0.15,74.36166666666666,8.05059090308835,5.638333333333335,9.153333333333334,3.700246238052574,Brandon,Aiyuk,SFO,WR,25,0
WR,118.65,4.66809382939118,0.4333333333333371,114.06400000000001,121.381,4.480000000000004,8.644000000000005,2.543999999999997,83,81,88,29,10,58.05,26.19,3.5,0.14,66.48,7.073000306329227,16.519999999999996,11.032666666666668,2.952612553127974,Drake,London,ATL,WR,22,-2
WR,118.21666666666667,4.242738895257796,0.5866666666666731,114.045,121.245,4.046666666666667,8.625,2.4080000000000013,84,82,90,30,10,73.95,33.31,4.49,0.18,93.29166666666667,14.138537662085927,-9.291666666666671,9.144000000000002,6.649718189517509,Marquise,Brown,ARI,WR,26,1
WR,117.63,NA,0.7666666666666515,117.63,117.63,3.4599999999999937,12.209999999999994,-1.2070000000000078,85,71,101,31,10,80.72,35.95,5.43,0.24,97.195,12.841638978988106,-12.194999999999993,6.154666666666667,3.8787287722769292,Gabriel,Davis,BUF,WR,24,0
WR,116.86333333333334,4.545330937713262,0.22333333333334338,113.424,121.299,2.6933333333333422,8.004000000000005,2.4620000000000033,86,83,89,32,10,62.43,28.11,5.08,0.25,72.25,10.716852771841802,13.75,12.391333333333334,5.02878284367986,Tyler,Lockett,SEA,WR,31,5
WR,116.64,1.1529527310345464,1.1499999999999915,115.515,117.51300000000002,2.469999999999999,10.094999999999999,-1.3239999999999839,87,78,103,33,10,80.57,36.03,4.48,0.07,86.14833333333333,11.75924376347769,0.8516666666666737,6.758666666666667,3.366153624275372,George,Pickens,PIT,WR,22,-2
WR,115.49000000000001,7.6346774653550336,0.25571428571429067,107.97500000000002,120.863,1.3200000000000074,2.555000000000021,2.0259999999999962,89,90,92,34,10,95.76,41.45,3.46,0.3,102.27666666666667,6.842203998387918,-13.27666666666667,7.831333333333334,6.05082833631525,Brandin,Cooks,DAL,WR,30,6
WR,115.23428571428572,5.812149660277974,1.0642857142857167,109.50657142857145,118.837,1.0642857142857167,4.086571428571446,0,91,85,96,35,10,76.23,34.28,4.4,0.27,92.86333333333333,10.889081177440492,-1.8633333333333297,5.510000000000001,3.268465491123728,Jahan,Dotson,WAS,WR,23,-2
WR,114.17,9.562253918402293,0.5300000000000011,105.42,122.619,0,0,3.7819999999999965,96,96,86,36,10,67.91,30.65,3.66,0.39,74.805,10.659671273855805,21.194999999999993,12.199333333333334,6.685203628578232,Chris,Godwin,TBB,WR,27,3
WR,113.64,13.26782951352632,5.849999999999994,101.307,125.112,-0.5300000000000011,-4.1129999999999995,6.2749999999999915,97,106,79,37,11,73.23,32.89,3.76,0.55,89.05333333333333,9.735492911107388,7.9466666666666725,10.023333333333335,6.616717883932757,Diontae,Johnson,PIT,WR,27,1
WR,107.79,2.632736219221365,1.9500000000000028,105.205,109.318,-6.3799999999999955,-0.2150000000000034,-9.519000000000005,117,98,126,38,11,88.36,39.55,5.98,0.19,99.14833333333333,28.90677049681537,17.851666666666674,14.262666666666666,14.830000704278097,Jordan,Addison,MIN,WR,21,-3
WR,105.84,9.327127103240311,1.0349999999999966,96.84700000000002,113.27200000000002,-8.329999999999998,-8.572999999999979,-5.5649999999999835,122,121,116,39,11,88.58,39.07,5.39,0.45,109.2,18.034319135100905,12.799999999999997,3.8713333333333333,2.051215141216434,Treylon,Burks,TEN,WR,23,-2
WR,104.805,14.640016222668608,0.42166666666666686,93.04,118.88350000000001,-9.364999999999995,-12.379999999999995,0.04650000000000887,127,137,95,40,11,97.07,42.62,4.77,0.62,114.15,19.38965531754841,12.849999999999994,7.105333333333334,5.771045274086451,Courtland,Sutton,DEN,WR,28,2
WR,104.38333333333334,5.396057202563125,2.230000000000004,100.274,109.64300000000001,-9.786666666666662,-5.146000000000001,-9.193999999999988,128,111,125,41,12,89.78,39.86,5.48,0.3,95.11333333333333,25.873935834262934,32.88666666666667,18.77666666666667,20.849435377380264,Jaxon,Smith-Njigba,SEA,WR,21,-3
WR,102.15333333333334,1.376420478390723,1.2999999999999972,100.97399999999999,103.44,-12.016666666666666,-4.446000000000012,-15.397000000000006,136,107,138,42,12,108.08,46.73,7.06,0.19,114.65833333333333,29.81394775194247,21.34166666666667,11.35266666666667,11.922110588687262,Zay,Flowers,BAL,WR,23,-3
WR,100.85333333333334,3.787892993912756,0.5,97.13000000000001,103.08800000000001,-13.316666666666663,-8.289999999999992,-15.748999999999995,140,119,142,43,12,114.8,50.16,6.41,0.28,108.37166666666667,7.133812483907573,31.62833333333333,7.932666666666667,6.211499085477587,Michael,Thomas,NOS,WR,30,4
WR,100.35333333333334,13.318672356257343,2.3866666666666703,88.135,112.084,-13.816666666666663,-17.284999999999997,-6.753,141,156,118,44,12,77.09,34.16,4.45,0.57,87.85166666666666,18.065212810506523,53.14833333333334,8.366,3.9540888541693997,Michael,Pittman,IND,WR,26,0
WR,97.96666666666667,5.438440340146553,0.9150000000000063,94.37700000000001,103.33200000000001,-16.203333333333333,-11.042999999999992,-15.504999999999995,149,133,140,45,12,120.63,51.77,6.25,0.35,133.06833333333333,16.821988999190584,15.931666666666672,2.922,2.2449843355058556,Jakobi,Meyers,LVR,WR,27,1
WR,97.05166666666666,5.410550649733657,1.6433333333333309,93.643,102.3865,-17.11833333333334,-11.777000000000001,-16.450500000000005,151,136,145,46,13,138.52,58.73,7.65,0.41,142.325,26.96619782245914,8.675000000000011,3.5493333333333332,3.295631586745636,D.J.,Chark,CAR,WR,27,2
WR,95.40833333333333,7.885211368969983,0.3883333333333212,88.87349999999999,102.90450000000001,-18.76166666666667,-16.54650000000001,-15.93249999999999,154,154,144,47,13,112.95,48.64,6.45,0.44,117.49333333333334,13.863836249593962,36.50666666666666,5.196000000000001,4.779872243759939,JuJu,Smith-Schuster,NEP,WR,27,3
WR,95.02000000000001,4.390580827179925,0.4054761904762074,90.76400000000001,98.45,-19.14999999999999,-14.655999999999992,-20.387,155,148,169,48,13,126.2,53.95,6.68,0.32,139.63,12.469457085214257,15.370000000000005,3.0000000000000004,1.9972647963318904,Nico,Collins,HOU,WR,24,-1
WR,94.6145238095238,3.9879762100219063,1.3645238095237886,91.185,98.3342142857143,-19.5554761904762,-14.235,-20.502785714285707,158,145,170,49,13,101.97,46.17,5.5,0.24,119.59333333333333,30.092235248020746,38.406666666666666,13.73266666666667,16.041240212513358,Quentin,Johnston,LAC,WR,22,-3
WR,93.25000000000001,2.0291623887703016,0.5933333333333479,91.375,95.02000000000001,-20.919999999999987,-14.045000000000002,-23.816999999999993,161,143,182,50,13,125.87,54.03,6.12,0.15,129.86833333333334,8.549410148594404,31.13166666666666,3.7993333333333337,3.376522997930795,Allen,Lazard,NYJ,WR,28,2
WR,92.65666666666667,11.530812344901523,0.9833333333333343,81.6,102.00299999999999,-21.513333333333335,-23.820000000000007,-16.834000000000017,163,174,146,51,13,181.21,71.71,9.75,0.69,171.26,23.708670706445496,-8.259999999999991,3.894,2.5140000000000002,Marquez,Valdes-Scantling,KCC,WR,29,2
WR,91.67333333333333,10.02769332066619,0.2750000000000057,81.84800000000001,99.06500000000001,-22.49666666666667,-23.57199999999999,-19.77199999999999,165,173,165,52,13,127.14,54.47,6.7,0.55,112.262,7.920155048987366,52.738,6.1673333333333344,5.136528096768177,Odell,Beckham,BAL,WR,31,6
WR,91.39833333333333,2.7615499874768386,0.19499999999999318,89.1665,94.049,-22.771666666666675,-16.253500000000003,-24.787999999999997,166,153,185,53,13,138.73,59.28,5.13,0.14,147.77833333333334,16.551474674145776,18.221666666666664,3.8880000000000003,3.804911913128433,Tyler,Boyd,CIN,WR,29,4
WR,91.20333333333333,16.4086267960891,0.009999999999990905,75.015,101.934,-22.96666666666667,-30.405,-16.903000000000006,168,192,149,54,13,111.66,49.2,8.03,0.76,110.58500000000001,13.072806061949109,57.41499999999999,4.590666666666667,2.4735751903312386,Kadarius,Toney,KCC,WR,24,-1
WR,91.19333333333334,7.367199829876563,1.1433333333333309,85.27300000000001,98.27799999999999,-22.97666666666666,-20.14699999999999,-20.55900000000001,169,162,171,55,13,133.94,57.07,7.58,0.48,147.67000000000002,21.79317691388752,21.329999999999984,2.208,1.3415692304163809,Darnell,Mooney,CHI,WR,26,0
WR,90.05000000000001,2.9193321153989955,0.006666666666674814,87.21000000000001,92.295,-24.11999999999999,-18.209999999999994,-26.542,175,160,191,56,13,153.62,64.04,8.25,0.34,136.33833333333334,6.97446393798278,38.66166666666666,4.562,3.975153833501291,Adam,Thielen,CAR,WR,33,6
WR,90.04333333333334,7.511832887740071,0.4933333333333394,83.12300000000002,96.62300000000002,-24.126666666666665,-22.296999999999983,-22.213999999999984,176,168,178,57,13,158.15,65.42,8.26,0.52,147.732,19.31127277006879,28.268,2.0973333333333333,1.3721276260691724,Rondale,Moore,ARI,WR,23,-1
WR,89.55,10.509638433362014,1.164999999999992,81.195,99.68999999999998,-24.620000000000005,-24.22500000000001,-19.14700000000002,178,175,162,58,14,127.88,54.2,8.99,0.64,132.23333333333335,12.595639016033374,45.76666666666665,4.204666666666667,1.8399683572158398,Skyy,Moore,KCC,WR,23,-2
WR,88.385,17.616660438346425,1.6000000000000085,73.931,105.2015,-25.784999999999997,-31.489000000000004,-13.635500000000008,181,197,133,59,14,148.64,61.47,6.35,0.75,156.882,21.654786445495134,24.117999999999995,3.135333333333334,2.68973670747818,Michael,Gallup,DAL,WR,27,2
WR,86.785,8.295449053547372,0.8416666666666686,79.1435,94.052,-27.385000000000005,-26.2765,-24.784999999999997,185,182,184,60,14,154.36,64.19,8.62,0.56,145.38,16.936135332477715,39.620000000000005,2.4546666666666668,0.8803049976507513,Romeo,Doubs,GBP,WR,23,-2
WR,85.94333333333333,3.3909634815688205,0.48666666666665037,82.925,89.027,-28.226666666666674,-22.495000000000005,-29.810000000000002,187,169,200,61,14,154.6,64.04,7.08,0.29,145.90833333333333,21.822340553254648,41.09166666666667,3.684666666666667,3.5217746788925743,Zay,Jones,JAC,WR,28,3
WR,85.45666666666668,12.158192025681016,0.7800000000000153,73.503,92.655,-28.713333333333324,-31.917,-26.182000000000002,188,198,188,62,14,106.8,46.38,6.83,0.62,124.76833333333333,24.05914892971533,63.23166666666667,2.7233333333333336,2.0667903188814836,Rashod,Bateman,BAL,WR,24,-1
WR,84.67666666666666,17.29044919408786,0.06333333333333258,68.413,99.328,-29.49333333333334,-37.007000000000005,-19.509,190,210,164,63,14,122.66,52.82,9.79,0.8,117.56833333333333,22.642004782164395,72.43166666666667,4.360666666666667,2.662780668566018,Jameson,Williams,DET,WR,22,-2
WR,84.61333333333333,6.384750060365189,0.29666666666665265,79.571,90.785,-29.556666666666672,-25.849000000000004,-28.052000000000007,191,181,195,64,14,103.58,45.31,5.86,0.38,115.378,9.218109133656425,75.622,4.858,2.8604675608485177,Elijah,Moore,CLE,WR,23,-1
WR,84.31666666666668,0.4310839052125826,1.3300000000000125,83.90500000000002,84.67,-29.853333333333325,-21.514999999999986,-34.167,192,165,210,65,14,177.65,70.93,7.6,0.16,170.9375,24.94712846702,21.0625,2.0010000000000003,0.9510000000000002,Curtis,Samuel,WAS,WR,27,3
WR,82.98666666666666,9.223992266547784,0.03999999999999204,74.57900000000001,91.175,-31.183333333333337,-30.840999999999994,-27.662000000000006,195,193,192,66,14,197.63,77.52,9.01,0.6,179.405,21.805000000000007,15.594999999999999,3.1690000000000005,1.9190000000000005,DeVante,Parker,NEP,WR,30,5
WR,82.94666666666667,3.2137257713335363,0.20835443037974244,80.931,86.11500000000001,-31.22333333333333,-24.489000000000004,-32.721999999999994,196,176,204,67,14,169.64,69.26,7.7,0.32,156.50666666666666,5.4098757430790965,39.49333333333334,3.644000000000001,2.0440000000000005,K.J.,Osborn,MIN,WR,26,0
WR,82.73831223628693,7.74457308979052,0.13497890295359127,75.13944303797469,88.38300000000001,-31.43168776371307,-30.280556962025315,-30.453999999999994,197,191,202,68,14,194.14,76.29,14.24,0.72,140.222,35.46061217745684,56.77799999999999,6.356666666666667,7.300202432505251,Jonathan,Mingo,CAR,WR,22,-3
WR,82.60333333333334,10.05264310185801,1.50833333333334,72.71499999999999,89.743,-31.566666666666663,-32.70500000000001,-29.09400000000001,198,200,197,69,15,152.79,63.62,8.12,0.59,145.234,18.55609182990858,52.76599999999999,2.31,1.5981447577321235,Donovan,Peoples-Jones,CLE,WR,24,0
WR,81.095,3.4755826849608993,0.5833333333333286,77.70049999999999,83.7125,-33.075,-27.71950000000001,-35.1245,199,183,214,70,15,181.14,72.84,11.37,0.51,176.83499999999998,18.265,22.16500000000002,2.9290000000000003,1.6790000000000003,Van,Jefferson,LAR,WR,27,0
WR,80.51166666666667,0.8081821164399328,1.9166666666666714,79.7715,81.225,-33.65833333333333,-25.6485,-37.61200000000001,201,178,219,71,15,198.29,77.49,7.64,0.2,183.70333333333332,20.577337588284408,17.29666666666668,2.5200000000000005,1.3200000000000005,Hunter,Renfrow,LVR,WR,28,1
WR,78.595,8.883514225800507,0.33166666666666345,69.9165,85.275,-35.575,-35.5035,-33.562,205,206,209,72,15,186.35,74.18,7.75,0.56,170.18333333333334,19.261938866295072,34.81666666666666,5.987,4.357000000000001,Isaiah,Hodgins,NYG,WR,25,0
WR,78.26333333333334,7.440969918856909,0.01833333333333087,71.009,83.924,-35.906666666666666,-34.411,-34.913,206,205,213,73,15,156.7,64.96,7.73,0.5,176.85500000000002,19.445000000000007,29.144999999999982,5.096,3.9760000000000004,Rashid,Shaheed,NOS,WR,25,-2
WR,78.245,0.9263098833543789,2.875,77.6555,78.8345,-35.925,-27.764499999999998,-40.0025,207,184,224,74,15,211.9,81.26,14.28,0.53,141.825,59.37499999999999,65.17500000000001,5.276000000000001,4.276000000000001,Jayden,Reed,GBP,WR,23,-3
WR,75.37,2.9415642097360353,0.8599999999999994,73.498,77.242,-38.8,-31.921999999999997,-41.595,211,199,226,75,15,196.98,77.3,8.12,0.33,166.67666666666668,18.996631865207636,44.32333333333332,2.4400000000000004,1.1600000000000001,John,Metchie,HOU,WR,23,-2
WR,74.51,8.176019814066008,1.1299999999999955,69.70200000000001,82.545,-39.66,-35.71799999999999,-36.292,213,208,217,76,16,189.93,74.11,8.24,0.55,175.30666666666667,25.49349764591399,37.69333333333333,2.1790000000000003,0.7490000000000002,Chase,Claypool,CHI,WR,25,0
WR,73.38000000000001,3.9346156101962486,1.3566666666666691,69.766,76.84,-40.78999999999999,-35.653999999999996,-41.997,214,207,229,77,16,212.68,81.96,6.75,0.3,190.36333333333334,19.861655408237134,23.636666666666656,2.2990000000000004,0.6290000000000002,Mecole,Hardman,NYJ,WR,25,1
WR,72.02333333333334,5.038098186154511,1.9266666666666623,67.136,75.947,-42.14666666666666,-38.284000000000006,-42.89,216,213,231,78,16,258.49,97.03,10.66,0.53,NA,NA,NA,2.3520000000000003,NA,Marvin,Jones,DET,WR,33,8
WR,70.09666666666668,9.536468598665513,0.1916666666666771,60.778000000000006,77.25700000000002,-44.07333333333332,-44.641999999999996,-41.579999999999984,219,223,225,79,16,166.55,67.76,7.96,0.58,172.20333333333332,9.140686820778592,46.79666666666668,1.613,0.403,Alec,Pierce,IND,WR,23,-2
WR,69.905,4.28751967925513,1.2349999999999852,66.0515,73.769,-44.265,-39.3685,-45.068,220,215,239,80,16,249.09,93.69,8.37,0.39,NA,NA,NA,1.2720000000000002,NA,Russell,Gage,TBB,WR,27,2
WR,68.67000000000002,35.11492275372396,0.45666666666667766,46.32300000000001,91.01700000000001,-45.499999999999986,-59.096999999999994,-27.819999999999993,225,284,193,81,16,257.1,95.61,10.2,0.95,187.61666666666667,13.369079582712072,37.383333333333326,2.5450000000000004,1.2950000000000004,Richie,James,KCC,WR,28,2
WR,68.21333333333334,4.934473967236359,0.24500000000000455,65.035,73.08099999999999,-45.95666666666666,-40.385000000000005,-45.756000000000014,227,217,241,82,16,224.9,86.51,9.25,0.45,181.22,NA,45.78,3.416000000000001,2.416000000000001,Robert,Woods,HOU,WR,31,7
WR,67.96833333333333,4.763429261921844,0.33833333333333826,63.2905,71.41299999999998,-46.20166666666667,-42.1295,-47.42400000000002,228,219,247,83,16,227.14,86.83,6.92,0.36,NA,NA,NA,2.1120000000000005,NA,Corey,Davis,NYJ,WR,28,3
WR,67.63,0.24041630560342858,1.3599999999999852,67.47699999999999,67.783,-46.540000000000006,-37.94300000000001,-51.054,229,211,263,84,17,260.28,97.64,8.18,0.2,NA,NA,NA,2.1840000000000006,NA,Mack,Hollins,ATL,WR,30,3
WR,66.27000000000001,5.745058746435929,0.34499999999999886,61.089000000000006,71.43,-47.89999999999999,-44.330999999999996,-47.407,236,221,246,85,17,207.68,81.69,9.19,0.5,176.375,4.5049999999999955,59.625,2.7320000000000007,1.6120000000000005,Parris,Campbell,NYG,WR,26,1
WR,65.92500000000001,10.571246378738888,2.6483333333333405,59.197500000000005,72.6525,-48.24499999999999,-46.2225,-46.1845,237,229,242,86,17,212.89,82.83,11.68,0.72,192.115,10.905000000000001,44.88499999999999,2.048,1.0480000000000003,Josh,Palmer,LAC,WR,24,-1
WR,63.27666666666667,1.9179242251281299,0.3299999999999983,61.652,65.081,-50.89333333333333,-43.768,-53.756,244,220,270,87,17,203.4,78.39,14.31,0.57,136.72333333333333,40.99361766042232,107.27666666666667,6.771000000000001,4.941000000000001,Rashee,Rice,KCC,WR,23,-3
WR,62.94666666666667,3.8257199758128326,0.7250000000000014,60.328,66.718,-51.22333333333333,-45.092,-52.119,245,225,267,88,17,223.83,85.82,8.85,0.39,206.85,NA,38.150000000000006,2.3720000000000003,1.3720000000000003,Allen,Robinson,PIT,WR,30,6
WR,62.22166666666667,10.53053931825589,1.3216666666666725,51.97550000000001,70.31299999999999,-51.94833333333333,-53.44449999999999,-48.524000000000015,249,251,253,89,17,197.98,76.66,11.6,0.71,192.925,18.125,56.07499999999999,3.0680000000000005,2.0680000000000005,Darius,Slayton,NYG,WR,26,1
WR,60.9,14.991080681525265,2.7549999999999883,49.199999999999996,75.435,-53.27,-56.220000000000006,-43.402,252,267,234,90,18,206.79,80.51,13.06,0.82,175.22333333333333,16.21410154430053,76.77666666666667,1.605,0.43500000000000005,Wan'Dale,Robinson,NYG,WR,22,-2
WR,58.14500000000001,14.545186489007284,0.2816666666666734,48.88850000000001,67.4015,-56.02499999999999,-56.531499999999994,-51.435500000000005,262,269,264,91,18,213.25,81.52,18.25,0.87,136.68666666666667,45.8422020510456,125.31333333333333,7.6370000000000005,6.187000000000001,Marvin,Mims,DEN,WR,21,-3
WR,57.86333333333334,11.23127923850767,0.06333333333333258,49.294999999999995,68.807,-56.306666666666665,-56.12500000000001,-50.03,264,265,260,92,18,296.76,108.92,6.74,0.58,NA,NA,NA,0.8160000000000002,NA,Nick,Westbrook-Ikhine,TEN,WR,26,0
WR,57.800000000000004,3.0512292604784714,0.5102005012531308,54.790000000000006,59.83,-56.37,-50.629999999999995,-59.007000000000005,267,239,296,93,18,214.09,82.53,7.4,0.29,NA,NA,NA,0.7680000000000001,NA,Tyquan,Thornton,NEP,WR,23,-2
WR,57.28979949874687,7.4620853764691715,1.1731328320802064,52.75693984962407,64.63693984962407,-56.88020050125313,-52.663060150375934,-54.20006015037593,269,246,272,94,18,345.3,126.7,10.23,0.59,NA,NA,NA,0.6720000000000002,NA,Ben,Skowronek,LAR,WR,26,-1
WR,56.11666666666667,21.92169777488353,0.046666666666666856,34.495000000000005,70.85500000000002,-58.053333333333335,-70.925,-47.981999999999985,273,364,250,95,18,295.78,108.95,12.75,0.87,NA,NA,NA,2.2560000000000002,NA,Greg,Dortch,ARI,WR,25,1
WR,56.07,11.143953517491001,0.13999999999999346,48.971000000000004,67.061,-58.1,-56.449,-51.775999999999996,274,268,266,96,18,221.75,85.43,10.37,0.69,193.035,15.89500000000001,80.965,1.3160000000000003,0.31600000000000017,Terrace,Marshall,CAR,WR,23,-1
WR,55.93000000000001,0.6646803743153581,1.0600000000000094,55.507,56.35300000000001,-58.239999999999995,-49.913000000000004,-62.483999999999995,275,237,315,97,18,267.12,99.24,7.32,0.15,NA,NA,NA,1.1280000000000001,NA,Kendrick,Bourne,NEP,WR,28,3
WR,54.87,20.43538597629122,2.729999999999997,41.865,67.87499999999999,-59.300000000000004,-63.555,-50.96200000000002,283,319,262,98,18,241.7,91.8,11.03,0.85,174.77,NA,108.22999999999999,4.776000000000001,NA,Khalil,Shakir,BUF,WR,23,-2
WR,52.14,28.77924599429248,1.6033333333333317,33.825,70.455,-62.03,-71.595,-48.382000000000005,298,366,251,99,19,283.73,105.8,16.43,0.96,72.33,NA,225.67000000000002,4.848000000000001,NA,Michael,Wilson,ARI,WR,23,-3
WR,50.53666666666667,21.68979099330681,2.1294598375299145,33.891000000000005,71.646,-63.63333333333333,-71.529,-47.191,306,365,244,100,19,262.55,99.64,13.17,0.88,NA,NA,NA,2.4240000000000004,NA,Sterling,Shepard,NYG,WR,30,4
WR,48.407206829136754,16.08524482979078,0.1822068291367458,37.41945843866923,64.265,-65.76279317086325,-68.00054156133078,-54.572,318,343,274,101,19,304.02,111.29,12.44,0.83,NA,NA,NA,0.7680000000000001,NA,Tutu,Atwell,LAR,WR,24,-1
WR,48.22500000000001,17.09077090127885,0.27000000000001023,37.34850000000001,59.1015,-65.945,-68.07149999999999,-59.7355,320,344,300,102,19,290.41,107.28,10.56,0.82,NA,NA,NA,NA,NA,Braxton,Berrios,MIA,WR,28,2
WR,47.955,11.448058787410208,0.721666666666664,40.6695,55.240500000000004,-66.215,-64.7505,-63.5965,322,326,321,103,19,264.31,98.12,8.16,0.64,NA,NA,NA,1.3920000000000001,NA,Josh,Reynolds,DET,WR,28,3
WR,47.233333333333334,22.72600786177223,1.55833333333333,24.872000000000003,63.31099999999999,-66.93666666666667,-80.548,-55.52600000000001,327,398,278,104,19,215.99,82.94,12.12,0.88,130.43333333333334,37.05206636912741,196.56666666666666,5.55,4.29,Jalin,Hyatt,NYG,WR,22,-3
WR,45.675000000000004,2.637508293825825,0.04500000000000881,43.996500000000005,47.353500000000004,-68.495,-61.4235,-71.48349999999999,337,300,356,105,19,230.61,87.96,7.1,0.26,144.635,72.19500000000001,192.365,5.936000000000001,4.936000000000001,Josh,Downs,IND,WR,22,-3
WR,45.629999999999995,18.76661397269097,1.4749999999999943,33.687,57.573,-68.54,-71.733,-61.264,338,367,307,106,20,348.53,128.59,8.7,0.8,NA,NA,NA,NA,NA,Chris,Moore,TEN,WR,30,4
WR,44.155,25.095219664310573,1.7250000000000014,28.184500000000003,60.1255,-70.015,-77.2355,-58.7115,344,385,294,107,20,349.67,146.22,11.73,0.89,NA,NA,NA,NA,NA,Jalen,Guyton,LAC,WR,26,1
WR,42.43,NA,0.75,42.43,42.43,-71.74000000000001,-62.99,-76.40700000000001,351,312,376,108,20,284.72,106.53,12.39,0.78,77.55,NA,273.45,3.1920000000000006,NA,Kayshon,Boutte,NEP,WR,21,-3
WR,41.68,22.64829353395085,2.655000000000001,27.724,63.99399999999999,-72.49000000000001,-77.696,-54.84300000000001,357,386,276,109,20,356,147.44,18.99,0.94,NA,NA,NA,NA,NA,Marquise,Goodwin,CLE,WR,33,7
WR,39.025,4.8153971798803905,0.6399999999999935,35.9605,42.089499999999994,-75.14500000000001,-69.45949999999999,-76.7475,369,354,378,110,20,286.76,104.87,6.86,0.36,NA,NA,NA,NA,NA,Quez,Watkins,PHI,WR,25,0
WR,38.385000000000005,8.959042917633559,0.13000000000000256,32.6835,44.0865,-75.785,-72.7365,-74.7505,375,371,365,111,20,325.19,120.17,13.56,0.73,NA,NA,NA,0.504,NA,Jauan,Jennings,SFO,WR,26,0
WR,38.255,13.640089809088506,0.6100000000000065,29.5745,46.935500000000005,-75.91499999999999,-75.8455,-71.9015,377,381,358,112,20,338.08,130.27,18.32,0.86,NA,NA,NA,NA,NA,Demarcus,Robinson,LAR,WR,29,4
WR,37.644999999999996,23.384021253839126,0.30333333333332746,22.7635,52.5265,-76.525,-82.6565,-66.3105,382,404,329,113,20,343.28,129.91,13.69,0.89,NA,NA,NA,1.7520000000000002,NA,Trent,Sherfield,BUF,WR,27,2
WR,37.34166666666667,22.272450658455465,0.41166666666666885,20.140500000000003,58.989,-76.82833333333333,-85.2795,-59.848000000000006,385,419,302,114,21,346.37,128.15,11.35,0.86,NA,NA,NA,NA,NA,Olamide,Zaccheaus,PHI,WR,26,1
WR,36.93,10.507606768432096,1.4699999999999989,30.243000000000002,43.617,-77.24000000000001,-75.17699999999999,-75.22,389,378,367,115,21,287.58,105.48,5.43,0.52,NA,NA,NA,0.9840000000000001,NA,Laviska,Shenault,CAR,WR,25,0
WR,35.46,4.723473298326132,0.4399999999999977,32.45400000000001,38.465999999999994,-78.71000000000001,-72.966,-80.37100000000001,396,374,401,116,21,260.69,97.18,20.8,0.8,170.305,20.055000000000007,225.695,4.2490000000000006,3.119,Justyn,Ross,KCC,WR,24,-2
WR,35.02,12.473363620130698,0.2749999999999986,27.082,42.958000000000006,-79.15,-78.338,-75.87899999999999,397,390,373,117,21,273.24,101.25,9.36,0.7,NA,NA,NA,1.9440000000000004,NA,Isaiah,McKenzie,IND,WR,28,3
WR,34.745000000000005,27.648395523067883,1.3000000000000043,13.239500000000001,61.574000000000005,-79.425,-92.1805,-57.263,399,468,285,118,21,361.57,133.2,11.99,0.92,78.12,NA,320.88,3.2880000000000007,NA,Charlie,Jones,CIN,WR,25,-3
WR,33.445,10.033845225037108,2.405000000000001,27.0595,39.8305,-80.725,-78.3605,-79.0065,402,391,390,119,21,269.62,99.92,12.43,0.73,77.75,NA,324.25,4.92,NA,Puka,Nacua,LAR,WR,22,-3
WR,31.04,NA,0.9899999999999949,31.04,31.04,-83.13,-74.38,-87.797,408,375,423,120,21,245,96.89,18.04,0.9,182.56,14.22999999999999,225.44,5.136000000000001,NA,Tim,Patrick,DEN,WR,30,3
WR,30.050000000000004,0.07071067811865324,0.17500000000000426,30.005000000000006,30.095,-84.12,-75.41499999999999,-88.742,412,379,429,121,21,339.3,125.59,13.67,0.47,NA,NA,NA,NA,NA,Kalif,Raymond,DET,WR,29,4
WR,29.875,15.59170452516337,0.019999999999999574,19.9525,39.7975,-84.295,-85.4675,-79.0395,413,421,391,122,21,351.64,135.57,20.57,0.9,NA,NA,NA,NA,NA,Jamal,Agnew,JAC,WR,28,3
WR,29.855,16.22810062823126,0.14499999999999957,19.527500000000003,40.1825,-84.315,-85.8925,-78.65450000000001,414,424,387,123,21,281.9,104.6,8.59,0.77,67.22,NA,346.78,8.184000000000001,NA,Cedric,Tillman,CLE,WR,23,-3
WR,29.71,NA,0.5899999999999963,29.71,29.71,-84.46000000000001,-75.71000000000001,-89.12700000000001,415,380,431,124,22,343.34,122.68,8.01,0.49,NA,NA,NA,2.088,NA,Noah,Brown,HOU,WR,26,3
WR,29.120000000000005,NA,0.11000000000000298,29.120000000000005,29.120000000000005,-85.05,-76.3,-89.717,416,382,435,125,22,311.81,115.58,10.56,0.67,NA,NA,NA,NA,NA,Chosen,Anderson,MIA,WR,30,4
WR,29.01,NA,0.22000000000000242,29.01,29.01,-85.16,-76.41,-89.827,417,383,436,126,22,NA,165.5,5.02,0.18,NA,NA,NA,NA,NA,Amari,Rodgers,IND,WR,24,-1
WR,28.79,6.392245301926391,0.07000000000000028,24.722,32.858000000000004,-85.38,-80.69800000000001,-85.979,418,399,420,127,22,307.16,113.08,11.77,0.61,NA,NA,NA,NA,NA,Kyle,Philips,TEN,WR,24,-2
WR,28.72,NA,1.1999999999999957,28.72,28.72,-85.45,-76.7,-90.117,419,384,439,128,22,306.83,112.45,13.12,0.79,85.1,NA,333.9,4.344000000000001,NA,Xavier,Hutchinson,HOU,WR,23,-3
WR,27.520000000000003,NA,0.970000000000006,27.520000000000003,27.520000000000003,-86.65,-77.9,-91.31700000000001,423,387,444,129,22,NA,NA,NA,NA,NA,NA,NA,NA,NA,Cole,Beasley,NYG,WR,34,8
WR,26.549999999999997,NA,1.2649999999999935,26.549999999999997,26.549999999999997,-87.62,-78.87,-92.287,426,393,451,130,22,NA,NA,NA,NA,NA,NA,NA,NA,NA,Cade,Johnson,SEA,WR,25,-1
WR,25.285000000000004,13.710800487207159,0.4350000000000023,16.5595,34.0105,-88.88499999999999,-88.8605,-84.82650000000001,431,449,418,131,22,370.83,137.5,10.38,0.76,NA,NA,NA,NA,NA,Trenton,Irwin,CIN,WR,28,1
WR,24.85,4.681046891454945,0.1600000000000037,21.871,27.829,-89.32,-83.549,-91.00800000000001,432,412,443,132,22,327.5,137.83,21.12,0.81,NA,NA,NA,NA,NA,Samori,Toure,GBP,WR,25,-2
WR,24.689999999999998,21.368766927457465,0.11999999999999744,11.091000000000003,38.288999999999994,-89.48,-94.329,-80.548,434,493,403,133,22,347.2,144.75,17.13,0.92,87.41,NA,346.59000000000003,1.032,NA,Dontayvion,Wicks,GBP,WR,22,-3
WR,24.57,3.408254685319157,0.029999999999997584,22.401000000000003,26.739,-89.6,-83.019,-92.098,435,407,449,134,22,347.86,134.32,18.74,0.74,NA,NA,NA,NA,NA,Randall,Cobb,NYJ,WR,33,9
WR,24.540000000000003,NA,1.2750000000000021,24.540000000000003,24.540000000000003,-89.63,-80.88,-94.297,436,400,463,135,22,302.35,110.17,9.9,0.63,NA,NA,NA,NA,NA,David,Bell,CLE,WR,23,-2
WR,23.265,11.0803632611932,0.09499999999999886,16.2135,30.3165,-90.905,-89.2065,-88.5205,442,456,427,136,22,349.48,126.5,9.99,0.68,NA,NA,NA,NA,NA,Marquez,Callaway,DEN,WR,25,0
WR,23.17,8.018590898655452,0.5650000000000013,18.067,28.273000000000003,-91,-87.35300000000001,-90.564,445,436,441,137,22,295.11,107.17,8.04,0.53,NA,NA,NA,1.9680000000000002,NA,Devin,Duvernay,BAL,WR,26,0
WR,22.605,0.7990306627408005,0.019999999999999574,22.0965,23.113500000000002,-91.565,-83.3235,-95.7235,449,409,468,138,22,346.45,132.18,13.51,0.5,NA,NA,NA,NA,NA,Dyami,Brown,WAS,WR,24,-1
WR,22.585,5.3810826048296265,0.02499999999999858,19.160500000000003,26.0095,-91.58500000000001,-86.2595,-92.8275,450,426,453,139,22,338.08,130.41,14.25,0.66,NA,NA,NA,NA,NA,Cedrick,Wilson,MIA,WR,28,2
WR,22.560000000000002,NA,0.9600000000000009,22.560000000000002,22.560000000000002,-91.61,-82.86,-96.277,451,406,469,140,23,333.43,121.88,12.33,0.77,82.57,NA,368.43,2.5440000000000005,NA,A.T.,Perry,NOS,WR,24,-3
WR,21.6,NA,0.4400000000000013,21.6,21.6,-92.57,-83.82,-97.237,456,413,474,141,23,341.7,125.52,11.83,0.75,76.66,NA,379.34000000000003,4.200000000000001,NA,Tyler,Scott,CHI,WR,22,-3
WR,21.16,4.299209229614208,0.06499999999999773,18.424,23.896,-93.01,-86.99600000000001,-94.941,459,429,466,142,23,NA,163.6,8.4,0.39,NA,NA,NA,NA,NA,KhaDarel,Hodge,ATL,WR,28,2
WR,21.095000000000002,14.95530842209548,0.8550000000000004,11.577500000000002,30.6125,-93.075,-93.8425,-88.2245,460,488,424,143,23,328.88,124.9,13.25,0.83,99.58,NA,360.42,2.2800000000000002,NA,Demario,Douglas,NEP,WR,23,-3
WR,20.240000000000002,6.505382386916237,0.16000000000000014,16.1,24.38,-93.93,-89.32,-94.45700000000001,462,457,464,144,23,NA,NA,NA,0.43,NA,NA,NA,NA,NA,David,Moore,TBB,WR,28,3
WR,20.080000000000002,NA,0.0400000000000027,20.080000000000002,20.080000000000002,-94.09,-85.34,-98.757,464,420,479,145,23,NA,NA,NA,NA,NA,NA,NA,NA,NA,Lynn,Bowden,NOS,WR,26,0
WR,20.04,3.8890872965260113,0.09999999999999787,17.565,22.514999999999997,-94.13,-87.855,-96.322,465,440,470,146,23,346.25,146.89,17.57,0.72,NA,NA,NA,NA,NA,Zach,Pascal,ARI,WR,29,3
WR,19.94,2.7577164466275343,0.120000000000001,18.185000000000002,21.695,-94.23,-87.235,-97.142,466,434,473,147,23,342,127.24,10.88,0.44,NA,NA,NA,1.5360000000000003,NA,Calvin,Austin III,PIT,WR,24,-2
WR,19.82,5.642712113868651,0.03999999999999915,16.229,23.411,-94.35,-89.191,-95.426,467,455,467,148,23,348.37,128.43,10.31,0.54,NA,NA,NA,NA,NA,Justin,Watson,KCC,WR,28,2
WR,19.78,NA,0.3000000000000007,19.78,19.78,-94.39,-85.64,-99.057,468,423,480,149,23,NA,NA,NA,NA,NA,NA,NA,NA,NA,Tre,Nixon,NEP,WR,25,-1
WR,19.48,NA,0.7199999999999989,19.48,19.48,-94.69,-85.94,-99.357,470,425,482,150,23,363.69,135.38,7.74,0.46,94.69,NA,375.31,2.04,NA,Trey,Palmer,TBB,WR,22,-3
WR,18.76,9.39037805415735,0.240000000000002,12.784000000000004,24.736000000000004,-95.41,-92.636,-94.101,472,474,462,151,23,311.58,112.33,12.88,0.72,NA,NA,NA,NA,NA,Deonte,Harty,BUF,WR,26,1
WR,18.52,NA,1.1999999999999993,18.52,18.52,-95.65,-86.9,-100.31700000000001,473,428,487,152,23,NA,202,3,0.04,NA,NA,NA,NA,NA,Steven,Sims,HOU,WR,26,1
WR,17.32,7.976164491784256,0.23999999999999844,12.244000000000002,22.396,-96.85,-93.176,-96.441,478,479,471,153,23,355.25,128.26,8.7,0.56,NA,NA,NA,NA,NA,Jalen,Tolbert,DAL,WR,24,-2
WR,17.080000000000002,6.533666658163701,0.2650000000000041,12.922,21.238000000000003,-97.09,-92.498,-97.599,479,473,477,154,23,NA,150.6,7.86,0.46,NA,NA,NA,NA,NA,Equanimeous,St. Brown,CHI,WR,27,2
WR,16.814999999999998,7.191275964667187,0.04499999999999815,12.2385,21.391499999999997,-97.355,-93.1815,-97.44550000000001,481,481,475,155,23,358.08,131.54,7.12,0.45,NA,NA,NA,0.7200000000000001,NA,Parker,Washington,JAC,WR,21,-3
WR,16.77,NA,0.3000000000000007,16.77,16.77,-97.4,-88.65,-102.06700000000001,482,445,491,156,23,NA,NA,NA,NA,NA,NA,NA,NA,NA,Greg,Ward,PHI,WR,28,3
WR,16.47,NA,0.8899999999999988,16.47,16.47,-97.7,-88.95,-102.367,484,451,494,157,23,NA,161,5.51,0.26,NA,NA,NA,NA,NA,D'Wayne,Eskridge,SEA,WR,26,-1
WR,15.58,1.753624817342638,0.025000000000000355,14.464,16.696,-98.59,-90.956,-102.141,486,461,492,158,23,308.29,112.31,9.08,0.32,NA,NA,NA,NA,NA,Nelson,Agholor,BAL,WR,30,5
WR,15.555,5.861915216036478,0.26500000000000057,11.8245,19.2855,-98.61500000000001,-93.5955,-99.5515,487,485,483,159,23,NA,171.25,21.31,0.83,NA,NA,NA,NA,NA,Brandon,Powell,MIN,WR,27,2
WR,15.29,NA,0.13999999999999702,15.29,15.29,-98.88,-90.13,-103.547,488,459,498,160,23,344,161.33,9.66,0.61,NA,NA,NA,NA,NA,Shi,Smith,CAR,WR,25,-1
WR,15.150000000000002,5.204305909532991,0.37000000000000277,11.838000000000001,18.462,-99.02,-93.582,-100.375,489,484,488,161,23,362.5,139.6,9.67,0.5,NA,NA,NA,NA,NA,Tre'Quan,Smith,NOS,WR,27,2
WR,14.78,3.42239682094289,0.3650000000000002,12.602,16.958000000000002,-99.39,-92.818,-101.879,491,476,490,162,24,352,165.8,19.29,0.76,NA,NA,NA,NA,NA,Kendall,Hinton,DEN,WR,26,0
WR,14.415,2.2415284963613558,0.3249999999999975,12.9885,15.8415,-99.755,-92.4315,-102.9955,492,471,496,163,24,365.86,141.7,9.04,0.35,NA,NA,NA,NA,NA,Velus,Jones,CHI,WR,26,-2
WR,14.090000000000002,NA,0.2500000000000018,14.090000000000002,14.090000000000002,-100.08,-91.33,-104.747,493,462,503,164,24,NA,NA,NA,NA,NA,NA,NA,NA,NA,Andre,Baccellia,ARI,WR,26,0
WR,13.84,NA,0.4599999999999991,13.84,13.84,-100.33,-91.58,-104.997,494,463,504,165,24,NA,NA,NA,NA,NA,NA,NA,NA,NA,Deven,Thompkins,TBB,WR,24,-2
WR,13.38,NA,0.27000000000000135,13.38,13.38,-100.79,-92.04,-105.45700000000001,497,465,507,166,24,NA,188,2.92,0.03,NA,NA,NA,NA,NA,Damiere,Byrd,CAR,WR,30,5
WR,13.11,NA,0.05000000000000071,13.11,13.11,-101.06,-92.31,-105.727,498,469,509,167,24,362.18,136.83,11.33,0.71,NA,NA,NA,NA,NA,DeAndre,Carter,LVR,WR,30,5
WR,13.059999999999999,NA,0.46999999999999886,13.059999999999999,13.059999999999999,-101.11,-92.36,-105.777,499,470,510,168,24,342.25,147,26.78,0.97,NA,NA,NA,NA,NA,Jalen,Nailor,MIN,WR,24,-2
WR,12.59,NA,0.28999999999999737,12.59,12.59,-101.58,-92.83,-106.247,500,477,513,169,24,383.5,153,29.03,0.98,93.77,NA,406.23,0.8160000000000002,NA,Tre,Tucker,LVR,WR,22,-3
WR,12.300000000000002,NA,0.0600000000000005,12.300000000000002,12.300000000000002,-101.87,-93.12,-106.537,501,478,515,170,24,329.37,123.16,18.97,0.92,NA,NA,NA,NA,NA,Jamison,Crowder,NYG,WR,30,5
WR,12.240000000000002,NA,0.2400000000000002,12.240000000000002,12.240000000000002,-101.93,-93.18,-106.59700000000001,502,480,516,171,24,339.13,139.54,22.18,0.96,NA,NA,NA,NA,NA,Scotty,Miller,ATL,WR,26,1
WR,12.000000000000002,7.353910524340097,0.22000000000000064,7.320000000000001,16.680000000000003,-102.17,-98.1,-102.157,503,521,493,172,24,NA,172.67,27.38,0.89,NA,NA,NA,NA,NA,KaVontae,Turpin,DAL,WR,27,-2
WR,11.780000000000001,NA,0.3000000000000007,11.780000000000001,11.780000000000001,-102.39,-93.64,-107.057,506,486,519,173,24,336.58,133,23.08,0.97,NA,NA,NA,1.5360000000000003,NA,Denzel,Mims,DET,WR,26,0
WR,11.48,NA,0.4299999999999997,11.48,11.48,-102.69,-93.94,-107.357,507,491,523,174,24,NA,178.75,6.18,0.31,NA,NA,NA,NA,NA,Phillip,Dorsett,LVR,WR,30,5
WR,11.05,NA,0.5999999999999996,11.05,11.05,-103.12,-94.37,-107.787,510,494,525,175,24,NA,NA,NA,NA,NA,NA,NA,NA,NA,Cody,Thompson,SEA,WR,27,1
WR,10.450000000000001,NA,0.15000000000000036,10.450000000000001,10.450000000000001,-103.72,-94.97,-108.387,513,498,528,176,24,352.5,144.4,17.4,0.88,NA,NA,NA,NA,NA,Ashton,Dulin,IND,WR,26,1
WR,10.3,NA,0.09000000000000163,10.3,10.3,-103.87,-95.12,-108.537,515,499,531,177,24,NA,NA,NA,NA,NA,NA,NA,NA,NA,Penny,Hart,ATL,WR,27,1
WR,10.209999999999999,NA,0.16999999999999815,10.209999999999999,10.209999999999999,-103.96000000000001,-95.21000000000001,-108.62700000000001,517,500,533,178,24,NA,168.4,29.33,0.99,NA,NA,NA,NA,NA,Bryan,Edwards,NOS,WR,25,0
WR,10.040000000000001,NA,0.16000000000000014,10.040000000000001,10.040000000000001,-104.13,-95.38,-108.797,518,503,535,179,24,NA,NA,NA,NA,NA,NA,NA,NA,NA,Jakeem,Grant,CLE,WR,31,4
WR,9.88,3.7052395334175086,0.02000000000000135,7.522000000000001,12.238,-104.29,-97.898,-106.599,519,518,517,180,24,NA,203,5,0.19,NA,NA,NA,NA,NA,Gunner,Olszewski,PIT,WR,27,1
WR,9.86,7.735748186180829,0.40999999999999837,4.937000000000001,14.783,-104.31,-100.483,-104.054,520,555,500,181,24,NA,199,2,0.23,NA,NA,NA,NA,NA,Dareke,Young,SEA,WR,24,-2
WR,9.450000000000001,8.711555544218266,0.13000000000000078,3.9060000000000006,14.994000000000002,-104.72,-101.514,-103.843,523,571,499,182,24,NA,NA,NA,0.61,NA,NA,NA,NA,NA,James,Washington,NOS,WR,27,2
WR,9.32,NA,0.009999999999999787,9.32,9.32,-104.85,-96.1,-109.517,524,505,541,183,24,NA,NA,NA,NA,NA,NA,NA,NA,NA,Simi,Fehoko,DAL,WR,26,-1
WR,9.31,NA,0.009999999999999787,9.31,9.31,-104.86,-96.11,-109.527,525,506,542,184,24,380.8,149.9,15.71,0.85,NA,NA,NA,3.0480000000000005,NA,Andrei,Iosivas,CIN,WR,24,-3
WR,9.3,NA,0.2400000000000002,9.3,9.3,-104.87,-96.12,-109.537,526,507,543,185,24,NA,176.33,27.13,0.98,NA,NA,NA,NA,NA,Montrell,Washington,DEN,WR,25,-2
WR,9.06,NA,0.8500000000000014,9.06,9.06,-105.11,-96.36,-109.777,530,509,544,186,24,345,159,21.25,0.95,NA,NA,NA,NA,NA,Jalen,Reagor,MIN,WR,24,0
WR,8.209999999999999,NA,0.11999999999999922,8.209999999999999,8.209999999999999,-105.96000000000001,-97.21000000000001,-110.62700000000001,533,512,546,187,24,NA,163.75,3.7,0.08,NA,NA,NA,NA,NA,Dante,Pettis,CHI,WR,28,2
WR,8.209999999999999,NA,0,8.209999999999999,8.209999999999999,-105.96000000000001,-97.21000000000001,-110.62700000000001,533,512,546,187,24,NA,NA,NA,NA,NA,NA,NA,NA,NA,Lance,McCutcheon,LAR,WR,24,-2
WR,8.09,NA,0.10999999999999943,8.09,8.09,-106.08,-97.33,-110.747,535,513,547,188,24,343,116.5,15.14,0.85,NA,NA,NA,NA,NA,Demetric,Felton,CLE,RB,25,-1
WR,8.09,NA,0.10999999999999943,8.09,8.09,-106.08,-97.33,-110.747,535,513,547,188,24,343,151.75,30.09,0.99,NA,NA,NA,NA,NA,Demetric,Felton,CLE,RB,25,-1
WR,8.09,NA,0,8.09,8.09,-106.08,-97.33,-110.747,535,513,547,188,24,327.6,131.5,18.28,0.9,94.14,NA,440.86,1.1520000000000001,NA,Justin,Shorter,BUF,WR,23,-3
WR,7.98,NA,0.14000000000000057,7.98,7.98,-106.19,-97.44,-110.857,538,514,550,189,24,NA,NA,NA,NA,NA,NA,NA,NA,NA,Ronnie,Bell,SFO,WR,23,-3
WR,7.84,NA,0.0699999999999994,7.84,7.84,-106.33,-97.58,-110.997,540,515,551,190,24,NA,NA,NA,NA,NA,NA,NA,NA,NA,NA,NA,NA,NA,NA,NA
WR,7.7700000000000005,NA,0.17999999999999972,7.7700000000000005,7.7700000000000005,-106.4,-97.65,-111.06700000000001,542,516,552,191,24,NA,159,7.18,0.41,NA,NA,NA,NA,NA,Ray-Ray,McCloud,SFO,WR,27,2
WR,7.590000000000001,NA,0.20999999999999996,7.590000000000001,7.590000000000001,-106.58,-97.83,-111.247,546,517,553,192,24,NA,164.8,11.37,0.72,NA,NA,NA,NA,NA,Byron,Pringle,WAS,WR,30,2
WR,7.380000000000001,NA,0.1800000000000006,7.380000000000001,7.380000000000001,-106.79,-98.04,-111.45700000000001,549,520,555,193,24,NA,NA,NA,NA,NA,NA,NA,NA,NA,Kevin,Austin,JAC,WR,23,-2
WR,7.2,NA,0.010000000000000675,7.2,7.2,-106.97,-98.22,-111.637,551,522,556,194,24,NA,NA,NA,NA,NA,NA,NA,NA,NA,Jalen,Virgil,DEN,WR,25,-2
WR,7.1899999999999995,NA,0.48999999999999844,7.1899999999999995,7.1899999999999995,-106.98,-98.23,-111.647,552,523,557,195,25,355.67,135.33,9.43,0.6,NA,NA,NA,NA,NA,Bryce,Ford-Wheaton,NYG,WR,23,-3
WR,6.700000000000001,NA,0.07000000000000117,6.700000000000001,6.700000000000001,-107.47,-98.72,-112.137,553,525,559,196,25,NA,215.5,6.5,0.36,NA,NA,NA,NA,NA,Matt,Slater,NEP,WR,38,12
WR,6.63,NA,0.1200000000000001,6.63,6.63,-107.54,-98.79,-112.20700000000001,555,527,561,197,25,NA,NA,NA,NA,NA,NA,NA,NA,NA,Maurice,Alexander,DET,WR,26,-1
WR,6.51,NA,0.03000000000000025,6.51,6.51,-107.66,-98.91,-112.327,556,528,562,198,25,NA,NA,NA,NA,NA,NA,NA,NA,NA,Joe,Reed,CHI,WR,25,0
WR,6.4799999999999995,NA,0.10999999999999854,6.4799999999999995,6.4799999999999995,-107.69,-98.94,-112.357,557,529,563,199,25,NA,NA,NA,NA,NA,NA,NA,NA,NA,Trinity,Benson,DET,WR,26,1
WR,6.370000000000001,NA,0.13000000000000078,6.370000000000001,6.370000000000001,-107.8,-99.05,-112.467,558,530,564,200,25,NA,177.75,3.9,0.09,NA,NA,NA,NA,NA,River,Cracraft,MIA,WR,29,3
WR,6.24,NA,0.040000000000000036,6.24,6.24,-107.93,-99.18,-112.59700000000001,559,531,565,201,25,NA,NA,NA,NA,NA,NA,NA,NA,NA,Isaiah,Coulter,BUF,WR,25,0
WR,6.2,NA,0.11000000000000032,6.2,6.2,-107.97,-99.22,-112.637,560,532,566,202,25,NA,200,4,0.09,NA,NA,NA,NA,NA,Dezmon,Patmon,BUF,WR,25,0
WR,6.2,NA,0,6.2,6.2,-107.97,-99.22,-112.637,560,532,566,202,25,NA,NA,NA,NA,NA,NA,NA,NA,NA,Easop,Winston,SEA,WR,27,0
WR,6.09,NA,0.07999999999999918,6.09,6.09,-108.08,-99.33,-112.747,561,533,568,203,25,NA,NA,NA,NA,NA,NA,NA,NA,NA,Stanley,Morgan,CIN,WR,26,1
WR,6.010000000000001,NA,8.881784197001252e-16,6.010000000000001,6.010000000000001,-108.16,-99.41,-112.827,562,534,569,204,25,NA,NA,NA,NA,NA,NA,NA,NA,NA,Jaelon,Darden,CLE,WR,24,-1
WR,6.01,NA,0.10999999999999943,6.01,6.01,-108.16,-99.41,-112.827,562,534,569,205,25,NA,208.5,2.5,0.02,NA,NA,NA,NA,NA,Dennis,Houston,DAL,WR,24,-2
WR,5.9,NA,0.05000000000000071,5.9,5.9,-108.27,-99.52,-112.937,563,535,570,206,25,NA,NA,NA,NA,NA,NA,NA,NA,NA,KeeSean,Johnson,BUF,WR,27,1
WR,5.9,NA,0,5.9,5.9,-108.27,-99.52,-112.937,563,535,570,206,25,NA,NA,NA,NA,NA,NA,NA,NA,NA,Seth,Williams,JAC,WR,23,-1
WR,5.85,NA,0.03999999999999915,5.85,5.85,-108.32000000000001,-99.57000000000001,-112.98700000000001,564,536,571,207,25,NA,NA,NA,NA,NA,NA,NA,NA,NA,Andy,Isabella,BUF,WR,27,1
WR,5.8100000000000005,NA,0.1200000000000001,5.8100000000000005,5.8100000000000005,-108.36,-99.61,-113.027,565,537,572,208,25,NA,118,5,0.17,NA,NA,NA,NA,NA,Jacob,Harris,JAC,WR,26,-1
WR,5.69,NA,0.1299999999999999,5.69,5.69,-108.48,-99.73,-113.147,568,538,573,209,25,NA,175,1.41,0.01,NA,NA,NA,NA,NA,James,Proche,BAL,WR,27,0
WR,5.5600000000000005,NA,0.05000000000000071,5.5600000000000005,5.5600000000000005,-108.61,-99.86,-113.277,569,541,574,210,25,371,148.78,10.59,0.67,NA,NA,NA,NA,NA,Danny,Gray,SFO,WR,24,-2
WR,5.51,NA,0.08999999999999897,5.51,5.51,-108.66,-99.91,-113.327,570,542,575,211,25,NA,NA,NA,NA,NA,NA,NA,NA,NA,Brandon,Johnson,DEN,WR,25,-2
WR,5.420000000000001,NA,0.20999999999999996,5.420000000000001,5.420000000000001,-108.75,-100,-113.417,571,544,576,212,25,NA,NA,NA,NA,NA,NA,NA,NA,NA,Erik,Ezukanma,MIA,WR,23,-2
WR,5.210000000000001,NA,0.030000000000001137,5.210000000000001,5.210000000000001,-108.96000000000001,-100.21000000000001,-113.62700000000001,573,545,577,213,25,NA,NA,NA,NA,NA,NA,NA,NA,NA,C.J.,Saunders,CAR,WR,27,-1
WR,5.18,NA,0.03999999999999915,5.18,5.18,-108.99000000000001,-100.24000000000001,-113.65700000000001,574,546,578,214,25,NA,197.5,5.5,0.25,NA,NA,NA,NA,NA,Dez,Fitzpatrick,PIT,WR,26,-1
WR,5.140000000000001,NA,0.030000000000001137,5.140000000000001,5.140000000000001,-109.03,-100.28,-113.697,575,547,579,215,25,NA,NA,NA,NA,NA,NA,NA,NA,NA,Cody,White,PIT,WR,25,0
WR,5.109999999999999,NA,0.02999999999999936,5.109999999999999,5.109999999999999,-109.06,-100.31,-113.727,576,548,580,216,25,NA,170.75,10.64,0.68,NA,NA,NA,NA,NA,Cam,Sims,LVR,WR,27,2
WR,5.08,NA,0.02999999999999936,5.08,5.08,-109.09,-100.34,-113.757,577,549,581,217,25,NA,NA,NA,NA,NA,NA,NA,NA,NA,Keelan,Cole,LVR,WR,30,3
WR,5.050000000000001,NA,0.03000000000000025,5.050000000000001,5.050000000000001,-109.12,-100.37,-113.787,578,550,582,218,25,NA,213,6,0.29,NA,NA,NA,NA,NA,Mason,Kinsey,TEN,WR,25,0
WR,5.0200000000000005,NA,0.019999999999999574,5.0200000000000005,5.0200000000000005,-109.15,-100.4,-113.81700000000001,579,551,583,219,25,NA,206,3,0.04,NA,NA,NA,NA,NA,Michael,Woods,CLE,WR,23,-2
WR,5.000000000000001,NA,0.020000000000000462,5.000000000000001,5.000000000000001,-109.17,-100.42,-113.837,580,552,584,220,25,NA,206.5,6.5,0.36,NA,NA,NA,NA,NA,Trent,Taylor,CIN,WR,29,3
WR,4.98,NA,0.010000000000000675,4.98,4.98,-109.19,-100.44,-113.857,581,553,585,221,25,NA,NA,NA,NA,NA,NA,NA,NA,NA,Racey,McMath,TEN,WR,24,-1
WR,4.97,NA,0.05999999999999961,4.97,4.97,-109.2,-100.45,-113.867,582,554,586,222,25,NA,173,19.06,0.92,NA,NA,NA,NA,NA,Anthony,Schwartz,CLE,WR,23,-1
WR,4.91,NA,0.019999999999999574,4.91,4.91,-109.26,-100.51,-113.927,583,556,587,223,25,NA,208.5,3.5,0.05,NA,NA,NA,NA,NA,Malik,Turner,IND,WR,27,2
WR,4.890000000000001,NA,0.11000000000000032,4.890000000000001,4.890000000000001,-109.28,-100.53,-113.947,584,557,588,224,25,NA,193,1.63,0.01,NA,NA,NA,NA,NA,Tim,Jones,JAC,WR,25,-1
WR,4.78,NA,0.019999999999999574,4.78,4.78,-109.39,-100.64,-114.057,585,560,589,225,25,NA,149.67,31.01,0.99,NA,NA,NA,NA,NA,Derius,Davis,LAC,WR,23,-3
WR,4.760000000000001,NA,8.881784197001252e-16,4.760000000000001,4.760000000000001,-109.41,-100.66,-114.077,586,561,590,226,25,NA,NA,NA,NA,NA,NA,NA,NA,NA,Vyncint,Smith,IND,WR,27,2
WR,4.760000000000001,NA,0,4.760000000000001,4.760000000000001,-109.41,-100.66,-114.077,586,561,590,226,25,NA,189.33,2.49,0.01,NA,NA,NA,NA,NA,Mike,Strachan,IND,WR,26,-1
WR,4.76,NA,0.0699999999999994,4.76,4.76,-109.41,-100.66,-114.077,586,561,590,227,25,NA,NA,NA,NA,NA,NA,NA,NA,NA,Frank,Darby,ATL,WR,26,-1
WR,4.69,NA,0.010000000000000675,4.69,4.69,-109.48,-100.73,-114.147,587,562,591,228,25,NA,NA,NA,NA,NA,NA,NA,NA,NA,Chris,Conley,SFO,WR,31,5
WR,4.68,NA,0.20999999999999908,4.68,4.68,-109.49000000000001,-100.74000000000001,-114.15700000000001,588,563,592,229,25,NA,162.25,20.08,0.93,NA,NA,NA,NA,NA,Tylan,Wallace,BAL,WR,24,-1
WR,4.470000000000001,NA,0.39000000000000057,4.470000000000001,4.470000000000001,-109.7,-100.95,-114.367,590,565,593,230,25,NA,NA,NA,NA,NA,NA,NA,NA,NA,Josh,Ali,ATL,WR,24,2020
WR,4.08,NA,0.009999999999999787,4.08,4.08,-110.09,-101.34,-114.757,592,567,594,231,25,NA,NA,NA,NA,NA,NA,NA,NA,NA,Jalen,Camp,HOU,WR,25,-1
WR,4.07,NA,0.019999999999999574,4.07,4.07,-110.1,-101.35,-114.767,593,568,595,232,25,NA,NA,NA,NA,NA,NA,NA,NA,NA,Daurice,Fountain,CHI,WR,28,2
WR,4.050000000000001,NA,0.5400000000000005,4.050000000000001,4.050000000000001,-110.12,-101.37,-114.787,594,569,596,233,25,NA,NA,NA,NA,NA,NA,NA,NA,NA,Nsimba,Webster,CHI,WR,27,1
WR,3.5100000000000002,NA,0.020000000000000018,3.5100000000000002,3.5100000000000002,-110.66,-101.91,-115.327,596,573,598,234,25,NA,193.33,4.5,0.12,NA,NA,NA,NA,NA,Miles,Boykin,PIT,WR,27,1
WR,3.49,NA,0.26000000000000023,3.49,3.49,-110.68,-101.93,-115.34700000000001,597,574,599,235,25,NA,NA,NA,NA,NA,NA,NA,NA,NA,Keith,Kirkwood,NOS,WR,30,2
WR,3.23,NA,0.029999999999999805,3.23,3.23,-110.94,-102.19,-115.607,598,576,600,236,25,NA,NA,NA,NA,NA,NA,NA,NA,NA,Austin,Trammell,LAR,WR,25,-1
WR,3.2,NA,0.08999999999999986,3.2,3.2,-110.97,-102.22,-115.637,599,577,601,237,25,NA,NA,NA,NA,NA,NA,NA,NA,NA,Kawaan,Baker,NOS,WR,25,-1
WR,3.1100000000000003,NA,0.5899999999999999,3.1100000000000003,3.1100000000000003,-111.06,-102.31,-115.727,600,578,602,238,25,NA,NA,NA,NA,NA,NA,NA,NA,NA,Alex,Erickson,NYJ,WR,31,4
WR,3.1100000000000003,NA,0,3.1100000000000003,3.1100000000000003,-111.06,-102.31,-115.727,600,578,602,238,25,320.5,143.67,23.7,0.97,NA,NA,NA,NA,NA,Quintez,Cephus,FA,WR,25,0
WR,2.5200000000000005,NA,0.07000000000000028,2.5200000000000005,2.5200000000000005,-111.65,-102.9,-116.31700000000001,602,583,603,239,25,NA,186.75,4.26,0.11,NA,NA,NA,NA,NA,Dax,Milne,WAS,WR,24,-1
WR,2.45,NA,0.11000000000000032,2.45,2.45,-111.72,-102.97,-116.387,603,584,604,240,25,NA,171.5,34.5,0.99,NA,NA,NA,NA,NA,N'Keal,Harry,MIN,WR,26,1
WR,2.34,NA,0.03999999999999959,2.34,2.34,-111.83,-103.08,-116.497,604,585,605,241,25,NA,152.33,7.59,0.44,NA,NA,NA,NA,NA,David,Sills,NYG,WR,27,1
WR,2.3000000000000003,NA,0.6900000000000002,2.3000000000000003,2.3000000000000003,-111.87,-103.12,-116.537,605,586,606,242,25,NA,187,5.72,0.27,NA,NA,NA,NA,NA,Breshad,Perriman,IND,WR,30,5
WR,1.61,NA,1.4200000000000002,1.61,1.61,-112.56,-103.81,-117.227,606,593,607,243,25,NA,NA,NA,NA,NA,NA,NA,2.4480000000000004,NA,Jason,Brownlee,NYJ,WR,24,-3
WR,0.19000000000000003,NA,0,0.19000000000000003,0.19000000000000003,-113.98,-105.23,-118.647,608,601,608,244,25,NA,197.33,13.89,0.82,NA,NA,NA,NA,NA,Britain,Covey,PHI,WR,26,-2
TE,177.63333333333335,4.705670338361304,52.79333333333335,173.74,182.11,96.74333333333334,99.147,97.564,4,2,6,1,1,5.22,1,0,0.11,7.415,1.3932067326854258,-3.415,48.61066666666667,6.412555462181638,Travis,Kelce,KCC,TE,34,7
TE,124.84,5.005876546619983,10.659999999999997,119.90200000000002,128.18200000000002,43.94999999999999,45.30900000000001,43.635999999999996,34,28,38,2,2,36.74,2.18,0.42,0.13,31.79,3.5337751296123328,2.210000000000001,25.234666666666666,4.307767042086759,Mark,Andrews,BAL,TE,28,2
TE,114.18,5.263050446271626,1.4333333333333371,109.049,118.184,33.28999999999999,34.456,33.63799999999998,44,41,45,3,2,62.19,3.61,1.28,0.22,46.76833333333333,5.307618476198989,-2.768333333333331,19.653333333333336,2.922160540117916,T.J.,Hockenson,MIN,TE,26,1
TE,112.74666666666667,11.413020342281586,4.99666666666667,101.884,122.179,31.856666666666655,27.290999999999997,37.63299999999998,46,51,43,4,3,69.72,4.52,0.96,0.6,49.92166666666667,6.06674381819074,-3.921666666666667,18.84466666666667,8.188329309992906,George,Kittle,SFO,TE,30,3
TE,107.75,6.365335812036943,7.056666666666658,102.995,113.97500000000001,26.859999999999985,28.402,29.428999999999988,53,48,51,5,4,87.06,5.48,1.76,0.32,64.385,5.019982569690854,-11.385000000000005,12.646,7.1346267363238205,Darren,Waller,NYG,TE,31,5
TE,100.69333333333334,2.99359872617111,3.4666666666666686,98.44300000000001,103.618,19.803333333333327,23.85000000000001,19.071999999999974,63,55,65,6,4,84.41,5.68,1.34,0.08,62.248333333333335,7.11099949999217,0.7516666666666652,11.33,4.621522115782491,Kyle,Pitts,ATL,TE,23,-1
TE,97.22666666666667,11.017537534918285,9.00333333333333,86.768,106.388,16.33666666666666,12.174999999999997,21.841999999999985,65,72,61,7,5,90.73,6.09,1.16,0.59,62.40833333333333,6.453250903399169,2.5916666666666686,15.271333333333333,8.087449755983377,Dallas,Goedert,PHI,TE,28,2
TE,88.22333333333334,6.767468753775909,0.7600000000000051,83.37300000000002,94.87500000000001,7.333333333333329,8.780000000000015,10.328999999999994,76,80,75,8,5,119.73,9.73,1.5,0.34,94.72833333333332,12.30255856406391,-18.728333333333325,5.442000000000001,3.422834303127552,David,Njoku,CLE,TE,27,3
TE,87.46333333333334,1.1081666541334607,0.14000000000000057,86.39099999999999,88.33500000000001,6.5733333333333235,11.797999999999988,3.7889999999999873,77,73,85,9,5,118.13,9.71,1.75,0.04,86.06666666666666,10.773542695985485,-9.066666666666663,8.867333333333335,4.8415122522708645,Evan,Engram,JAC,TE,29,3
TE,87.32333333333334,1.5157946210926256,5.213333333333338,86.137,88.792,6.433333333333323,11.543999999999997,4.245999999999981,78,74,82,10,6,112.12,9.12,1.81,0.05,95.785,14.23564862121381,-17.784999999999997,4.922000000000001,2.005840139858276,Pat,Freiermuth,PIT,TE,25,-1
TE,82.11,7.896347256801722,0.8399999999999892,74.593,88.63300000000001,1.2199999999999847,0,4.086999999999989,90,96,84,11,7,133.92,12.24,2.56,0.48,130.40333333333334,12.127658013354802,-40.403333333333336,3.288666666666667,2.2639236343618623,Greg,Dulcich,DEN,TE,23,-2
TE,81.27000000000001,4.11530071805209,0.37999999999999545,77.301,84.54600000000002,0.37999999999999545,2.7079999999999984,0,94,89,96,12,7,138.02,13.26,2.49,0.2,122.62166666666667,4.866738869327406,-28.62166666666667,3.8273333333333337,2.6831326633040136,Dalton,Schultz,HOU,TE,27,2
TE,80.89000000000001,3.4802729777993027,3.1366666666666845,77.45700000000001,83.21700000000001,0,2.8640000000000043,-1.3290000000000077,96,87,104,13,7,139.41,13.23,2.78,0.16,134.98833333333334,8.37658724594264,-38.988333333333344,3.278666666666667,2.2080104669639193,Chigoziem,Okonkwo,TEN,TE,24,-2
TE,77.75333333333333,9.034325283790329,0.04999999999999716,68.84400000000001,83.865,-3.1366666666666845,-5.748999999999995,-0.6810000000000258,105,114,99,14,7,148.99,15.35,3.44,0.58,128.635,11.470727599706425,-23.63499999999999,4.708666666666668,4.388207328232745,Cole,Kmet,CHI,TE,24,0
TE,77.70333333333333,10.736341710905686,0.06333333333333258,71.421,88.25099999999999,-3.1866666666666816,-3.171999999999997,3.70499999999997,106,103,87,15,7,165.29,16.91,4.57,0.72,116.95666666666666,28.92340613105971,-10.956666666666663,11.260666666666667,12.814301420244842,Dalton,Kincaid,BUF,TE,24,-3
TE,77.64,4.343305193052859,1.923333333333332,74.47700000000002,81.902,-3.250000000000014,-0.11599999999998545,-2.6440000000000197,107,97,109,16,8,158.85,16.74,2.94,0.23,145.34166666666667,8.082815962824402,-38.34166666666667,3.736666666666667,3.157006317524387,Tyler,Higbee,LAR,TE,30,4
TE,75.71666666666667,7.286002561990577,2.4099999999999966,70.555,82.885,-5.173333333333346,-4.037999999999997,-1.6610000000000156,113,105,105,17,8,182.76,19.85,4.66,0.53,137.308,25.933499108296203,-24.307999999999993,3.6826666666666674,3.5423552742333593,Juwan,Johnson,NOS,TE,27,0
TE,73.30666666666667,0.46704746368366107,3.1099999999999994,72.86,73.688,-7.583333333333343,-1.733000000000004,-10.858000000000018,121,100,129,18,9,163.38,17.77,3,0.05,152.51333333333332,21.564631279533216,-31.51333333333332,3.4920000000000004,3.0361150614999213,Gerald,Everett,LAC,TE,29,3
TE,70.19666666666667,10.453450785904783,3.700000000000003,62.11,80.353,-10.693333333333342,-12.483000000000004,-4.193000000000026,131,138,112,19,10,171.37,18.52,6.32,0.78,148.11333333333334,28.949992899634516,-17.113333333333344,2.7006666666666668,1.625152574033863,Taysom,Hill,NOS,TE,33,3
TE,66.49666666666667,2.568469064118424,0.4766666666666737,64.091,68.69,-14.393333333333345,-10.50200000000001,-15.856000000000023,143,132,143,20,10,207.34,22.08,6.8,0.35,131.612,31.215966043036374,11.388000000000005,6.598000000000001,6.749224745603504,Sam,LaPorta,DET,TE,22,-3
TE,66.02,NA,2.999999999999993,66.02,66.02,-14.870000000000019,-8.573000000000008,-18.526000000000025,146,122,157,21,11,212.98,22.7,4.4,0.24,159.6475,19.758883287018023,-13.647500000000008,3.392666666666667,2.8982571007800924,Irv,Smith Jr.,CIN,TE,25,1
TE,63.02,7.907287777740228,0.8000000000000043,57.385999999999996,70.796,-17.87000000000001,-17.207000000000008,-13.750000000000014,152,155,136,22,11,253.24,28.28,4.33,0.56,171.43,NA,-19.430000000000007,2.3760000000000003,NA,Jelani,Woods,IND,TE,25,-2
TE,62.22,3.649753416328284,0.5999999999999943,58.786,65.31099999999999,-18.670000000000016,-15.807000000000002,-19.235000000000028,153,151,163,23,11,249.19,27.34,3.06,0.21,167.675,7.9750000000000085,-14.675000000000011,3.704,2.704,Noah,Fant,SEA,TE,26,1
TE,61.620000000000005,2.8173036755025227,0.06333333333333968,59.226,64.266,-19.27000000000001,-15.367000000000004,-20.280000000000015,156,150,168,24,11,206.84,22.4,4.83,0.24,141.09199999999998,16.850167239526137,14.908000000000015,2.734,2.3609190300954133,Dawson,Knox,BUF,TE,27,1
TE,61.556666666666665,4.78044279678497,0.9899999999999949,57.113,65.69,-19.33333333333335,-17.480000000000004,-18.856000000000023,157,157,158,25,11,280.92,32.02,4.71,0.41,173.29,37.17315429177352,-16.289999999999992,2.0593333333333335,1.462910645102959,Tyler,Conklin,NYJ,TE,28,2
TE,60.56666666666667,6.351049781991427,1.8700000000000045,54.80500000000001,66.235,-20.323333333333345,-19.787999999999997,-18.31100000000002,160,161,154,26,11,224.79,23.86,4.91,0.5,173.19,16.747113184068468,-13.189999999999998,2.144,1.1440000000000003,Hunter,Henry,NEP,TE,29,4
TE,58.696666666666665,2.990323282411675,1.0599999999999952,56.591,61.64,-22.19333333333335,-18.002000000000002,-22.90600000000002,164,159,180,27,12,287.16,32.86,3.49,0.17,171.32,NA,-7.319999999999993,1.5899999999999999,0.45000000000000007,Cade,Otton,TBB,TE,24,-2
TE,57.63666666666667,3.4339530185099147,0.509999999999998,54.265,60.12400000000001,-23.253333333333345,-20.328000000000003,-24.42200000000001,171,163,183,28,12,237.84,25.32,4.4,0.26,166.17666666666665,28.881362310128118,4.823333333333352,3.1173333333333337,2.854108305972677,Hayden,Hurst,CAR,TE,30,2
TE,57.12666666666667,10.832065053965161,0.796666666666674,48.93300000000001,67.69800000000001,-23.763333333333343,-25.659999999999997,-16.848000000000013,174,179,147,29,12,205.4,22.66,4.48,0.73,156.76,17.438111136244085,17.24000000000001,2.382666666666667,1.747550921210087,Mike,Gesicki,NEP,TE,28,2
TE,56.33,7.292921225407552,0.6633333333333269,52.024,63.498999999999995,-24.560000000000016,-22.569000000000003,-21.047000000000025,177,170,176,30,12,292.34,33.84,5.46,0.58,218.82,NA,-41.81999999999999,1.484,0.4840000000000001,Logan,Thomas,WAS,TE,32,6
TE,55.66666666666667,10.557146078999446,0.8200000000000074,46.660000000000004,65.56000000000002,-25.223333333333343,-27.933,-18.986000000000004,180,185,160,31,12,268.75,30.92,5.84,0.75,173.17000000000002,17.847904638920504,6.829999999999984,3.317,1.987,Zach,Ertz,ARI,TE,33,7
TE,54.846666666666664,4.641824353994166,0.44666666666666544,51.986,59.42,-26.04333333333335,-22.607000000000006,-25.12600000000002,182,172,186,32,12,232.72,25.03,3.34,0.28,173.62666666666667,28.991448547612947,8.373333333333335,1.7720000000000002,0.7720000000000002,Trey,McBride,ARI,TE,24,-2
TE,54.4,1.9287301521985916,7.083333333333329,53.06,56.300000000000004,-26.490000000000016,-21.533,-28.246000000000016,184,167,196,33,13,256.62,28.33,4.49,0.15,126.21333333333334,46.239481927124665,57.78666666666666,9.721000000000002,8.351000000000003,Michael,Mayer,LVR,TE,22,-3
TE,47.31666666666667,6.298081718534094,1.0133333333333354,41.115,51.150000000000006,-33.573333333333345,-33.478,-33.396000000000015,200,204,208,34,13,271.81,30.77,6.56,0.57,182.495,22.825000000000003,17.504999999999995,2.5410000000000004,1.3710000000000002,Jake,Ferguson,DAL,TE,24,-2
TE,46.303333333333335,7.418762250762143,0.5566666666666649,41.299,53.620000000000005,-34.58666666666668,-33.294000000000004,-30.926000000000016,202,203,203,35,13,315.7,37.86,4.5,0.53,NA,NA,NA,3.1440000000000006,NA,Austin,Hooper,LVR,TE,29,4
TE,45.74666666666667,5.838367351694595,3.5116666666666703,41.373999999999995,51.45400000000001,-35.143333333333345,-33.21900000000001,-33.09200000000001,204,202,207,36,14,279.95,31.22,4.77,0.47,143.675,66.595,60.32499999999999,6.509,5.299000000000001,Luke,Musgrave,GBP,TE,23,-3
TE,42.235,12.254160517962866,0.5649999999999977,34.4365,50.0335,-38.655000000000015,-40.1565,-34.512500000000024,210,216,211,37,14,333.2,40.76,5.45,0.82,NA,NA,NA,1.4880000000000002,NA,Robert,Tonyan,CHI,TE,29,3
TE,41.67,5.223571575081556,5.073333333333338,36.52100000000001,45.251000000000005,-39.22000000000001,-38.071999999999996,-39.295000000000016,212,212,222,38,15,271.75,30.57,3.55,0.35,197.335,18.655,14.664999999999992,2.108,0.7480000000000001,Isaiah,Likely,BAL,TE,23,-2
TE,36.596666666666664,18.257574683767096,1.0266666666666637,23.489000000000004,54.538999999999994,-44.29333333333335,-51.104,-30.007000000000026,221,241,201,39,15,370.75,59.67,11.33,0.98,NA,NA,NA,NA,NA,Brock,Wright,DET,TE,25,-1
TE,35.57,10.052944842184306,1.25,27.919,45.37,-45.320000000000014,-46.67400000000001,-39.17600000000002,224,231,221,40,16,337.52,42.18,4.72,0.7,NA,NA,NA,0.7200000000000001,NA,Foster,Moreau,NOS,TE,26,1
TE,34.32,5.223140817554128,0.12333333333333485,29.174,37.940000000000005,-46.570000000000014,-45.419000000000004,-46.606000000000016,230,226,243,41,16,338.33,42.06,4.32,0.42,NA,NA,NA,NA,NA,Jonnu,Smith,ATL,TE,28,3
TE,34.196666666666665,5.655708031125131,0.22666666666666657,29.071,39.24999999999999,-46.69333333333335,-45.522000000000006,-45.29600000000003,231,227,240,42,16,354.49,45.81,4.72,0.46,NA,NA,NA,1.9680000000000002,NA,Noah,Gray,KCC,TE,24,-1
TE,33.97,6.886123728194262,1.6599999999999966,29.601,40.761,-46.920000000000016,-44.992000000000004,-43.78500000000002,232,224,235,43,16,352.09,45,5.52,0.55,NA,NA,NA,NA,NA,Donald,Parham,LAC,TE,26,1
TE,32.31,3.1604271863151654,0.6499999999999986,30.180000000000003,35.427,-48.58000000000001,-44.413,-49.11900000000002,238,222,255,44,16,334.51,40.38,4.11,0.23,70.63,NA,167.37,3.6240000000000006,NA,Luke,Schoonmaker,DAL,TE,25,-3
TE,31.660000000000004,9.21646895508253,0.5266666666666708,24.532,40.615,-49.23000000000001,-50.06100000000001,-43.93100000000002,240,238,236,45,16,364.67,61.62,6.4,0.72,NA,NA,NA,NA,NA,Tommy,Tremble,CAR,TE,23,-1
TE,31.133333333333333,11.905600922815001,1.1199999999999974,21.639999999999997,42.61000000000001,-49.75666666666668,-52.953,-41.936000000000014,241,249,228,46,16,364.77,53,12.22,0.92,NA,NA,NA,2.1840000000000006,NA,C.J.,Uzomah,NYJ,TE,30,5
TE,30.013333333333335,13.00863303092732,0.523333333333337,21.816000000000003,42.839999999999996,-50.87666666666668,-52.777,-41.706000000000024,243,248,227,47,17,360.57,57.1,9.22,0.91,NA,NA,NA,NA,NA,Josh,Oliver,MIN,TE,26,1
TE,29.49,5.764486100252127,0.14999999999999503,24.867,35.03699999999999,-51.40000000000002,-49.726,-49.50900000000003,247,236,257,48,17,353.26,47.15,6.87,0.54,NA,NA,NA,0.7200000000000001,NA,Will,Dissly,SEA,TE,27,2
TE,29.340000000000003,9.949412042929978,0.875,19.637999999999998,36.900000000000006,-51.55000000000001,-54.955000000000005,-47.646000000000015,248,262,249,49,17,NA,81.4,5.31,0.71,NA,NA,NA,NA,NA,Teagan,Quitoriano,HOU,TE,23,-2
TE,28.465000000000003,3.4436100243784846,0.038333333333333997,26.273500000000006,30.6565,-52.42500000000001,-48.3195,-53.88950000000002,250,232,271,50,17,376.25,55.71,4.9,0.28,NA,NA,NA,NA,NA,Kylen,Granson,IND,TE,25,-1
TE,28.42666666666667,6.676536028011332,1.1466666666666683,21.842000000000002,32.93,-52.463333333333345,-52.751000000000005,-51.61600000000002,251,247,265,51,17,344.5,44.22,5.35,0.52,75.77,NA,175.23000000000002,3.2400000000000007,NA,Tucker,Kraft,GBP,TE,23,-3
TE,27.28,2.690947788419536,0.9866666666666681,25.084000000000003,29.854,-53.610000000000014,-49.509,-54.69200000000002,254,235,275,52,17,337.21,48.81,10.89,0.56,NA,NA,NA,0.8160000000000002,NA,Durham,Smythe,MIA,TE,28,2
TE,26.293333333333333,2.7159037783642703,0.20833333333333215,23.782000000000004,28.659999999999997,-54.59666666666668,-50.811,-55.886000000000024,257,240,280,53,17,367.3,52.7,5.97,0.3,NA,NA,NA,NA,NA,Harrison,Bryant,CLE,TE,25,0
TE,26.085,0.12020815280171429,0.37166666666666615,26.0085,26.1615,-54.805000000000014,-48.584500000000006,-58.38450000000002,259,233,292,54,17,355,67.88,7.2,0.19,NA,NA,NA,NA,NA,Josiah,Deguara,GBP,TE,26,0
TE,25.713333333333335,5.803320888364984,0.11333333333333684,20.414,30.854,-55.17666666666668,-54.179,-53.69200000000002,260,256,269,55,17,355.33,61.5,8.71,0.64,86.58,NA,173.42000000000002,2.6400000000000006,NA,Brenton,Strange,JAC,TE,23,-3
TE,25.599999999999998,NA,0.8199999999999967,25.599999999999998,25.599999999999998,-55.29000000000002,-48.99300000000001,-58.946000000000026,261,234,295,56,18,363.67,61.5,20.27,0.98,NA,NA,NA,NA,NA,Jimmy,Graham,NOS,TE,37,10
TE,24.78,3.326815293941039,0.245000000000001,21.551000000000002,27.365000000000002,-56.110000000000014,-53.042,-57.18100000000002,263,250,284,57,18,362.33,51.73,5.36,0.31,NA,NA,NA,NA,NA,Mo,Alie-Cox,IND,TE,30,3
TE,24.535,6.1306157928873635,0.7600000000000016,20.6335,28.4365,-56.35500000000002,-53.959500000000006,-56.109500000000025,266,254,281,58,18,352.13,53.92,6.08,0.53,NA,NA,NA,NA,NA,Jordan,Akins,CLE,TE,31,2
TE,23.775,6.399316369738256,0.3549999999999969,19.7025,27.8475,-57.115000000000016,-54.8905,-56.698500000000024,270,261,282,59,18,NA,72.4,4.8,0.5,NA,NA,NA,NA,NA,Ian,Thomas,CAR,TE,27,2
TE,23.42,2.0930360723121813,0.18999999999999773,22.088,24.752000000000002,-57.47000000000001,-52.505,-59.79400000000002,271,245,301,60,18,372.6,57.55,8.23,0.42,NA,NA,NA,NA,NA,Colby,Parkinson,SEA,TE,24,0
TE,23.230000000000004,NA,0.8750000000000036,23.230000000000004,23.230000000000004,-57.66000000000001,-51.363,-61.31600000000002,272,242,309,61,18,361.87,51.73,9.79,0.78,NA,NA,NA,NA,NA,Brevin,Jordan,HOU,TE,23,-1
TE,22.355,4.306280297426077,0.36499999999999844,19.614499999999996,25.095500000000005,-58.53500000000001,-54.97850000000001,-59.45050000000002,278,263,298,62,18,352.62,47.28,5.98,0.45,NA,NA,NA,NA,NA,Adam,Trautman,DEN,TE,26,0
TE,21.990000000000002,1.5414927829866758,0.26000000000000156,21.009,22.971000000000007,-58.90000000000001,-53.584,-61.57500000000002,280,252,310,63,18,348.42,45.19,5.3,0.18,72.24,NA,207.76,6.144000000000001,NA,Darnell,Washington,PIT,TE,22,-3
TE,21.73,2.3617366491630714,0.18499999999999872,20.227,23.233,-59.16000000000001,-54.366,-61.31300000000002,282,259,308,64,18,358.2,62.2,10.07,0.51,NA,NA,NA,1.4160000000000001,NA,Elijah,Higgins,MIA,TE,23,-3
TE,21.545,7.855956338982544,0.18500000000000227,16.5455,26.544500000000003,-59.34500000000001,-58.0475,-58.00150000000002,284,276,291,65,18,NA,111,1,0.41,NA,NA,NA,NA,NA,Stephen,Sullivan,CAR,TE,27,0
TE,21.36,0.7636753236814702,0.00999999999999801,20.874000000000002,21.845999999999997,-59.530000000000015,-53.719,-62.700000000000024,285,253,317,66,18,371.33,67.89,15.23,0.67,NA,NA,NA,NA,NA,Dan,Arnold,PHI,TE,28,3
TE,21.35,1.2020815280171302,0.15500000000000114,20.584999999999997,22.115000000000002,-59.54000000000001,-54.00800000000001,-62.43100000000002,286,255,314,67,18,NA,80,5.25,0.14,NA,NA,NA,NA,NA,Brycen,Hopkins,LAR,TE,26,0
TE,21.35,4.45477272147525,0,18.515,24.185,-59.54000000000001,-56.078,-60.36100000000002,286,264,304,67,18,359,68.43,9.16,0.58,NA,NA,NA,NA,NA,John,Bates,WAS,TE,26,-1
TE,21.195,12.169307704220481,0.019999999999999574,13.450500000000003,28.9395,-59.695000000000014,-61.1425,-55.606500000000025,287,297,279,68,18,NA,109.33,4.11,0.77,NA,NA,NA,NA,NA,Davis,Allen,LAR,TE,22,-3
TE,21.175,1.7324116139070385,0.060000000000002274,20.0725,22.2775,-59.71500000000002,-54.5205,-62.26850000000002,288,260,313,69,18,366.8,54.93,4.53,0.14,NA,NA,NA,1.1520000000000001,NA,Peyton,Hendershot,DAL,TE,24,-2
TE,21.115,9.312596308226832,0.7716666666666647,15.1885,27.0415,-59.77500000000002,-59.404500000000006,-57.50450000000002,289,286,286,70,18,NA,81.6,13.23,0.9,NA,NA,NA,NA,NA,Jody,Fortson,KCC,TE,28,1
TE,20.343333333333334,6.4026270649892885,0.4783333333333317,16.157,26.66,-60.54666666666668,-58.43600000000001,-57.886000000000024,291,279,290,71,19,NA,86.8,13.64,0.85,NA,NA,NA,NA,NA,Eric,Saubert,MIA,TE,29,3
TE,19.865000000000002,10.938941904955891,0.015000000000000568,12.9035,26.8265,-61.02500000000001,-61.6895,-57.719500000000025,292,302,288,72,19,NA,63.33,9.87,0.88,NA,NA,NA,NA,NA,Hunter,Long,LAR,TE,25,-1
TE,19.85,9.687362902255702,0.15500000000000114,13.685000000000002,26.015000000000004,-61.04000000000001,-60.908,-58.53100000000002,293,295,293,73,19,NA,81.5,9.86,0.85,NA,NA,NA,NA,NA,Jack,Stoll,PHI,TE,25,-1
TE,19.695,6.7952961672027214,0.23499999999999943,15.370500000000002,24.0195,-61.195000000000014,-59.222500000000004,-60.52650000000002,294,285,305,74,19,NA,NA,NA,0.7,NA,NA,NA,NA,NA,Blake,Bell,KCC,TE,32,5
TE,19.46,11.653119753954304,0.14999999999999858,12.044000000000002,26.876,-61.430000000000014,-62.549,-57.670000000000016,296,308,287,75,19,NA,78.75,4.02,0.74,NA,NA,NA,NA,NA,Ross,Dwelley,SFO,TE,28,2
TE,19.310000000000002,4.256782822743015,0.4750000000000014,16.601,22.019000000000002,-61.58000000000001,-57.992000000000004,-62.527000000000015,297,275,316,76,19,327.27,42.71,8.71,0.54,NA,NA,NA,0.43200000000000005,NA,Albert,Okwuegbunam,DEN,TE,25,0
TE,18.835,4.009295449327726,0.021666666666668277,16.2835,21.3865,-62.055000000000014,-58.3095,-63.15950000000002,299,277,319,77,19,NA,82.29,11.62,0.68,NA,NA,NA,NA,NA,Charlie,Kolar,BAL,TE,24,-2
TE,18.813333333333333,4.057897649440328,0.5499999999999972,15.634,22.744,-62.07666666666668,-58.959,-61.80200000000002,300,282,311,78,19,313.77,38.05,4.36,0.3,NA,NA,NA,1.3920000000000001,NA,Daniel,Bellinger,NYG,TE,23,-2
TE,18.263333333333335,6.845877104749495,0.0400000000000027,13.271,24.98,-62.62666666666668,-61.322,-59.56600000000002,301,299,299,79,19,NA,85.6,22.81,0.95,NA,NA,NA,NA,NA,Ko,Kieft,TBB,TE,25,-2
TE,18.223333333333333,4.3946141279221935,0.8633333333333333,14.813,22.490000000000002,-62.666666666666686,-59.78,-62.05600000000002,302,289,312,80,19,NA,88.4,10.67,0.66,NA,NA,NA,NA,NA,Connor,Heyward,PIT,TE,24,-2
TE,17.36,4.723473298326137,0.00999999999999801,14.354,20.366,-63.530000000000015,-60.239000000000004,-64.18000000000002,304,294,323,81,19,NA,92,7.18,0.51,NA,NA,NA,NA,NA,Payne,Durham,TBB,TE,23,-3
TE,17.35,2.899137802864843,0.45000000000000284,15.505,19.194999999999997,-63.54000000000001,-59.088,-65.35100000000003,305,283,327,82,19,NA,NA,NA,0.21,NA,NA,NA,NA,NA,Lawrence,Cager,NYG,TE,26,0
TE,16.9,0,0.03500000000000014,16.9,16.9,-63.990000000000016,-57.693000000000005,-67.646000000000015,308,271,335,83,19,NA,NA,NA,0.01,NA,NA,NA,NA,NA,Miller,Forristall,CLE,TE,25,-1
TE,16.865,7.544829355260462,0.14499999999999602,12.0635,21.6665,-64.02500000000002,-62.529500000000006,-62.87950000000002,309,307,318,84,19,351,NA,NA,0.77,NA,NA,NA,NA,NA,Tyler,Kroft,MIA,TE,31,5
TE,16.720000000000002,2.80014285349873,0.0400000000000027,14.938,18.502000000000002,-64.17000000000002,-59.655,-66.04400000000001,310,287,328,85,19,349,63.63,6.52,0.36,NA,NA,NA,NA,NA,James,Mitchell,DET,TE,24,-2
TE,16.68,NA,0.134999999999998,16.68,16.68,-64.21000000000001,-57.913000000000004,-67.86600000000001,311,274,338,86,19,NA,100,2.16,0.05,NA,NA,NA,NA,NA,Geoff,Swaim,ARI,TE,30,5
TE,16.545,0.5020458146424469,0.09500000000000242,16.2255,16.864499999999996,-64.34500000000001,-58.36750000000001,-67.68150000000003,312,278,336,87,19,NA,95,9.75,0.39,NA,NA,NA,2.9760000000000004,NA,Cameron,Latu,SFO,TE,23,-3
TE,16.45,0.7778174593052021,0.10999999999999943,15.955000000000002,16.945,-64.44000000000001,-58.638000000000005,-67.60100000000003,313,280,334,88,19,NA,71.33,3.9,0.07,NA,NA,NA,NA,NA,Tre',McKitty,LAC,TE,24,-1
TE,16.34,5.883128419472076,0.46999999999999886,12.596,20.084,-64.55000000000001,-61.997,-64.46200000000002,314,304,325,89,19,NA,97.33,13.77,0.83,NA,NA,NA,NA,NA,Marcedes,Lewis,CHI,TE,39,14
TE,15.870000000000001,3.4365389565666207,0.28500000000000014,13.683000000000002,18.057000000000002,-65.02000000000001,-60.910000000000004,-66.48900000000002,315,296,331,90,19,375,65.63,13.35,0.72,NA,NA,NA,1.5360000000000003,NA,Zack,Kuntz,NYJ,TE,24,-3
TE,15.585,3.556747109368335,0.5199999999999996,13.3215,17.8485,-65.305,-61.2715,-66.69750000000002,316,298,332,91,20,355.29,59.07,14.01,0.74,NA,NA,NA,NA,NA,Jeremy,Ruckert,NYJ,TE,23,-2
TE,15.065000000000001,0.7566042558696073,0.26500000000000057,14.583499999999999,15.546500000000002,-65.82500000000002,-60.0095,-68.99950000000001,319,292,346,92,20,NA,89.2,8.98,0.35,NA,NA,NA,NA,NA,Josh,Whyle,TEN,TE,24,-3
TE,14.8,0,0.3000000000000007,14.8,14.8,-66.09000000000002,-59.793000000000006,-69.74600000000002,321,290,353,93,20,NA,NA,NA,0.01,NA,NA,NA,NA,NA,Andrew,Ogletree,IND,TE,25,-2
TE,14.5,3.5355339059327378,0.3200000000000003,12.25,16.75,-66.39000000000001,-62.343,-67.79600000000002,323,305,337,94,20,NA,NA,NA,0.29,NA,NA,NA,NA,NA,Stone,Smartt,LAC,TE,25,-2
TE,14.18,3.1395541084682708,0.030000000000001137,12.181999999999999,16.177999999999997,-66.71000000000001,-62.411,-68.36800000000002,324,306,343,95,20,NA,92.25,8.2,0.47,NA,NA,NA,NA,NA,Zach,Gentry,PIT,TE,27,1
TE,14.149999999999999,3.8890872965260113,0.3299999999999983,11.674999999999999,16.624999999999996,-66.74000000000001,-62.918000000000006,-67.92100000000002,325,311,340,96,20,NA,NA,NA,0.36,NA,NA,NA,NA,NA,Brayden,Willis,SFO,TE,24,-3
TE,13.82,6.052834046956847,0.10500000000000043,9.968000000000002,17.672,-67.07000000000002,-64.625,-66.87400000000002,328,323,333,97,20,NA,99.4,15.08,0.86,NA,NA,NA,NA,NA,Luke,Farrell,JAC,TE,26,-1
TE,13.715,4.080006127446381,0.1750000000000007,11.1185,16.311500000000002,-67.17500000000001,-63.474500000000006,-68.23450000000003,329,317,342,98,20,NA,79.4,10.98,0.66,NA,NA,NA,NA,NA,Drew,Sample,CIN,TE,27,1
TE,13.54,4.893178925810909,0.129999999999999,10.426,16.654,-67.35000000000002,-64.167,-67.89200000000002,330,322,339,99,20,NA,137,9.22,0.62,NA,NA,NA,NA,NA,Reggie,Gilliam,BUF,RB,26,0
TE,13.41,3.804234482783626,0.4250000000000007,10.989,15.831,-67.48000000000002,-63.604,-68.71500000000002,331,320,344,100,20,NA,78.6,14.32,0.77,NA,NA,NA,NA,NA,Jesper,Horsted,LVR,TE,26,1
TE,12.985,11.193500346183045,0.0799999999999983,5.861500000000001,20.108499999999996,-67.90500000000002,-68.7315,-64.43750000000003,332,347,324,101,20,NA,96.67,19.01,0.97,NA,NA,NA,NA,NA,Trevon,Wesco,TEN,TE,28,1
TE,12.905000000000001,2.679934700697016,0.28000000000000114,11.199499999999999,14.610500000000002,-67.98500000000001,-63.3935,-69.93550000000002,333,316,354,102,20,NA,84.6,7.74,0.43,NA,NA,NA,NA,NA,Will,Mallory,IND,TE,24,-3
TE,12.625,4.348706704297268,0.29499999999999993,9.8575,15.392500000000002,-68.26500000000001,-64.7355,-69.15350000000002,335,325,348,103,20,NA,NA,NA,0.44,NA,NA,NA,NA,NA,Curtis,Hodges,WAS,TE,24,-2
TE,12.33,4.341635636485402,0.24499999999999922,9.567,15.093,-68.56000000000002,-65.02600000000001,-69.45300000000002,339,327,351,104,20,NA,84.4,5.39,0.42,NA,NA,NA,NA,NA,Chris,Manhertz,DEN,TE,31,4
TE,12.085,5.395224740453357,0.40500000000000114,8.6515,15.518500000000001,-68.805,-65.9415,-69.02750000000002,340,334,347,105,20,NA,95,13.36,0.81,NA,NA,NA,NA,NA,Devin,Asiasi,CIN,TE,26,0
TE,11.68,NA,0.6199999999999992,11.68,11.68,-69.21000000000001,-62.913000000000004,-72.86600000000001,341,310,359,106,20,330.1,51.21,11.85,0.87,NA,NA,NA,NA,NA,Cole,Turner,WAS,TE,23,-2
TE,11.06,NA,0.46000000000000085,11.06,11.06,-69.83000000000001,-63.533,-73.48600000000002,342,318,362,107,21,NA,98.5,9.71,0.76,NA,NA,NA,NA,NA,Tanner,Hudson,CIN,TE,29,2
TE,10.6,NA,0.6699999999999999,10.6,10.6,-70.29000000000002,-63.993,-73.94600000000003,345,321,363,108,21,NA,87,16.17,0.96,NA,NA,NA,NA,NA,Kendall,Blanton,KCC,TE,28,1
TE,9.93,NA,0.5599999999999987,9.93,9.93,-70.96000000000001,-64.66300000000001,-74.61600000000001,346,324,364,109,21,NA,83.2,12.42,0.89,NA,NA,NA,NA,NA,Quintin,Morris,BUF,TE,24,-1
TE,9.370000000000001,NA,0.11000000000000121,9.370000000000001,9.370000000000001,-71.52000000000001,-65.223,-75.17600000000002,349,328,366,110,21,NA,82.5,5.12,0.34,NA,NA,NA,NA,NA,Johnny,Mundt,MIN,TE,29,3
TE,9.26,NA,0.17999999999999972,9.26,9.26,-71.63000000000001,-65.333,-75.28600000000002,350,329,368,111,21,NA,102,12.73,0.9,NA,NA,NA,NA,NA,Armani,Rogers,WAS,TE,26,-2
TE,9.08,NA,0.08999999999999808,9.08,9.08,-71.81000000000002,-65.513,-75.46600000000002,352,330,369,112,21,NA,82,9.87,0.79,NA,NA,NA,NA,NA,Giovanni,Ricci,CAR,TE,27,0
TE,8.990000000000002,NA,0.1700000000000017,8.990000000000002,8.990000000000002,-71.9,-65.60300000000001,-75.55600000000001,353,331,370,113,21,NA,95.67,3.4,0.13,NA,NA,NA,NA,NA,Andrew,Beck,HOU,RB,27,1
TE,8.82,NA,0.120000000000001,8.82,8.82,-72.07000000000002,-65.773,-75.72600000000003,354,332,371,114,21,NA,89.33,7.93,0.62,NA,NA,NA,NA,NA,Mitchell,Wilcox,CIN,TE,27,0
TE,8.7,NA,0.1999999999999993,8.7,8.7,-72.19000000000001,-65.893,-75.84600000000002,355,333,372,115,21,NA,84.75,2.86,0.09,NA,NA,NA,NA,NA,Shane,Zylstra,DET,TE,27,-1
TE,8.5,NA,0.6999999999999993,8.5,8.5,-72.39000000000001,-66.093,-76.04600000000002,356,335,375,116,21,NA,77.4,10.44,0.82,NA,NA,NA,NA,NA,Grant,Calcaterra,PHI,TE,25,-2
TE,7.800000000000001,NA,0.16999999999999993,7.800000000000001,7.800000000000001,-73.09000000000002,-66.793,-76.74600000000002,358,336,377,117,21,NA,NA,NA,NA,NA,NA,NA,NA,NA,Anthony,Firkser,NEP,TE,28,2
TE,7.630000000000001,NA,0.1900000000000004,7.630000000000001,7.630000000000001,-73.26000000000002,-66.96300000000001,-76.91600000000003,359,337,379,118,21,NA,88.33,15.33,0.95,NA,NA,NA,NA,NA,MyCole,Pruitt,ATL,TE,31,5
TE,7.44,NA,0.29000000000000004,7.44,7.44,-73.45000000000002,-67.153,-77.10600000000002,360,338,382,119,21,NA,NA,NA,NA,NA,NA,NA,NA,NA,Eric,Tomlinson,HOU,TE,31,5
TE,7.15,NA,0.6899999999999995,7.15,7.15,-73.74000000000001,-67.443,-77.396000000000015,361,339,383,120,21,NA,96.75,7.66,0.6,NA,NA,NA,NA,NA,Tommy,Sweeney,NYG,TE,28,1
TE,6.460000000000001,NA,0.35000000000000053,6.460000000000001,6.460000000000001,-74.43,-68.13300000000001,-78.08600000000001,363,345,384,121,21,NA,96,24.59,0.99,NA,NA,NA,NA,NA,Kevin,Rader,TEN,TE,28,2
TE,6.11,NA,0.4800000000000004,6.11,6.11,-74.78000000000002,-68.483,-78.43600000000002,366,346,386,122,22,NA,90.5,5.5,0.4,NA,NA,NA,NA,NA,Parker,Hesse,ATL,TE,28,1
TE,5.63,NA,0.04999999999999982,5.63,5.63,-75.26000000000002,-68.96300000000001,-78.91600000000003,371,349,388,123,22,NA,NA,NA,NA,NA,NA,NA,NA,NA,Dominique,Dafney,TBB,TE,26,0
TE,5.58,NA,0.23000000000000043,5.58,5.58,-75.31000000000002,-69.013,-78.96600000000002,372,350,389,124,22,NA,213,5,0.32,NA,NA,NA,NA,NA,Tanner,Conner,MIA,TE,25,-2
TE,5.35,NA,0.13999999999999968,5.35,5.35,-75.54000000000002,-69.24300000000001,-79.19600000000003,373,351,392,125,22,NA,102.75,21.72,0.99,NA,NA,NA,NA,NA,Jacob,Hollister,LVR,TE,30,3
TE,5.21,NA,0.20999999999999996,5.21,5.21,-75.68000000000002,-69.38300000000001,-79.33600000000003,374,352,394,126,22,NA,96.33,1.25,0.02,NA,NA,NA,NA,NA,Chris,Myarick,NYG,TE,28,1
TE,5,NA,0.27999999999999936,5,5,-75.89000000000001,-69.593,-79.54600000000002,376,355,395,127,22,NA,92.5,16.5,0.97,NA,NA,NA,NA,NA,Charlie,Woerner,SFO,TE,26,0
TE,4.720000000000001,NA,0.009999999999999787,4.720000000000001,4.720000000000001,-76.17000000000002,-69.873,-79.82600000000002,378,356,396,128,22,NA,111.5,6.5,0.49,NA,NA,NA,NA,NA,Mason,Schreck,HOU,TE,30,3
TE,4.710000000000001,NA,0.2500000000000009,4.710000000000001,4.710000000000001,-76.18,-69.88300000000001,-79.83600000000001,379,357,397,129,22,NA,NA,NA,NA,NA,NA,NA,NA,NA,Dalton,Keene,HOU,TE,24,0
TE,4.46,NA,0.05999999999999961,4.46,4.46,-76.43000000000002,-70.13300000000001,-80.08600000000003,380,358,398,130,22,NA,100.6,7.79,0.61,NA,NA,NA,NA,NA,Pharaoh,Brown,IND,TE,29,3
TE,4.4,NA,0.15000000000000036,4.4,4.4,-76.49000000000001,-70.193,-80.146000000000015,381,359,399,131,22,NA,NA,NA,NA,NA,NA,NA,NA,NA,Noah,Togiai,ARI,TE,26,0
TE,4.25,NA,0.10999999999999943,4.25,4.25,-76.64000000000001,-70.343,-80.29600000000002,383,360,400,132,22,NA,107.67,11.09,0.85,NA,NA,NA,NA,NA,Sean,McKeon,DAL,TE,26,0
TE,4.140000000000001,NA,0.22000000000000064,4.140000000000001,4.140000000000001,-76.75000000000001,-70.453,-80.40600000000002,384,361,402,133,22,NA,80,1,0.01,NA,NA,NA,NA,NA,Feleipe,Franks,ATL,TE,26,-1
TE,3.92,NA,0.13999999999999968,3.92,3.92,-76.97000000000001,-70.673,-80.62600000000002,386,362,404,134,22,NA,NA,NA,NA,NA,NA,NA,NA,NA,Tyler,Davis,GBP,TE,26,0
TE,3.7800000000000002,NA,1.1799999999999997,3.7800000000000002,3.7800000000000002,-77.11000000000001,-70.813,-80.76600000000002,387,363,405,135,22,NA,NA,NA,NA,NA,NA,NA,NA,NA,Jake,Tonges,CHI,TE,24,-2
TE,2.6000000000000005,NA,0.10000000000000053,2.6000000000000005,2.6000000000000005,-78.29000000000002,-71.99300000000001,-81.94600000000003,393,369,411,136,22,NA,NA,NA,NA,NA,NA,NA,NA,NA,Tyree,Jackson,PHI,TE,26,1
TE,2.5,NA,0.8599999999999999,2.5,2.5,-78.39000000000001,-72.093,-82.04600000000002,394,370,412,137,22,NA,NA,NA,NA,NA,NA,NA,NA,NA,Nick,Vannett,HOU,TE,30,4
TE,1.6400000000000001,NA,1.4400000000000002,1.6400000000000001,1.6400000000000001,-79.25000000000001,-72.953,-82.90600000000002,398,373,413,138,23,NA,NA,NA,NA,NA,NA,NA,NA,NA,Sammis,Reyes,JAC,TE,28,-1
TE,0.2,NA,0,0.2,0.2,-80.69000000000001,-74.393,-84.34600000000002,401,376,416,139,23,NA,NA,NA,NA,NA,NA,NA,NA,NA,NA,NA,NA,NA,NA,NA
DST,127.1,14.756354563373707,1.1666666666666572,117.8,141.64999999999998,6.23333333333332,3.1899999999999835,9,79,86,76,1,1,167.6,2.58,1.45,0.54,114.0375,22.346955469369874,-35.037499999999994,2.575,0.07499999999999996,Dallas,Cowboys,DAL,DST,NA,50
DST,125.93333333333334,12.549634788842784,5.066666666666663,117.04,138.28,5.066666666666663,2.4299999999999926,5.630000000000024,81,91,80,2,2,175.16,3.64,1.56,0.45,108.7475,22.57765640517191,-27.747500000000002,2.81,0.31000000000000005,Philadelphia,Eagles,PHI,DST,NA,50
DST,120.86666666666667,10.767698608956948,1.4000000000000057,114.61000000000001,131.44,0,0,-1.2099999999999795,96,96,102,3,3,187.3,5.85,1.86,0.44,133.805,13.73843058722502,-37.80500000000001,1.745,0.545,New England,Patriots,NEP,DST,NA,50
DST,119.46666666666667,13.400124377532215,0.9333333333333371,109.97000000000001,132.64999999999998,-1.4000000000000057,-4.640000000000001,0,99,109,96,4,4,233.46,15.45,3.01,0.91,171.56333333333333,20.319436234524044,-72.56333333333333,NA,NA,Washington,Commanders,WAS,DST,NA,50
DST,118.53333333333333,12.39287429668086,0.3333333333333286,110.05,130.75,-2.333333333333343,-4.5600000000000165,-1.8999999999999773,102,108,108,5,4,236.67,15.26,2.52,0.75,174.75,24.419999999999987,-72.75,1,NA,Cleveland,Browns,CLE,DST,NA,50
DST,118.2,8.839117603018979,0.4333333333333371,109.68,125.25,-2.6666666666666714,-4.930000000000007,-7.399999999999977,103,110,119,6,5,208.3,10.4,2.29,0.46,160.69333333333333,16.081594724681043,-57.69333333333333,1.13,NA,Kansas City,Chiefs,KCC,DST,NA,50
DST,117.76666666666667,14.279122288618906,0.4333333333333371,104.38,129.94,-3.1000000000000085,-10.230000000000018,-2.7099999999999795,104,131,110,7,5,194.29,7.51,1.61,0.56,143.52,18.334846604212427,-39.52000000000001,1.275,0.07500000000000007,Baltimore,Ravens,BAL,DST,NA,50
DST,117.33333333333333,13.742027992015341,0.09999999999999432,108.21000000000001,130.89,-3.5333333333333456,-6.400000000000006,-1.759999999999991,108,116,107,8,5,214.24,11.09,2.53,0.85,160.78666666666666,29.875990732061464,-52.78666666666666,1.11,NA,Pittsburgh,Steelers,PIT,DST,NA,50
DST,117.23333333333333,5.695904961753954,0.5666666666666771,112.44,122.61,-3.63333333333334,-2.170000000000016,-10.039999999999978,109,102,127,9,6,263.51,19.32,2.22,0.24,211.19,NA,-102.19,NA,NA,Indianapolis,Colts,IND,DST,NA,50
DST,116.66666666666666,11.600574698407542,0.03333333333333144,106.17999999999999,127.05999999999999,-4.200000000000017,-8.430000000000021,-5.589999999999989,110,120,117,10,6,293.23,22,4.04,0.99,180.315,21.715000000000003,-70.315,NA,NA,Seattle,Seahawks,SEA,DST,NA,50
DST,116.63333333333333,11.281105146807791,0.8999999999999915,105.62,125.14999999999999,-4.2333333333333485,-8.990000000000009,-7.499999999999986,111,124,120,11,7,307.83,24.75,2.48,0.66,183.77,22.97,-72.77000000000001,NA,NA,Detroit,Lions,DET,DST,NA,50
DST,115.73333333333333,12.789188142072714,0.06666666666666288,108.23,128.3,-5.13333333333334,-6.38000000000001,-4.349999999999966,112,115,114,12,7,212.14,11.15,2.52,0.8,167.11333333333332,14.256940609946982,-55.113333333333316,1.17,NA,New Orleans,Saints,NOS,DST,NA,50
DST,115.66666666666667,8.902995750495084,0.3333333333333428,109.39999999999999,124.43,-5.200000000000003,-5.210000000000022,-8.21999999999997,114,112,122,13,7,159.07,1.47,0.9,0.11,100.3475,19.698826583073416,13.652500000000003,3.855,0.44499999999999984,San Francisco,49ers,SFO,DST,NA,50
DST,115.33333333333333,10.059986746180797,0.5999999999999943,105.89,123.89,-5.533333333333346,-8.720000000000013,-8.759999999999977,115,123,124,14,8,241.82,16.96,2.54,0.62,181.535,25.835000000000008,-66.535,NA,NA,Los Angeles,Chargers,LAC,DST,NA,50
DST,114.73333333333333,10.551935051607048,0.2666666666666657,105.32,124.31,-6.13333333333334,-9.29000000000002,-8.339999999999975,116,126,123,15,8,307.9,28.77,2.93,0.78,NA,NA,NA,NA,NA,Houston,Texans,HOU,DST,NA,50
DST,114.46666666666667,12.853533885019061,1.9666666666666686,102.10000000000001,124.77999999999999,-6.400000000000006,-12.510000000000005,-7.86999999999999,118,139,121,16,9,259.25,18.83,3.58,0.98,166.05,4.6499999999999915,-48.05000000000001,1.31,NA,Jacksonville,Jaguars,JAC,DST,NA,50
DST,112.5,8.49646985518103,0.09999999999999432,107.28,120.87,-8.366666666666674,-7.3300000000000125,-11.779999999999973,123,117,131,17,9,221.67,13.11,3.54,0.82,158.03,27.99166125831048,-35.03,1.2,0.19999999999999996,Miami,Dolphins,MIA,DST,NA,50
DST,112.4,6.300000000000004,0.03333333333334565,106.72999999999999,118.07000000000001,-8.466666666666669,-7.880000000000024,-14.57999999999997,124,118,137,18,9,173.31,3.75,1.53,0.12,127.965,24.03227049198639,-3.9650000000000034,1.9900000000000002,0.19000000000000006,Buffalo,Bills,BUF,DST,NA,50
DST,112.36666666666666,7.94627795469887,0.2666666666666657,104.54,117.23,-8.500000000000014,-10.070000000000007,-15.419999999999973,125,130,139,19,9,227.74,14.92,4.53,0.97,180.95,27.64999999999999,-55.94999999999999,NA,NA,Tampa Bay,Buccaneers,TBB,DST,NA,50
DST,112.1,11.096395811253311,1.7999999999999972,101.17,118.9,-8.76666666666668,-13.440000000000012,-13.749999999999972,126,140,135,20,10,295.98,22.64,2.84,0.79,210.16,NA,-84.16,NA,NA,New York,Giants,NYG,DST,NA,50
DST,110.3,10.54324428247776,0.09999999999999432,100.23999999999998,118.95999999999998,-10.566666666666677,-14.370000000000033,-13.689999999999998,129,146,134,21,10,219.95,12.81,2.84,0.73,181.99666666666667,17.69681766746653,-52.99666666666667,1,NA,Cincinnati,Bengals,CIN,DST,NA,50
DST,110.2,6.894200461257269,0.86666666666666,105.57000000000001,116.99999999999999,-10.666666666666671,-9.040000000000006,-15.649999999999991,130,125,141,22,11,247.98,17.53,3.17,0.63,185.44,18.11,-55.44,NA,NA,Green Bay,Packers,GBP,DST,NA,50
DST,109.33333333333334,5.918051481132399,0.5000000000000142,103.52,112.79,-11.533333333333331,-11.090000000000018,-19.85999999999997,134,134,167,23,12,277.76,22.32,4.12,0.86,NA,NA,NA,NA,NA,Los Angeles,Rams,LAR,DST,NA,50
DST,108.83333333333333,3.906831623366093,0.5333333333333314,105.1,112.03,-12.033333333333346,-9.51000000000002,-20.619999999999976,137,127,173,24,12,323.05,27.31,1.5,0.04,207.83,NA,-70.83000000000001,NA,NA,Minnesota,Vikings,MIN,DST,NA,50
DST,108.3,7.977468270071653,0.5333333333333314,100.48,114.16,-12.566666666666677,-14.13000000000001,-18.48999999999998,138,144,156,25,13,199.25,9.19,4.22,0.92,157.565,26.175370579993704,-19.564999999999998,1.215,0.11499999999999999,Denver,Broncos,DEN,DST,NA,50
DST,107.76666666666667,6.507175526550163,1.6666666666666572,103.29,114.18,-13.100000000000009,-11.320000000000007,-18.46999999999997,139,135,155,26,14,187.77,5.43,1.76,0.16,135.46666666666667,40.808849802735466,3.5333333333333314,1.6,0.20000000000000007,New York,Jets,NYJ,DST,NA,50
DST,106.10000000000001,6.255397669213365,1.4210854715202004e-14,100.58,111.83,-14.766666666666666,-14.030000000000015,-20.81999999999998,144,142,175,27,14,303.23,23.83,2.72,0.43,NA,NA,NA,NA,NA,Tennessee,Titans,TEN,DST,NA,50
DST,106.1,9.402659198333204,1.36666666666666,98.74000000000001,115.21000000000001,-14.76666666666668,-15.870000000000005,-17.43999999999997,145,152,152,28,15,303,28.76,1.82,0.35,NA,NA,NA,NA,NA,Arizona,Cardinals,ARI,DST,NA,50
DST,104.73333333333333,9.91581228812513,0.9333333333333371,96.97,114.34,-16.13333333333334,-17.640000000000015,-18.309999999999974,148,158,153,29,16,311.29,28.57,2.8,0.69,NA,NA,NA,NA,NA,Atlanta,Falcons,ATL,DST,NA,50
DST,103.8,3.6496575181789264,2.8999999999999915,100.20000000000002,106.14000000000001,-17.066666666666677,-14.409999999999997,-26.509999999999962,150,147,189,30,17,285.17,21.58,3.07,0.4,209.28,NA,-59.28,NA,NA,Carolina,Panthers,CAR,DST,NA,50
DST,100.9,8.970507232035436,3.3000000000000114,93.09,109.2,-19.96666666666667,-21.52000000000001,-23.449999999999974,159,166,181,31,18,326.1,29.11,2.02,0.38,211.36,NA,-52.360000000000014,NA,NA,Chicago,Bears,CHI,DST,NA,50
DST,97.6,13.076696830622016,0,88.9,110.5,-23.26666666666668,-25.710000000000008,-22.149999999999977,172,180,177,32,18,308.33,30.94,1.59,0.49,NA,NA,NA,NA,NA,Las Vegas,Raiders,LVR,DST,NA,50
