avg_type,id,pos,points,sd_pts,dropoff,floor,ceiling,points_vor,floor_vor,ceiling_vor,rank,floor_rank,ceiling_rank,pos_rank,tier,overall_ecr,pos_ecr,sd_ecr,uncertainty,adp,adp_sd,adp_diff,aav,aav_sd,first_name,last_name,team,position,age,exp
average,13116,QB,355.43666666666667,12.525623071661261,11.846000000000004,343.179,364.75199999999995,93.45933333333335,99.86399999999995,78.24539999999996,4,4,7,1,1,26.15,1.75,0.9,0.03,15.855,4.188761750207333,-11.855,41.394666666666666,8.326462447455638,Patrick,Mahomes,KCC,QB,28,3
average,14783,QB,343.59066666666666,36.43761904040018,2.640666666666675,308.0612,371.2862,81.61333333333334,64.74619999999996,84.77960000000002,9,17,3,2,1,27.37,2.36,0.93,0.3,22.291666666666668,3.977195061290752,-13.291666666666668,35.886,5.132852877948745,Jalen,Hurts,PHI,QB,25,0
average,13589,QB,340.95,16.95379898429848,31.103999999999985,324.235,352.513,78.97266666666667,80.91999999999999,66.00639999999999,10,8,13,3,2,27.22,2.19,0.9,0.04,19.905,3.4689467661909528,-9.905000000000001,36.45266666666667,7.76959035099163,Josh,Allen,BUF,QB,27,2
average,13593,QB,309.846,14.629000922824488,12.045999999999992,296.682,323.0142,47.868666666666684,53.36699999999999,36.507600000000025,30,25,30,4,3,38.84,4.57,1.27,0.05,38.79666666666667,7.677396838917618,-8.796666666666667,29.647333333333336,10.684494726263642,Lamar,Jackson,BAL,QB,26,2
average,5848,QB,297.8,NA,0.38400000000001455,297.8,297.8,35.82266666666669,54.484999999999985,11.29340000000002,34,24,70,5,3,NA,NA,NA,NA,NA,NA,NA,NA,NA,Tom,Brady,TBB,QB,46,20
average,14777,QB,297.416,19.054296838246227,2.3899999999999864,281.633,315.5342,35.43866666666668,38.317999999999955,29.027600000000007,36,36,40,6,3,42.62,5.53,1.12,0.09,37.513333333333335,6.432639858996892,-1.5133333333333354,26.07,7.995027621382348,Joe,Burrow,CIN,QB,27,0
average,14779,QB,295.026,13.831395735788895,17.675333333333356,282.9078,307.7658,33.04866666666669,39.59279999999998,21.25920000000002,41,35,54,7,4,45.78,6.12,1.18,0.03,47.303333333333335,10.476259934834673,-6.303333333333335,23.880000000000003,11.620166378613806,Justin,Herbert,LAC,QB,25,0
average,7836,QB,277.35066666666665,14.448604823073186,3.0033333333333303,266.33079999999995,291.43,15.373333333333335,23.015799999999928,4.923400000000015,67,57,86,8,4,117.31,15.08,2.67,0.23,98.97833333333334,15.350263208022055,-31.97833333333334,13.068,8.321062111693836,Aaron,Rodgers,NYJ,QB,40,15
average,10703,QB,274.3473333333333,16.059024918510282,1.4413333333333185,259.8828,288.78900000000004,12.370000000000005,16.56779999999995,2.2824000000000524,69,65,91,9,4,131.4,16.79,2.33,0.2,128.05,11.745234494608159,-59.05000000000001,10.236666666666668,6.896425805363886,Russell,Wilson,DEN,QB,35,8
average,15238,QB,272.906,30.249217312188424,2.1573333333333267,243.31500000000003,295.4592,10.928666666666686,0,8.952600000000018,72,96,76,10,4,46.31,5.97,1.39,0.27,49.755,8.874483553048782,22.244999999999997,22.699333333333335,8.523149704709457,Justin,Fields,CHI,QB,24,-1
average,12620,QB,270.7486666666667,17.32983512135453,1.071333333333314,255.32160000000005,286.5066,8.77133333333336,12.00660000000002,0,75,73,96,11,4,88.42,10.88,2.1,0.19,84.38666666666667,11.465292068770959,-9.38666666666667,16.318,9.719055235292508,Dak,Prescott,DAL,QB,30,4
average,10700,QB,269.67733333333337,10.665785546940887,7.7000000000000455,259.32120000000003,277.95120000000003,7.7000000000000455,16.006200000000007,-8.555399999999963,78,67,125,12,5,99.06,12.97,1.97,0.09,101.15666666666667,17.50055300713539,-23.156666666666666,14.342000000000002,9.341928851509559,Kirk,Cousins,MIN,QB,35,8
average,14059,QB,261.9773333333333,21.30658868362867,7.201333333333309,240.9692,275.3942,0,-2.3458000000000254,-11.11239999999998,96,103,139,13,5,96.95,12.52,2.51,0.3,114.06666666666666,15.440660247829076,-18.066666666666663,11.944666666666668,7.658984498976061,Daniel,Jones,NYG,QB,26,1
average,15237,QB,254.776,20.551065373843766,5.056000000000012,234.644,269.9492,-7.201333333333309,-8.67100000000002,-16.557399999999973,117,127,156,14,6,60.76,8.17,0.81,0.06,58.17666666666667,9.685196034269119,58.82333333333333,21.074,10.51375949252534,Trevor,Lawrence,JAC,QB,24,-1
average,12610,QB,249.72,NA,2.630666666666656,249.72,249.72,-12.257333333333321,6.404999999999973,-36.78659999999999,140,83,225,15,6,348.33,49.82,7,0.84,NA,NA,NA,NA,NA,Carson,Wentz,FA,QB,31,4
average,12611,QB,247.08933333333334,27.930724325253948,2.8513333333333435,220.6788,270.5118,-14.887999999999977,-22.63620000000003,-15.994799999999998,153,190,153,16,6,126.59,16.13,1.92,0.34,116.485,12.787488351249175,36.515,11.523333333333333,7.233562208360568,Jared,Goff,DET,QB,29,4
average,16152,QB,244.238,12.674181945987684,1.3533333333333246,236.17220000000003,252.3038,-17.73933333333332,-7.142799999999994,-34.202799999999996,164,119,216,17,6,125.77,15.87,3.9,0.4,111.28999999999999,30.772198491495534,52.71000000000001,25.46333333333334,27.172550283123762,Anthony,Richardson,IND,QB,21,-3
average,14778,QB,242.88466666666667,18.43290713190227,2.710000000000008,224.7394,255.84340000000003,-19.092666666666645,-18.575600000000037,-30.66319999999996,170,172,199,18,6,92.66,11.97,2.29,0.24,90.055,12.954049238236923,79.945,13.425333333333334,7.748947684829357,Tua,Tagovailoa,MIA,QB,25,0
average,14056,QB,240.17466666666667,56.10215205616744,2.034666666666652,196.5606,294.621,-21.802666666666653,-46.75440000000003,8.11439999999999,176,256,80,19,7,201.21,24.87,5.03,0.79,147.124,20.777450854231365,28.876000000000005,10.278000000000002,5.298000000000001,Kyler,Murray,ARI,QB,26,1
average,9099,QB,238.14000000000001,NA,7.195999999999998,238.14000000000001,238.14000000000001,-23.837333333333305,-5.175000000000011,-48.36659999999998,182,112,253,20,7,NA,52,4.42,0.61,NA,NA,NA,NA,NA,Matt,Ryan,FA,QB,38,12
average,13113,QB,230.94400000000002,108.650381904529,0.9446666666666772,123.93720000000002,297.3312,-31.033333333333303,-119.37780000000001,10.824600000000032,203,644,71,21,7,84.2,10.56,2.5,0.88,79.43833333333333,14.540222850959182,123.56166666666667,14.904666666666667,8.51951740938939,Deshaun,Watson,CLE,QB,28,3
average,11644,QB,229.99933333333334,17.407490380101716,2.6623333333333505,215.9258,246.7058,-31.97799999999998,-27.389200000000017,-39.80079999999998,208,204,236,22,7,157.45,20.64,2.34,0.22,140.91666666666666,16.736358292319416,67.08333333333334,9.424000000000001,6.316136371759771,Derek,Carr,NOS,QB,32,6
average,15698,QB,227.337,12.590743345807674,2.7796666666666567,219.3243,235.3497,-34.64033333333333,-23.990700000000032,-51.15689999999998,220,193,260,23,8,195.77,23.92,4.55,0.48,146.01666666666665,22.601832275774065,73.98333333333335,10.995333333333335,8.717208472645103,Brock,Purdy,SFO,QB,24,-2
average,9431,QB,224.55733333333333,38.02038113082683,7.946333333333314,191.47920000000002,259.7532,-37.41999999999999,-51.835800000000006,-26.7534,235,275,188,24,8,156.71,20.47,2.15,0.54,143.57166666666666,18.03700678851369,91.42833333333334,7.290000000000001,4.699368751935379,Matthew,Stafford,LAR,QB,35,11
average,16148,QB,216.61100000000002,7.508059802638758,0.4523333333333426,211.83290000000002,221.3891,-45.3663333333333,-31.482100000000003,-65.11749999999998,252,208,316,25,8,190.4,24.66,2.75,0.15,130.31,46.30446976264818,121.69,26.805000000000003,20.115000000000006,Bryce,Young,CAR,QB,22,-3
average,11150,QB,216.15866666666668,75.6094003767609,11.01400000000001,141.61100000000002,267.6614,-45.818666666666644,-101.70400000000001,-18.845199999999977,254,632,163,26,9,103.64,13.61,2.29,0.76,116.59333333333333,20.07946020744139,137.40666666666667,12.434666666666669,7.848053913055276,Geno,Smith,SEA,QB,33,7
average,10697,QB,205.14466666666667,25.03125456970412,0.7686666666666326,186.9964,229.7194,-56.832666666666654,-56.31860000000003,-56.787199999999984,292,305,278,27,9,205.99,25.85,3.18,0.48,163.315,40.365,128.685,8.581000000000001,2.891000000000001,Ryan,Tannehill,TEN,QB,35,8
average,14782,QB,204.37600000000003,20.41558698641799,5.859000000000037,191.38360000000003,217.3684,-57.60133333333329,-51.9314,-69.13819999999998,296,277,338,28,10,176.66,23.08,3.06,0.39,146.178,25.690265393724527,149.822,8.171333333333333,5.681029562402303,Jordan,Love,GBP,QB,25,0
average,11760,QB,198.517,2.2019305166148917,6.10499999999999,197.1157,199.9183,-63.460333333333324,-46.19930000000002,-86.5883,320,252,424,29,10,230.82,27.82,2.97,0.11,163.56333333333333,36.73010784386866,156.43666666666667,7.65,2.0700000000000003,Jimmy,Garoppolo,LVR,QB,32,6
average,15241,QB,192.412,23.413316979872803,1.9579999999999984,172.2406,214.2256,-69.56533333333331,-71.07440000000003,-72.281,366,407,356,30,10,236.41,28.05,2.59,0.38,160.695,40.455000000000005,205.305,6.449000000000001,1.399000000000001,Mac,Jones,NEP,QB,25,-1
average,15692,QB,190.454,62.11642993604832,5.279333333333341,129.3522,227.5332,-71.52333333333331,-113.96280000000002,-58.9734,378,643,288,31,11,169.6,22.73,2.24,0.68,141.12166666666667,20.54497295906931,236.87833333333333,6.534666666666667,3.8258354497924882,Kenny,Pickett,PIT,QB,25,-2
average,13590,QB,185.17466666666667,26.977225678956195,1.2206666666666592,163.21859999999998,211.005,-76.80266666666665,-80.09640000000005,-75.5016,417,443,372,32,11,289.35,31.05,2.03,0.34,132.01,NA,284.99,4.497,2.007,Baker,Mayfield,TBB,QB,28,2
average,16150,QB,183.954,8.33537473662701,1.9710000000000036,178.64939999999999,189.2586,-78.02333333333331,-64.66560000000004,-97.24799999999999,421,361,456,33,11,226,27.26,2.84,0.16,142.746,51.64686034987994,278.254,22.795,17.765,C.J.,Stroud,HOU,QB,22,-3
average,15693,QB,181.983,6.27486557624942,26.513000000000005,177.98969999999997,185.9763,-79.99433333333332,-65.32530000000006,-100.53029999999998,430,369,467,34,12,229.68,27.41,3.52,0.24,151.18333333333334,37.493343705546216,278.81666666666666,6.598000000000001,0.6980000000000004,Sam,Howell,WAS,QB,23,-2
average,15240,QB,155.47,156.76557338905758,4.1346666666666465,55.70500000000001,255.23499999999999,-106.50733333333332,-187.61,-31.271600000000007,551,646,201,35,12,315.13,33.6,4.59,0.96,149.385,0.8149999999999977,401.615,4.125000000000001,2.7150000000000007,Trey,Lance,SFO,QB,23,-1
average,15697,QB,151.33533333333335,44.794841950087665,50.16333333333334,107.24660000000002,182.90060000000003,-110.64199999999997,-136.0684,-103.60599999999997,599,645,481,36,13,257.21,29.45,2.39,0.64,123.46,NA,475.54,4.715,0.20500000000000007,Desmond,Ridder,ATL,QB,24,-2
average,15239,QB,101.17200000000001,132.40998741786817,13.010666666666665,16.906800000000008,185.4372,-160.8053333333333,-226.40820000000002,-101.0694,645,656,469,37,14,361.5,49.43,6.97,0.96,NA,NA,NA,1.5600000000000003,NA,Zach,Wilson,NYJ,QB,24,-1
average,12140,QB,88.16133333333335,128.16939324711393,12.135333333333335,12.546400000000002,214.14639999999997,-173.81599999999997,-230.76860000000002,-72.36020000000002,646,664,357,38,15,352.77,41.39,5.3,0.94,NA,NA,NA,1.6080000000000003,NA,Jameis,Winston,NOS,QB,29,5
average,15252,QB,76.02600000000001,109.36916836110623,5.154000000000011,9.211800000000002,183.7398,-185.9513333333333,-234.10320000000002,-102.76679999999999,647,675,477,39,15,NA,48.71,6.93,0.94,NA,NA,NA,NA,NA,Davis,Mills,HOU,QB,25,-1
average,12616,QB,70.872,63.14849841445164,14.517333333333333,15.024600000000007,128.6136,-191.1053333333333,-228.29040000000003,-157.893,648,658,650,40,16,338.33,35.19,2.59,0.7,NA,NA,NA,4.424,2.8240000000000007,Jacoby,Brissett,WAS,QB,31,4
average,12141,QB,56.35466666666667,67.83221657393581,1.8146666666666675,14.012400000000001,123.21839999999999,-205.62266666666665,-229.3026,-163.28820000000002,649,660,651,41,17,NA,48.54,4.07,0.8,NA,NA,NA,1.8240000000000003,NA,Marcus,Mariota,PHI,QB,30,5
average,9064,QB,54.54,NA,2.5790000000000006,54.54,54.54,-207.43733333333333,-188.77500000000003,-231.9666,650,647,655,42,17,NA,NA,NA,NA,NA,NA,NA,NA,NA,Joe,Flacco,FA,QB,38,12
average,15242,QB,51.961,14.426392549767943,10.69299999999999,42.7801,61.1419,-210.0163333333333,-200.53490000000002,-225.3647,651,648,653,43,18,346.76,36.68,2.59,0.21,159.61,NA,491.39,4.2490000000000006,3.119,Kyle,Trask,TBB,QB,25,-1
average,14057,QB,41.26800000000001,53.258652743005065,3.9250000000000043,9.5614,93.64840000000001,-220.70933333333332,-233.75360000000003,-192.85819999999998,652,674,652,44,18,NA,60,4.32,0.72,NA,NA,NA,1.8480000000000003,NA,Drew,Lock,SEA,QB,27,1
average,9899,QB,37.343,28.147092531911714,0.9810000000000088,19.4303,55.2557,-224.6343333333333,-223.88470000000004,-231.2509,653,652,654,45,18,340.38,35.91,3.44,0.56,151.12,NA,501.88,2.6,1.3600000000000003,Colt,McCoy,ARI,QB,37,10
average,9714,QB,36.361999999999995,0.3082985565973347,8.512999999999995,36.1658,36.5582,-225.61533333333333,-207.14920000000004,-249.9484,654,649,657,46,19,337.75,56.11,18.72,0.94,NA,NA,NA,NA,NA,Brian,Hoyer,LVR,QB,38,11
average,16149,QB,27.849,28.15557781328595,2.471,9.930900000000001,45.7671,-234.12833333333333,-233.38410000000002,-240.7395,655,672,656,47,19,344.46,36.6,3.37,0.55,60.55,NA,594.45,7.953,6.783,Will,Levis,TEN,QB,24,-3
average,12476,QB,25.378,12.753377905480573,3.1453333333333333,17.2618,33.4942,-236.59933333333333,-226.05320000000003,-253.01239999999999,656,655,658,48,19,357.68,39.18,3.77,0.38,NA,NA,NA,3.9840000000000004,NA,Taylor,Heinicke,ATL,QB,30,5
average,14067,QB,22.232666666666667,15.055793613534071,0.20766666666666822,7.462000000000003,33.218199999999996,-239.74466666666666,-235.853,-253.2884,657,682,659,49,19,354.67,37.59,4.32,0.48,NA,NA,NA,1.9700000000000002,0.7900000000000003,Gardner,Minshew,IND,QB,27,1
average,13598,QB,22.025,3.2880465325174475,0.1696666666666644,19.9325,24.1175,-239.95233333333331,-223.38250000000002,-262.3891,658,651,665,50,19,375.8,40.81,3.53,0.18,NA,NA,NA,3.224,1.3840000000000003,Mike,White,MIA,QB,28,2
average,10413,QB,21.855333333333334,10.305359058923338,0.34233333333333604,12.6156,31.1646,-240.12199999999999,-230.69940000000003,-255.34199999999998,659,663,660,51,19,NA,56.11,3.41,0.26,NA,NA,NA,NA,NA,Tyrod,Taylor,NYG,QB,34,9
average,13592,QB,21.512999999999998,4.939847973369219,0.23699999999999832,18.3693,24.656699999999997,-240.46433333333331,-224.94570000000002,-261.8499,660,654,664,52,19,350.83,39.21,5.83,0.57,NA,NA,NA,1.484,0.4840000000000001,Sam,Darnold,SFO,QB,26,2
average,16160,QB,21.276,NA,1.0293333333333337,21.276,21.276,-240.7013333333333,-222.03900000000002,-265.2306,661,650,667,53,19,336.5,42.95,7.81,0.88,102.52,NA,558.48,3.4800000000000004,NA,Clayton,Tune,ARI,QB,24,-3
average,14789,QB,20.246666666666666,10.675140904612611,0.08966666666666612,10.617,29.832,-241.73066666666665,-232.69800000000004,-256.6746,662,668,661,54,19,369,42.57,2.95,0.21,NA,NA,NA,1.368,NA,Tyler,Huntley,BAL,QB,25,0
average,12381,QB,20.157,9.507757779834316,1.754999999999999,14.106300000000001,26.2077,-241.8203333333333,-229.20870000000002,-260.2989,663,659,662,55,19,NA,63.29,8.19,0.7,NA,NA,NA,1.6800000000000002,NA,Trevor,Siemian,CIN,QB,32,5
average,13115,QB,18.402,NA,0.6186666666666696,18.402,18.402,-243.57533333333333,-224.913,-268.1046,664,653,669,56,19,NA,53.9,6.01,0.74,NA,NA,NA,1.0560000000000003,NA,Mitchell,Trubisky,PIT,QB,29,3
average,10313,QB,17.78333333333333,8.593103824191425,1.367333333333331,9.959000000000001,25.421,-244.194,-233.35600000000002,-261.0856,665,671,663,57,20,356.5,44.71,5.14,0.53,NA,NA,NA,1.4880000000000002,NA,Andy,Dalton,CAR,QB,36,9
average,14069,QB,16.416,NA,1.766,16.416,16.416,-245.56133333333332,-226.89900000000003,-270.0906,666,657,672,58,20,NA,75.2,7.93,0.89,NA,NA,NA,NA,NA,Easton,Stick,LAC,QB,28,1
average,14063,QB,14.65,2.8142849891224597,0.10800000000000054,12.859,16.441,-247.32733333333331,-230.45600000000002,-270.0656,667,662,671,59,20,366.2,44.53,5.7,0.52,NA,NA,NA,1.4640000000000002,NA,Jarrett,Stidham,DEN,QB,27,1
average,14070,QB,14.542,5.201477482408242,0.1540000000000017,11.231800000000002,17.852199999999996,-247.43533333333332,-232.08320000000003,-268.6544,668,665,670,60,20,NA,72.6,8.26,0.69,NA,NA,NA,NA,NA,David,Blough,ARI,QB,28,1
average,11640,QB,14.387999999999998,1.9912126958213159,1.3419999999999987,13.120800000000001,15.655199999999997,-247.58933333333331,-230.19420000000002,-270.8514,669,661,673,61,20,NA,53.6,6.99,0.65,NA,NA,NA,0.3360000000000001,NA,Teddy,Bridgewater,DET,QB,31,6
average,15696,QB,13.046,13.075818597701636,0.363999999999999,4.724600000000001,21.3674,-248.93133333333333,-238.59040000000002,-265.1392,670,690,666,62,20,367.22,41.78,4.06,0.44,NA,NA,NA,4.5840000000000005,NA,Bailey,Zappe,NEP,QB,24,-2
average,13416,QB,12.682,3.306431308828295,1.0340000000000007,10.577800000000002,14.7862,-249.29533333333333,-232.73720000000003,-271.7204,671,669,674,63,20,NA,58.5,9.53,0.73,NA,NA,NA,NA,NA,P.J.,Walker,CHI,QB,28,3
average,10262,QB,11.648,1.0634885989045673,0.26599999999999824,10.971200000000001,12.3248,-250.32933333333332,-232.34380000000002,-274.1818,672,667,680,64,20,NA,71.6,6.09,0.54,NA,NA,NA,1.0560000000000003,NA,Blaine,Gabbert,KCC,QB,34,9
average,13119,QB,11.382000000000001,2.5766971106437793,0.3979999999999997,9.7422,13.021799999999999,-250.59533333333331,-233.57280000000003,-273.4848,673,673,678,65,20,NA,60.14,6.49,0.62,NA,NA,NA,NA,NA,Joshua,Dobbs,CLE,QB,28,3
average,14065,QB,10.984000000000002,NA,0.2660000000000018,10.984000000000002,10.984000000000002,-250.9933333333333,-232.33100000000002,-275.5226,674,666,681,66,20,NA,68.6,3.44,0.32,NA,NA,NA,NA,NA,Brett,Rypien,LAR,QB,27,1
average,13968,QB,10.718,5.031771854923472,0.1120000000000001,7.5158000000000005,13.9202,-251.25933333333333,-235.7992,-272.58639999999997,675,680,676,67,20,NA,59.89,9.33,0.73,NA,NA,NA,NA,NA,Nick,Mullens,MIN,QB,28,3
average,13124,QB,10.606,3.770293357286672,0.15999999999999837,8.2066,13.0054,-251.37133333333333,-235.10840000000002,-273.5012,676,678,679,68,20,NA,60.25,4.79,0.4,NA,NA,NA,1.1960000000000002,0.19600000000000006,Cooper,Rush,DAL,QB,30,3
average,16313,QB,10.446000000000002,6.4007305833006285,0.386000000000001,6.372600000000001,14.519400000000001,-251.53133333333332,-236.94240000000002,-271.9872,677,685,675,69,20,NA,60.4,12.47,0.87,NA,NA,NA,0.9840000000000001,NA,Sean,Clifford,GBP,QB,25,-3
average,16155,QB,10.06,0,0.05799999999999983,10.06,10.06,-251.91733333333332,-233.25500000000002,-276.4466,678,670,683,70,20,NA,NA,NA,0.01,NA,NA,NA,NA,NA,Max,Duggan,LAC,QB,22,-3
average,13879,QB,10.002,9.951593440248653,0.0990000000000002,1.5154000000000005,19.330000000000002,-251.9753333333333,-241.79960000000003,-267.1766,679,694,668,71,20,NA,66,4.69,0.47,NA,NA,NA,NA,NA,Kyle,Allen,BUF,QB,27,2
average,16153,QB,9.903,5.774233975169348,0.745000000000001,6.228300000000001,13.5777,-252.07433333333333,-237.08670000000004,-272.9289,680,686,677,72,20,NA,53.18,4.8,0.43,73.21,NA,606.79,3.6720000000000006,NA,Stetson,Bennett,LAR,QB,26,-3
average,11151,QB,9.158,NA,0.0779999999999994,9.158,9.158,-252.81933333333333,-234.15700000000004,-277.3486,681,676,686,73,20,NA,NA,NA,NA,NA,NA,NA,NA,NA,Matt,Barkley,BUF,QB,33,7
average,16156,QB,9.08,0,0.04399999999999871,9.08,9.08,-252.8973333333333,-234.235,-277.4266,682,677,687,74,20,NA,70,2.94,0.06,NA,NA,NA,3.2880000000000007,NA,Jake,Haener,NOS,QB,24,-3
average,13125,QB,9.036000000000001,2.39850620178477,0.47300000000000253,7.509600000000001,10.562400000000002,-252.94133333333332,-235.80540000000002,-275.94419999999997,683,681,682,75,20,NA,69.29,5.99,0.55,NA,NA,NA,NA,NA,C.J.,Beathard,JAC,QB,30,3
average,16159,QB,8.562999999999999,1.5796765491707485,1.009999999999998,7.557699999999999,9.5683,-253.41433333333333,-235.75730000000001,-276.93829999999997,684,679,685,76,20,NA,56.45,6.26,0.59,110.69,NA,573.31,1.6080000000000003,NA,Aidan,O'Connell,LVR,QB,25,-3
average,16154,QB,7.553000000000001,3.3757277733845767,0.09100000000000552,5.404700000000002,9.7013,-254.42433333333332,-237.91030000000003,-276.8053,685,687,684,77,20,NA,61.75,11.67,0.85,NA,NA,NA,1.9920000000000002,NA,Jaren,Hall,MIN,QB,25,-3
average,16151,QB,7.461999999999995,NA,0.28599999999999515,7.461999999999995,7.461999999999995,-254.51533333333333,-235.85300000000004,-279.0446,686,683,690,78,20,NA,57.38,6.06,0.76,59.21,NA,626.79,10.608,NA,Hendon,Hooker,DET,QB,25,-3
average,16158,QB,7.176,2.8057997077482213,0.08399999999999874,5.3904,8.9616,-254.80133333333333,-237.92460000000003,-277.545,687,688,689,79,20,NA,53.75,11.52,0.83,99.52,NA,587.48,2.5200000000000005,NA,Dorian,Thompson-Robinson,CLE,QB,24,-3
average,12815,QB,7.092000000000001,NA,1.0010000000000003,7.092000000000001,7.092000000000001,-254.8853333333333,-236.223,-279.4146,688,684,691,80,20,NA,NA,NA,NA,NA,NA,NA,NA,NA,Nate,Sudfeld,DET,QB,30,4
average,15702,QB,6.091000000000001,4.67963267789257,0.8030000000000008,3.1129000000000024,9.0691,-255.8863333333333,-240.20210000000003,-277.4375,689,692,688,81,20,NA,63.33,15.84,0.91,NA,NA,NA,NA,NA,Tanner,McKee,PHI,QB,23,-3
average,10948,QB,5.288,NA,0.7079999999999993,5.288,5.288,-256.6893333333333,-238.02700000000002,-281.2186,690,689,692,82,20,NA,62.71,4.53,0.63,NA,NA,NA,NA,NA,Case,Keenum,HOU,QB,35,8
average,15694,QB,4.580000000000001,0.9050966799187816,2.7659999999999973,4.0040000000000004,5.1560000000000015,-257.39733333333334,-239.31100000000004,-281.3506,691,691,693,83,21,357.75,51.83,11.3,0.81,NA,NA,NA,NA,NA,Malik,Willis,TEN,QB,24,-2
average,15691,QB,1.8140000000000036,NA,1.0320000000000036,1.8140000000000036,1.8140000000000036,-260.1633333333333,-241.50100000000003,-284.69259999999997,692,693,694,84,21,NA,65.57,3.2,0.25,NA,NA,NA,NA,NA,Matt,Corral,CAR,QB,24,-2
average,15248,QB,0.782,NA,0.05400000000000005,0.782,0.782,-261.19533333333334,-242.53300000000002,-285.7246,693,695,695,85,21,NA,NA,NA,NA,NA,NA,NA,NA,NA,Shane,Buechele,KCC,QB,25,-1
average,13595,QB,0.728,NA,0.652,0.728,0.728,-261.2493333333333,-242.58700000000002,-285.7786,694,696,696,86,21,NA,74.6,10.09,0.93,NA,NA,NA,NA,NA,Mason,Rudolph,PIT,QB,28,2
average,14062,QB,0.07599999999999996,NA,0,0.07599999999999996,0.07599999999999996,-261.9013333333333,-243.23900000000003,-286.43059999999997,695,697,697,87,21,NA,NA,NA,NA,NA,NA,NA,NA,NA,Will,Grier,DAL,QB,28,1
average,13130,RB,218.92333333333335,10.526235477763816,1.0733333333333235,211.78000000000003,229.303,96.10000000000001,104.02900000000001,81.005,1,2,5,1,1,3.05,1.5,0.92,0.04,2.9033333333333333,1.6517330965450268,-1.9033333333333333,56.70466666666667,7.6236502776265604,Christian,McCaffrey,SFO,RB,27,3
average,14802,RB,217.85000000000002,44.6666262437628,0.710000000000008,185.94000000000003,261.765,95.02666666666669,78.18900000000001,113.46699999999998,2,11,1,2,1,14.26,6.62,3.11,0.69,16.451666666666668,5.239037496419441,-14.451666666666668,36.622,11.407774308192929,Jonathan,Taylor,IND,RB,24,0
average,13404,RB,217.14000000000001,6.313343013016173,1.3400000000000034,210.942,220.79700000000003,94.31666666666668,103.19099999999999,72.49900000000002,3,3,10,3,1,8.6,4.21,2.97,0.04,5.911666666666667,2.204642198231319,-2.911666666666667,50.142,5.531134422521298,Austin,Ekeler,LAC,RB,28,3
average,13128,RB,215.8,NA,5.966666666666669,215.8,215.8,92.97666666666667,108.04899999999999,67.50200000000001,5,1,12,4,1,81.42,31.29,8.59,0.55,66.08,18.022606914650275,-61.08,15.687333333333333,7.080608322893043,Dalvin,Cook,FA*,RB,28,3
average,12626,RB,209.83333333333334,24.40170759052188,3.268333333333345,186.52,229.80999999999997,87.01,78.76899999999999,81.51199999999997,6,10,4,5,1,11.47,5.53,2.21,0.22,16.143333333333334,4.910236473146912,-10.143333333333334,39.82466666666667,6.449154225340115,Derrick,Henry,TEN,RB,29,4
average,16161,RB,206.565,6.5973062684704775,9.064999999999998,202.36650000000003,210.7635,83.74166666666666,94.61550000000001,62.46549999999999,8,5,15,6,2,8.47,4.15,1.68,0.03,8.405,1.3290692231783867,-0.40499999999999936,64.65400000000001,26.192945462471386,Bijan,Robinson,ATL,RB,21,-3
average,13129,RB,197.5,NA,4.569999999999993,197.5,197.5,74.67666666666666,89.74899999999998,49.202,13,6,26,7,2,204.36,64.28,9.89,0.7,146.41,15.471501219985088,-133.41,3.1580000000000004,2.536240262015149,Leonard,Fournette,FA*,RB,28,3
average,13610,RB,192.93,20.78181175932455,5.030000000000001,180.03,213.411,70.10666666666667,72.27899999999998,65.113,15,13,14,8,3,5.81,2.86,0.89,0.11,11.65,4.818464485704965,3.3499999999999996,46.376000000000005,5.355608150963498,Nick,Chubb,CLE,RB,28,2
average,14073,RB,187.9,21.527366304311375,1.096666666666664,169.58499999999998,208.10500000000002,65.07666666666667,61.83399999999996,59.807000000000016,16,18,16,9,3,18.93,8.42,2.68,0.21,20.905,4.509389278679172,-4.905000000000001,32.814,7.30948005446808,Josh,Jacobs,LVR,RB,25,1
average,13604,RB,186.80333333333334,15.29300602672127,0.026666666666670835,174.34000000000003,201.43900000000002,63.980000000000004,66.58900000000001,53.14100000000002,17,16,23,10,3,14.52,6.67,1.32,0.06,10.688333333333333,3.2431795955341247,6.311666666666667,45.79066666666667,5.253089334435077,Saquon,Barkley,NYG,RB,26,2
average,13131,RB,186.77666666666667,21.9908761383746,9.173333333333346,166.178,205.553,63.95333333333333,58.42699999999998,57.254999999999995,18,20,18,11,3,35.09,14.12,3.81,0.27,36.575,5.0349867593337985,-18.575000000000003,27.86066666666667,9.240639275624943,Joe,Mixon,CIN,RB,27,3
average,15254,RB,177.60333333333332,24.467673230884326,2.503333333333302,154.806,198.681,54.77999999999999,47.05499999999999,50.38300000000001,20,30,25,12,4,30.58,12.69,2.84,0.26,28.381666666666668,3.421755965712472,-8.381666666666668,26.874666666666666,3.341385474453505,Najee,Harris,PIT,RB,25,-1
average,12625,RB,175.10000000000002,NA,0.7900000000000205,175.10000000000002,175.10000000000002,52.276666666666685,67.349,26.80200000000002,22,15,42,13,4,172.53,57.74,11.39,0.83,132.332,14.463287869637389,-110.332,3.309333333333334,2.70143928716198,Ezekiel,Elliott,FA*,RB,28,4
average,14085,RB,174.31,34.167591369600515,1.1399999999999864,142.24000000000004,203.37699999999998,51.486666666666665,34.48900000000002,55.07899999999998,24,40,21,14,4,15.47,7.14,1.69,0.38,17.058333333333334,3.3894808681500996,6.941666666666666,35.49133333333334,6.066059969663631,Tony,Pollard,DAL,RB,26,1
average,13319,RB,173.17000000000002,10.680763081353321,1.5266666666666708,162.905,181.769,50.34666666666668,55.15399999999998,33.471000000000004,26,22,35,15,4,42.22,16.72,3.4,0.09,39.8,3.0407619659113947,-13.799999999999997,25.827333333333335,7.190300936369465,Aaron,Jones,GBP,RB,29,3
average,13146,RB,171.64333333333335,21.277655729269934,1.1500000000000057,154.938,192.243,48.82000000000001,47.18699999999997,43.94499999999999,28,29,28,16,4,59.07,22.79,3.73,0.25,63.778333333333336,7.973222720804651,-35.778333333333336,16.413333333333334,8.187231250890353,James,Conner,ARI,RB,28,3
average,15708,RB,170.49333333333334,12.002005387989687,10.146666666666675,160.79000000000002,182.01200000000003,47.67,53.039,33.71400000000003,31,27,34,17,5,35.35,14.09,3.94,0.15,32.02,5.453222289007971,-1.0200000000000031,23.877333333333333,7.0271407809688515,Breece,Hall,NYJ,RB,22,-2
average,15259,RB,160.34666666666666,23.565452113917384,1.7666666666666515,140.07999999999998,182.326,37.523333333333326,32.328999999999965,34.02799999999999,33,43,33,18,5,27.38,11.41,2.75,0.25,29.55,6.454011672337343,3.4499999999999993,25.756666666666668,5.429157904827925,Rhamondre,Stevenson,NEP,RB,25,-1
average,14800,RB,158.58,14.944520735038656,0.5800000000000125,147.629,173.234,35.756666666666675,39.87799999999997,24.936000000000007,35,34,48,19,5,48.33,18.99,4.38,0.2,56.605000000000004,11.848647953810314,-21.605000000000004,16.11466666666667,2.821943223304743,J.K.,Dobbins,BAL,RB,25,0
average,14087,RB,158,NA,1.8166666666666629,158,158,35.17666666666666,50.24899999999998,9.701999999999998,37,28,73,20,5,340.3,101.96,9.98,0.72,NA,NA,NA,NA,NA,Darrell,Henderson,FA,RB,26,1
average,15253,RB,156.18333333333334,14.391519493553618,0.020000000000010232,144.585,170.01000000000002,33.36,36.83399999999999,21.712000000000018,39,38,53,21,5,33.06,13.4,2.83,0.11,31.888333333333335,4.299288377808073,7.111666666666665,24.65266666666667,5.641612141538581,Travis,Etienne,JAC,RB,24,-1
average,15717,RB,156.16333333333333,11.9629023791609,3.9066666666666663,144.415,163.126,33.33999999999999,36.66399999999997,14.828000000000003,40,39,67,22,5,55.42,21.49,3.46,0.11,48.26,13.659059264824938,-8.259999999999998,15.504666666666667,2.048808651116274,Dameon,Pierce,HOU,RB,23,-2
average,15256,RB,152.25666666666666,26.283048402598457,0.30666666666664355,132.92700000000002,178.017,29.433333333333323,25.176000000000002,29.718999999999994,45,52,39,23,5,69.76,27.15,4.62,0.44,71.41666666666667,13.381357263828745,-26.41666666666667,14.097333333333335,5.753122128220661,Javonte,Williams,DEN,RB,23,-1
average,16162,RB,151.95000000000002,10.39446968344224,0.7333333333333485,145.335,158.56500000000003,29.12666666666668,37.58399999999999,10.267000000000024,46,37,72,24,5,43.67,17.09,4.25,0.13,37.57333333333333,10.382632400097556,8.42666666666667,35.367333333333335,20.80415986180542,Jahmyr,Gibbs,DET,RB,21,-3
average,14071,RB,151.21666666666667,17.507450794828273,0.8599999999999852,136.98000000000002,167.985,28.39333333333333,29.229,19.687000000000012,47,48,57,25,5,67.02,25.95,3.62,0.19,75.22666666666666,18.753543368891354,-28.22666666666666,12.588666666666667,6.152169554085959,David,Montgomery,DET,RB,26,1
average,13132,RB,150.35666666666668,38.99327677091697,0.05333333333334167,121.212,188.487,27.533333333333346,13.460999999999984,40.18899999999999,48,71,29,26,5,74.38,28.46,4.71,0.67,75.425,5.096762861529529,-27.424999999999997,15.404666666666667,9.508955264497896,Alvin,Kamara,NOS,RB,28,3
average,14079,RB,150.30333333333334,11.823621836532709,1.5033333333333303,138.64000000000001,157.909,27.480000000000004,30.888999999999996,9.61099999999999,49,46,74,27,5,45.03,17.36,3.82,0.13,47.155,4.313647914855052,1.8449999999999989,20.831333333333337,5.567476108814682,Miles,Sanders,CAR,RB,26,1
average,14797,RB,148.8,36.12104649646796,5.653333333333336,127.35,184.32,25.976666666666674,19.598999999999975,36.02199999999999,52,61,32,28,6,77.27,29.27,4.15,0.6,69.14166666666667,10.10563278023147,-17.141666666666666,10.839333333333334,4.518949828838064,D'Andre,Swift,PHI,RB,24,0
average,15711,RB,143.14666666666668,34.01162350334564,5.713333333333338,110.65,170.98600000000002,20.323333333333338,2.8989999999999867,22.688000000000017,58,91,51,29,6,41.86,16.44,3.29,0.49,42.471666666666664,5.934740703874282,15.528333333333336,19.256,2.9770822404943167,Kenneth,Walker III,SEA,RB,23,-2
average,14223,RB,137.43333333333334,44.75157352913229,5.413333333333327,93.59,170.45000000000002,14.61,-14.161000000000016,22.152000000000015,68,154,52,30,7,56.01,21.35,6.09,0.82,61.236666666666665,15.70123632782534,6.763333333333335,17.152,6.342484896841828,Alexander,Mattison,MIN,RB,25,1
average,14799,RB,132.02,19.026105749732395,0.21999999999999886,118.75500000000001,150.75900000000001,9.196666666666673,11.00399999999999,2.4610000000000127,73,76,90,31,7,49.45,19.56,4.08,0.24,57.913333333333334,7.92033388746263,15.086666666666666,16.01,1.9368531178176636,Cam,Akers,LAR,RB,24,0
average,13138,RB,131.8,NA,4.603333333333339,131.8,131.8,8.976666666666674,24.048999999999992,-16.49799999999999,74,56,155,32,7,209.35,65.28,10.05,0.73,143.898,20.115652015284013,-69.898,3.879333333333334,3.4076464344503568,Kareem,Hunt,FA*,RB,28,3
average,14805,RB,127.19666666666667,7.5321333852590175,3,119.795,131.621,4.373333333333335,12.043999999999983,-16.676999999999992,82,72,157,33,7,88.31,33.41,3.26,0.06,92.725,9.204306510179535,-10.724999999999994,6.408666666666668,3.391002342802036,AJ,Dillon,GBP,RB,25,0
average,15263,RB,124.19666666666667,36.08528832271309,1.3733333333333348,101.791,159.76000000000002,1.3733333333333348,-5.960000000000022,11.462000000000018,92,117,69,34,7,111.2,41.15,3.47,0.56,124.97,14.874692153677222,-32.97,3.7420000000000004,2.555048857980346,Elijah,Mitchell,SFO,RB,25,-1
average,13608,RB,122.82333333333334,11.974499293637855,1.0033333333333303,111.61800000000001,133.065,0,3.8669999999999902,-15.233000000000004,96,89,149,35,7,86.9,32.72,4.8,0.17,93.526,8.641332304685431,2.4740000000000038,8.06,5.0976334378480646,Rashaad,Penny,PHI,RB,27,2
average,14852,RB,121.82000000000001,21.36295157509843,3.2666666666666657,107.75100000000002,142.89600000000002,-1.0033333333333303,0,-5.401999999999987,98,96,116,36,8,97.51,36.32,4.22,0.29,108.825,20.249506784116985,-10.825000000000003,6.4573333333333345,3.796709218374367,Antonio,Gibson,WAS,RB,25,0
average,14075,RB,118.55333333333334,35.38771020189542,3.0166666666666657,92.759,153.275,-4.269999999999996,-14.992000000000019,4.977000000000004,111,160,83,37,8,103.76,38.69,4.08,0.58,109.142,9.469965997827027,1.858000000000004,5.836666666666668,5.058789929968981,Damien,Harris,BUF,RB,26,1
average,15715,RB,115.53666666666668,29.933075908321445,1.4000000000000057,86.41,138.52900000000002,-7.286666666666662,-21.341000000000022,-9.768999999999977,118,183,130,38,8,76.19,28.9,4.46,0.49,82.93333333333334,10.019101201649221,35.06666666666666,9.563333333333334,3.451785367345749,James,Cook,BUF,RB,24,-2
average,15716,RB,114.13666666666667,26.25124822429084,2.656666666666652,88.28500000000001,130.14399999999998,-8.686666666666667,-19.466000000000008,-18.154000000000025,125,174,161,39,8,84.45,32.17,4.31,0.4,92.07833333333333,25.102055305403887,32.92166666666667,6.499333333333333,2.6298442708435967,Brian,Robinson,WAS,RB,24,-2
average,14017,RB,111.48000000000002,NA,1.0633333333333468,111.48000000000002,111.48000000000002,-11.34333333333332,3.728999999999999,-36.817999999999984,137,90,226,40,8,124.86,45.51,5.22,0.13,138.51,7.882696239231858,-1.509999999999991,3.5260000000000007,2.4260000000000006,Jeffery,Wilson,MIA,RB,28,2
average,15749,RB,110.41666666666667,57.18160397657042,1.75,54.29500000000001,151.99,-12.406666666666666,-53.45600000000001,3.6920000000000073,141,286,89,41,8,67.94,26.36,3.99,0.9,68.51333333333334,10.215347386272391,72.48666666666666,10.274666666666667,2.5939937462444966,Isiah,Pacheco,KCC,RB,24,-2
average,15721,RB,108.66666666666667,41.73506718975464,0.23999999999999488,69.685,144.47500000000002,-14.156666666666666,-38.06600000000002,-3.822999999999979,149,230,113,42,8,69,26.35,2.91,0.62,74.65,12.32273238098326,74.35,10.377333333333334,3.633952974685036,Rachaad,White,TBB,RB,24,-2
average,14080,RB,108.42666666666668,40.43355207415412,3.603333333333339,82.86800000000002,148.298,-14.396666666666661,-24.882999999999996,0,150,198,96,43,9,131.78,47.85,4.96,0.72,137.72666666666666,9.909272873873688,12.27333333333334,4.585333333333334,4.552508856541511,Devin,Singletary,HOU,RB,26,1
average,13139,RB,104.82333333333334,6.471061221572038,0.5166666666666657,98.47,109.51300000000002,-18,-9.28100000000002,-38.78499999999998,165,130,234,44,9,100.38,37.53,4.36,0.07,97.58166666666666,10.743910549185008,67.41833333333334,7.324666666666667,5.63238879655476,Jamaal,Williams,NOS,RB,28,3
average,15271,RB,104.30666666666667,17.46952012315546,1.2566666666666606,87.14000000000001,116.858,-18.516666666666666,-20.611000000000004,-31.439999999999998,166,178,203,45,9,90.73,34.08,5.15,0.27,100.55166666666666,10.991564063205724,65.44833333333334,5.996666666666667,3.2131016513988824,Khalil,Herbert,CHI,RB,25,-1
average,12447,RB,103.05000000000001,10.38520582367052,0.8500000000000085,95.67,113.265,-19.773333333333326,-12.081000000000017,-35.033,172,144,220,46,9,133.17,48.27,5.49,0.18,129.66833333333332,11.774515441787354,42.33166666666668,5.1000000000000005,5.224582917962608,Raheem,Mostert,MIA,RB,31,5
average,16169,RB,102.2,18.80904037956216,1.5466666666666669,90.23,114.17,-20.623333333333335,-17.521000000000015,-34.128,173,166,215,47,9,109.46,40.67,5.36,0.3,113.31833333333333,28.368657245081042,59.68166666666667,10.344000000000001,10.325036497110638,Zach,Charbonnet,SEA,RB,22,-3
average,14803,RB,100.65333333333334,46.167245243065274,4.3799999999999955,64.134,145.26,-22.17,-43.61700000000002,-3.038000000000011,177,245,110,48,9,175.4,57.7,7.61,0.91,153.774,23.15184882466193,23.226,2.949333333333334,2.6153522813486445,Clyde,Edwards-Helaire,KCC,RB,24,0
average,13133,RB,96.27333333333334,29.298457866128953,3.173333333333346,67.375,115.003,-26.549999999999997,-40.37600000000002,-33.295,191,233,211,49,9,106.07,39.49,5.09,0.51,113.36666666666666,11.771477769969616,77.63333333333334,6.4,4.83421141449151,Samaje,Perine,DEN,RB,28,3
average,11182,RB,93.1,NA,1.2549999999999955,93.1,93.1,-29.723333333333343,-14.651000000000025,-55.19800000000001,200,156,272,50,10,344.17,98.5,5.69,0.17,NA,NA,NA,NA,NA,Rex,Burkhead,FA,RB,33,7
average,16167,RB,91.845,11.674332957389904,0.34499999999999886,84.41550000000001,99.2745,-30.97833333333334,-23.33550000000001,-49.0235,202,191,256,51,10,120.93,44.15,7.22,0.3,115.02833333333334,29.38138209630188,86.97166666666666,9.943333333333335,9.26331234254549,Devon,Achane,MIA,RB,22,-3
average,13622,RB,91.5,NA,3.0999999999999943,91.5,91.5,-31.323333333333338,-16.25100000000002,-56.798,204,163,279,52,10,NA,NA,NA,NA,NA,NA,NA,NA,NA,Nyheim,Hines,BUF,RB,27,2
average,13108,RB,88.4,NA,0.4333333333333371,88.4,88.4,-34.42333333333333,-19.351000000000013,-59.897999999999996,218,173,296,53,10,327.34,94.97,8.54,0.53,NA,NA,NA,NA,NA,J.D.,McKissic,FA,RB,30,4
average,15712,RB,87.96666666666667,18.419916756959932,1.443333333333328,69.86,98.84,-34.85666666666667,-37.89100000000002,-49.458,223,228,257,54,10,117.26,43.14,5.58,0.31,121.905,28.018057718787954,101.095,2.174666666666667,0.9554912639870424,Tyler,Allgeier,ATL,RB,23,-2
average,13726,RB,86.52333333333334,32.275945119133745,0.5666666666666771,64.807,118.357,-36.3,-42.94400000000002,-29.941000000000003,229,242,198,55,10,235.74,69.93,8.67,0.79,174.65333333333334,13.71734992222947,54.346666666666664,2.123,1.0930000000000004,Chase,Edmonds,TBB,RB,27,2
average,11225,RB,85.95666666666666,29.853955070196875,0.3116666666666674,65.593,115.39000000000001,-36.866666666666674,-42.158000000000015,-32.90799999999999,231,237,208,56,10,193.16,62.13,10.35,0.82,148.565,19.215981846716378,82.435,2.5753333333333335,2.150544943858546,Cordarrelle,Patterson,ATL,RB,32,7
average,16175,RB,85.645,22.422356031425426,1.4749999999999943,71.37549999999999,99.9145,-37.17833333333334,-36.37550000000003,-48.3835,232,225,254,57,10,156.51,53.81,10.36,0.74,131.036,28.44953257964004,100.964,5.614000000000002,6.17880829934058,Roschon,Johnson,CHI,RB,22,-3
average,15258,RB,84.17,36.95340038480898,1.0033333333333303,60.653000000000006,107.68700000000001,-38.653333333333336,-47.09800000000001,-40.61099999999999,239,258,237,58,10,212.48,65.01,8.53,0.82,161.68,19.654909056009387,77.32,2.384,1.7595847995100056,Michael,Carter,NYJ,RB,24,-1
average,15255,RB,83.16666666666667,2.9022979401386952,1.3199999999999932,81.26,86.03,-39.656666666666666,-26.491000000000014,-62.268,242,202,304,59,10,154.85,53.68,6.14,0.11,148.78199999999998,15.722983686310934,93.21800000000002,2.6966666666666668,1.9152081407048747,Kenneth,Gainwell,PHI,RB,24,-1
average,13134,RB,81.84666666666668,22.245831819316923,1.5700000000000074,59.90400000000001,96.75900000000001,-40.97666666666666,-47.84700000000001,-51.53899999999999,244,261,261,60,10,129.21,46.53,6.23,0.44,129.85,18.132270495813074,114.15,4.0873333333333335,3.3036627484589824,D'Onta,Foreman,CHI,RB,27,3
average,13850,RB,80.27666666666667,12.24379979145908,1.1516666666666708,69.84299999999999,91.75800000000001,-42.54666666666667,-37.90800000000003,-56.53999999999999,246,229,275,61,10,153.74,53.09,7.01,0.29,151.272,14.836084928309084,94.72800000000001,3.2040000000000006,2.711246699705999,Gus,Edwards,BAL,RB,28,2
average,16164,RB,79.125,6.045762979144989,3.6699999999999875,75.27749999999999,82.97250000000001,-43.69833333333334,-32.47350000000003,-65.32549999999999,250,215,317,62,11,151.55,52.26,9.26,0.32,127.45400000000001,25.52206229911682,122.54599999999999,5.268666666666667,4.936470083864471,Tank,Bigsby,JAC,RB,22,-3
average,14813,RB,75.45500000000001,76.85543604716585,0.1600000000000108,26.544500000000006,124.3655,-47.368333333333325,-81.2065,-23.932500000000005,258,448,178,63,11,282.23,82.54,13.53,0.99,155.3,NA,102.69999999999999,2.2080000000000006,NA,James,Robinson,NYG,RB,25,0
average,12151,RB,75.295,61.10109696232957,1.7549999999999955,36.410500000000006,114.17949999999999,-47.528333333333336,-71.34050000000002,-34.11850000000001,260,409,214,64,11,319.07,91.34,8.11,0.96,210.66,NA,49.34,2.7840000000000003,NA,Melvin,Gordon,BAL,RB,30,5
average,15261,RB,73.54,18.961126021415502,1.6400000000000006,54.845000000000006,86.453,-49.28333333333333,-52.90600000000001,-61.845,265,281,300,65,11,161.54,55.88,5.7,0.34,152.92000000000002,18.74330920622076,112.07999999999998,2.5573333333333337,1.7253601234396132,Chuba,Hubbard,CAR,RB,24,-1
average,10276,RB,71.9,NA,0.7049999999999983,71.9,71.9,-50.92333333333333,-35.85100000000001,-76.398,271,222,373,66,11,342.55,101.86,11.95,0.9,NA,NA,NA,NA,NA,Mark,Ingram,FA,RB,34,9
average,16168,RB,71.19500000000001,28.291342315273766,1.1300000000000097,53.19050000000001,89.1995,-51.62833333333333,-54.56050000000001,-59.0985,274,295,289,67,11,254.88,74.32,9.44,0.78,152.86,61.396866369546906,121.13999999999999,3.0480000000000005,NA,Israel,Abanikanda,NYJ,RB,21,-3
average,16165,RB,70.065,14.191633098414014,1.5649999999999977,61.033500000000004,79.0965,-52.75833333333334,-46.717500000000015,-69.2015,278,255,339,68,11,208.49,65.42,9.45,0.51,138.11333333333334,39.443843907791525,139.88666666666666,5.158000000000001,3.8180000000000014,Tyjae,Spears,TEN,RB,22,-3
average,11761,RB,68.5,12.507497751348989,0.539999999999992,57.425,79.925,-54.32333333333334,-50.32600000000002,-68.373,282,272,334,69,11,132.79,48.82,5.01,0.19,126.07666666666667,8.715018964727244,155.92333333333335,6.244666666666667,5.057624299565514,Jerick,McKinnon,KCC,RB,31,6
average,16171,RB,67.96000000000001,13.91586145375126,2.035000000000011,59.104,76.81600000000002,-54.86333333333333,-48.64700000000002,-71.48199999999999,286,264,348,70,11,147.33,51.91,7.07,0.33,128.906,29.574275037606586,157.094,7.2780000000000005,8.27802118061235,Kendre,Miller,NOS,RB,21,-3
average,16181,RB,65.925,12.833988078535837,1.2449999999999903,57.75750000000001,74.0925,-56.89833333333334,-49.99350000000001,-74.2055,293,269,369,71,12,233.05,69.51,10.68,0.58,133.8,48.17999999999999,159.2,4.037000000000001,2.947000000000001,Chase,Brown,CIN,RB,23,-3
average,15723,RB,64.68,26.332656531387038,1.0949999999999989,47.922000000000004,81.438,-58.14333333333333,-59.829000000000015,-66.86,300,328,325,72,12,252.38,75.64,13.15,0.91,181.41333333333333,18.952045330840214,118.58666666666667,3.104,2.104,Ty,Chandler,MIN,RB,25,-2
average,15714,RB,63.58500000000001,29.436855300795976,1.6616666666666688,44.85150000000001,82.31850000000001,-59.23833333333333,-62.89950000000001,-65.97949999999999,305,349,320,73,12,181.81,59.23,7.52,0.68,150.494,14.534598171260189,154.506,3.1833333333333336,2.246246251465369,Zamir,White,LVR,RB,24,-2
average,15742,RB,61.92333333333334,32.84426332456451,0.6383333333333425,29.52000000000001,83.49300000000001,-60.9,-78.23100000000001,-64.80499999999999,310,438,314,74,12,134.76,49.24,4.19,0.53,137.715,5.9213110879263935,172.285,4.604000000000001,4.2811749166165445,Jaylen,Warren,PIT,RB,25,-2
average,13136,RB,61.285,31.416754288118305,1.559999999999988,41.291500000000006,81.27850000000001,-61.53833333333334,-66.45950000000002,-67.0195,316,375,326,75,12,343.6,103.46,13.8,0.92,NA,NA,NA,1.1760000000000002,NA,Corey,Clement,ARI,RB,29,3
average,15713,RB,59.72500000000001,5.338656197958437,1.2550000000000097,56.32750000000001,63.1225,-63.09833333333333,-51.42350000000001,-85.1755,319,274,419,76,12,170.19,57.81,6.83,0.18,157.54666666666665,6.309386305779312,161.45333333333335,4.337000000000001,3.0070000000000006,Jerome,Ford,CLE,RB,24,-2
average,15727,RB,58.47,NA,2.6099999999999994,58.47,58.47,-64.35333333333334,-49.28100000000002,-89.828,328,267,430,77,12,273.64,78.88,9.68,0.68,NA,NA,NA,1.8240000000000003,NA,Zonovan,Knight,NYJ,RB,22,-2
average,15734,RB,55.86,7.551900423072327,0.6799999999999926,51.054,60.666000000000004,-66.96333333333334,-56.69700000000002,-87.632,345,307,426,78,12,283.47,82.56,13.6,0.66,222.3,NA,122.69999999999999,4.6080000000000005,NA,Keaontay,Ingram,ARI,RB,24,-2
average,11390,RB,55.18000000000001,11.05915005775761,1.8800000000000097,48.142,62.218,-67.64333333333333,-59.609000000000016,-86.08,352,325,421,79,12,282.77,80.44,8.15,0.35,198.25,NA,153.75,1.7240000000000002,0.7240000000000002,Latavius,Murray,BUF,RB,33,7
average,13623,RB,53.3,NA,0.045000000000001705,53.3,53.3,-69.52333333333334,-54.45100000000002,-94.998,365,293,447,80,12,350.62,107.53,11.61,0.84,NA,NA,NA,NA,NA,Darrel,Williams,FA,RB,28,2
average,16173,RB,53.254999999999995,23.82242745817478,0.05499999999999261,38.094500000000004,68.41549999999998,-69.56833333333334,-69.65650000000002,-79.88250000000002,367,397,388,81,12,304.9,87.21,10.11,0.75,77.48,NA,289.52,3.9600000000000004,NA,Eric,Gray,NYG,RB,24,-3
average,13871,RB,53.2,NA,1.1400000000000006,53.2,53.2,-69.62333333333333,-54.551000000000016,-95.098,368,294,448,82,12,338.15,102.35,11.84,0.88,NA,NA,NA,1,NA,Dontrell,Hilliard,FA,RB,28,2
average,15733,RB,52.06,NA,0.060000000000002274,52.06,52.06,-70.76333333333334,-55.69100000000002,-96.238,372,300,452,83,12,212.47,65.57,6.21,0.22,192.345,17.224999999999994,179.655,1.8440000000000003,0.8440000000000003,Pierre,Strong Jr.,NEP,RB,25,-2
average,14801,RB,52,NA,0.21333333333333115,52,52,-70.82333333333334,-55.75100000000002,-96.298,373,301,453,84,12,NA,NA,NA,NA,NA,NA,NA,NA,NA,Eno,Benjamin,NOS,RB,24,0
average,13606,RB,51.78666666666667,18.80994506460169,2.2716666666666683,34.426,68.221,-71.03666666666666,-73.32500000000002,-80.077,375,419,390,85,13,288.88,82.44,8.3,0.52,NA,NA,NA,1.8480000000000003,NA,Ronald,Jones,DAL,RB,26,2
average,15972,RB,49.515,26.14173770046666,0.7650000000000006,32.87850000000001,66.1515,-73.30833333333334,-74.8725,-82.1465,392,425,402,86,13,292.15,83.64,9.21,0.73,209.8,NA,182.2,1.4400000000000002,NA,Jordan,Mason,SFO,RB,24,-2
average,15710,RB,48.75,1.4849242404917509,0.14999999999999858,47.805,49.69500000000001,-74.07333333333334,-59.94600000000002,-98.603,396,329,460,87,13,260.25,75.09,8.4,0.2,207.44,NA,188.56,0.9680000000000001,0.03199999999999992,Kyren,Williams,LAR,RB,23,-2
average,13607,RB,48.6,NA,0.663333333333334,48.6,48.6,-74.22333333333333,-59.15100000000002,-99.69800000000001,397,321,464,88,13,NA,NA,NA,NA,NA,NA,NA,NA,NA,Sony,Michel,FA,RB,28,2
average,14807,RB,47.93666666666667,13.141918936492237,1.201666666666668,36.540000000000006,60.129,-74.88666666666667,-71.21100000000001,-88.16900000000001,401,408,427,89,13,208.82,64.88,7.19,0.32,178.86333333333334,12.861706297723051,222.13666666666666,3.701,2.6109999999999998,Joshua,Kelley,LAC,RB,26,0
average,14821,RB,46.735,16.92106527379408,0.25166666666666515,35.9665,57.5035,-76.08833333333334,-71.78450000000001,-90.7945,409,413,434,90,13,298.03,84.71,8.57,0.5,NA,NA,NA,1.008,NA,JaMycal,Hasty,JAC,RB,27,0
average,13378,RB,46.483333333333334,12.059263382700175,1.0433333333333366,37.00500000000001,58.155,-76.34,-70.74600000000001,-90.143,413,405,431,91,13,284.58,81.56,8.28,0.39,224.87,NA,188.13,1.3040000000000003,0.30400000000000016,Matt,Breida,NYG,RB,28,3
average,16163,RB,45.44,9.13581961293019,2.049999999999997,39.626000000000005,51.254000000000005,-77.38333333333334,-68.12500000000001,-97.044,420,384,455,92,13,232.35,69.56,6.63,0.22,140.325,58.075,279.675,3.3200000000000007,2.3200000000000007,Zach,Evans,LAR,RB,22,-3
average,14798,RB,43.39,15.9326488695383,0.07000000000000028,29.257,57.922,-79.43333333333334,-78.49400000000001,-90.376,427,439,433,93,13,266.27,76.93,10.24,0.61,187.815,12.824999999999989,239.185,2.7200000000000006,1.7200000000000006,Zack,Moss,IND,RB,26,0
average,12155,RB,43.32,14.670828197480878,0.4799999999999969,30.054000000000006,56.46,-79.50333333333333,-77.69700000000002,-91.838,428,435,438,94,13,334.52,101.69,14.21,0.8,NA,NA,NA,1.3920000000000001,NA,Ameer,Abdullah,LVR,RB,30,5
average,15709,RB,42.84,0.3394112549695456,2.3400000000000034,42.624,43.056000000000004,-79.98333333333333,-65.12700000000001,-105.24199999999999,429,366,488,95,13,256.18,73.68,8.08,0.16,NA,NA,NA,0.8160000000000002,NA,Isaiah,Spiller,LAC,RB,22,-2
average,11886,RB,40.5,31.21830392574203,0.3999999999999986,18.975,71.265,-82.32333333333334,-88.77600000000001,-77.033,438,503,375,96,13,313,101,15.98,0.96,NA,NA,NA,NA,NA,Damien,Williams,LVR,RB,31,6
average,12164,RB,40.1,NA,1.8900000000000006,40.1,40.1,-82.72333333333333,-67.65100000000001,-108.19800000000001,439,382,497,97,13,NA,132.33,1.25,0.01,NA,NA,NA,NA,NA,Mike,Davis,FA,RB,30,5
average,14810,RB,38.21,8.792002047315504,1.8599999999999994,31.107,46.650000000000006,-84.61333333333334,-76.64400000000002,-101.648,442,430,472,98,14,315.13,92.42,12.01,0.59,221.63,NA,220.37,2.7600000000000002,NA,Ke'Shawn,Vaughn,TBB,RB,26,0
average,13814,RB,36.35,19.588325604808595,1,23.855000000000004,55.67,-86.47333333333333,-83.896000000000015,-92.628,445,466,440,99,14,274.24,78.32,8.36,0.56,NA,NA,NA,1.2720000000000002,NA,Boston,Scott,PHI,RB,28,2
average,15738,RB,35.35,15.485638507985392,0.3299999999999983,25.495,45.205,-87.47333333333333,-82.25600000000001,-103.093,449,455,478,100,14,260.23,76.64,13.76,0.79,174.965,45.935,274.03499999999997,7.536000000000001,NA,Malik,Davis,DAL,RB,25,-2
average,15277,RB,35.02,11.168401855234258,1.3399999999999963,25.994,45.74,-87.80333333333334,-81.75700000000002,-102.55799999999999,450,450,474,101,14,320.05,95.04,12.68,0.67,174.515,15.24499999999999,275.485,2.994,1.8540000000000005,Deon,Jackson,IND,RB,24,-1
average,14076,RB,33.68000000000001,9.36209378290989,1.5050000000000026,27.722,39.638000000000005,-89.14333333333333,-80.02900000000002,-108.66,452,442,498,102,14,307.63,90.28,13.96,0.71,135.87,NA,316.13,3.1680000000000006,NA,Trayveon,Williams,CIN,RB,26,1
average,13148,RB,32.175000000000004,21.248558774655752,0.39166666666666927,18.652500000000003,45.697500000000005,-90.64833333333334,-89.09850000000002,-102.6005,460,506,475,103,14,NA,124,8.04,0.57,NA,NA,NA,NA,NA,Dare,Ogunbowale,HOU,RB,29,3
average,12261,RB,31.783333333333335,8.846797914123128,0.2133333333333347,23.590000000000003,39.474999999999994,-91.04,-84.16100000000002,-108.82300000000001,463,467,499,104,14,329.65,101.5,16.39,0.82,NA,NA,NA,1.5120000000000002,NA,Ty,Montgomery,NEP,RB,30,5
average,13617,RB,31.57,NA,0.4349999999999987,31.57,31.57,-91.25333333333333,-76.18100000000001,-116.72800000000001,465,427,537,105,14,353.67,117,11.8,0.88,NA,NA,NA,NA,NA,Royce,Freeman,LAR,RB,27,2
average,12630,RB,31.135,12.777419536040913,0.21499999999999986,23.003500000000003,39.2665,-91.68833333333333,-84.74750000000002,-109.0315,467,474,500,106,14,325.81,93.9,9.39,0.47,NA,NA,NA,2.5920000000000005,NA,Kenyan,Drake,IND,RB,29,4
average,15719,RB,30.92,NA,0.6650000000000027,30.92,30.92,-91.90333333333334,-76.83100000000002,-117.378,468,432,548,107,14,324.78,93.14,11.65,0.86,NA,NA,NA,1.0800000000000003,NA,Kevin,Harris,NEP,RB,23,-2
average,15720,RB,30.255,2.326381310103741,0.08999999999999986,28.7745,31.7355,-92.56833333333334,-78.97650000000002,-116.5625,471,440,534,108,14,319.77,90.47,8.06,0.19,NA,NA,NA,NA,NA,Hassan,Haskins,TEN,RB,24,-2
average,15973,RB,30.165,4.009295449327723,0.06499999999999773,27.613500000000002,32.716499999999996,-92.65833333333333,-80.13750000000002,-115.5815,472,444,527,109,14,316.32,100.08,16.06,0.76,NA,NA,NA,0.43200000000000005,NA,Raheem,Blackshear,CAR,RB,25,-2
average,15275,RB,30.1,11.03086578651014,0.14499999999999957,23.080000000000002,37.12,-92.72333333333333,-84.67100000000002,-111.178,473,472,508,110,14,323.92,92.1,8.35,0.37,NA,NA,NA,1.8960000000000004,NA,Chris,Evans,CIN,RB,26,-1
average,16176,RB,29.955000000000002,10.542962107491427,1.1799999999999997,23.245500000000003,36.664500000000004,-92.86833333333334,-84.50550000000001,-111.6335,474,471,511,111,14,290.47,83.91,9.89,0.46,149.31,64.65,324.69,4.152,NA,Deuce,Vaughn,DAL,RB,22,-3
average,14815,RB,28.775000000000002,4.348706704297267,0.20500000000000185,26.007500000000004,31.5425,-94.04833333333333,-81.74350000000001,-116.7555,478,449,539,112,14,333.97,95.98,7.55,0.2,NA,NA,NA,2.9520000000000004,NA,DeeJay,Dallas,SEA,RB,25,0
average,14081,RB,28.57,18.568624073958738,1.3499999999999979,16.753000000000004,40.387,-94.25333333333333,-90.99800000000002,-107.911,479,525,496,113,14,341.59,99.02,6.98,0.44,NA,NA,NA,NA,NA,Myles,Gaskin,MIA,RB,26,1
average,16179,RB,27.220000000000002,NA,0.043333333333336554,27.220000000000002,27.220000000000002,-95.60333333333334,-80.53100000000002,-121.078,485,446,579,114,14,268.49,77.72,8.66,0.56,77.61,NA,407.39,3.3800000000000003,2.3800000000000003,DeWayne,McBride,MIN,RB,22,-3
average,11367,RB,27.176666666666666,7.821932838712776,0.5016666666666652,20.477000000000004,34.489999999999995,-95.64666666666668,-87.27400000000002,-113.808,486,493,519,115,14,373,118.1,13.48,0.65,NA,NA,NA,NA,NA,Kyle,Juszczyk,SFO,RB,32,7
average,14727,RB,26.675,7.5306872196367305,0.8599999999999994,21.8825,31.4675,-96.14833333333334,-85.86850000000001,-116.8305,488,485,540,116,14,349.1,109.27,9.75,0.4,NA,NA,NA,NA,NA,Craig,Reynolds,DET,RB,27,1
average,16174,RB,25.815,2.5667976157071695,0.19500000000000028,24.1815,27.448500000000003,-97.00833333333334,-83.56950000000002,-120.8495,490,461,577,117,14,320.33,96.5,13.49,0.57,84.23,NA,405.77,4.272000000000001,NA,Chris,Rodriguez,WAS,RB,23,-3
average,16180,RB,25.62,2.71529003975634,1.6400000000000006,23.892000000000003,27.348,-97.20333333333333,-83.85900000000001,-120.95,494,465,578,118,14,279.35,80.79,10.86,0.37,143.495,57.945,350.505,6.024,NA,Evan,Hull,IND,RB,23,-3
average,16166,RB,23.98,NA,0.4800000000000004,23.98,23.98,-98.84333333333333,-83.771000000000015,-124.318,500,463,589,119,14,297.01,84.52,8.47,0.51,155.555,73.84500000000001,344.445,3.8160000000000007,NA,Sean,Tucker,TBB,RB,22,-3
average,15743,RB,23.5,0,0.8699999999999974,23.5,23.5,-99.32333333333334,-84.25100000000002,-124.798,503,468,591,120,15,NA,NA,NA,0.02,NA,NA,NA,NA,NA,Sincere,McCormick,LVR,RB,23,-2
average,15746,RB,22.630000000000003,1.0889444430272852,0.0400000000000027,21.937,23.323,-100.19333333333333,-85.81400000000002,-124.975,506,484,592,121,15,301.08,85.92,10.1,0.28,NA,NA,NA,1.3440000000000003,NA,Tyrion,Davis-Price,SFO,RB,23,-2
average,14817,RB,22.59,NA,0.05999999999999872,22.59,22.59,-100.23333333333333,-85.16100000000002,-125.708,507,476,595,122,15,NA,134,11.94,0.89,NA,NA,NA,NA,NA,Patrick,Taylor,GBP,RB,25,0
average,14827,RB,22.53,NA,0.030000000000001137,22.53,22.53,-100.29333333333334,-85.22100000000002,-125.768,508,477,597,123,15,360,NA,NA,NA,NA,NA,NA,NA,NA,J.J.,Taylor,NEP,RB,25,0
average,12845,RB,22.5,NA,0.1999999999999993,22.5,22.5,-100.32333333333334,-85.25100000000002,-125.798,509,478,598,124,15,NA,NA,NA,NA,NA,NA,NA,NA,NA,Dwayne,Washington,NOS,RB,29,4
average,16170,RB,22.3,0.4242640687119295,0.14999999999999858,22.03,22.57,-100.52333333333334,-85.72100000000002,-125.72800000000001,510,482,596,125,15,316.88,91.29,12.16,0.42,91.71,NA,418.29,3.9360000000000004,NA,Kenny,McIntosh,SEA,RB,23,-3
average,14331,RB,22.150000000000002,2.0573040611440976,0.019999999999999574,20.375,24.064999999999998,-100.67333333333333,-87.37600000000002,-124.233,511,495,588,126,15,271.09,78.92,10.82,0.36,206.1,NA,304.9,1.2920000000000003,0.29200000000000015,D'Ernest,Johnson,JAC,RB,27,1
average,14804,RB,22.130000000000003,NA,0.026666666666667282,22.130000000000003,22.130000000000003,-100.69333333333333,-85.62100000000001,-126.168,512,480,599,127,15,371,112.6,10.56,0.78,NA,NA,NA,NA,NA,Anthony,McFarland,PIT,RB,24,0
average,14823,RB,22.103333333333335,4.457693723589961,0.44333333333333513,17.714000000000002,24.815,-100.72,-90.03700000000002,-123.483,513,514,587,128,15,300.5,107.29,17.08,0.8,NA,NA,NA,2.1600000000000006,NA,Rico,Dowdle,DAL,RB,25,0
average,16391,RB,21.66,7.26905771059771,0.09999999999999787,17.034,26.286,-101.16333333333334,-90.71700000000001,-122.012,516,522,581,129,15,NA,NA,NA,0.14,NA,NA,NA,NA,NA,Hunter,Luepke,DAL,RB,23,-3
average,15414,RB,21.560000000000002,7.155920625607862,0.6866666666666674,17.006,26.114,-101.26333333333334,-90.74500000000002,-122.184,517,523,583,130,15,332.21,98.17,11.01,0.47,NA,NA,NA,1.1280000000000001,NA,Kene,Nwangwu,MIN,RB,25,-1
average,15725,RB,20.873333333333335,4.936459595026918,0.07333333333333414,17.428000000000004,25.735,-101.95,-90.32300000000001,-122.563,521,517,584,131,15,353.5,120.63,8.69,0.26,NA,NA,NA,NA,NA,Snoop,Conner,JAC,RB,24,-2
average,14072,RB,20.8,NA,0.40000000000000213,20.8,20.8,-102.02333333333334,-86.95100000000002,-127.498,522,490,601,132,15,NA,NA,NA,NA,NA,NA,NA,NA,NA,Benny,Snell,DET,RB,25,1
average,11193,RB,20.4,NA,0.3533333333333317,20.4,20.4,-102.42333333333335,-87.35100000000003,-127.898,524,494,602,133,15,NA,NA,NA,NA,NA,NA,NA,NA,NA,Giovani,Bernard,FA,RB,32,7
average,14083,RB,20.046666666666667,7.354252737928807,0.09166666666666856,13.064,26.159000000000002,-102.77666666666667,-94.68700000000001,-122.139,527,550,582,134,15,377.71,117.21,11.95,0.56,NA,NA,NA,NA,NA,Travis,Homer,CHI,RB,25,1
average,15462,RB,19.955,2.7506453788156704,0.17499999999999716,18.2045,21.705499999999997,-102.86833333333334,-89.54650000000002,-126.5925,528,511,600,135,15,350.67,120.17,15.36,0.68,NA,NA,NA,NA,NA,Gary,Brightwell,NYG,RB,24,-1
average,15040,RB,19.78,8.796408357960651,0.4750000000000014,14.182,25.378,-103.04333333333334,-93.56900000000002,-122.92,529,543,585,136,15,NA,NA,NA,0.18,NA,NA,NA,NA,NA,Ty'Son,Williams,ARI,RB,27,0
average,16359,RB,19.305,7.06399674405361,0.3049999999999997,14.809500000000002,23.800500000000003,-103.51833333333335,-92.94150000000002,-124.4975,533,541,590,137,15,343,110.67,8.99,0.32,NA,NA,NA,2.5440000000000005,NA,Lew,Nichols,GBP,RB,22,-3
average,14095,RB,19,NA,0.08999999999999986,19,19,-103.82333333333334,-88.75100000000002,-129.298,535,501,604,138,15,353.44,110.13,11.61,0.84,NA,NA,NA,NA,NA,Ty,Johnson,FA,RB,26,1
average,12635,RB,18.91,NA,0.6400000000000006,18.91,18.91,-103.91333333333334,-88.84100000000002,-129.388,537,504,605,139,15,NA,122.5,9.5,0.66,NA,NA,NA,NA,NA,Jonathan,Williams,WAS,RB,29,4
average,15270,RB,18.27,NA,0.6400000000000006,18.27,18.27,-104.55333333333334,-89.48100000000002,-130.028,540,509,606,140,15,343,116.5,15.14,0.97,NA,NA,NA,NA,NA,Demetric,Felton,CLE,RB,25,-1
average,15270,RB,18.27,NA,0.6400000000000006,18.27,18.27,-104.55333333333334,-89.48100000000002,-130.028,540,509,606,140,15,343,151.75,30.09,0.99,NA,NA,NA,NA,NA,Demetric,Felton,CLE,RB,25,-1
average,10932,RB,17.63,3.6345288552988535,0.06499999999999773,15.317000000000002,19.942999999999998,-105.19333333333334,-92.43400000000001,-128.35500000000002,543,536,603,141,15,337.8,117.22,14.51,0.64,NA,NA,NA,NA,NA,Brandon,Bolden,LVR,RB,33,8
average,15953,RB,17.565,8.393357492684318,0.495000000000001,12.223500000000001,22.9065,-105.25833333333334,-95.52750000000002,-125.39150000000001,544,560,593,142,15,NA,110.5,10.5,0.46,NA,NA,NA,NA,NA,Brittain,Brown,LVR,RB,26,-2
average,16380,RB,17.07,NA,0.14999999999999858,17.07,17.07,-105.75333333333333,-90.68100000000001,-131.228,547,520,607,143,15,284.57,84.08,15.38,0.98,147.95,61.38000000000001,399.05,2.984,1.984,Deneric,Prince,KCC,RB,23,-3
average,15960,RB,16.92,9.022682527940347,0.26000000000000156,11.178,22.662,-105.90333333333334,-96.57300000000002,-125.636,548,573,594,144,15,NA,135.8,10.85,0.49,NA,NA,NA,NA,NA,Zander,Horvath,LAC,RB,25,-2
average,13619,RB,16.66,NA,0.04999999999999716,16.66,16.66,-106.16333333333334,-91.09100000000002,-131.638,549,527,608,145,15,NA,128,7.07,0.31,NA,NA,NA,NA,NA,John,Kelly,CLE,RB,27,2
average,15718,RB,16.610000000000003,NA,0.490000000000002,16.610000000000003,16.610000000000003,-106.21333333333334,-91.14100000000002,-131.688,550,528,609,146,15,355.5,118.6,8.55,0.54,NA,NA,NA,NA,NA,Tyler,Badie,DEN,RB,23,-2
average,14811,RB,16.12,NA,0.4400000000000013,16.12,16.12,-106.70333333333333,-91.63100000000001,-132.178,552,531,610,147,15,330.58,95.08,7.69,0.42,NA,NA,NA,NA,NA,Salvon,Ahmed,MIA,RB,25,0
average,16172,RB,15.68,NA,0.48999999999999844,15.68,15.68,-107.14333333333335,-92.07100000000003,-132.618,557,533,611,148,15,384.33,117.36,7.43,0.38,NA,NA,NA,3.7680000000000007,NA,Mohamed,Ibrahim,DET,RB,25,-3
average,14828,RB,15.190000000000001,NA,0.990000000000002,15.190000000000001,15.190000000000001,-107.63333333333334,-92.56100000000002,-133.108,560,539,612,149,15,315,104.33,13.6,0.94,NA,NA,NA,NA,NA,Tony,Jones,DEN,RB,26,0
average,14086,RB,14.2,NA,1.2199999999999989,14.2,14.2,-108.62333333333333,-93.55100000000002,-134.098,571,542,613,150,15,358,111.58,13.94,0.95,NA,NA,NA,NA,NA,Justice,Hill,BAL,RB,26,1
average,15046,RB,12.98,NA,0.34999999999999964,12.98,12.98,-109.84333333333333,-94.771000000000015,-135.318,585,552,614,151,15,NA,NA,NA,NA,NA,NA,NA,NA,NA,Kirk,Merritt,NOS,WR,26,0
average,15103,RB,12.63,NA,1.4700000000000006,12.63,12.63,-110.19333333333334,-95.12100000000002,-135.668,595,556,615,152,15,NA,137,9.22,0.63,NA,NA,NA,NA,NA,Reggie,Gilliam,BUF,RB,26,0
average,16178,RB,11.16,NA,0.15000000000000036,11.16,11.16,-111.66333333333334,-96.59100000000002,-137.138,604,575,617,153,15,320.8,110.25,13.6,0.94,NA,NA,NA,2.6880000000000006,NA,Keaton,Mitchell,BAL,RB,NA,-3
average,14420,RB,11.01,NA,0.5899999999999981,11.01,11.01,-111.81333333333333,-96.74100000000001,-137.288,607,577,618,154,15,NA,120.4,11.79,0.87,NA,NA,NA,NA,NA,Alec,Ingold,MIA,RB,27,1
average,13868,RB,10.420000000000002,NA,0.0400000000000027,10.420000000000002,10.420000000000002,-112.40333333333334,-97.33100000000002,-137.878,609,592,619,155,15,363.6,114.07,10.15,0.75,NA,NA,NA,NA,NA,Mike,Boone,HOU,RB,28,2
average,14808,RB,10.379999999999999,NA,0.16999999999999993,10.379999999999999,10.379999999999999,-112.44333333333334,-97.37100000000002,-137.918,611,594,620,156,15,NA,131.17,5.05,0.1,NA,NA,NA,NA,NA,Darrynton,Evans,BUF,RB,25,0
average,15272,RB,10.209999999999999,NA,0.29999999999999893,10.209999999999999,10.209999999999999,-112.61333333333334,-97.54100000000003,-138.088,613,597,621,157,15,NA,129,12.25,0.92,NA,NA,NA,NA,NA,Larry,Rountree,LAC,RB,25,-1
average,15454,RB,9.91,4.228498551495554,0.16999999999999993,7.219,12.600999999999999,-112.91333333333334,-100.53200000000002,-135.697,614,625,616,158,15,NA,123.33,8.18,0.23,NA,NA,NA,NA,NA,Avery,Williams,ATL,RB,25,-1
average,15257,RB,9.74,NA,0.1999999999999993,9.74,9.74,-113.08333333333334,-98.01100000000002,-138.558,615,599,622,159,15,355.67,117,8.51,0.53,NA,NA,NA,NA,NA,Trey,Sermon,PHI,RB,24,-1
average,15748,RB,9.540000000000001,NA,0.09999999999999964,9.540000000000001,9.540000000000001,-113.28333333333333,-98.21100000000001,-138.758,616,603,623,160,15,NA,122.09,9.82,0.69,NA,NA,NA,NA,NA,Trestan,Ebner,CHI,RB,24,-2
average,12923,RB,9.440000000000001,NA,0.6300000000000008,9.440000000000001,9.440000000000001,-113.38333333333334,-98.31100000000002,-138.858,618,604,624,161,16,NA,127,13.37,0.93,NA,NA,NA,NA,NA,C.J.,Ham,MIN,RB,30,4
average,15965,RB,8.81,NA,0.14000000000000057,8.81,8.81,-114.01333333333334,-98.94100000000002,-139.488,619,609,625,162,16,NA,126.43,5.07,0.1,NA,NA,NA,NA,NA,Julius,Chestnut,TEN,RB,23,-2
average,14098,RB,8.67,NA,0.2599999999999998,8.67,8.67,-114.15333333333334,-99.08100000000002,-139.62800000000001,620,612,626,163,16,NA,NA,NA,NA,NA,NA,NA,NA,NA,Damarea,Crockett,NYJ,RB,26,1
average,15480,RB,8.41,NA,0.019999999999999574,8.41,8.41,-114.41333333333334,-99.34100000000002,-139.888,621,613,628,164,16,NA,NA,NA,NA,NA,NA,NA,NA,NA,Jake,Funk,IND,RB,25,-1
average,15262,RB,8.39,NA,0.07000000000000028,8.39,8.39,-114.43333333333334,-99.36100000000002,-139.90800000000002,622,615,629,165,16,NA,137.33,11.03,0.81,NA,NA,NA,NA,NA,Jermar,Jefferson,DET,RB,23,-1
average,14806,RB,8.32,NA,0.8300000000000001,8.32,8.32,-114.50333333333333,-99.43100000000001,-139.978,623,616,630,166,16,NA,NA,NA,NA,NA,NA,NA,NA,NA,Lamical,Perine,KCC,RB,25,0
average,15042,RB,7.49,NA,0.02999999999999936,7.49,7.49,-115.33333333333334,-100.26100000000002,-140.808,625,619,631,167,16,NA,139,9,0.6,NA,NA,NA,NA,NA,Jonathan,Ward,TEN,RB,26,0
average,14097,RB,7.460000000000001,NA,0.11000000000000032,7.460000000000001,7.460000000000001,-115.36333333333334,-100.29100000000003,-140.838,626,620,632,168,16,NA,NA,NA,NA,NA,NA,NA,NA,NA,Qadree,Ollison,JAC,RB,27,1
average,13455,RB,7.3500000000000005,NA,0.08000000000000007,7.3500000000000005,7.3500000000000005,-115.47333333333334,-100.40100000000002,-140.948,627,621,633,169,16,NA,129.89,10.95,0.81,NA,NA,NA,NA,NA,Patrick,Ricard,BAL,RB,29,3
average,15054,RB,7.3500000000000005,NA,0,7.3500000000000005,7.3500000000000005,-115.47333333333334,-100.40100000000002,-140.948,627,621,633,169,16,NA,82,9.87,0.7,NA,NA,NA,NA,NA,Giovanni,Ricci,CAR,TE,27,0
average,14612,RB,7.2700000000000005,NA,0.04999999999999982,7.2700000000000005,7.2700000000000005,-115.55333333333334,-100.48100000000002,-141.028,628,622,634,170,16,NA,NA,NA,NA,NA,NA,NA,NA,NA,Patrick,Laird,TBB,RB,28,1
average,15276,RB,7.220000000000001,NA,0.040000000000000036,7.220000000000001,7.220000000000001,-115.60333333333334,-100.53100000000002,-141.078,629,624,635,171,16,NA,NA,NA,NA,NA,NA,NA,NA,NA,Spencer,Brown,CAR,RB,25,-1
average,14011,RB,7.180000000000001,NA,0.20000000000000018,7.180000000000001,7.180000000000001,-115.64333333333333,-100.57100000000001,-141.118,630,626,636,172,16,NA,NA,NA,NA,NA,NA,NA,NA,NA,Godwin,Igwebuike,ATL,RB,29,2
average,13906,RB,6.98,NA,0.09999999999999964,6.98,6.98,-115.84333333333333,-100.77100000000002,-141.318,631,627,637,173,16,NA,NA,NA,NA,NA,NA,NA,NA,NA,Jason,Cabinda,DET,LB,27,2
average,15503,RB,6.880000000000001,NA,0.08999999999999986,6.880000000000001,6.880000000000001,-115.94333333333334,-100.87100000000002,-141.418,632,628,638,174,16,NA,NA,NA,NA,NA,NA,NA,NA,NA,Nate,McCrary,GBP,RB,24,-1
average,15260,RB,6.790000000000001,NA,0.010000000000000675,6.790000000000001,6.790000000000001,-116.03333333333333,-100.96100000000001,-141.508,633,629,639,175,16,NA,124,18.83,0.98,NA,NA,NA,NA,NA,Jaret,Patterson,WAS,RB,24,-1
average,15726,RB,6.78,NA,0.22999999999999954,6.78,6.78,-116.04333333333334,-100.97100000000002,-141.518,634,630,640,176,16,NA,128,7.35,0.36,NA,NA,NA,NA,NA,Ronnie,Rivers,LAR,RB,24,-2
average,15488,RB,6.550000000000001,NA,0.3150000000000004,6.550000000000001,6.550000000000001,-116.27333333333334,-101.20100000000002,-141.748,635,631,641,177,16,NA,NA,NA,NA,NA,NA,NA,NA,NA,Gerrid,Doaks,HOU,RB,25,-1
average,12040,RB,6.235,3.7688791437242983,0.3650000000000002,3.8365000000000005,8.6335,-116.58833333333334,-103.91450000000002,-139.6645,636,638,627,178,16,NA,133.67,10.21,0.34,NA,NA,NA,NA,NA,Keith,Smith,ATL,RB,31,6
average,16390,RB,5.87,NA,0.9299999999999997,5.87,5.87,-116.95333333333333,-101.88100000000001,-142.428,637,633,642,179,16,NA,111,20.41,0.99,NA,NA,NA,NA,NA,Jaleel,McLaughlin,DEN,RB,24,-3
average,12325,RB,4.94,NA,0.040000000000000036,4.94,4.94,-117.88333333333334,-102.81100000000002,-143.358,638,635,643,180,16,NA,143.33,9.29,0.63,NA,NA,NA,NA,NA,Michael,Burton,DEN,RB,31,5
average,15650,RB,4.9,NA,0.47000000000000064,4.9,4.9,-117.92333333333333,-102.85100000000001,-143.398,639,636,644,181,16,NA,149.5,7.5,0.39,NA,NA,NA,NA,NA,Adam,Prentice,NOS,RB,26,-1
average,14973,RB,4.43,NA,0.6399999999999997,4.43,4.43,-118.39333333333335,-103.32100000000003,-143.868,640,637,645,182,16,NA,NA,NA,NA,NA,NA,NA,NA,NA,Jason,Huntley,IND,RB,25,0
average,14552,RB,3.79,NA,0.7899999999999996,3.79,3.79,-119.03333333333333,-103.96100000000001,-144.508,641,639,646,183,16,NA,147.5,6.5,0.25,NA,NA,NA,NA,NA,Khari,Blasingame,CHI,RB,27,1
average,14359,RB,3.0000000000000004,NA,1.1200000000000003,3.0000000000000004,3.0000000000000004,-119.82333333333334,-104.75100000000002,-145.298,642,640,647,184,16,NA,145.33,7.13,0.32,NA,NA,NA,NA,NA,Jakob,Johnson,LVR,RB,29,1
average,15730,RB,1.8800000000000001,NA,1.1500000000000001,1.8800000000000001,1.8800000000000001,-120.94333333333334,-105.87100000000002,-146.418,643,641,648,185,16,NA,NA,NA,NA,NA,NA,NA,NA,NA,Tyler,Goodson,GBP,RB,23,-2
average,16388,RB,0.73,NA,0,0.73,0.73,-122.09333333333333,-107.02100000000002,-147.568,644,642,649,186,16,NA,NA,NA,NA,NA,NA,NA,NA,NA,Khalan,Laborn,SFO,RB,24,-3
average,14836,WR,193.74,9.170997764692778,3.143333333333345,187.04,202.736,78.78666666666668,84.93999999999998,79.52599999999998,11,7,6,1,1,1.72,1.19,0.46,0.06,2.015,0.5560500576986452,8.985,52.647999999999996,10.83599532422687,Justin,Jefferson,MIN,WR,24,0
average,13164,WR,190.59666666666666,8.694712952900366,3.780000000000001,182.019,196.239,75.64333333333333,79.919,73.029,12,9,9,2,1,9.42,4.34,1.64,0.09,9.04,2.8192197502145877,2.960000000000001,42.334,7.060203396503532,Cooper,Kupp,LAR,WR,30,3
average,15281,WR,186.81666666666666,12.549933598761912,15.813333333333333,174.87500000000003,197.195,71.86333333333333,72.77500000000002,73.98499999999999,14,12,8,3,2,3.79,2.12,0.68,0.16,4.306666666666667,0.7076643900104687,9.693333333333333,48.33266666666667,10.933499632881603,Ja'Marr,Chase,CIN,WR,23,-1
average,12801,WR,171.00333333333333,21.17182168197467,1.664999999999992,155.375,191.74399999999997,56.05,53.27499999999999,68.53399999999996,19,26,11,4,2,8.02,3.45,0.99,0.42,9.128333333333334,1.7412200384277174,9.871666666666666,45.48866666666667,5.468527244352194,Tyreek,Hill,MIA,WR,29,4
average,12186,WR,169.33833333333334,7.798510007259942,2.653333333333336,163.70450000000002,176.99750000000003,54.385000000000005,61.604500000000016,53.78750000000002,21,19,22,5,2,12.23,5.82,1.32,0.07,13.678333333333333,2.291029002192877,7.321666666666667,43.094,6.31813411274774,Stefon,Diggs,BUF,WR,30,5
average,11675,WR,166.685,9.703722223971594,0.471666666666664,157.2465,174.15300000000002,51.73166666666667,55.14649999999999,50.94300000000001,23,23,24,6,3,15.1,7.61,2.03,0.15,16.993333333333332,2.306358360899036,6.006666666666668,39.67866666666667,6.581274716108493,Davante,Adams,LVR,WR,31,6
average,14832,WR,166.21333333333334,12.937041135179765,3.386666666666656,157.83499999999998,178.976,51.260000000000005,55.73499999999997,55.76599999999999,25,21,20,7,3,13.7,6.72,1.54,0.22,15.155000000000001,2.2397749142864036,9.844999999999999,36.942,4.576858602433184,CeeDee,Lamb,DAL,WR,24,0
average,14104,WR,162.82666666666668,15.628951766939888,2.0600000000000023,147.482,171.89,47.87333333333335,45.38199999999999,48.67999999999998,29,31,27,8,3,13.05,6.36,1.65,0.31,15.138333333333334,1.2288397870439502,13.861666666666666,34.70733333333334,3.813222725668611,A.J.,Brown,PHI,WR,26,1
average,14136,WR,160.76666666666668,22.294636873771537,14.686666666666667,146.705,182.75000000000003,45.81333333333335,44.605000000000004,59.54000000000002,32,32,17,9,4,34.64,16.32,3.6,0.55,39.94166666666666,3.6750574447513356,-7.941666666666663,20.107333333333333,5.603765480063881,Deebo,Samuel,SFO,WR,27,1
average,15284,WR,146.08,15.6282180686091,0.818333333333328,131.37,159.306,31.12666666666668,29.269999999999996,36.096000000000004,42,47,31,10,4,20.87,10.8,0.94,0.28,23.773333333333333,1.4136909924811087,18.226666666666667,27.216,3.5421545232621736,Jaylen,Waddle,MIA,WR,25,-1
average,14835,WR,145.26166666666668,10.142983206795398,0.7750000000000057,135.714,153.8445,30.30833333333335,33.61399999999999,30.634500000000003,43,41,38,11,4,27.53,13.68,2.02,0.16,33.22833333333333,3.7043416719063895,9.771666666666668,22.735333333333333,2.8374572341368527,Tee,Higgins,CIN,WR,24,0
average,15287,WR,144.48666666666668,14.422708945733232,5.840000000000003,130.73,156.344,29.533333333333346,28.62999999999998,33.133999999999986,44,50,37,12,5,17.45,8.72,1.61,0.28,20.64,3.706746102266335,23.36,31.41,3.895749820851776,Amon-Ra,St. Brown,DET,WR,24,-1
average,13635,WR,138.64666666666668,10.364267139230499,0.9133333333333553,130.271,148.595,23.693333333333342,28.170999999999978,25.38499999999999,54,51,46,13,5,44.74,20.32,4.57,0.31,54.06,6.969086501591631,-0.060000000000002274,15.282,6.839838789523236,D.J.,Moore,CHI,WR,26,2
average,14833,WR,137.73333333333332,4.571742920739671,1.1233333333333064,133.225,140.82999999999998,22.779999999999987,31.124999999999986,17.619999999999976,55,45,62,14,5,47.6,21.58,3.98,0.09,58.26833333333333,6.7327963894820275,-3.268333333333331,12.731333333333334,5.5390243023679036,Jerry,Jeudy,DEN,WR,24,0
average,13629,WR,136.61,5.246732316404174,0.021666666666675383,133.27100000000002,139.94899999999998,21.65666666666668,31.171000000000006,16.738999999999976,56,44,65,15,5,44.29,20.39,4.41,0.13,39.660000000000004,3.6883645879079436,16.339999999999996,24.346000000000004,11.38156134573226,Calvin,Ridley,JAC,WR,29,2
average,12175,WR,136.58833333333334,17.670809498529866,1.9583333333333428,119.22050000000002,149.258,21.635000000000005,17.120500000000007,26.048000000000002,57,63,44,16,5,32.14,15.18,2.98,0.42,42.325,5.83798409841388,14.674999999999997,18.877333333333336,3.0802966668091503,Amari,Cooper,CLE,WR,29,5
average,15282,WR,134.63,8.120030788118973,0.13333333333332575,127.049,141.602,19.676666666666662,24.948999999999998,18.391999999999996,59,53,61,17,5,34.17,16.05,1.98,0.1,31.368333333333332,4.259528208094831,27.631666666666668,22.171333333333333,2.884115731997513,DeVonta,Smith,PHI,WR,25,-1
average,15753,WR,134.49666666666667,22.166439347205333,1.711666666666673,112.64500000000002,148.36599999999999,19.543333333333337,10.545000000000016,25.155999999999977,60,77,47,18,5,18.99,9.64,1.78,0.47,22.111666666666665,4.8374904536225065,37.888333333333335,31.218000000000004,4.9000933324444595,Garrett,Wilson,NYJ,WR,23,-2
average,11222,WR,132.785,10.123078830079317,0.17500000000001137,123.631,141.8515,17.831666666666663,21.53099999999999,18.64149999999998,62,58,58,19,5,47.71,21.69,2.95,0.21,50.07333333333333,5.842561272440557,11.92666666666667,20.111333333333334,7.096090253716402,Keenan,Allen,LAC,WR,31,7
average,11671,WR,132.60999999999999,15.600009615381646,0.17833333333331325,118.56299999999999,146.64299999999997,17.656666666666652,16.46299999999998,23.432999999999964,63,66,49,20,5,67.79,30.43,4.42,0.42,78.13666666666667,7.422321439789274,-15.13666666666667,11.341333333333335,8.211721919846587,Mike,Evans,TBB,WR,30,6
average,13154,WR,132.43166666666667,16.925684870436797,0.023333333333340533,116.38800000000002,146.55149999999998,17.47833333333334,14.288000000000011,23.341499999999968,64,69,50,21,5,60.49,27.01,4.71,0.46,65.77,10.316921375423323,-1.769999999999996,10.867333333333335,6.266439783126906,Mike,Williams,LAC,WR,29,3
average,14102,WR,132.40833333333333,9.989497401437832,0.09981099656357628,122.81150000000001,140.4605,17.455,20.7115,17.250499999999988,65,59,64,22,5,35.72,16.59,2.4,0.17,37.88666666666667,5.21654632449052,27.11333333333333,23.250666666666667,6.0467347294956575,DK,Metcalf,SEA,WR,26,1
average,14109,WR,132.30852233676976,13.328020376973559,5.211855670103091,119.47200000000002,142.96701030927835,17.355189003436422,17.372000000000014,19.757010309278343,66,62,56,23,6,49.09,21.99,2.81,0.31,54.01,7.107770395841443,11.990000000000002,15.086666666666668,6.014079776287938,Terry,McLaurin,WAS,WR,28,1
average,15754,WR,127.09666666666666,16.842334557101427,0.6422864321607875,111.429,141.64199999999997,12.14333333333333,9.328999999999994,18.43199999999996,70,78,60,24,6,26.97,13.32,1.81,0.35,31.871666666666666,7.21936843190286,38.12833333333333,24.39666666666667,2.273211140411045,Chris,Olave,NOS,WR,23,-2
average,13633,WR,126.45438023450588,5.978173345959275,2.971046901172528,121.92082663316583,132.28600000000003,11.501046901172543,19.820826633165822,9.076000000000022,71,60,75,25,6,63.8,28.69,3.99,0.13,74.34333333333333,8.353499599303008,-3.3433333333333337,10.358,6.370742081317269,Christian,Kirk,JAC,WR,27,2
average,14105,WR,123.48333333333335,12.308973691308852,3.8466666666666782,114.045,135.465,8.530000000000015,11.944999999999993,12.254999999999995,76,74,68,26,6,73.95,33.31,4.49,0.35,93.29166666666667,14.138537662085927,-17.29166666666667,9.144000000000002,6.649718189517509,Marquise,Brown,ARI,WR,26,1
average,15789,WR,119.63666666666667,42.59696037669042,0.8400000000000034,77.82100000000001,144.28600000000003,4.683333333333337,-24.278999999999996,21.076000000000022,80,195,55,27,6,47.94,21.84,4.86,0.87,59.685,9.843235833132653,20.314999999999998,9.640666666666666,3.9920154753652395,Christian,Watson,GBP,WR,24,-2
average,11232,WR,118.79666666666667,21.71864713404897,0.026666666666670835,97.455,131.54700000000003,3.8433333333333337,-4.64500000000001,8.337000000000018,84,109,79,28,6,54,24.11,4.78,0.59,55.425,5.250500769767902,28.575000000000003,16.631333333333334,5.914404187142514,DeAndre,Hopkins,TEN,WR,31,7
average,14840,WR,118.77,3.9509112872855017,0.2799999999999869,115.715,122.609,3.816666666666663,13.614999999999995,-0.6010000000000133,85,70,98,29,6,57.08,26.01,4.27,0.09,74.36166666666666,8.05059090308835,10.638333333333335,9.153333333333334,3.700246238052574,Brandon,Aiyuk,SFO,WR,25,0
average,11674,WR,118.49000000000001,10.622066653904973,0.8600000000000136,108.23200000000001,126.90700000000001,3.536666666666676,6.132000000000005,3.6970000000000027,87,84,88,30,7,95.76,41.45,3.46,0.26,102.27666666666667,6.842203998387918,-15.27666666666667,7.831333333333334,6.05082833631525,Brandin,Cooks,DAL,WR,30,6
average,14845,WR,117.63,NA,0.22999999999998977,117.63,117.63,2.6766666666666623,15.529999999999987,-5.5800000000000125,88,68,117,31,7,80.72,35.95,5.43,0.23,97.195,12.841638978988106,-9.194999999999993,6.154666666666667,3.8787287722769292,Gabriel,Davis,BUF,WR,24,0
average,12187,WR,117.4,4.385487430149584,0.0833333333333286,113.58500000000001,121.46000000000001,2.4466666666666725,11.485,-1.75,89,75,104,32,7,62.43,28.11,5.08,0.15,72.25,10.716852771841802,16.75,12.391333333333334,5.02878284367986,Tyler,Lockett,SEA,WR,31,5
average,15751,WR,117.31666666666668,6.9774231155444015,0.6800000000000068,110.464,121.381,2.363333333333344,8.36399999999999,-1.8290000000000077,90,80,106,33,7,58.05,26.19,3.5,0.14,66.48,7.073000306329227,23.519999999999996,11.032666666666668,2.952612553127974,Drake,London,ATL,WR,22,-2
average,13163,WR,116.63666666666667,10.62412506201491,1.596666666666664,106.16,123.35900000000001,1.6833333333333371,4.059999999999988,0.1490000000000009,91,88,95,34,7,67.91,30.65,3.66,0.27,74.805,10.659671273855805,16.194999999999993,12.199333333333334,6.685203628578232,Chris,Godwin,TBB,WR,27,3
average,14208,WR,115.04,15.3257071614983,0.08666666666667311,101.307,128.89200000000002,0.08666666666667311,-0.7930000000000064,5.682000000000016,95,98,81,35,7,73.23,32.89,3.76,0.39,89.05333333333333,9.735492911107388,5.9466666666666725,10.023333333333335,6.616717883932757,Diontae,Johnson,PIT,WR,27,1
average,14842,WR,114.95333333333333,29.109809915788407,1.8523809523809405,89.36100000000002,141.696,0,-12.73899999999999,18.48599999999999,96,147,59,36,7,77.09,34.16,4.45,0.7,87.85166666666666,18.065212810506523,8.14833333333334,8.366,3.9540888541693997,Michael,Pittman,IND,WR,26,0
average,15755,WR,113.10095238095239,9.50387078320963,1.0626190476190516,103.74657142857144,118.837,-1.8523809523809405,1.6465714285714341,-4.373000000000005,103,93,114,37,7,76.23,34.28,4.4,0.28,92.86333333333333,10.889081177440492,10.13666666666667,5.510000000000001,3.268465491123728,Jahan,Dotson,WAS,WR,23,-2
average,13630,WR,112.03833333333334,26.808774838349727,0.951666666666668,93.04,138.4135,-2.914999999999992,-9.060000000000002,15.203499999999991,105,129,66,38,7,97.07,42.62,4.77,0.68,114.15,19.38965531754841,-9.150000000000006,7.105333333333334,5.771045274086451,Courtland,Sutton,DEN,WR,28,2
average,12652,WR,111.08666666666667,13.937364648072222,1.3714473684210446,102.99200000000002,124.77199999999999,-3.86666666666666,0.8920000000000101,1.5619999999999834,108,94,92,39,7,114.8,50.16,6.41,0.46,108.37166666666667,7.133812483907573,-0.3716666666666697,7.932666666666667,6.211499085477587,Michael,Thomas,NOS,WR,30,4
average,15762,WR,109.71521929824563,13.114341943763684,0.4052192982456262,96.81809210526318,117.51300000000002,-5.238114035087705,-5.2819078947368325,-5.6969999999999885,113,114,118,40,7,80.57,36.03,4.48,0.37,86.14833333333333,11.75924376347769,26.851666666666674,6.758666666666667,3.366153624275372,George,Pickens,PIT,WR,22,-2
average,16186,WR,109.31,0.014142135623738184,4.068333333333328,109.301,109.319,-5.643333333333331,7.200999999999993,-13.891000000000005,114,81,145,41,8,88.36,39.55,5.98,0.07,99.14833333333333,28.90677049681537,14.851666666666674,14.262666666666666,14.830000704278097,Jordan,Addison,MIN,WR,21,-3
average,13156,WR,105.24166666666667,17.65634612068231,1.3383333333333383,89.859,121.5705,-9.711666666666659,-12.241000000000014,-1.6395000000000124,129,145,103,42,8,112.95,48.64,6.45,0.57,117.49333333333334,13.863836249593962,11.50666666666666,5.196000000000001,4.779872243759939,JuJu,Smith-Schuster,NEP,WR,27,3
average,15289,WR,103.90333333333334,5.8992400640534495,0.46333333333332405,99.32600000000001,109.631,-11.049999999999997,-2.774000000000001,-13.579000000000008,134,104,142,43,8,111.66,49.2,8.03,0.35,110.58500000000001,13.072806061949109,23.414999999999992,4.590666666666667,2.4735751903312386,Kadarius,Toney,KCC,WR,24,-1
average,15752,WR,103.44000000000001,6.826660970049705,0.9133333333333411,96.70500000000001,107.928,-11.513333333333321,-5.394999999999996,-15.28200000000001,138,115,150,44,8,88.58,39.07,5.39,0.24,109.2,18.034319135100905,28.799999999999997,3.8713333333333333,2.051215141216434,Treylon,Burks,TEN,WR,23,-2
average,14974,WR,102.52666666666667,26.712087775636952,0.4266666666666623,85.27300000000001,128.878,-12.426666666666662,-16.826999999999998,5.667999999999978,142,165,82,45,8,133.94,57.07,7.58,0.74,147.67000000000002,21.79317691388752,-5.670000000000016,2.208,1.3415692304163809,Darnell,Mooney,CHI,WR,26,0
average,13277,WR,102.10000000000001,NA,0.6700000000000017,102.10000000000001,102.10000000000001,-12.853333333333325,0,-21.11,144,96,168,46,8,313.56,121.78,14.47,0.83,NA,NA,NA,NA,NA,Kenny,Golladay,FA,WR,30,3
average,16190,WR,101.43,0.8061017305526645,0.04000000000000625,100.917,101.943,-13.523333333333326,-1.183000000000007,-21.26700000000001,145,99,170,47,8,108.08,46.73,7.06,0.14,114.65833333333333,29.81394775194247,30.34166666666667,11.35266666666667,11.922110588687262,Zay,Flowers,BAL,WR,23,-3
average,15293,WR,101.39,15.44287214218909,0.01999999999999602,92.29500000000002,116.568,-13.563333333333333,-9.804999999999993,-6.64200000000001,146,134,120,48,8,106.8,46.38,6.83,0.52,124.76833333333333,24.05914892971533,21.23166666666667,2.7233333333333336,2.0667903188814836,Rashod,Bateman,BAL,WR,24,-1
average,16185,WR,101.37,1.9374725804511466,0.15333333333333599,100.137,102.60300000000001,-13.583333333333329,-1.963000000000008,-20.607,147,102,166,49,8,89.78,39.86,5.48,0.09,95.11333333333333,25.873935834262934,51.88666666666667,18.77666666666667,20.849435377380264,Jaxon,Smith-Njigba,SEA,WR,21,-3
average,13632,WR,101.21666666666667,12.01377681386387,1.13333333333334,93.58000000000003,113.065,-13.736666666666665,-8.519999999999982,-10.14500000000001,148,126,132,50,8,125.87,54.03,6.12,0.41,129.86833333333334,8.549410148594404,18.13166666666666,3.7993333333333337,3.376522997930795,Allen,Lazard,NYJ,WR,28,2
average,13793,WR,100.08333333333333,22.885603189195905,0.5666666666666629,81.6,122.055,-14.870000000000005,-20.500000000000014,-1.1550000000000011,152,177,99,51,8,181.21,71.71,9.75,0.73,171.26,23.708670706445496,-19.25999999999999,3.894,2.5140000000000002,Marquez,Valdes-Scantling,KCC,WR,29,2
average,11938,WR,99.51666666666667,13.604257911894104,2.296666666666667,91.055,112.925,-15.436666666666667,-11.045000000000002,-10.28500000000001,155,141,133,52,8,153.62,64.04,8.25,0.53,136.33833333333334,6.97446393798278,18.66166666666666,4.562,3.975153833501291,Adam,Thielen,CAR,WR,33,6
average,15290,WR,97.22,1.3119451208034576,1.0549999999999926,96.256,98.506,-17.733333333333334,-5.844000000000008,-24.704000000000008,163,116,180,53,8,126.2,53.95,6.68,0.14,139.63,12.469457085214257,23.370000000000005,3.0000000000000004,1.9972647963318904,Nico,Collins,HOU,WR,24,-1
average,14127,WR,96.165,3.6498527367552773,0.046666666666666856,93.617,99.7595,-18.788333333333327,-8.483000000000004,-23.450500000000005,167,125,176,54,8,120.63,51.77,6.25,0.18,133.06833333333333,16.821988999190584,33.93166666666667,2.922,2.2449843355058556,Jakobi,Meyers,LVR,WR,27,1
average,13668,WR,96.11833333333334,3.799218121315663,0.2049999999999983,93.643,99.8665,-18.834999999999994,-8.457000000000008,-23.343500000000006,168,124,175,55,8,138.52,58.73,7.65,0.28,142.325,26.96619782245914,25.67500000000001,3.5493333333333332,3.295631586745636,D.J.,Chark,CAR,WR,27,2
average,15288,WR,95.91333333333334,25.73670595343028,1.8266666666666822,79.571,121.29500000000002,-19.039999999999992,-22.52900000000001,-1.914999999999992,169,189,107,56,8,103.58,45.31,5.86,0.69,115.378,9.218109133656425,53.622,4.858,2.8604675608485177,Elijah,Moore,CLE,WR,23,-1
average,12650,WR,94.08666666666666,3.1375202522586743,1.3699999999999903,91.16099999999999,96.78599999999999,-20.866666666666674,-10.939000000000021,-26.42400000000002,174,139,186,57,9,138.73,59.28,5.13,0.11,147.77833333333334,16.551474674145776,26.221666666666664,3.8880000000000003,3.804911913128433,Tyler,Boyd,CIN,WR,29,4
average,14123,WR,92.71666666666667,20.427208162970622,0.19166666666666288,80.625,112.80000000000001,-22.236666666666665,-21.47500000000001,-10.409999999999997,178,185,135,58,9,198.29,77.49,7.64,0.66,183.70333333333332,20.577337588284408,-5.703333333333319,2.5200000000000005,1.3200000000000005,Hunter,Renfrow,LVR,WR,28,1
average,16188,WR,92.525,2.36880771697494,2.5049999999999955,91.0175,94.0325,-22.428333333333327,-11.08250000000001,-29.17750000000001,179,143,195,59,9,101.97,46.17,5.5,0.1,119.59333333333333,30.092235248020746,59.406666666666666,13.73266666666667,16.041240212513358,Quentin,Johnston,LAC,WR,22,-3
average,12176,WR,90.02000000000001,5.969731987283847,0.08500000000000796,84.17500000000001,94.44400000000002,-24.933333333333323,-17.924999999999997,-28.76599999999999,183,169,192,60,9,197.63,77.52,9.01,0.38,179.405,21.805000000000007,3.594999999999999,3.1690000000000005,1.9190000000000005,DeVante,Parker,NEP,WR,30,5
average,11679,WR,89.935,13.526952724098651,0.7833333333333314,81.32650000000001,98.5435,-25.01833333333333,-20.7735,-24.666500000000013,184,180,179,61,9,127.14,54.47,6.7,0.47,112.262,7.920155048987366,71.738,6.1673333333333344,5.136528096768177,Odell,Beckham,BAL,WR,31,6
average,13646,WR,89.15166666666667,18.866585762488487,0.23166666666666913,73.931,107.2715,-25.801666666666662,-28.16900000000001,-15.938500000000005,187,205,152,62,9,148.64,61.47,6.35,0.59,156.882,21.654786445495134,30.117999999999995,3.135333333333334,2.68973670747818,Michael,Gallup,DAL,WR,27,2
average,11680,WR,88.92,NA,1.8049999999999926,88.92,88.92,-26.03333333333333,-13.180000000000007,-34.290000000000006,188,149,217,63,9,331.5,120.42,8.88,0.54,214.43,NA,-26.430000000000007,NA,NA,Jarvis,Landry,FA,WR,31,6
average,16197,WR,87.11500000000001,2.241528496361347,0.1150000000000091,85.68850000000002,88.5415,-27.838333333333324,-16.41149999999999,-34.66850000000001,192,164,219,64,9,194.14,76.29,14.24,0.51,140.222,35.46061217745684,51.77799999999999,6.356666666666667,7.300202432505251,Jonathan,Mingo,CAR,WR,22,-3
average,14837,WR,87,NA,0.0899999999999892,87,87,-27.953333333333333,-15.100000000000009,-36.21000000000001,193,161,224,65,9,295.09,107.86,9.06,0.55,NA,NA,NA,NA,NA,KJ,Hamler,FA,WR,24,0
average,14841,WR,86.91000000000001,29.65291385344786,0.8966666666666612,69.70200000000001,116.025,-28.043333333333322,-32.397999999999996,-7.185000000000002,194,214,122,66,9,189.93,74.11,8.24,0.79,175.30666666666667,25.49349764591399,18.693333333333328,2.1790000000000003,0.7490000000000002,Chase,Claypool,CHI,WR,25,0
average,11678,WR,86.01333333333335,37.711591498282516,0.46333333333335247,61.90200000000001,123.21000000000001,-28.939999999999984,-40.198,0,196,232,96,67,9,223.83,85.82,8.85,0.88,206.85,NA,-10.849999999999994,2.3720000000000003,1.3720000000000003,Allen,Robinson,PIT,WR,30,6
average,13157,WR,85.55,1.7385338650713669,0.14333333333333087,84.43,87.265,-29.403333333333336,-17.67,-35.94500000000001,197,168,223,68,9,177.65,70.93,7.6,0.2,170.9375,24.94712846702,26.0625,2.0010000000000003,0.9510000000000002,Curtis,Samuel,WAS,WR,27,3
average,15779,WR,85.40666666666667,10.481800099855626,0.013333333333335418,75.422,94.052,-29.546666666666667,-26.67800000000001,-29.158,198,203,194,69,9,154.36,64.19,8.62,0.48,145.38,16.936135332477715,52.620000000000005,2.4546666666666668,0.8803049976507513,Romeo,Doubs,GBP,WR,23,-2
average,14858,WR,85.39333333333333,9.0454482107485,1.8035537190082636,77.868,93.978,-29.560000000000002,-24.232000000000014,-29.232000000000014,199,194,196,70,9,181.14,72.84,11.37,0.56,176.83499999999998,18.265,22.16500000000002,2.9290000000000003,1.6790000000000003,Van,Jefferson,LAR,WR,27,0
average,15756,WR,83.58977961432507,19.03314618933816,0.014779614325064472,65.47840495867769,99.328,-31.363553719008266,-36.62159504132232,-23.882000000000005,205,227,177,71,9,122.66,52.82,9.79,0.69,117.56833333333333,22.642004782164395,87.43166666666667,4.360666666666667,2.662780668566018,Jameson,Williams,DET,WR,22,-2
average,14849,WR,83.575,3.005203820042827,0.5649999999999977,81.6625,85.4875,-31.37833333333333,-20.437500000000014,-37.72250000000001,206,176,230,72,9,186.35,74.18,7.75,0.26,170.18333333333334,19.261938866295072,35.81666666666666,5.987,4.357000000000001,Isaiah,Hodgins,NYG,WR,25,0
average,15283,WR,83.01,7.191335063811168,0.25151012891345204,76.81,89.707,-31.943333333333328,-25.290000000000006,-33.503000000000014,207,200,213,73,9,158.15,65.42,8.26,0.38,147.732,19.31127277006879,59.268,2.0973333333333333,1.3721276260691724,Rondale,Moore,ARI,WR,23,-1
average,15766,WR,82.75848987108655,3.67430313482038,0.12133140114119101,80.56754696132596,86.37254696132597,-32.19484346224678,-21.53245303867405,-36.83745303867404,209,187,227,74,9,127.88,54.2,8.99,0.33,132.23333333333335,12.595639016033374,76.76666666666665,4.204666666666667,1.8399683572158398,Skyy,Moore,KCC,WR,23,-2
average,14977,WR,82.63715846994536,2.6789518919294846,0.13715846994536207,80.931,85.27932786885246,-32.31617486338797,-21.16900000000001,-37.930672131147546,210,182,231,75,9,169.64,69.26,7.7,0.24,156.50666666666666,5.4098757430790965,53.49333333333334,3.644000000000001,2.0440000000000005,K.J.,Osborn,MIN,WR,26,0
average,10271,WR,82.5,NA,0.01999999999999602,82.5,82.5,-32.45333333333333,-19.60000000000001,-40.71000000000001,211,175,238,76,9,311.14,117.42,17.65,0.91,NA,NA,NA,NA,NA,Julio,Jones,FA,WR,34,9
average,11228,WR,82.48,22.255149965794434,0.05999999999998806,66.609,104.364,-32.47333333333333,-35.491000000000014,-18.846000000000004,212,221,164,77,9,224.9,86.51,9.25,0.72,181.22,NA,30.78,3.416000000000001,2.416000000000001,Robert,Woods,HOU,WR,31,7
average,16080,WR,82.42000000000002,2.658721497261422,1.0816666666666777,80.72800000000001,84.11200000000001,-32.53333333333332,-21.372,-39.098,213,184,235,78,10,156.7,64.96,7.73,0.24,176.85500000000002,19.445000000000007,36.14499999999998,5.096,3.9760000000000004,Rashid,Shaheed,NOS,WR,25,-2
average,13809,WR,81.33833333333334,16.240140342168637,0.015000000000000568,70.321,97.35249999999999,-33.614999999999995,-31.77900000000001,-25.857500000000016,215,209,182,79,10,249.09,93.69,8.37,0.61,NA,NA,NA,1.2720000000000002,NA,Russell,Gage,TBB,WR,27,2
average,10738,WR,81.32333333333334,20.055384148236442,1.2199999999999989,67.136,101.057,-33.629999999999995,-34.96400000000001,-22.153000000000006,216,220,173,80,10,258.49,97.03,10.66,0.72,NA,NA,NA,2.3520000000000003,NA,Marvin,Jones,DET,WR,33,8
average,14857,WR,80.10333333333334,14.33459568084616,0.7900000000000063,65.965,89.743,-34.849999999999994,-36.135000000000005,-33.46700000000001,222,224,212,81,10,152.79,63.62,8.12,0.54,145.234,18.55609182990858,76.76599999999999,2.31,1.5981447577321235,Donovan,Peoples-Jones,CLE,WR,24,0
average,14113,WR,79.31333333333333,11.180810942562859,0.16166666666666174,70.126,89.98,-35.64,-31.974000000000004,-33.230000000000004,225,211,209,82,10,212.68,81.96,6.75,0.42,190.36333333333334,19.861655408237134,34.636666666666656,2.2990000000000004,0.6290000000000002,Mecole,Hardman,NYJ,WR,25,1
average,13176,WR,79.15166666666667,12.319923227574641,0.451666666666668,67.18750000000001,88.702,-35.80166666666666,-34.912499999999994,-34.50800000000001,226,219,218,83,10,154.6,64.04,7.08,0.46,145.90833333333333,21.822340553254648,80.09166666666667,3.684666666666667,3.5217746788925743,Zay,Jones,JAC,WR,28,3
average,10261,WR,78.7,NA,1.1099999999999994,78.7,78.7,-36.25333333333333,-23.400000000000006,-44.510000000000005,228,192,241,84,10,NA,NA,NA,NA,NA,NA,NA,NA,NA,A.J.,Green,FA,WR,35,9
average,16184,WR,77.59,NA,0.14000000000000057,77.59,77.59,-37.36333333333333,-24.510000000000005,-45.620000000000005,234,196,245,85,10,211.9,81.26,14.28,0.82,141.825,59.37499999999999,92.17500000000001,5.276000000000001,4.276000000000001,Jayden,Reed,GBP,WR,23,-3
average,15759,WR,77.45,NA,0.7199999999999989,77.45,77.45,-37.50333333333333,-24.650000000000006,-45.760000000000005,236,197,246,86,10,196.98,77.3,8.12,0.47,166.67666666666668,18.996631865207636,69.32333333333332,2.4400000000000004,1.1600000000000001,John,Metchie,HOU,WR,23,-2
average,15768,WR,76.73,19.35078551377179,0.7633333333333354,60.778000000000006,95.16700000000002,-38.22333333333333,-41.322,-28.042999999999992,238,236,191,87,10,166.55,67.76,7.96,0.65,172.20333333333332,9.140686820778592,65.79666666666668,1.613,0.403,Alec,Pierce,IND,WR,23,-2
average,15757,WR,75.96666666666667,18.397984491061337,3.631666666666675,58.915000000000006,91.94500000000002,-38.986666666666665,-43.185,-31.264999999999986,241,243,200,88,10,206.79,80.51,13.06,0.76,175.22333333333333,16.21410154430053,65.77666666666667,1.605,0.43500000000000005,Wan'Dale,Robinson,NYG,WR,22,-2
average,13153,WR,72.335,3.0398889782358864,3.6599999999999824,69.91699999999999,75.2675,-42.61833333333334,-32.18300000000002,-47.94250000000001,247,213,252,89,11,227.14,86.83,6.92,0.21,NA,NA,NA,2.1120000000000005,NA,Corey,Davis,NYJ,WR,28,3
average,14108,WR,68.67500000000001,3.853731957466686,0.0049999999999954525,66.2225,71.1275,-46.27833333333332,-35.87750000000001,-52.08250000000001,255,223,264,90,11,295.78,108.95,12.75,0.49,NA,NA,NA,2.2560000000000002,NA,Greg,Dortch,ARI,WR,25,1
average,13724,WR,68.67000000000002,35.11492275372396,0.585000000000008,46.32300000000001,91.01700000000001,-46.28333333333332,-55.777,-32.193,256,302,204,91,11,257.1,95.61,10.2,0.88,187.61666666666667,13.369079582712072,68.38333333333333,2.5450000000000004,1.2950000000000004,Richie,James,KCC,WR,28,2
average,14122,WR,68.08500000000001,3.938584771209055,1.0550000000000068,65.57850000000002,70.59149999999998,-46.868333333333325,-36.52149999999999,-52.618500000000026,257,226,267,92,11,197.98,76.66,11.6,0.44,192.925,18.125,64.07499999999999,3.0680000000000005,2.0680000000000005,Darius,Slayton,NYG,WR,26,1
average,13418,WR,67.03,16.362450916656716,1.1049999999999898,56.617000000000004,77.443,-47.92333333333333,-45.483000000000004,-45.76700000000001,262,248,247,93,11,267.12,99.24,7.32,0.57,NA,NA,NA,1.1280000000000001,NA,Kendrick,Bourne,NEP,WR,28,3
average,15319,WR,65.92500000000001,10.571246378738888,0.46422101449276454,59.197500000000005,72.6525,-49.02833333333332,-42.9025,-50.557500000000005,264,240,259,94,11,212.89,82.83,11.68,0.62,192.115,10.905000000000001,71.88499999999999,2.048,1.0480000000000003,Josh,Palmer,LAC,WR,24,-1
average,14112,WR,65.46077898550725,5.907400956392385,0.2641123188405743,60.846233695652174,71.18723369565218,-49.492554347826086,-41.253766304347835,-52.022766304347826,266,235,263,95,11,207.68,81.69,9.19,0.39,176.375,4.5049999999999955,89.625,2.7320000000000007,1.6120000000000005,Parris,Campbell,NYG,WR,26,1
average,15109,WR,65.19666666666667,9.290943619102064,0.013593749999998295,56.063,70.688,-49.75666666666666,-46.037000000000006,-52.522000000000006,267,251,266,96,11,296.76,108.92,6.74,0.37,NA,NA,NA,0.8160000000000002,NA,Nick,Westbrook-Ikhine,TEN,WR,26,0
average,12658,WR,65.18307291666667,18.233662384541688,1.2130729166666754,47.21400000000001,76.49029687500001,-49.77026041666666,-54.885999999999996,-46.719703124999995,268,297,251,97,11,262.55,99.64,13.17,0.77,NA,NA,NA,2.4240000000000004,NA,Sterling,Shepard,NYG,WR,30,4
average,13313,WR,63.97,28.468119010570398,0.5649999999999977,45.85300000000001,82.087,-50.983333333333334,-56.247,-41.123000000000005,272,304,239,98,11,273.24,101.25,9.36,0.8,NA,NA,NA,1.9440000000000004,NA,Isaiah,McKenzie,IND,WR,28,3
average,16194,WR,63.405,2.6940768363207477,1.8250000000000028,61.6905,65.1195,-51.54833333333333,-40.40950000000001,-58.090500000000006,273,234,283,99,11,203.4,78.39,14.31,0.53,136.72333333333333,40.99361766042232,136.27666666666667,6.771000000000001,4.941000000000001,Rashee,Rice,KCC,WR,23,-3
average,13289,WR,61.58,8.315575746753792,1.4249999999999972,56.288000000000004,66.87199999999999,-53.373333333333335,-45.812000000000005,-56.33800000000002,280,250,274,100,11,260.28,97.64,8.18,0.41,NA,NA,NA,2.1840000000000006,NA,Mack,Hollins,ATL,WR,30,3
average,16183,WR,60.155,5.579072503561855,2.4200000000000017,56.6045,63.705499999999994,-54.79833333333333,-45.49550000000001,-59.504500000000014,285,249,292,101,11,215.99,82.94,12.12,0.5,130.43333333333334,37.05206636912741,154.56666666666666,5.55,4.29,Jalin,Hyatt,NYG,WR,22,-3
average,13652,WR,57.735,44.32852411258467,1.0349999999999966,29.524500000000003,85.9455,-57.218333333333334,-72.5755,-37.26450000000001,294,415,229,102,12,338.08,130.41,14.25,0.95,NA,NA,NA,NA,NA,Cedrick,Wilson,MIA,WR,28,2
average,11670,WR,56.7,NA,1.8700000000000045,56.7,56.7,-58.25333333333333,-45.400000000000006,-66.51,301,247,323,103,12,NA,158,4.55,0.14,NA,NA,NA,NA,NA,Sammy,Watkins,FA,WR,30,6
average,13172,WR,54.83,35.52504468681215,0.9402005012531305,32.222,77.438,-60.123333333333335,-69.87800000000001,-45.772000000000006,309,400,248,104,12,343.34,122.68,8.01,0.85,NA,NA,NA,2.088,NA,Noah,Brown,HOU,WR,26,3
average,15491,WR,53.88979949874687,11.461710535137371,1.8497994987468687,44.03245864661654,64.58000000000001,-61.063533834586465,-58.06754135338347,-58.629999999999995,313,315,286,105,12,345.3,126.7,10.23,0.58,NA,NA,NA,0.6720000000000002,NA,Ben,Skowronek,LAR,WR,26,-1
average,10308,WR,52.04,35.44019187306976,1.5674408848207406,29.486000000000004,74.594,-62.913333333333334,-72.614,-48.616000000000014,318,416,255,106,12,347.86,134.32,18.74,0.94,NA,NA,NA,NA,NA,Randall,Cobb,NYJ,WR,33,9
average,15787,WR,50.47255911517926,15.726484001589352,1.89868561937584,35.00590961098399,59.83,-64.48077421815407,-67.09409038901602,-63.38000000000001,330,378,307,107,12,214.09,82.53,7.4,0.55,NA,NA,NA,0.7680000000000001,NA,Tyquan,Thornton,NEP,WR,23,-2
average,15301,WR,48.57387349580342,15.90913704123455,0.7138734958034121,37.86945843866923,64.265,-66.37945983752991,-64.23054156133078,-58.94500000000001,340,358,287,108,12,304.02,111.29,12.44,0.71,NA,NA,NA,0.7680000000000001,NA,Tutu,Atwell,LAR,WR,24,-1
average,16189,WR,47.86000000000001,NA,0.6900000000000048,47.86000000000001,47.86000000000001,-67.09333333333333,-54.24,-75.35,347,292,371,109,12,213.25,81.52,18.25,0.92,136.68666666666667,45.8422020510456,210.31333333333333,7.6370000000000005,6.187000000000001,Marvin,Mims,DEN,WR,21,-3
average,14847,WR,47.17,25.92253459829883,0.06499999999999773,30.673000000000005,63.666999999999994,-67.78333333333333,-71.427,-59.54300000000001,353,411,293,110,12,295.11,107.17,8.04,0.74,NA,NA,NA,1.9680000000000002,NA,Devin,Duvernay,BAL,WR,26,0
average,13168,WR,47.105000000000004,12.650140315427334,0.5016666666666652,39.054500000000004,55.1555,-67.84833333333333,-63.045500000000004,-68.0545,354,351,331,111,12,264.31,98.12,8.16,0.5,NA,NA,NA,1.3920000000000001,NA,Josh,Reynolds,DET,WR,28,3
average,15308,WR,46.60333333333334,23.472218330045703,0.3333333333333357,24.779000000000003,66.89,-68.35,-77.321,-56.32000000000001,358,433,273,112,12,221.75,85.43,10.37,0.77,193.035,15.89500000000001,164.965,1.3160000000000003,0.31600000000000017,Terrace,Marshall,CAR,WR,23,-1
average,16203,WR,46.27,27.05390544819731,0.14999999999999858,29.053000000000004,63.487,-68.68333333333334,-73.047,-59.723000000000006,360,418,294,113,12,361.57,133.2,11.99,0.84,78.12,NA,281.88,3.2880000000000007,NA,Charlie,Jones,CIN,WR,25,-3
average,13638,WR,46.120000000000005,14.11385135248349,1.8350000000000009,37.138000000000005,55.10200000000001,-68.83333333333333,-64.962,-68.108,363,364,333,114,13,290.41,107.28,10.56,0.64,NA,NA,NA,NA,NA,Braxton,Berrios,MIA,WR,28,2
average,14860,WR,44.285000000000004,17.30290293563482,0.028333333333335986,33.273500000000006,55.2965,-70.66833333333332,-68.82650000000001,-67.9135,370,390,329,115,13,325.19,120.17,13.56,0.76,NA,NA,NA,0.504,NA,Jauan,Jennings,SFO,WR,26,0
average,12773,WR,44.25666666666667,13.48150708687027,0.44666666666666544,33.275,57.160999999999994,-70.69666666666666,-68.82500000000002,-66.049,371,389,321,116,13,348.53,128.59,8.7,0.55,NA,NA,NA,NA,NA,Chris,Moore,TEN,WR,30,4
average,16187,WR,43.81,NA,0.6450000000000031,43.81,43.81,-71.14333333333333,-58.290000000000006,-79.4,376,316,382,117,13,230.61,87.96,7.1,0.39,144.635,72.19500000000001,231.365,5.936000000000001,4.936000000000001,Josh,Downs,IND,WR,22,-3
average,15767,WR,43.165,42.90016841458784,0.5233333333333334,15.863500000000002,70.4665,-71.78833333333333,-86.2365,-52.74350000000001,381,487,268,118,13,365.86,141.7,9.04,0.9,NA,NA,NA,NA,NA,Velus,Jones,CHI,WR,26,-2
average,14592,WR,42.641666666666666,16.960721044027974,0.211666666666666,31.374499999999998,59.3735,-72.31166666666667,-70.72550000000001,-63.83650000000001,385,404,310,119,13,346.37,128.15,11.35,0.7,NA,NA,NA,NA,NA,Olamide,Zaccheaus,PHI,WR,26,1
average,16193,WR,42.43,NA,0.3100000000000023,42.43,42.43,-72.52333333333334,-59.67000000000001,-80.78,387,327,393,120,13,284.72,106.53,12.39,0.75,77.55,NA,309.45,3.1920000000000006,NA,Kayshon,Boutte,NEP,WR,21,-3
average,15761,WR,42.12,38.46660889654818,0.3499999999999943,17.64,66.59999999999998,-72.83333333333334,-84.46000000000001,-56.61000000000003,388,470,276,121,13,241.7,91.8,11.03,0.9,174.77,NA,213.23,4.776000000000001,NA,Khalil,Shakir,BUF,WR,23,-2
average,14337,WR,41.77,18.219486820434874,0.44000000000000483,27.469000000000005,59.410000000000004,-73.18333333333334,-74.631,-63.800000000000004,390,424,309,122,13,349.67,146.22,11.73,0.72,NA,NA,NA,NA,NA,Jalen,Guyton,LAC,WR,26,1
average,16191,WR,41.33,NA,0.75,41.33,41.33,-73.62333333333333,-60.77000000000001,-81.88000000000001,394,334,400,123,13,281.9,104.6,8.59,0.51,67.22,NA,326.78,8.184000000000001,NA,Cedric,Tillman,CLE,WR,23,-3
average,11239,WR,40.58,23.735399722776943,0.03999999999999915,24.754000000000005,63.99399999999999,-74.37333333333333,-77.346,-59.216000000000015,398,434,290,124,13,356,147.44,18.99,0.89,NA,NA,NA,NA,NA,Marquise,Goodwin,CLE,WR,33,7
average,16211,WR,40.54,NA,1.0499999999999972,40.54,40.54,-74.41333333333333,-61.56000000000001,-82.67000000000002,400,338,404,125,13,269.62,99.92,12.43,0.75,77.75,NA,322.25,4.92,NA,Puka,Nacua,LAR,WR,22,-3
average,12184,WR,39.49,38.45246676092446,0.41499999999999915,15.019000000000005,63.961000000000006,-75.46333333333334,-87.081,-59.249,404,492,291,126,13,329.37,123.16,18.97,0.96,NA,NA,NA,NA,NA,Jamison,Crowder,NYG,WR,30,5
average,14992,WR,39.075,4.886107857999046,0.2750000000000057,35.9655,42.1845,-75.87833333333333,-66.1345,-81.02550000000001,408,372,395,127,13,286.76,104.87,6.86,0.27,NA,NA,NA,NA,NA,Quez,Watkins,PHI,WR,25,0
average,15763,WR,38.8,NA,2.719999999999999,38.8,38.8,-76.15333333333334,-63.30000000000001,-84.41000000000001,412,352,414,128,13,260.69,97.18,20.8,0.95,170.305,20.055000000000007,241.695,4.2490000000000006,3.119,Justyn,Ross,KCC,WR,24,-2
average,14838,WR,36.08,11.709688296449226,0.509999999999998,28.628,43.532,-78.87333333333333,-73.47200000000001,-79.67800000000001,424,421,385,129,13,287.58,105.48,5.43,0.38,NA,NA,NA,0.9840000000000001,NA,Laviska,Shenault,CAR,WR,25,0
average,14844,WR,35.57,35.8644559417817,0.634999999999998,12.746000000000002,58.394000000000005,-79.38333333333333,-89.35400000000001,-64.816,426,507,315,130,13,NA,168.4,29.33,0.98,NA,NA,NA,NA,NA,Bryan,Edwards,NOS,WR,25,0
average,15758,WR,34.935,14.700749980868325,0.23499999999999943,25.579500000000003,44.29050000000001,-80.01833333333333,-76.5205,-78.9195,431,429,380,131,13,302.35,110.17,9.9,0.63,NA,NA,NA,NA,NA,David,Bell,CLE,WR,23,-2
average,14864,WR,34.7,NA,0.010000000000005116,34.7,34.7,-80.25333333333333,-67.4,-88.51,432,380,428,132,13,NA,NA,NA,NA,NA,NA,NA,NA,NA,Tyler,Johnson,LAR,WR,25,0
average,15901,WR,34.69,14.736105319927649,0.23499999999999233,25.312,44.068,-80.26333333333334,-76.78800000000001,-79.14200000000001,433,431,381,133,13,307.16,113.08,11.77,0.68,NA,NA,NA,NA,NA,Kyle,Philips,TEN,WR,24,-2
average,12188,WR,34.455000000000005,32.491556595521864,0.33500000000000085,13.777500000000003,55.1325,-80.49833333333333,-88.3225,-68.07750000000001,434,499,332,134,13,NA,178.75,6.18,0.78,NA,NA,NA,NA,NA,Phillip,Dorsett,LVR,WR,30,5
average,12181,WR,34.120000000000005,27.973144263739826,1.2199999999999989,16.318,51.922000000000004,-80.83333333333333,-85.78200000000001,-71.28800000000001,436,483,347,135,14,308.29,112.31,9.08,0.79,NA,NA,NA,NA,NA,Nelson,Agholor,BAL,WR,30,5
average,15027,WR,32.900000000000006,NA,1.1100000000000065,32.900000000000006,32.900000000000006,-82.05333333333333,-69.2,-90.31,437,393,432,136,14,NA,190.75,9.2,0.57,NA,NA,NA,NA,NA,Tyrie,Cleveland,PHI,WR,26,0
average,16206,WR,31.79,NA,0.75,31.79,31.79,-83.16333333333333,-70.31,-91.42000000000002,440,403,436,137,14,283.73,105.8,16.43,0.88,72.33,NA,367.67,4.848000000000001,NA,Michael,Wilson,ARI,WR,23,-3
average,13377,WR,31.04,NA,1.9199999999999946,31.04,31.04,-83.91333333333333,-71.06,-92.17000000000002,441,406,439,138,14,245,96.89,18.04,0.91,182.56,14.22999999999999,258.44,5.136000000000001,NA,Tim,Patrick,DEN,WR,30,3
average,12930,WR,29.120000000000005,NA,0.4000000000000057,29.120000000000005,29.120000000000005,-85.83333333333333,-72.98,-94.09,443,417,443,139,14,311.81,115.58,10.56,0.66,NA,NA,NA,NA,NA,Chosen,Anderson,MIA,WR,30,4
average,16201,WR,28.72,NA,0.9399999999999977,28.72,28.72,-86.23333333333333,-73.38000000000001,-94.49000000000001,444,420,444,140,14,306.83,112.45,13.12,0.78,85.1,NA,358.9,4.344000000000001,NA,Xavier,Hutchinson,HOU,WR,23,-3
average,13637,WR,27.78,21.665751775555815,0.18499999999999872,13.992,41.568,-87.17333333333333,-88.108,-81.64200000000001,446,497,399,141,14,NA,150.6,7.86,0.68,NA,NA,NA,NA,NA,Equanimeous,St. Brown,CHI,WR,27,2
average,13863,WR,27.595000000000002,28.291342315273766,0.07499999999999929,9.590500000000002,45.5995,-87.35833333333333,-92.5095,-77.6105,447,537,377,142,14,NA,164.8,11.37,0.84,NA,NA,NA,NA,NA,Byron,Pringle,WAS,WR,30,2
average,10973,WR,27.520000000000003,NA,0.970000000000006,27.520000000000003,27.520000000000003,-87.43333333333334,-74.58000000000001,-95.69,448,423,450,143,14,NA,NA,NA,NA,NA,NA,NA,NA,NA,Cole,Beasley,NYG,WR,34,8
average,15325,WR,26.549999999999997,NA,0.7499999999999964,26.549999999999997,26.549999999999997,-88.40333333333334,-75.55000000000001,-96.66000000000001,451,426,454,144,14,NA,NA,NA,NA,NA,NA,NA,NA,NA,Cade,Johnson,SEA,WR,25,-1
average,12656,WR,25.8,NA,0.125,25.8,25.8,-89.15333333333334,-76.30000000000001,-97.41000000000001,453,428,457,145,14,NA,179,6,0.3,NA,NA,NA,NA,NA,Rashard,Higgins,FA,WR,29,4
average,13308,WR,25.675,9.652007563196372,0.41000000000000014,19.5325,31.817500000000003,-89.27833333333334,-82.56750000000001,-91.39250000000001,454,457,435,146,14,351.64,135.57,20.57,0.81,NA,NA,NA,NA,NA,Jamal,Agnew,JAC,WR,28,3
average,15034,WR,25.265,8.25193613644701,0.26500000000000057,20.0135,30.516500000000004,-89.68833333333333,-82.0865,-92.6935,455,453,441,147,14,349.48,126.5,9.99,0.48,NA,NA,NA,NA,NA,Marquez,Callaway,DEN,WR,25,0
average,15303,WR,25,22.17486865801013,0.19999999999999574,10.888000000000002,39.112,-89.95333333333333,-91.212,-84.09800000000001,456,529,412,148,14,NA,NA,NA,0.83,NA,NA,NA,NA,NA,Simi,Fehoko,DAL,WR,26,-1
average,13066,WR,24.800000000000004,7.353910524340096,0.08000000000000185,20.12,29.480000000000004,-90.15333333333334,-81.98,-93.73,457,451,442,149,14,339.3,125.59,13.67,0.62,NA,NA,NA,NA,NA,Kalif,Raymond,DET,WR,29,4
average,13776,WR,24.720000000000002,1.2869343417595167,0.365000000000002,23.901000000000003,25.539,-90.23333333333333,-78.19900000000001,-97.671,458,437,459,150,14,348.37,128.43,10.31,0.32,NA,NA,NA,NA,NA,Justin,Watson,KCC,WR,28,2
average,14848,WR,24.355,26.39629614169382,0.054999999999999716,7.5565000000000015,41.1535,-90.59833333333333,-94.54350000000001,-82.0565,459,549,401,151,14,NA,175,1.41,0.56,NA,NA,NA,NA,NA,James,Proche,BAL,WR,27,0
average,14117,WR,24.3,NA,0.07000000000000028,24.3,24.3,-90.65333333333334,-77.80000000000001,-98.91000000000001,461,436,462,152,14,NA,NA,NA,NA,NA,NA,NA,NA,NA,Tyron,Johnson,DAL,WR,27,1
average,15297,WR,24.23,6.759940828143396,0.33999999999999986,19.928,28.532,-90.72333333333333,-82.17200000000001,-94.67800000000001,462,454,446,153,14,NA,165.5,5.02,0.22,NA,NA,NA,NA,NA,Amari,Rodgers,IND,WR,24,-1
average,15298,WR,23.89,12.16223663640862,0.4450000000000003,16.150000000000002,31.630000000000003,-91.06333333333333,-85.95,-91.58000000000001,464,486,437,154,14,344,161.33,9.66,0.57,NA,NA,NA,NA,NA,Shi,Smith,CAR,WR,25,-1
average,13893,WR,23.445,3.302188668141178,0.8800000000000026,21.3435,25.5465,-91.50833333333333,-80.75650000000002,-97.6635,466,447,458,155,14,343.28,129.91,13.69,0.51,NA,NA,NA,1.7520000000000002,NA,Trent,Sherfield,BUF,WR,27,2
average,12785,WR,22.564999999999998,8.54892098454536,0.0049999999999954525,17.1245,28.005499999999998,-92.38833333333334,-84.97550000000001,-95.20450000000001,469,475,449,156,14,338.08,130.27,18.32,0.75,NA,NA,NA,NA,NA,Demarcus,Robinson,LAR,WR,29,4
average,16196,WR,22.560000000000002,NA,0.9600000000000009,22.560000000000002,22.560000000000002,-92.39333333333333,-79.54,-100.65,470,441,468,157,14,333.43,121.88,12.33,0.74,82.57,NA,387.43,2.5440000000000005,NA,A.T.,Perry,NOS,WR,24,-3
average,16205,WR,21.6,NA,0.10000000000000142,21.6,21.6,-93.35333333333332,-80.5,-101.61000000000001,475,445,471,158,14,341.7,125.52,11.83,0.72,76.66,NA,398.34000000000003,4.200000000000001,NA,Tyler,Scott,CHI,WR,22,-3
average,13631,WR,21.5,25.75282897081406,0.1999999999999993,5.1110000000000015,37.888999999999996,-93.45333333333333,-96.989,-85.32100000000001,476,582,420,159,15,NA,NA,NA,0.88,NA,NA,NA,NA,NA,James,Washington,NOS,WR,27,2
average,15841,WR,21.3,9.701505037879432,0.7099999999999973,15.126,27.474,-93.65333333333334,-86.974,-95.736,477,491,451,160,15,327.5,137.83,21.12,0.82,NA,NA,NA,NA,NA,Samori,Toure,GBP,WR,25,-2
average,15777,WR,20.590000000000003,3.6769552621700465,0.33500000000000085,18.250000000000004,22.93,-94.36333333333333,-83.85000000000001,-100.28,480,464,466,161,15,342,127.24,10.88,0.41,NA,NA,NA,1.5360000000000003,NA,Calvin,Austin III,PIT,WR,24,-2
average,15292,WR,20.255000000000003,2.5243712088359724,0.1750000000000007,18.648500000000002,21.8615,-94.69833333333332,-83.45150000000001,-101.3485,481,460,470,162,15,346.45,132.18,13.51,0.49,NA,NA,NA,NA,NA,Dyami,Brown,WAS,WR,24,-1
average,14843,WR,20.080000000000002,NA,0.3000000000000007,20.080000000000002,20.080000000000002,-94.87333333333333,-82.02000000000001,-103.13000000000001,482,452,479,163,15,NA,NA,NA,NA,NA,NA,NA,NA,NA,Lynn,Bowden,NOS,WR,26,0
average,15306,WR,19.78,NA,0.3000000000000007,19.78,19.78,-95.17333333333333,-82.32000000000001,-103.43,483,456,480,164,15,NA,NA,NA,NA,NA,NA,NA,NA,NA,Tre,Nixon,NEP,WR,25,-1
average,16199,WR,19.48,NA,0.4800000000000004,19.48,19.48,-95.47333333333333,-82.62,-103.73,484,458,482,165,15,363.69,135.38,7.74,0.44,94.69,NA,389.31,2.04,NA,Trey,Palmer,TBB,WR,22,-3
average,15995,WR,19,NA,0.4800000000000004,19,19,-95.95333333333333,-83.10000000000001,-104.21000000000001,487,459,483,166,15,NA,209.5,5.5,0.24,NA,NA,NA,NA,NA,DJ,Turner,LVR,WR,26,-1
average,14613,WR,18.52,NA,0.5800000000000018,18.52,18.52,-96.43333333333334,-83.58000000000001,-104.69000000000001,489,462,485,167,15,NA,202,3,0.03,NA,NA,NA,NA,NA,Steven,Sims,HOU,WR,26,1
average,13488,WR,17.939999999999998,0.9192388155425123,0.029999999999997584,17.355,18.525,-97.01333333333334,-84.745,-104.685,491,473,484,168,15,346.25,146.89,17.57,0.62,NA,NA,NA,NA,NA,Zach,Pascal,ARI,WR,29,3
average,13963,WR,17.91,0.2969848480983512,0.09999999999999787,17.721,18.099,-97.04333333333334,-84.379,-105.111,492,469,486,169,15,NA,163.6,8.4,0.2,NA,NA,NA,NA,NA,KhaDarel,Hodge,ATL,WR,28,2
average,14558,WR,17.810000000000002,8.04687516990291,0.13500000000000156,12.689000000000004,22.931,-97.14333333333333,-89.411,-100.27900000000001,493,508,465,170,15,311.58,112.33,12.88,0.6,NA,NA,NA,NA,NA,Deonte,Harty,BUF,WR,26,1
average,14315,WR,17.675,10.217692988145613,0.23999999999999844,11.172500000000001,24.177500000000002,-97.27833333333334,-90.92750000000001,-99.0325,495,524,463,171,15,352.5,144.4,17.4,0.75,NA,NA,NA,NA,NA,Ashton,Dulin,IND,WR,26,1
average,15296,WR,17.435000000000002,17.62817205498063,0.30500000000000327,6.216500000000002,28.6535,-97.51833333333333,-95.88350000000001,-94.5565,496,565,445,172,15,NA,173,19.06,0.87,NA,NA,NA,NA,NA,Anthony,Schwartz,CLE,WR,23,-1
average,14839,WR,17.13,11.412703448350877,0.35999999999999943,9.867,24.392999999999997,-97.82333333333334,-92.233,-98.81700000000001,497,535,461,173,15,345,159,21.25,0.84,NA,NA,NA,NA,NA,Jalen,Reagor,MIN,WR,24,0
average,13864,WR,16.77,NA,0.3000000000000007,16.77,16.77,-98.18333333333334,-85.33000000000001,-106.44000000000001,498,479,489,174,15,NA,NA,NA,NA,NA,NA,NA,NA,NA,Greg,Ward,PHI,WR,28,3
average,15302,WR,16.47,NA,0.7649999999999988,16.47,16.47,-98.48333333333333,-85.63000000000001,-106.74000000000001,499,481,491,175,15,NA,161,5.51,0.25,NA,NA,NA,NA,NA,D'Wayne,Eskridge,SEA,WR,26,-1
average,15786,WR,15.705,3.7405948724768385,0.0649999999999995,13.324499999999999,18.085500000000003,-99.24833333333333,-88.77550000000001,-105.12450000000001,501,502,487,176,15,342.25,147,26.78,0.86,NA,NA,NA,NA,NA,Jalen,Nailor,MIN,WR,24,-2
average,13348,WR,15.64,NA,0.05000000000000071,15.64,15.64,-99.31333333333333,-86.46000000000001,-107.57000000000001,502,488,493,177,15,NA,NA,NA,NA,NA,NA,NA,NA,NA,David,Moore,TBB,WR,28,3
average,14551,WR,15.59,NA,0.34999999999999964,15.59,15.59,-99.36333333333333,-86.51,-107.62,504,489,494,178,15,370.83,137.5,10.38,0.65,NA,NA,NA,NA,NA,Trenton,Irwin,CIN,WR,28,1
average,15900,WR,15.24,8.400428560496184,1.1499999999999986,9.894000000000002,20.586,-99.71333333333334,-92.206,-102.62400000000001,505,534,476,179,15,NA,176.33,27.13,0.89,NA,NA,NA,NA,NA,Montrell,Washington,DEN,WR,25,-2
average,16037,WR,14.090000000000002,NA,0.2500000000000018,14.090000000000002,14.090000000000002,-100.86333333333333,-88.01,-109.12,514,496,501,180,15,NA,NA,NA,NA,NA,NA,NA,NA,NA,Andre,Baccellia,ARI,WR,26,0
average,15977,WR,13.84,NA,0.21999999999999886,13.84,13.84,-101.11333333333333,-88.26,-109.37,515,498,503,181,15,NA,NA,NA,NA,NA,NA,NA,NA,NA,Deven,Thompkins,TBB,WR,24,-2
average,15788,WR,13.620000000000001,2.743574311003804,1.7763568394002505e-15,11.874,15.366000000000001,-101.33333333333333,-90.22600000000001,-107.84400000000001,518,515,495,182,15,355.25,128.26,8.7,0.3,NA,NA,NA,NA,NA,Jalen,Tolbert,DAL,WR,24,-2
average,12394,WR,13.62,0.7212489168102781,0.23999999999999844,13.161,14.078999999999999,-101.33333333333333,-88.93900000000001,-109.13100000000001,518,505,502,183,15,362.18,136.83,11.33,0.36,NA,NA,NA,NA,NA,DeAndre,Carter,LVR,WR,30,5
average,12464,WR,13.38,NA,0.22000000000000064,13.38,13.38,-101.57333333333334,-88.72000000000001,-109.83000000000001,519,500,504,184,15,NA,188,2.92,0.03,NA,NA,NA,NA,NA,Damiere,Byrd,CAR,WR,30,5
average,15941,WR,13.16,12.402652942012043,0.5700000000000003,5.267000000000001,21.052999999999997,-101.79333333333334,-96.83300000000001,-102.15700000000001,520,578,473,185,15,NA,199,2,0.23,NA,NA,NA,NA,NA,Dareke,Young,SEA,WR,24,-2
average,16287,WR,12.59,NA,0.23000000000000043,12.59,12.59,-102.36333333333333,-89.51,-110.62,523,510,505,186,15,383.5,153,29.03,0.99,93.77,NA,429.23,0.8160000000000002,NA,Tre,Tucker,LVR,WR,22,-3
average,15183,WR,12.36,NA,0.11999999999999744,12.36,12.36,-102.59333333333333,-89.74000000000001,-110.85000000000001,525,512,506,187,15,352,165.8,19.29,0.94,NA,NA,NA,NA,NA,Kendall,Hinton,DEN,WR,26,0
average,14280,WR,12.240000000000002,NA,0.46000000000000085,12.240000000000002,12.240000000000002,-102.71333333333334,-89.86000000000001,-110.97,526,513,507,188,15,339.13,139.54,22.18,0.97,NA,NA,NA,NA,NA,Scotty,Miller,ATL,WR,26,1
average,14846,WR,11.780000000000001,NA,0.05000000000000071,11.780000000000001,11.780000000000001,-103.17333333333333,-90.32000000000001,-111.43,530,516,509,189,15,336.58,133,23.08,0.97,NA,NA,NA,1.5360000000000003,NA,Denzel,Mims,DET,WR,26,0
average,16192,WR,11.73,NA,0.2599999999999998,11.73,11.73,-103.22333333333333,-90.37,-111.48,531,518,510,190,15,358.08,131.54,7.12,0.39,NA,NA,NA,0.7200000000000001,NA,Parker,Washington,JAC,WR,21,-3
average,13645,WR,11.47,NA,0.0600000000000005,11.47,11.47,-103.48333333333333,-90.63000000000001,-111.74000000000001,532,519,512,191,15,362.5,139.6,9.67,0.61,NA,NA,NA,NA,NA,Tre'Quan,Smith,NOS,WR,27,2
average,13910,WR,11.41,NA,0.35999999999999943,11.41,11.41,-103.54333333333334,-90.69000000000001,-111.80000000000001,534,521,513,192,15,NA,171.25,21.31,0.96,NA,NA,NA,NA,NA,Brandon,Powell,MIN,WR,27,2
average,14321,WR,11.05,NA,0.06500000000000128,11.05,11.05,-103.90333333333334,-91.05000000000001,-112.16000000000001,536,526,514,193,15,NA,NA,NA,NA,NA,NA,NA,NA,NA,Cody,Thompson,SEA,WR,27,1
average,15782,WR,10.985,7.672108575874041,0.4649999999999981,6.102500000000001,15.8675,-103.96833333333333,-95.9975,-107.3425,538,567,492,194,15,371,148.78,10.59,0.49,NA,NA,NA,NA,NA,Danny,Gray,SFO,WR,24,-2
average,16342,WR,10.520000000000001,NA,0.4800000000000004,10.520000000000001,10.520000000000001,-104.43333333333334,-91.58000000000001,-112.69000000000001,539,530,515,195,15,328.88,124.9,13.25,0.78,99.58,NA,439.42,2.2800000000000002,NA,Demario,Douglas,NEP,WR,23,-3
average,12814,WR,10.040000000000001,NA,0.2550000000000008,10.040000000000001,10.040000000000001,-104.91333333333333,-92.06,-113.17,541,532,517,196,15,NA,NA,NA,NA,NA,NA,NA,NA,NA,Jakeem,Grant,CLE,WR,31,4
average,12197,WR,9.785,10.585388514362617,0.2049999999999983,3.0485000000000007,16.521499999999996,-105.16833333333334,-99.0515,-106.6885,542,611,490,197,15,NA,187,5.72,0.36,NA,NA,NA,NA,NA,Breshad,Perriman,IND,WR,30,5
average,16195,WR,9.580000000000002,NA,0.27000000000000135,9.580000000000002,9.580000000000002,-105.37333333333333,-92.52000000000001,-113.63000000000001,545,538,518,198,15,347.2,144.75,17.13,0.9,87.41,NA,457.59000000000003,1.032,NA,Dontayvion,Wicks,GBP,WR,22,-3
average,16207,WR,9.31,NA,1.1000000000000014,9.31,9.31,-105.64333333333333,-92.79,-113.9,546,540,520,199,16,380.8,149.9,15.71,0.88,NA,NA,NA,3.0480000000000005,NA,Andrei,Iosivas,CIN,WR,24,-3
average,13634,WR,8.209999999999999,NA,0.11999999999999922,8.209999999999999,8.209999999999999,-106.74333333333334,-93.89000000000001,-115.00000000000001,553,544,522,200,16,NA,163.75,3.7,0.06,NA,NA,NA,NA,NA,Dante,Pettis,CHI,WR,28,2
average,15993,WR,8.209999999999999,NA,0,8.209999999999999,8.209999999999999,-106.74333333333334,-93.89000000000001,-115.00000000000001,553,544,522,200,16,NA,NA,NA,NA,NA,NA,NA,NA,NA,Lance,McCutcheon,LAR,WR,24,-2
average,15270,WR,8.09,NA,0.10999999999999943,8.09,8.09,-106.86333333333333,-94.01,-115.12,554,545,523,201,16,343,116.5,15.14,0.86,NA,NA,NA,NA,NA,Demetric,Felton,CLE,RB,25,-1
average,15270,WR,8.09,NA,0.10999999999999943,8.09,8.09,-106.86333333333333,-94.01,-115.12,554,545,523,201,16,343,151.75,30.09,0.99,NA,NA,NA,NA,NA,Demetric,Felton,CLE,RB,25,-1
average,16210,WR,8.09,NA,0,8.09,8.09,-106.86333333333333,-94.01,-115.12,554,545,523,201,16,327.6,131.5,18.28,0.92,94.14,NA,459.86,1.1520000000000001,NA,Justin,Shorter,BUF,WR,23,-3
average,16202,WR,7.98,NA,0.14000000000000057,7.98,7.98,-106.97333333333333,-94.12,-115.23,555,546,524,202,16,NA,NA,NA,NA,NA,NA,NA,NA,NA,Ronnie,Bell,SFO,WR,23,-3
average,14330,WR,7.84,NA,0.0699999999999994,7.84,7.84,-107.11333333333333,-94.26,-115.37,556,547,525,203,16,NA,NA,NA,NA,NA,NA,NA,NA,NA,NA,NA,NA,NA,NA,NA
average,13641,WR,7.7700000000000005,NA,0.3899999999999997,7.7700000000000005,7.7700000000000005,-107.18333333333334,-94.33000000000001,-115.44000000000001,558,548,526,204,16,NA,159,7.18,0.4,NA,NA,NA,NA,NA,Ray-Ray,McCloud,SFO,WR,27,2
average,15765,WR,7.380000000000001,NA,0.1200000000000001,7.380000000000001,7.380000000000001,-107.57333333333334,-94.72000000000001,-115.83000000000001,559,551,528,205,16,NA,NA,NA,NA,NA,NA,NA,NA,NA,Kevin,Austin,JAC,WR,23,-2
average,14555,WR,7.260000000000001,NA,0.0600000000000005,7.260000000000001,7.260000000000001,-107.69333333333333,-94.84,-115.95,561,553,529,206,16,NA,203,5,0.18,NA,NA,NA,NA,NA,Gunner,Olszewski,PIT,WR,27,1
average,15996,WR,7.2,NA,0.010000000000000675,7.2,7.2,-107.75333333333333,-94.9,-116.01,562,554,530,207,16,NA,NA,NA,NA,NA,NA,NA,NA,NA,Jalen,Virgil,DEN,WR,25,-2
average,16379,WR,7.1899999999999995,NA,0.3899999999999997,7.1899999999999995,7.1899999999999995,-107.76333333333334,-94.91000000000001,-116.02000000000001,563,555,531,208,16,355.67,135.33,9.43,0.6,NA,NA,NA,NA,NA,Bryce,Ford-Wheaton,NYG,WR,23,-3
average,15981,WR,6.8,NA,0.09999999999999876,6.8,6.8,-108.15333333333334,-95.30000000000001,-116.41000000000001,564,557,532,209,16,NA,172.67,27.38,0.98,NA,NA,NA,NA,NA,KaVontae,Turpin,DAL,WR,27,-2
average,9200,WR,6.700000000000001,NA,0.07000000000000117,6.700000000000001,6.700000000000001,-108.25333333333333,-95.4,-116.51,565,558,533,210,16,NA,215.5,6.5,0.34,NA,NA,NA,NA,NA,Matt,Slater,NEP,WR,38,12
average,16066,WR,6.63,NA,0.10999999999999943,6.63,6.63,-108.32333333333334,-95.47000000000001,-116.58000000000001,566,559,535,211,16,NA,NA,NA,NA,NA,NA,NA,NA,NA,Maurice,Alexander,DET,WR,26,-1
average,14110,WR,6.5200000000000005,5.911412690719538,0.010000000000000675,2.7580000000000005,10.282000000000002,-108.43333333333334,-99.34200000000001,-112.92800000000001,567,614,516,212,16,NA,152.33,7.59,0.32,NA,NA,NA,NA,NA,David,Sills,NYG,WR,27,1
average,14862,WR,6.51,NA,0.03000000000000025,6.51,6.51,-108.44333333333333,-95.59,-116.7,568,561,536,213,16,NA,NA,NA,NA,NA,NA,NA,NA,NA,Joe,Reed,CHI,WR,25,0
average,14499,WR,6.4799999999999995,NA,0.10999999999999854,6.4799999999999995,6.4799999999999995,-108.47333333333333,-95.62,-116.73,569,562,538,214,16,NA,NA,NA,NA,NA,NA,NA,NA,NA,Trinity,Benson,DET,WR,26,1
average,13862,WR,6.370000000000001,NA,0.10000000000000142,6.370000000000001,6.370000000000001,-108.58333333333333,-95.73,-116.84,570,563,541,215,16,NA,177.75,3.9,0.07,NA,NA,NA,NA,NA,River,Cracraft,MIA,WR,29,3
average,14125,WR,6.27,3.903229432149742,0.02999999999999936,3.7860000000000005,8.753999999999998,-108.68333333333334,-98.31400000000001,-114.45600000000002,572,605,521,216,16,NA,193.33,4.5,0.1,NA,NA,NA,NA,NA,Miles,Boykin,PIT,WR,27,1
average,14972,WR,6.24,NA,0.040000000000000036,6.24,6.24,-108.71333333333334,-95.86000000000001,-116.97000000000001,573,564,542,217,16,NA,NA,NA,NA,NA,NA,NA,NA,NA,Isaiah,Coulter,BUF,WR,25,0
average,14998,WR,6.2,NA,0.11000000000000032,6.2,6.2,-108.75333333333333,-95.9,-117.01,574,566,543,218,16,NA,200,4,0.08,NA,NA,NA,NA,NA,Dezmon,Patmon,BUF,WR,25,0
average,15529,WR,6.2,NA,0,6.2,6.2,-108.75333333333333,-95.9,-117.01,574,566,543,218,16,NA,NA,NA,NA,NA,NA,NA,NA,NA,Easop,Winston,SEA,WR,27,0
average,14131,WR,6.09,NA,0.07999999999999918,6.09,6.09,-108.86333333333333,-96.01,-117.12,575,568,544,219,16,NA,NA,NA,NA,NA,NA,NA,NA,NA,Stanley,Morgan,CIN,WR,26,1
average,15321,WR,6.010000000000001,NA,8.881784197001252e-16,6.010000000000001,6.010000000000001,-108.94333333333333,-96.09,-117.2,576,569,545,220,16,NA,NA,NA,NA,NA,NA,NA,NA,NA,Jaelon,Darden,CLE,WR,24,-1
average,15983,WR,6.01,NA,0.10999999999999943,6.01,6.01,-108.94333333333333,-96.09,-117.2,576,569,545,221,16,NA,208.5,2.5,0.02,NA,NA,NA,NA,NA,Dennis,Houston,DAL,WR,24,-2
average,14124,WR,5.9,NA,0.05000000000000071,5.9,5.9,-109.05333333333333,-96.2,-117.31,577,570,546,222,16,NA,NA,NA,NA,NA,NA,NA,NA,NA,KeeSean,Johnson,BUF,WR,27,1
average,15286,WR,5.9,NA,0,5.9,5.9,-109.05333333333333,-96.2,-117.31,577,570,546,222,16,NA,NA,NA,NA,NA,NA,NA,NA,NA,Seth,Williams,JAC,WR,23,-1
average,14121,WR,5.85,NA,0.03999999999999915,5.85,5.85,-109.10333333333334,-96.25000000000001,-117.36000000000001,578,571,547,223,16,NA,NA,NA,NA,NA,NA,NA,NA,NA,Andy,Isabella,BUF,WR,27,1
average,15425,WR,5.8100000000000005,NA,0.3000000000000007,5.8100000000000005,5.8100000000000005,-109.14333333333333,-96.29,-117.4,579,572,549,224,16,NA,118,5,0.18,NA,NA,NA,NA,NA,Jacob,Harris,JAC,WR,26,-1
average,15987,WR,5.51,NA,0.08999999999999897,5.51,5.51,-109.44333333333333,-96.59,-117.7,580,574,550,225,16,NA,NA,NA,NA,NA,NA,NA,NA,NA,Brandon,Johnson,DEN,WR,25,-2
average,15780,WR,5.420000000000001,NA,0.20999999999999996,5.420000000000001,5.420000000000001,-109.53333333333333,-96.68,-117.79,581,576,551,226,16,NA,NA,NA,NA,NA,NA,NA,NA,NA,Erik,Ezukanma,MIA,WR,23,-2
average,15683,WR,5.210000000000001,NA,0.030000000000001137,5.210000000000001,5.210000000000001,-109.74333333333334,-96.89000000000001,-118,582,579,552,227,16,NA,NA,NA,NA,NA,NA,NA,NA,NA,C.J.,Saunders,CAR,WR,27,-1
average,15407,WR,5.18,NA,0.03999999999999915,5.18,5.18,-109.77333333333334,-96.92000000000002,-118.03,583,580,553,228,16,NA,197.5,5.5,0.24,NA,NA,NA,NA,NA,Dez,Fitzpatrick,PIT,WR,26,-1
average,15589,WR,5.140000000000001,NA,0.030000000000001137,5.140000000000001,5.140000000000001,-109.81333333333333,-96.96000000000001,-118.07000000000001,584,581,554,229,16,NA,NA,NA,NA,NA,NA,NA,NA,NA,Cody,White,PIT,WR,25,0
average,13895,WR,5.109999999999999,NA,0.02999999999999936,5.109999999999999,5.109999999999999,-109.84333333333333,-96.99000000000001,-118.10000000000001,585,583,555,230,16,NA,170.75,10.64,0.67,NA,NA,NA,NA,NA,Cam,Sims,LVR,WR,27,2
average,13412,WR,5.08,NA,0.02999999999999936,5.08,5.08,-109.87333333333333,-97.02000000000001,-118.13000000000001,586,584,556,231,16,NA,NA,NA,NA,NA,NA,NA,NA,NA,Keelan,Cole,LVR,WR,30,3
average,15535,WR,5.050000000000001,NA,0.03000000000000025,5.050000000000001,5.050000000000001,-109.90333333333334,-97.05000000000001,-118.16000000000001,587,585,557,232,16,NA,213,6,0.3,NA,NA,NA,NA,NA,Mason,Kinsey,TEN,WR,25,0
average,15792,WR,5.0200000000000005,NA,0.019999999999999574,5.0200000000000005,5.0200000000000005,-109.93333333333334,-97.08000000000001,-118.19000000000001,588,586,558,233,16,NA,206,3,0.03,NA,NA,NA,NA,NA,Michael,Woods,CLE,WR,23,-2
average,13316,WR,5.000000000000001,NA,0.020000000000000462,5.000000000000001,5.000000000000001,-109.95333333333333,-97.10000000000001,-118.21000000000001,589,587,559,234,16,NA,206.5,6.5,0.34,NA,NA,NA,NA,NA,Trent,Taylor,CIN,WR,29,3
average,15313,WR,4.98,NA,0.07000000000000028,4.98,4.98,-109.97333333333333,-97.12,-118.23,590,588,560,235,16,NA,NA,NA,NA,NA,NA,NA,NA,NA,Racey,McMath,TEN,WR,24,-1
average,13669,WR,4.91,NA,0.019999999999999574,4.91,4.91,-110.04333333333334,-97.19000000000001,-118.30000000000001,591,589,561,236,16,NA,208.5,3.5,0.06,NA,NA,NA,NA,NA,Malik,Turner,IND,WR,27,2
average,16005,WR,4.890000000000001,NA,0.11000000000000032,4.890000000000001,4.890000000000001,-110.06333333333333,-97.21000000000001,-118.32000000000001,592,590,562,237,16,NA,193,1.63,0.01,NA,NA,NA,NA,NA,Tim,Jones,JAC,WR,25,-1
average,16299,WR,4.78,NA,0.019999999999999574,4.78,4.78,-110.17333333333333,-97.32000000000001,-118.43,593,591,563,238,16,NA,149.67,31.01,0.99,NA,NA,NA,NA,NA,Derius,Davis,LAC,WR,23,-3
average,13884,WR,4.760000000000001,NA,8.881784197001252e-16,4.760000000000001,4.760000000000001,-110.19333333333333,-97.34,-118.45,594,593,564,239,16,NA,NA,NA,NA,NA,NA,NA,NA,NA,Vyncint,Smith,IND,WR,27,2
average,15478,WR,4.760000000000001,NA,0,4.760000000000001,4.760000000000001,-110.19333333333333,-97.34,-118.45,594,593,564,239,16,NA,189.33,2.49,0.02,NA,NA,NA,NA,NA,Mike,Strachan,IND,WR,26,-1
average,15304,WR,4.76,NA,0.0699999999999994,4.76,4.76,-110.19333333333333,-97.34,-118.45,594,593,564,240,16,NA,NA,NA,NA,NA,NA,NA,NA,NA,Frank,Darby,ATL,WR,26,-1
average,12257,WR,4.69,NA,0.010000000000000675,4.69,4.69,-110.26333333333334,-97.41000000000001,-118.52000000000001,596,595,565,241,16,NA,NA,NA,NA,NA,NA,NA,NA,NA,Chris,Conley,SFO,WR,31,5
average,15285,WR,4.68,NA,0.20999999999999908,4.68,4.68,-110.27333333333334,-97.42000000000002,-118.53,597,596,566,242,16,NA,162.25,20.08,0.94,NA,NA,NA,NA,NA,Tylan,Wallace,BAL,WR,24,-1
average,16141,WR,4.470000000000001,NA,0.39000000000000057,4.470000000000001,4.470000000000001,-110.48333333333333,-97.63000000000001,-118.74000000000001,598,598,567,243,16,NA,NA,NA,NA,NA,NA,NA,NA,NA,Josh,Ali,ATL,WR,24,2020
average,15467,WR,4.08,NA,0.009999999999999787,4.08,4.08,-110.87333333333333,-98.02000000000001,-119.13000000000001,600,600,568,244,16,NA,NA,NA,NA,NA,NA,NA,NA,NA,Jalen,Camp,HOU,WR,25,-1
average,13666,WR,4.07,NA,0.019999999999999574,4.07,4.07,-110.88333333333333,-98.03,-119.14000000000001,601,601,569,245,16,NA,NA,NA,NA,NA,NA,NA,NA,NA,Daurice,Fountain,CHI,WR,28,2
average,14549,WR,4.050000000000001,NA,0.5600000000000005,4.050000000000001,4.050000000000001,-110.90333333333334,-98.05000000000001,-119.16000000000001,602,602,570,246,16,NA,NA,NA,NA,NA,NA,NA,NA,NA,Nsimba,Webster,CHI,WR,27,1
average,13882,WR,3.49,NA,0.26000000000000023,3.49,3.49,-111.46333333333334,-98.61000000000001,-119.72000000000001,603,606,571,247,16,NA,NA,NA,NA,NA,NA,NA,NA,NA,Keith,Kirkwood,NOS,WR,30,2
average,16120,WR,3.23,NA,0.029999999999999805,3.23,3.23,-111.72333333333333,-98.87,-119.98,605,607,572,248,16,NA,NA,NA,NA,NA,NA,NA,NA,NA,Austin,Trammell,LAR,WR,25,-1
average,15497,WR,3.2,NA,0.08999999999999986,3.2,3.2,-111.75333333333333,-98.9,-120.01,606,608,573,249,16,NA,NA,NA,NA,NA,NA,NA,NA,NA,Kawaan,Baker,NOS,WR,25,-1
average,12913,WR,3.1100000000000003,NA,0.5899999999999999,3.1100000000000003,3.1100000000000003,-111.84333333333333,-98.99000000000001,-120.10000000000001,608,610,574,250,16,NA,NA,NA,NA,NA,NA,NA,NA,NA,Alex,Erickson,NYJ,WR,31,4
average,14850,WR,3.1100000000000003,NA,0,3.1100000000000003,3.1100000000000003,-111.84333333333333,-98.99000000000001,-120.10000000000001,608,610,574,250,16,320.5,143.67,23.7,0.97,NA,NA,NA,NA,NA,Quintez,Cephus,FA,WR,25,0
average,15326,WR,2.5200000000000005,NA,0.07000000000000028,2.5200000000000005,2.5200000000000005,-112.43333333333334,-99.58000000000001,-120.69000000000001,610,617,575,251,16,NA,186.75,4.26,0.11,NA,NA,NA,NA,NA,Dax,Milne,WAS,WR,24,-1
average,14101,WR,2.45,NA,0.8400000000000001,2.45,2.45,-112.50333333333333,-99.65,-120.76,612,618,576,252,16,NA,171.5,34.5,0.99,NA,NA,NA,NA,NA,N'Keal,Harry,MIN,WR,26,1
average,16423,WR,1.61,NA,1.4200000000000002,1.61,1.61,-113.34333333333333,-100.49000000000001,-121.60000000000001,617,623,580,253,16,NA,NA,NA,NA,NA,NA,NA,2.4480000000000004,NA,Jason,Brownlee,NYJ,WR,24,-3
average,15772,WR,0.19000000000000003,NA,0,0.19000000000000003,0.19000000000000003,-114.76333333333334,-101.91000000000001,-123.02000000000001,624,634,586,254,16,NA,197.33,13.89,0.81,NA,NA,NA,NA,NA,Britain,Covey,PHI,WR,26,-2
average,11244,TE,165.16666666666669,24.055006408923127,35.06,141.44000000000003,181.31,84.3116666666667,67.43100000000003,92.518,7,14,2,1,1,5.22,1,0,0.68,7.415,1.3932067326854258,-0.41500000000000004,48.61066666666667,6.412555462181638,Travis,Kelce,KCC,TE,34,7
average,13671,TE,130.10666666666668,15.755130381349861,15.326666666666682,118.102,145.46200000000002,49.251666666666694,44.093,56.670000000000016,27,33,19,2,2,36.74,2.18,0.42,0.46,31.79,3.5337751296123328,-4.789999999999999,25.234666666666666,4.307767042086759,Mark,Andrews,BAL,TE,28,2
average,13299,TE,114.78,8.225004559269255,6.796666666666667,107.374,122.179,33.92500000000001,33.364999999999995,33.387,38,42,36,3,3,69.72,4.52,0.96,0.16,49.92166666666667,6.06674381819074,-11.921666666666667,18.84466666666667,8.188329309992906,George,Kittle,SFO,TE,30,3
average,12263,TE,107.98333333333333,6.759129628386577,0.7033333333333331,102.995,114.60499999999999,27.128333333333345,28.986000000000004,25.812999999999988,50,49,45,4,3,87.06,5.48,1.76,0.15,64.385,5.019982569690854,-14.385000000000005,12.646,7.1346267363238205,Darren,Waller,NYG,TE,31,5
average,14138,TE,107.28,9.063150666297018,1.9866666666666646,98.805,115.04100000000001,26.42500000000001,24.796000000000006,26.24900000000001,51,54,43,5,3,62.19,3.61,1.28,0.22,46.76833333333333,5.307618476198989,4.231666666666669,19.653333333333336,2.922160540117916,T.J.,Hockenson,MIN,TE,26,1
average,15329,TE,105.29333333333334,10.897872881132967,6.566666666666677,98.44300000000001,116.03800000000001,24.438333333333347,24.43400000000001,27.24600000000001,53,55,41,6,4,84.41,5.68,1.34,0.29,62.248333333333335,7.11099949999217,-9.248333333333335,11.33,4.621522115782491,Kyle,Pitts,ATL,TE,23,-1
average,13674,TE,98.72666666666666,8.655410639209062,10.08999999999999,90.81799999999998,106.388,17.87166666666667,16.808999999999983,17.596000000000004,61,64,63,7,5,90.73,6.09,1.16,0.2,62.40833333333333,6.453250903399169,-1.4083333333333314,15.271333333333333,8.087449755983377,Dallas,Goedert,PHI,TE,28,2
average,13772,TE,88.63666666666667,8.935716721860276,3.1133333333333297,82.514,97.44500000000001,7.7816666666666805,8.504999999999995,8.653000000000006,77,79,77,8,5,138.02,13.26,2.49,0.29,122.62166666666667,4.866738869327406,-45.62166666666667,3.8273333333333337,2.6831326633040136,Dalton,Schultz,HOU,TE,27,2
average,13192,TE,85.52333333333334,8.331544474665746,0.8666666666666742,79.637,93.722,4.668333333333351,5.628,4.929999999999993,81,85,84,9,5,119.73,9.73,1.5,0.21,94.72833333333332,12.30255856406391,-13.728333333333325,5.442000000000001,3.422834303127552,David,Njoku,CLE,TE,27,3
average,15331,TE,84.65666666666667,5.815293056530622,2.7933333333333366,78.93700000000001,88.792,3.8016666666666765,4.9280000000000115,0,86,86,96,10,6,112.12,9.12,1.81,0.11,95.785,14.23564862121381,-9.784999999999997,4.922000000000001,2.005840139858276,Pat,Freiermuth,PIT,TE,25,-1
average,13189,TE,81.86333333333333,7.965929533540536,0.3783333333333161,74.009,87.28399999999999,1.00833333333334,0,-1.5080000000000098,93,96,102,11,6,118.13,9.71,1.75,0.22,86.06666666666666,10.773542695985485,6.933333333333337,8.867333333333335,4.8415122522708645,Evan,Engram,JAC,TE,29,3
average,15889,TE,81.48500000000001,0.5868986283848332,0.6300000000000239,81.1115,81.8585,0.6300000000000239,7.102500000000006,-6.933499999999995,94,82,121,12,6,139.41,13.23,2.78,0.04,134.98833333333334,8.37658724594264,-40.988333333333344,3.278666666666667,2.2080104669639193,Chigoziem,Okonkwo,TEN,TE,24,-2
average,16213,TE,80.85499999999999,13.07440438413926,1.0349999999999824,72.53450000000001,89.17549999999999,0,-1.474499999999992,0.38349999999998374,96,101,94,13,6,165.29,16.91,4.57,0.6,116.95666666666666,28.92340613105971,-20.956666666666663,11.260666666666667,12.814301420244842,Dalton,Kincaid,BUF,TE,24,-3
average,14867,TE,79.82000000000001,10.91841105655946,1.394999999999996,69.07900000000001,87.56500000000001,-1.0349999999999824,-4.929999999999993,-1.2269999999999897,99,111,100,14,6,148.99,15.35,3.44,0.47,128.635,11.470727599706425,-29.63499999999999,4.708666666666668,4.388207328232745,Cole,Kmet,CHI,TE,24,0
average,14861,TE,78.42500000000001,7.884240610229999,2.085000000000008,73.40750000000001,83.4425,-2.4299999999999784,-0.6014999999999873,-5.349500000000006,104,97,115,15,6,182.76,19.85,4.66,0.41,137.308,25.933499108296203,-33.30799999999999,3.6826666666666674,3.5423552742333593,Juwan,Johnson,NOS,TE,27,0
average,12678,TE,76.34,2.187532856896094,2.9066666666666663,74.47700000000002,78.39200000000001,-4.514999999999986,0.46800000000001774,-10.399999999999991,112,95,134,16,7,158.85,16.74,2.94,0.07,145.34166666666667,8.082815962824402,-33.34166666666667,3.736666666666667,3.157006317524387,Tyler,Higbee,LAR,TE,30,4
average,12676,TE,73.43333333333334,17.008992719539073,0.19333333333332803,61.315000000000005,90.16,-7.421666666666653,-12.693999999999996,1.367999999999995,119,146,93,17,7,224.79,23.86,4.91,0.69,173.19,16.747113184068468,-54.19,2.144,1.1440000000000003,Hunter,Henry,NEP,TE,29,4
average,13236,TE,73.24000000000001,0.5768882040742477,1.086666666666673,72.67999999999999,73.688,-7.614999999999981,-1.3290000000000077,-15.104,121,100,148,18,7,163.38,17.77,3,0.06,152.51333333333332,21.564631279533216,-31.51333333333332,3.4920000000000004,3.0361150614999213,Gerald,Everett,LAC,TE,29,3
average,14143,TE,72.15333333333334,20.855659503677494,1.8533333333333246,59.226,92.706,-8.701666666666654,-14.783000000000001,3.9140000000000015,126,157,87,19,7,206.84,22.4,4.83,0.78,141.09199999999998,16.850167239526137,-15.091999999999985,2.734,2.3609190300954133,Dawson,Knox,BUF,TE,27,1
average,11247,TE,70.30000000000001,17.908377927662794,1.1800000000000068,55.64000000000001,87.41,-10.554999999999978,-18.368999999999993,-1.382000000000005,132,170,101,20,8,268.75,30.92,5.84,0.75,173.17000000000002,17.847904638920504,-41.170000000000016,3.317,1.987,Zach,Ertz,ARI,TE,33,7
average,14137,TE,69.12,8.72018921813053,3.1000000000000085,62.999,77.705,-11.734999999999985,-11.009999999999998,-11.087000000000003,139,140,138,21,8,249.19,27.34,3.06,0.34,167.675,7.9750000000000085,-28.67500000000001,3.704,2.704,Noah,Fant,SEA,TE,26,1
average,14141,TE,66.02,NA,0.7249999999999943,66.02,66.02,-14.834999999999994,-7.989000000000004,-22.772000000000006,151,122,174,22,8,212.98,22.7,4.4,0.23,159.6475,19.758883287018023,-8.647500000000008,3.392666666666667,2.8982571007800924,Irv,Smith Jr.,CIN,TE,25,1
average,16214,TE,65.295,2.1283914113715214,0.5849999999999937,63.94049999999999,66.64950000000002,-15.559999999999988,-10.068500000000007,-22.142499999999984,156,137,172,23,8,207.34,22.08,6.8,0.31,131.612,31.215966043036374,24.388000000000005,6.598000000000001,6.749224745603504,Sam,LaPorta,DET,TE,22,-3
average,15797,TE,64.71000000000001,37.614549046878125,0.04000000000000625,27.613000000000007,88.63300000000001,-16.144999999999982,-46.395999999999994,-0.15899999999999181,158,254,97,24,8,133.92,12.24,2.56,0.92,130.40333333333334,12.127658013354802,27.596666666666664,3.288666666666667,2.2639236343618623,Greg,Dulcich,DEN,TE,23,-2
average,13680,TE,64.67,8.84232435505506,3.4099999999999966,59.036,73.391,-16.184999999999988,-14.972999999999999,-15.400999999999996,159,159,151,25,9,237.84,25.32,4.4,0.45,166.17666666666665,28.881362310128118,-7.176666666666648,3.1173333333333337,2.854108305972677,Hayden,Hurst,CAR,TE,30,2
average,13672,TE,61.260000000000005,17.85822779561287,3.296666666666667,48.93300000000001,78.858,-19.594999999999985,-25.075999999999993,-9.9339999999999975,171,199,131,26,9,205.4,22.66,4.48,0.7,156.76,17.438111136244085,14.240000000000009,2.382666666666667,1.747550921210087,Mike,Gesicki,NEP,TE,28,2
average,11647,TE,57.96333333333334,10.1216615895481,0.806666666666672,52.024,67.909,-22.89166666666665,-21.985,-20.882999999999996,180,188,167,27,9,292.34,33.84,5.46,0.57,218.82,NA,-38.81999999999999,1.484,0.4840000000000001,Logan,Thomas,WAS,TE,32,6
average,13675,TE,57.156666666666666,4.578278424619165,1.6566666666666663,53.266999999999996,61.457,-23.698333333333323,-20.742000000000004,-27.335,181,179,190,28,10,280.92,32.02,4.71,0.27,173.29,37.17315429177352,7.710000000000008,2.0593333333333335,1.462910645102959,Tyler,Conklin,NYJ,TE,28,2
average,10312,TE,55.5,NA,0.7000000000000028,55.5,55.5,-25.35499999999999,-18.509,-33.292,186,171,210,29,10,NA,95.5,15.5,0.95,NA,NA,NA,NA,NA,Kyle,Rudolph,FA,TE,34,9
average,16212,TE,54.8,2.545584412271572,0.3433333333333266,53.18,56.42,-26.054999999999993,-20.829,-32.372,189,181,205,30,10,256.62,28.33,4.49,0.17,126.21333333333334,46.239481927124665,62.78666666666666,9.721000000000002,8.351000000000003,Michael,Mayer,LVR,TE,22,-3
average,13427,TE,54.45666666666667,22.873338919653456,1.8533333333333388,35.303000000000004,76.10000000000001,-26.39833333333332,-38.705999999999996,-12.691999999999993,190,231,141,31,10,333.2,40.76,5.45,0.84,NA,NA,NA,1.4880000000000002,NA,Robert,Tonyan,CHI,TE,29,3
average,12677,TE,52.60333333333333,18.29467226635485,2.1133333333333297,41.299,70.63,-28.251666666666658,-32.71,-18.162000000000006,195,216,162,32,10,315.7,37.86,4.5,0.71,NA,NA,NA,3.1440000000000006,NA,Austin,Hooper,LVR,TE,29,4
average,13424,TE,50.49,8.756443341905431,2.4200000000000017,41.857000000000006,55.987,-30.364999999999988,-32.151999999999994,-32.805,201,212,206,33,11,171.37,18.52,6.32,0.58,148.11333333333334,28.949992899634516,52.886666666666656,2.7006666666666668,1.625152574033863,Taysom,Hill,NOS,TE,33,3
average,16215,TE,48.07,5.982123368838198,1.1999999999999957,44.263,51.877,-32.78499999999999,-29.746000000000002,-36.915,214,206,228,34,11,279.95,31.22,4.77,0.35,143.675,66.595,70.32499999999999,6.509,5.299000000000001,Luke,Musgrave,GBP,TE,23,-3
average,15798,TE,46.870000000000005,3.9081581339551756,0.4833333333333343,44.059000000000005,50.71000000000001,-33.984999999999985,-29.949999999999996,-38.081999999999994,217,207,232,35,11,271.75,30.57,3.55,0.15,197.335,18.655,19.664999999999992,2.108,0.7480000000000001,Isaiah,Likely,BAL,TE,23,-2
average,13193,TE,46.38666666666667,7.674798585847928,0.23333333333333428,39.374,53.18,-34.46833333333332,-34.635,-35.612,219,218,221,36,11,338.33,42.06,4.32,0.4,NA,NA,NA,NA,NA,Jonnu,Smith,ATL,TE,28,3
average,15840,TE,46.153333333333336,21.48465809207429,0.778333333333336,24.970000000000002,59.67400000000001,-34.701666666666654,-49.039,-29.117999999999995,221,266,193,37,11,253.24,28.28,4.33,0.77,171.43,NA,49.56999999999999,2.3760000000000003,NA,Jelani,Woods,IND,TE,25,-2
average,15799,TE,45.375,7.530687219636735,0.6783333333333346,40.582499999999996,50.167500000000004,-35.47999999999999,-33.426500000000004,-38.6245,224,217,233,38,11,271.81,30.77,6.56,0.52,182.495,22.825000000000003,41.504999999999995,2.5410000000000004,1.3710000000000002,Jake,Ferguson,DAL,TE,24,-2
average,15802,TE,44.696666666666665,21.307323467139963,0.5316666666666663,23.739000000000004,57.399,-36.158333333333324,-50.269999999999996,-31.393,227,271,202,39,11,287.16,32.86,3.49,0.74,171.32,NA,55.68000000000001,1.5899999999999999,0.45000000000000007,Cade,Otton,TBB,TE,24,-2
average,15330,TE,44.165,29.606560928280736,0.6700000000000017,25.323500000000006,63.006499999999996,-36.68999999999999,-48.68549999999999,-25.785500000000006,230,265,181,40,11,361.87,51.73,9.79,0.94,NA,NA,NA,NA,NA,Brevin,Jordan,HOU,TE,23,-1
average,15626,TE,43.495,19.523218228560573,0.14833333333333343,31.070500000000003,55.9195,-37.35999999999999,-42.9385,-32.8725,233,241,207,41,11,370.75,59.67,11.33,0.9,NA,NA,NA,NA,NA,Brock,Wright,DET,TE,25,-1
average,15794,TE,43.346666666666664,22.42111802148442,1.2466666666666626,21.304000000000002,59.374,-37.508333333333326,-52.705,-29.418,237,280,197,42,12,232.72,25.03,3.34,0.76,173.62666666666667,28.991448547612947,63.373333333333335,1.7720000000000002,0.7720000000000002,Trey,McBride,ARI,TE,24,-2
average,12110,TE,42.1,NA,1.3066666666666649,42.1,42.1,-38.75499999999999,-31.909,-46.692,240,210,249,43,12,NA,66.33,1.7,0.02,NA,NA,NA,NA,NA,Cameron,Brate,FA,TE,32,6
average,15332,TE,40.79333333333334,14.547805103634477,2.103333333333339,27.017000000000003,52.955,-40.06166666666665,-46.992,-35.837,243,257,222,44,12,364.67,61.62,6.4,0.7,NA,NA,NA,NA,NA,Tommy,Tremble,CAR,TE,23,-1
average,14873,TE,38.69,33.70182932720419,0.519999999999996,16.902,71.937,-42.16499999999999,-57.107,-16.855000000000004,245,308,158,45,12,327.27,42.71,8.71,0.95,NA,NA,NA,0.43200000000000005,NA,Albert,Okwuegbunam,DEN,TE,25,0
average,14341,TE,38.17,6.634508271153185,0.39000000000000057,31.649000000000004,42.080000000000005,-42.68499999999999,-42.36,-46.711999999999996,248,238,250,46,12,352.09,45,5.52,0.43,NA,NA,NA,NA,NA,Donald,Parham,LAC,TE,26,1
average,13246,TE,37.78,25.021944368893486,0.8799999999999955,21.551000000000002,62.465,-43.07499999999999,-52.458,-26.326999999999998,249,278,184,47,12,362.33,51.73,5.36,0.86,NA,NA,NA,NA,NA,Mo,Alie-Cox,IND,TE,30,3
average,12317,TE,36.900000000000006,8.02932126645833,1.6966666666666725,29.290000000000003,43.60000000000001,-43.954999999999984,-44.718999999999994,-45.19199999999999,251,246,244,48,13,364.77,53,12.22,0.77,NA,NA,NA,2.1840000000000006,NA,C.J.,Uzomah,NYJ,TE,30,5
average,14239,TE,35.20333333333333,10.239239880642184,1.788333333333334,27.809,45.26,-45.65166666666666,-46.2,-43.532000000000004,253,253,240,49,13,337.52,42.18,4.72,0.51,NA,NA,NA,0.7200000000000001,NA,Foster,Moreau,NOS,TE,26,1
average,16221,TE,33.415,3.5567471093683323,0.09499999999999886,31.151500000000002,35.6785,-47.43999999999999,-42.8575,-53.1135,259,239,269,50,13,334.51,40.38,4.11,0.18,70.63,NA,188.37,3.6240000000000006,NA,Luke,Schoonmaker,DAL,TE,25,-3
average,14209,TE,33.32,16.51801440851775,1.4266666666666659,22.808,43.832,-47.53499999999999,-51.201,-44.96,261,273,242,51,13,360.57,57.1,9.22,0.83,NA,NA,NA,NA,NA,Josh,Oliver,MIN,TE,26,1
average,14875,TE,31.893333333333334,12.05189335056253,1.0166666666666657,23.782000000000004,43.78,-48.96166666666666,-50.227,-45.012,263,270,243,52,13,367.3,52.7,5.97,0.62,NA,NA,NA,NA,NA,Harrison,Bryant,CLE,TE,25,0
average,15419,TE,30.87666666666667,4.835042226633944,0.3766666666666687,26.517000000000007,35.220000000000006,-49.978333333333325,-47.49199999999999,-53.571999999999996,269,259,270,53,13,376.25,55.71,4.9,0.29,NA,NA,NA,NA,NA,Kylen,Granson,IND,TE,25,-1
average,11399,TE,30.5,NA,1.8299999999999983,30.5,30.5,-50.35499999999999,-43.509,-58.292,270,244,285,54,14,NA,NA,NA,NA,NA,NA,NA,NA,NA,Ryan,Griffin,FA,TE,33,7
average,16269,TE,28.67,3.8608030252785475,0.17333333333333556,26.213000000000005,31.127000000000002,-52.18499999999999,-47.79599999999999,-57.665,275,260,281,55,14,355.33,61.5,8.71,0.51,86.58,NA,188.42000000000002,2.6400000000000006,NA,Brenton,Strange,JAC,TE,23,-3
average,15337,TE,28.496666666666666,11.300001474926155,0.20666666666666345,18.329000000000004,38.669,-52.35833333333332,-55.67999999999999,-50.123000000000005,276,299,258,56,14,354.49,45.81,4.72,0.57,NA,NA,NA,1.9680000000000002,NA,Noah,Gray,KCC,TE,24,-1
average,14876,TE,28.290000000000003,3.820117799230805,0.4800000000000004,26.017000000000003,32.047000000000004,-52.56499999999998,-47.992,-56.745,277,262,277,57,14,355,67.88,7.2,0.43,NA,NA,NA,NA,NA,Josiah,Deguara,GBP,TE,26,0
average,15905,TE,27.810000000000002,13.562308063157987,0.6366666666666667,19.179,36.441,-53.04499999999999,-54.83,-52.351,279,296,265,58,14,NA,81.4,5.31,0.64,NA,NA,NA,NA,NA,Teagan,Quitoriano,HOU,TE,23,-2
average,13880,TE,27.173333333333336,10.08345840142822,0.8833333333333329,20.928,37.11000000000001,-53.68166666666666,-53.081,-51.681999999999995,281,283,262,59,14,371.33,67.89,15.23,0.87,NA,NA,NA,NA,NA,Dan,Arnold,PHI,TE,28,3
average,13763,TE,26.290000000000003,1.8366545674132637,0.1999999999999993,24.67,27.973,-54.56499999999998,-49.339,-60.819,283,268,298,60,14,353.26,47.15,6.87,0.3,NA,NA,NA,0.7200000000000001,NA,Will,Dissly,SEA,TE,27,2
average,16222,TE,26.090000000000003,7.5094740162011355,0.49000000000000554,21.311,30.869000000000003,-54.764999999999986,-52.698,-57.923,284,279,282,61,14,344.5,44.22,5.35,0.45,75.77,NA,208.23000000000002,3.2400000000000007,NA,Tucker,Kraft,GBP,TE,23,-3
average,9925,TE,25.599999999999998,NA,0.2966666666666633,25.599999999999998,25.599999999999998,-55.254999999999995,-48.409000000000006,-63.19200000000001,287,263,306,62,14,363.67,61.5,20.27,0.98,NA,NA,NA,NA,NA,Jimmy,Graham,NOS,TE,37,10
average,14870,TE,25.303333333333335,5.945589401676956,0.7683333333333344,19.919,30.62,-55.551666666666655,-54.09,-58.172,288,289,284,63,14,352.62,47.28,5.98,0.44,NA,NA,NA,NA,NA,Adam,Trautman,DEN,TE,26,0
average,13753,TE,24.535,6.1306157928873635,0.245000000000001,20.6335,28.4365,-56.31999999999999,-53.3755,-60.355500000000006,289,285,297,64,14,352.13,53.92,6.08,0.45,NA,NA,NA,NA,NA,Jordan,Akins,CLE,TE,31,2
average,12378,TE,24.29,10.762165209659255,0.173333333333332,17.441,31.139,-56.56499999999999,-56.568,-57.653000000000006,290,306,280,65,14,NA,100,2.16,0.38,NA,NA,NA,NA,NA,Geoff,Swaim,ARI,TE,30,5
average,13678,TE,24.116666666666667,4.563532988084269,0.6966666666666654,19.805,27.950000000000003,-56.73833333333332,-54.204,-60.842,291,291,299,66,14,NA,72.4,4.8,0.27,NA,NA,NA,NA,NA,Ian,Thomas,CAR,TE,27,2
average,14871,TE,23.42,2.0930360723121813,0.33999999999999986,22.088,24.752000000000002,-57.43499999999999,-51.921,-64.03999999999999,295,276,311,67,14,372.6,57.55,8.23,0.43,NA,NA,NA,NA,NA,Colby,Parkinson,SEA,TE,24,0
average,15873,TE,23.080000000000002,11.336189836095723,0.13333333333333286,15.634,34.263999999999996,-57.77499999999999,-58.375,-54.528000000000006,297,317,271,68,14,313.77,38.05,4.36,0.54,NA,NA,NA,1.3920000000000001,NA,Daniel,Bellinger,NYG,TE,23,-2
average,13676,TE,22.94666666666667,5.061080253595405,0.2133333333333347,17.970000000000002,26.556,-57.90833333333332,-56.039,-62.236000000000004,298,303,302,69,14,337.21,48.81,10.89,0.65,NA,NA,NA,0.8160000000000002,NA,Durham,Smythe,MIA,TE,28,2
average,15344,TE,22.733333333333334,3.9576929306520654,0.7433333333333323,18.830000000000002,25.400000000000002,-58.121666666666655,-55.179,-63.391999999999996,299,298,308,70,14,359,68.43,9.16,0.56,NA,NA,NA,NA,NA,John,Bates,WAS,TE,26,-1
average,16216,TE,21.990000000000002,1.5414927829866758,0.26000000000000156,21.009,22.971000000000007,-58.86499999999999,-53,-65.821,302,282,319,71,15,348.42,45.19,5.3,0.18,72.24,NA,229.76,6.144000000000001,NA,Darnell,Washington,PIT,TE,22,-3
average,16333,TE,21.73,2.3617366491630714,0.06333333333333258,20.227,23.233,-59.124999999999986,-53.782,-65.559,303,287,318,72,15,358.2,62.2,10.07,0.56,NA,NA,NA,1.4160000000000001,NA,Elijah,Higgins,MIA,TE,23,-3
average,14868,TE,21.666666666666668,1.011599393699568,0.12166666666666615,20.67,22.290000000000003,-59.18833333333332,-53.339,-66.502,304,284,322,73,15,NA,80,5.25,0.15,NA,NA,NA,NA,NA,Brycen,Hopkins,LAR,TE,26,0
average,15026,TE,21.545,7.855956338982544,0.3500000000000014,16.5455,26.544500000000003,-59.30999999999999,-57.463499999999996,-62.2475,306,310,303,74,15,NA,111,1,0.14,NA,NA,NA,NA,NA,Stephen,Sullivan,CAR,TE,27,0
average,16219,TE,21.195,12.169307704220481,0.019999999999999574,13.450500000000003,28.9395,-59.65999999999999,-60.558499999999995,-59.852500000000006,307,332,295,75,15,NA,109.33,4.11,0.56,NA,NA,NA,NA,NA,Davis,Allen,LAR,TE,22,-3
average,16000,TE,21.175,1.7324116139070385,1.2750000000000021,20.0725,22.2775,-59.67999999999999,-53.936499999999995,-66.5145,308,288,324,76,15,366.8,54.93,4.53,0.12,NA,NA,NA,1.1520000000000001,NA,Peyton,Hendershot,DAL,TE,24,-2
average,13188,TE,19.9,NA,0.04999999999999716,19.9,19.9,-60.95499999999999,-54.109,-68.892,311,290,337,77,15,369.2,48.5,0.5,0.01,NA,NA,NA,NA,NA,O.J.,Howard,FA,TE,29,3
average,15541,TE,19.85,9.687362902255702,0.15500000000000114,13.685000000000002,26.015000000000004,-61.00499999999999,-60.324,-62.777,312,330,305,78,15,NA,81.5,9.86,0.72,NA,NA,NA,NA,NA,Jack,Stoll,PHI,TE,25,-1
average,12213,TE,19.695,6.7952961672027214,0.23499999999999943,15.370500000000002,24.0195,-61.15999999999999,-58.6385,-64.77250000000001,314,319,313,79,15,NA,NA,NA,0.48,NA,NA,NA,NA,NA,Blake,Bell,KCC,TE,32,5
average,13988,TE,19.46,11.653119753954304,0.625,12.044000000000002,26.876,-61.39499999999999,-61.964999999999996,-61.916,315,343,301,80,15,NA,78.75,4.02,0.52,NA,NA,NA,NA,NA,Ross,Dwelley,SFO,TE,28,2
average,15795,TE,18.835,4.009295449327726,1.4750000000000014,16.2835,21.3865,-62.01999999999999,-57.7255,-67.4055,317,311,328,81,15,NA,82.29,11.62,0.66,NA,NA,NA,NA,NA,Charlie,Kolar,BAL,TE,24,-2
average,16218,TE,17.36,4.723473298326137,0.00999999999999801,14.354,20.366,-63.49499999999999,-59.655,-68.426,321,326,335,82,15,NA,92,7.18,0.46,NA,NA,NA,NA,NA,Payne,Durham,TBB,TE,23,-3
average,15041,TE,17.35,2.899137802864843,0.45000000000000284,15.505,19.194999999999997,-63.50499999999999,-58.504,-69.59700000000001,322,318,341,83,15,NA,NA,NA,0.12,NA,NA,NA,NA,NA,Lawrence,Cager,NYG,TE,26,0
average,15534,TE,16.9,0,0.03500000000000014,16.9,16.9,-63.95499999999999,-57.109,-71.892,323,309,351,84,15,NA,NA,NA,0.03,NA,NA,NA,NA,NA,Miller,Forristall,CLE,TE,25,-1
average,12212,TE,16.865,7.544829355260462,0.14499999999999602,12.0635,21.6665,-63.989999999999995,-61.9455,-67.1255,324,342,327,85,15,351,NA,NA,0.51,NA,NA,NA,NA,NA,Tyler,Kroft,MIA,TE,31,5
average,15909,TE,16.720000000000002,2.80014285349873,0.05500000000000327,14.938,18.502000000000002,-64.13499999999999,-59.071,-70.28999999999999,325,320,342,86,15,349,63.63,6.52,0.33,NA,NA,NA,NA,NA,James,Mitchell,DET,TE,24,-2
average,13315,TE,16.665,0.898025612106915,0.11999999999999744,16.093500000000002,17.2365,-64.19,-57.915499999999994,-71.5555,326,313,349,87,15,NA,86.8,13.64,0.67,NA,NA,NA,NA,NA,Eric,Saubert,MIA,TE,29,3
average,16217,TE,16.545,0.5020458146424469,0.09500000000000242,16.2255,16.864499999999996,-64.30999999999999,-57.783500000000004,-71.92750000000001,327,312,352,88,15,NA,95,9.75,0.47,NA,NA,NA,2.9760000000000004,NA,Cameron,Latu,SFO,TE,23,-3
average,15333,TE,16.45,0.7778174593052021,0.10999999999999943,15.955000000000002,16.945,-64.40499999999999,-58.054,-71.84700000000001,329,314,350,89,15,NA,71.33,3.9,0.08,NA,NA,NA,NA,NA,Tre',McKitty,LAC,TE,24,-1
average,8269,TE,16.34,5.883128419472076,0.46999999999999886,12.596,20.084,-64.51499999999999,-61.413,-68.708,331,337,336,90,15,NA,97.33,13.77,0.77,NA,NA,NA,NA,NA,Marcedes,Lewis,CHI,TE,39,14
average,16249,TE,15.870000000000001,3.4365389565666207,0.28500000000000014,13.683000000000002,18.057000000000002,-64.98499999999999,-60.326,-70.735,332,331,343,91,15,375,65.63,13.35,0.7,NA,NA,NA,1.5360000000000003,NA,Zack,Kuntz,NYJ,TE,24,-3
average,15796,TE,15.585,3.556747109368335,0.45500000000000007,13.3215,17.8485,-65.26999999999998,-60.6875,-70.9435,333,333,345,92,16,355.29,59.07,14.01,0.72,NA,NA,NA,NA,NA,Jeremy,Ruckert,NYJ,TE,23,-2
average,13994,TE,15.13,15.089658710520926,0.0649999999999995,5.527000000000001,24.732999999999997,-65.725,-68.482,-64.059,334,387,312,93,16,NA,100.6,7.79,0.76,NA,NA,NA,NA,NA,Pharaoh,Brown,IND,TE,29,3
average,16312,TE,15.065000000000001,0.7566042558696073,0.26500000000000057,14.583499999999999,15.546500000000002,-65.78999999999999,-59.4255,-73.24549999999999,335,323,362,94,16,NA,89.2,8.98,0.42,NA,NA,NA,NA,NA,Josh,Whyle,TEN,TE,24,-3
average,15916,TE,14.8,0,0.07000000000000028,14.8,14.8,-66.05499999999999,-59.209,-73.992,336,322,367,95,16,NA,NA,NA,0.03,NA,NA,NA,NA,NA,Andrew,Ogletree,IND,TE,25,-2
average,14370,TE,14.73,5.190163773909258,0.20000000000000107,11.427,18.032999999999998,-66.12499999999999,-62.582,-70.759,337,346,344,96,16,NA,98.5,9.71,0.61,NA,NA,NA,NA,NA,Tanner,Hudson,CIN,TE,29,2
average,15070,TE,14.53,NA,0.02999999999999936,14.53,14.53,-66.32499999999999,-59.479,-74.262,338,324,370,97,16,NA,81.6,13.23,0.91,NA,NA,NA,NA,NA,Jody,Fortson,KCC,TE,28,1
average,16113,TE,14.5,3.5355339059327378,0.10500000000000043,12.25,16.75,-66.35499999999999,-61.759,-72.042,339,339,353,98,16,NA,NA,NA,0.17,NA,NA,NA,NA,NA,Stone,Smartt,LAC,TE,25,-2
average,15929,TE,14.395,1.9869700551341989,0.10999999999999943,13.130500000000001,15.659500000000001,-66.46,-60.8785,-73.1325,341,336,361,99,16,NA,85.6,22.81,0.91,NA,NA,NA,NA,NA,Ko,Kieft,TBB,TE,25,-2
average,15800,TE,14.285,1.7182694782833103,0.10500000000000043,13.1915,15.3785,-66.57,-60.8175,-73.4135,342,335,365,100,16,NA,88.4,10.67,0.58,NA,NA,NA,NA,NA,Connor,Heyward,PIT,TE,24,-2
average,14240,TE,14.18,3.1395541084682708,0.030000000000001137,12.181999999999999,16.177999999999997,-66.67499999999998,-61.827,-72.614,343,340,359,101,16,NA,92.25,8.2,0.48,NA,NA,NA,NA,NA,Zach,Gentry,PIT,TE,27,1
average,16367,TE,14.149999999999999,3.8890872965260113,0.3299999999999983,11.674999999999999,16.624999999999996,-66.70499999999998,-62.334,-72.167,344,345,355,102,16,NA,NA,NA,0.21,NA,NA,NA,NA,NA,Brayden,Willis,SFO,TE,24,-3
average,15335,TE,13.82,6.052834046956847,0.10500000000000043,9.968000000000002,17.672,-67.035,-64.041,-71.12,346,355,346,103,16,NA,99.4,15.08,0.82,NA,NA,NA,NA,NA,Luke,Farrell,JAC,TE,26,-1
average,14146,TE,13.715,4.080006127446381,0.1750000000000007,11.1185,16.311500000000002,-67.13999999999999,-62.8905,-72.4805,348,348,358,104,16,NA,79.4,10.98,0.63,NA,NA,NA,NA,NA,Drew,Sample,CIN,TE,27,1
average,15103,TE,13.54,4.893178925810909,0.129999999999999,10.426,16.654,-67.315,-63.583,-72.138,349,354,354,105,16,NA,137,9.22,0.59,NA,NA,NA,NA,NA,Reggie,Gilliam,BUF,RB,26,0
average,14752,TE,13.41,3.804234482783626,0.004999999999999005,10.989,15.831,-67.445,-63.019999999999996,-72.961,350,350,360,106,16,NA,78.6,14.32,0.75,NA,NA,NA,NA,NA,Jesper,Horsted,LVR,TE,26,1
average,15620,TE,13.405000000000001,11.589480143647515,0.40000000000000213,6.0295000000000005,20.7805,-67.44999999999999,-67.9795,-68.0115,351,383,330,107,16,NA,96.33,1.25,0.33,NA,NA,NA,NA,NA,Chris,Myarick,NYG,TE,28,1
average,15564,TE,13.004999999999999,9.75100251256249,0.09999999999999787,6.799500000000001,19.210499999999996,-67.85,-67.2095,-69.5815,355,379,340,108,16,NA,90.5,5.5,0.55,NA,NA,NA,NA,NA,Parker,Hesse,ATL,TE,28,1
average,16220,TE,12.905000000000001,2.679934700697016,0.28000000000000114,11.199499999999999,14.610500000000002,-67.94999999999999,-62.8095,-74.1815,356,347,368,109,16,NA,84.6,7.74,0.41,NA,NA,NA,NA,NA,Will,Mallory,IND,TE,24,-3
average,16406,TE,12.625,4.348706704297268,0.29499999999999993,9.8575,15.392500000000002,-68.22999999999999,-64.1515,-73.3995,357,357,364,110,16,NA,NA,NA,0.24,NA,NA,NA,NA,NA,Curtis,Hodges,WAS,TE,24,-2
average,12955,TE,12.33,4.341635636485402,0.20000000000000107,9.567,15.093,-68.52499999999999,-64.44200000000001,-73.699,359,359,366,111,16,NA,84.4,5.39,0.31,NA,NA,NA,NA,NA,Chris,Manhertz,DEN,TE,31,4
average,15334,TE,12.129999999999999,NA,0.04499999999999815,12.129999999999999,12.129999999999999,-68.725,-61.879000000000005,-76.662,361,341,374,112,16,NA,63.33,9.87,0.8,NA,NA,NA,NA,NA,Hunter,Long,LAR,TE,25,-1
average,14936,TE,12.085,5.395224740453357,0.40500000000000114,8.6515,15.518500000000001,-68.76999999999998,-65.3575,-73.2735,362,370,363,113,16,NA,95,13.36,0.75,NA,NA,NA,NA,NA,Devin,Asiasi,CIN,TE,26,0
average,15803,TE,11.68,NA,1.08,11.68,11.68,-69.17499999999998,-62.329,-77.112,364,344,376,114,16,330.1,51.21,11.85,0.88,NA,NA,NA,NA,NA,Cole,Turner,WAS,TE,23,-2
average,14357,TE,10.6,NA,0.6699999999999999,10.6,10.6,-70.255,-63.409,-78.19200000000001,369,353,378,115,16,NA,87,16.17,0.96,NA,NA,NA,NA,NA,Kendall,Blanton,KCC,TE,28,1
average,15341,TE,9.93,NA,0.5599999999999987,9.93,9.93,-70.92499999999998,-64.07900000000001,-78.862,374,356,379,116,16,NA,83.2,12.42,0.89,NA,NA,NA,NA,NA,Quintin,Morris,BUF,TE,24,-1
average,13940,TE,9.370000000000001,NA,0.11000000000000121,9.370000000000001,9.370000000000001,-71.48499999999999,-64.639,-79.422,377,360,383,117,16,NA,82.5,5.12,0.35,NA,NA,NA,NA,NA,Johnny,Mundt,MIN,TE,29,3
average,15990,TE,9.26,NA,0.17999999999999972,9.26,9.26,-71.59499999999998,-64.749,-79.532,379,362,384,118,16,NA,102,12.73,0.9,NA,NA,NA,NA,NA,Armani,Rogers,WAS,TE,26,-2
average,15054,TE,9.08,NA,0.08999999999999808,9.08,9.08,-71.77499999999999,-64.929,-79.712,380,363,386,119,16,NA,82,9.87,0.8,NA,NA,NA,NA,NA,Giovanni,Ricci,CAR,TE,27,0
average,14319,TE,8.990000000000002,NA,0.1700000000000017,8.990000000000002,8.990000000000002,-71.86499999999998,-65.019,-79.80199999999999,382,365,387,120,16,NA,95.67,3.4,0.1,NA,NA,NA,NA,NA,Andrew,Beck,HOU,RB,27,1
average,15563,TE,8.82,NA,0.120000000000001,8.82,8.82,-72.035,-65.189,-79.97200000000001,383,367,389,121,16,NA,89.33,7.93,0.65,NA,NA,NA,NA,NA,Mitchell,Wilcox,CIN,TE,27,0
average,15604,TE,8.7,NA,0.1999999999999993,8.7,8.7,-72.15499999999999,-65.309,-80.092,384,368,391,122,16,NA,84.75,2.86,0.07,NA,NA,NA,NA,NA,Shane,Zylstra,DET,TE,27,-1
average,15804,TE,8.5,NA,0.6999999999999993,8.5,8.5,-72.35499999999999,-65.509,-80.292,386,371,392,123,17,NA,77.4,10.44,0.83,NA,NA,NA,NA,NA,Grant,Calcaterra,PHI,TE,25,-2
average,13919,TE,7.800000000000001,NA,0.16999999999999993,7.800000000000001,7.800000000000001,-73.05499999999999,-66.209,-80.992,389,373,394,124,17,NA,NA,NA,NA,NA,NA,NA,NA,NA,Anthony,Firkser,NEP,TE,28,2
average,12309,TE,7.630000000000001,NA,0.1900000000000004,7.630000000000001,7.630000000000001,-73.225,-66.379,-81.162,391,374,396,125,17,NA,88.33,15.33,0.94,NA,NA,NA,NA,NA,MyCole,Pruitt,ATL,TE,31,5
average,13065,TE,7.44,NA,0.29000000000000004,7.44,7.44,-73.41499999999999,-66.569,-81.352,393,376,397,126,17,NA,NA,NA,NA,NA,NA,NA,NA,NA,Eric,Tomlinson,HOU,TE,31,5
average,14294,TE,7.15,NA,0.6899999999999995,7.15,7.15,-73.70499999999998,-66.859,-81.642,395,377,398,127,17,NA,96.75,7.66,0.63,NA,NA,NA,NA,NA,Tommy,Sweeney,NYG,TE,28,1
average,14363,TE,6.460000000000001,NA,0.830000000000001,6.460000000000001,6.460000000000001,-74.39499999999998,-67.549,-82.332,399,381,403,128,17,NA,96,24.59,0.99,NA,NA,NA,NA,NA,Kevin,Rader,TEN,TE,28,2
average,15214,TE,5.63,NA,0.04999999999999982,5.63,5.63,-75.225,-68.379,-83.162,402,385,405,129,17,NA,NA,NA,NA,NA,NA,NA,NA,NA,Dominique,Dafney,TBB,TE,26,0
average,15991,TE,5.58,NA,0.23000000000000043,5.58,5.58,-75.27499999999999,-68.429,-83.212,403,386,406,130,17,NA,213,5,0.32,NA,NA,NA,NA,NA,Tanner,Conner,MIA,TE,25,-2
average,13391,TE,5.35,NA,0.27999999999999936,5.35,5.35,-75.505,-68.659,-83.44200000000001,405,388,407,131,17,NA,102.75,21.72,0.99,NA,NA,NA,NA,NA,Jacob,Hollister,LVR,TE,30,3
average,14231,TE,5.07,NA,0.07000000000000028,5.07,5.07,-75.785,-68.939,-83.72200000000001,406,391,408,132,17,NA,96.67,19.01,0.98,NA,NA,NA,NA,NA,Trevon,Wesco,TEN,TE,28,1
average,14984,TE,5,NA,0.27999999999999936,5,5,-75.85499999999999,-69.009,-83.792,407,392,409,133,17,NA,92.5,16.5,0.97,NA,NA,NA,NA,NA,Charlie,Woerner,SFO,TE,26,0
average,13366,TE,4.720000000000001,NA,0.009999999999999787,4.720000000000001,4.720000000000001,-76.13499999999999,-69.289,-84.072,410,394,410,134,17,NA,111.5,6.5,0.52,NA,NA,NA,NA,NA,Mason,Schreck,HOU,TE,30,3
average,14939,TE,4.710000000000001,NA,0.3100000000000005,4.710000000000001,4.710000000000001,-76.14499999999998,-69.299,-84.082,411,395,411,135,17,NA,NA,NA,NA,NA,NA,NA,NA,NA,Dalton,Keene,HOU,TE,24,0
average,15080,TE,4.4,NA,0.15000000000000036,4.4,4.4,-76.45499999999998,-69.609,-84.392,414,396,413,136,17,NA,NA,NA,NA,NA,NA,NA,NA,NA,Noah,Togiai,ARI,TE,26,0
average,15097,TE,4.25,NA,0.10999999999999943,4.25,4.25,-76.60499999999999,-69.759,-84.542,415,398,415,137,17,NA,107.67,11.09,0.85,NA,NA,NA,NA,NA,Sean,McKeon,DAL,TE,26,0
average,15244,TE,4.140000000000001,NA,0.22000000000000064,4.140000000000001,4.140000000000001,-76.71499999999999,-69.869,-84.652,416,399,416,138,17,NA,80,1,0.01,NA,NA,NA,NA,NA,Feleipe,Franks,ATL,TE,26,-1
average,14996,TE,3.92,NA,0.13999999999999968,3.92,3.92,-76.93499999999999,-70.089,-84.872,418,401,417,139,17,NA,NA,NA,NA,NA,NA,NA,NA,NA,Tyler,Davis,GBP,TE,26,0
average,16036,TE,3.7800000000000002,NA,1.1799999999999997,3.7800000000000002,3.7800000000000002,-77.07499999999999,-70.229,-85.012,419,402,418,140,17,NA,NA,NA,NA,NA,NA,NA,NA,NA,Jake,Tonges,CHI,TE,24,-2
average,14060,TE,2.6000000000000005,NA,0.10000000000000053,2.6000000000000005,2.6000000000000005,-78.255,-71.409,-86.19200000000001,422,410,422,141,17,NA,NA,NA,NA,NA,NA,NA,NA,NA,Tyree,Jackson,PHI,TE,26,1
average,12680,TE,2.5,NA,0.8599999999999999,2.5,2.5,-78.35499999999999,-71.509,-86.292,423,412,423,142,18,NA,NA,NA,NA,NA,NA,NA,NA,NA,Nick,Vannett,HOU,TE,30,4
average,15374,TE,1.6400000000000001,NA,1.4400000000000002,1.6400000000000001,1.6400000000000001,-79.21499999999999,-72.369,-87.152,425,414,425,143,18,NA,NA,NA,NA,NA,NA,NA,NA,NA,Sammis,Reyes,JAC,TE,28,-1
average,15455,TE,0.2,NA,0,0.2,0.2,-80.65499999999999,-73.809,-88.592,435,422,429,144,18,NA,NA,NA,NA,NA,NA,NA,NA,NA,NA,NA,NA,NA,NA,NA
average,0516,DST,127.43333333333332,14.442414387259955,1.8333333333333286,118.69999999999999,141.64999999999998,5.966666666666654,4.089999999999975,8.399999999999977,79,87,78,1,1,167.6,2.58,1.45,0.48,114.0375,22.346955469369874,-35.037499999999994,2.575,0.07499999999999996,Dallas,Cowboys,DAL,DST,NA,50
average,0518,DST,125.6,12.75774274705364,4.133333333333326,116.94000000000001,138.17999999999998,4.133333333333326,2.3299999999999983,4.929999999999978,83,92,85,2,2,175.16,3.64,1.56,0.45,108.7475,22.57765640517191,-25.747500000000002,2.81,0.31000000000000005,Philadelphia,Eagles,PHI,DST,NA,50
average,0520,DST,121.46666666666667,12.647661180365846,0.5999999999999943,110.57000000000001,133.25,0,-4.040000000000006,0,96,106,96,3,3,233.46,15.45,3.01,0.89,171.56333333333333,20.319436234524044,-75.56333333333333,NA,NA,Washington,Commanders,WAS,DST,NA,50
average,0504,DST,120.86666666666667,10.767698608956948,0.46666666666666856,114.61000000000001,131.44,-0.5999999999999943,0,-1.8100000000000023,97,96,105,4,3,187.3,5.85,1.86,0.42,133.805,13.73843058722502,-36.80500000000001,1.745,0.545,New England,Patriots,NEP,DST,NA,50
average,0529,DST,120.4,11.109905490147069,0.5333333333333456,109.87,129.67,-1.0666666666666629,-4.740000000000009,-3.5800000000000125,100,110,112,5,4,212.14,11.15,2.52,0.59,167.11333333333332,14.256940609946982,-67.11333333333332,1.17,NA,New Orleans,Saints,NOS,DST,NA,50
average,0507,DST,119.86666666666666,11.729592206608597,0.19999999999998863,110.45,131.14999999999998,-1.6000000000000085,-4.160000000000011,-2.1000000000000227,101,107,108,6,4,236.67,15.26,2.52,0.64,174.75,24.419999999999987,-73.75,1,NA,Cleveland,Browns,CLE,DST,NA,50
average,0530,DST,119.66666666666667,9.190393535280926,1.566666666666677,110.6,125.63000000000001,-1.7999999999999972,-4.010000000000019,-7.61999999999999,102,105,123,7,5,159.07,1.47,0.9,0.11,100.3475,19.698826583073416,1.6525000000000034,3.855,0.44499999999999984,San Francisco,49ers,SFO,DST,NA,50
average,0531,DST,118.1,14.351306560728187,0.09999999999999432,104.48,130.04,-3.3666666666666742,-10.13000000000001,-3.210000000000008,106,138,111,8,6,194.29,7.51,1.61,0.53,143.52,18.334846604212427,-37.52000000000001,1.275,0.07500000000000007,Baltimore,Ravens,BAL,DST,NA,50
average,0510,DST,118,13.08854460969591,0.6666666666666714,110.01,130.89,-3.4666666666666686,-4.6000000000000085,-2.3600000000000136,107,108,109,9,6,214.24,11.09,2.53,0.81,160.78666666666666,29.875990732061464,-53.78666666666666,1.11,NA,Pittsburgh,Steelers,PIT,DST,NA,50
average,0515,DST,117.33333333333333,11.669333028641063,0.13333333333332575,106.38,127.25999999999999,-4.13333333333334,-8.230000000000018,-5.990000000000009,109,123,119,10,6,293.23,22,4.04,0.96,180.315,21.715000000000003,-71.315,NA,NA,Seattle,Seahawks,SEA,DST,NA,50
average,0512,DST,117.2,8.650433515148242,2.1666666666666714,109.38,124.94999999999999,-4.266666666666666,-5.230000000000018,-8.300000000000011,110,113,124,11,7,208.3,10.4,2.29,0.41,160.69333333333333,16.081594724681043,-50.69333333333333,1.13,NA,Kansas City,Chiefs,KCC,DST,NA,50
average,0525,DST,115.03333333333333,10.878572210236655,0.7333333333333343,104.61,123.86999999999999,-6.433333333333337,-10.000000000000014,-9.38000000000001,115,136,129,12,8,227.74,14.92,4.53,0.98,180.95,27.64999999999999,-65.94999999999999,NA,NA,Tampa Bay,Buccaneers,TBB,DST,NA,50
average,0522,DST,114.3,10.89173998955171,0.3999999999999915,104.92,124.44999999999999,-7.166666666666671,-9.690000000000012,-8.800000000000011,116,133,126,13,8,307.83,24.75,2.48,0.57,183.77,22.97,-67.77000000000001,NA,NA,Detroit,Lions,DET,DST,NA,50
average,0502,DST,113.9,8.608716512930364,0.06666666666667709,106.96000000000001,122.16999999999999,-7.566666666666663,-7.650000000000006,-11.080000000000013,120,120,137,14,8,263.51,19.32,2.22,0.39,211.19,NA,-91.19,NA,NA,Indianapolis,Colts,IND,DST,NA,50
average,0503,DST,113.83333333333333,7.715136637372879,0.09999999999999432,107.68,121.27000000000001,-7.63333333333334,-6.930000000000007,-11.97999999999999,122,118,140,15,9,221.67,13.11,3.54,0.78,158.03,27.99166125831048,-36.03,1.2,0.19999999999999996,Miami,Dolphins,MIA,DST,NA,50
average,0532,DST,113.73333333333333,10.725825531553896,0.5999999999999943,105.02,124.01,-7.733333333333334,-9.590000000000018,-9.239999999999995,123,132,128,16,9,307.9,28.77,2.93,0.79,NA,NA,NA,NA,NA,Houston,Texans,HOU,DST,NA,50
average,0509,DST,113.13333333333334,12.602116224401884,0.4000000000000057,101.70000000000002,124.38,-8.333333333333329,-12.909999999999997,-8.870000000000005,124,148,127,17,9,259.25,18.83,3.58,0.93,166.05,4.6499999999999915,-42.05000000000001,1.31,NA,Jacksonville,Jaguars,JAC,DST,NA,50
average,0501,DST,112.73333333333333,6.326399713370424,0.4333333333333371,106.82999999999998,118.17000000000002,-8.733333333333334,-7.78000000000003,-15.079999999999984,127,121,147,18,10,173.31,3.75,1.53,0.13,127.965,24.03227049198639,-0.9650000000000034,1.9900000000000002,0.19000000000000006,Buffalo,Bills,BUF,DST,NA,50
average,0506,DST,112.3,11.625833303466898,0.6333333333333258,100.83999999999999,119.55999999999999,-9.166666666666671,-13.770000000000024,-13.690000000000012,128,150,143,19,10,219.95,12.81,2.84,0.82,181.99666666666667,17.69681766746653,-53.99666666666667,1,NA,Cincinnati,Bengals,CIN,DST,NA,50
average,0514,DST,111.66666666666667,11.296164540822401,0.36666666666667425,104.78999999999999,122.78999999999999,-9.799999999999997,-9.820000000000022,-10.460000000000008,130,135,136,20,11,241.82,16.96,2.54,0.62,181.535,25.835000000000008,-51.535,NA,NA,Los Angeles,Chargers,LAC,DST,NA,50
average,0511,DST,111.3,10.762899237658967,0.5333333333333314,100.82,119.53999999999999,-10.166666666666671,-13.79000000000002,-13.710000000000008,131,151,144,21,11,199.25,9.19,4.22,0.95,157.565,26.175370579993704,-26.564999999999998,1.215,0.11499999999999999,Denver,Broncos,DEN,DST,NA,50
average,0517,DST,110.76666666666667,10.240279944090073,0.4333333333333229,100.77,118.5,-10.700000000000003,-13.840000000000018,-14.75,133,152,146,22,12,295.98,22.64,2.84,0.65,210.16,NA,-77.16,NA,NA,New York,Giants,NYG,DST,NA,50
average,0528,DST,110.33333333333334,6.9370983367207195,0.13333333333333997,103.53,115.41000000000001,-11.133333333333326,-11.080000000000013,-17.83999999999999,135,142,160,23,12,277.76,22.32,4.12,0.87,NA,NA,NA,NA,NA,Los Angeles,Rams,LAR,DST,NA,50
average,0523,DST,110.2,6.894200461257269,1.3666666666666742,105.57000000000001,116.99999999999999,-11.266666666666666,-9.040000000000006,-16.250000000000014,136,128,154,24,13,247.98,17.53,3.17,0.55,185.44,18.11,-49.44,NA,NA,Green Bay,Packers,GBP,DST,NA,50
average,0524,DST,108.83333333333333,3.906831623366093,2.3999999999999915,105.1,112.03,-12.63333333333334,-9.51000000000002,-21.22,143,131,169,25,14,323.05,27.31,1.5,0.06,207.83,NA,-64.83000000000001,NA,NA,Minnesota,Vikings,MIN,DST,NA,50
average,0505,DST,106.43333333333334,8.14514170124335,1.0333333333333314,99.69,114.18,-15.033333333333331,-14.920000000000016,-19.069999999999993,154,158,165,26,15,187.77,5.43,1.76,0.26,135.46666666666667,40.808849802735466,18.53333333333333,1.6,0.20000000000000007,New York,Jets,NYJ,DST,NA,50
average,0526,DST,105.4,11.026785569693464,0.63333333333334,96.97,116.14,-16.066666666666663,-17.640000000000015,-17.11,157,167,159,27,16,311.29,28.57,2.8,0.74,NA,NA,NA,NA,NA,Atlanta,Falcons,ATL,DST,NA,50
average,0519,DST,104.76666666666667,7.221034090304056,0.3333333333333286,98.74000000000001,111.61,-16.700000000000003,-15.870000000000005,-21.64,160,162,171,28,16,303,28.76,1.82,0.25,NA,NA,NA,NA,NA,Arizona,Cardinals,ARI,DST,NA,50
average,0508,DST,104.43333333333334,3.932344508474982,0.63333333333334,100.58,107.33,-17.03333333333333,-14.030000000000015,-25.92,161,153,183,29,17,303.23,23.83,2.72,0.29,NA,NA,NA,NA,NA,Tennessee,Titans,TEN,DST,NA,50
average,0527,DST,103.8,3.6496575181789264,3.8999999999999915,100.20000000000002,106.14000000000001,-17.66666666666667,-14.409999999999997,-27.109999999999985,162,155,189,30,18,285.17,21.58,3.07,0.37,209.28,NA,-47.28,NA,NA,Carolina,Panthers,CAR,DST,NA,50
average,0521,DST,99.9,7.454528824815156,3.63333333333334,93.09,106.5,-21.566666666666663,-21.52000000000001,-26.75,175,186,187,31,19,326.1,29.11,2.02,0.31,211.36,NA,-36.360000000000014,NA,NA,Chicago,Bears,CHI,DST,NA,50
average,0513,DST,96.26666666666667,10.785793124908952,0,88.9,106.89999999999999,-25.200000000000003,-25.710000000000008,-26.35000000000001,185,201,185,32,19,308.33,30.94,1.59,0.36,NA,NA,NA,NA,NA,Las Vegas,Raiders,LVR,DST,NA,50
robust,13116,QB,356.4875,8.42116800000001,10.09899999999999,343.179,364.75199999999995,91.79900000000004,99.86399999999995,78.24539999999996,5,4,7,1,1,26.15,1.75,0.9,0.01,15.855,4.188761750207333,-10.855,41.394666666666666,8.326462447455638,Patrick,Mahomes,KCC,QB,28,3
robust,14783,QB,346.3885,27.18791879999995,3.598500000000058,308.0612,371.2862,81.70000000000005,64.74619999999996,84.77960000000002,9,17,3,2,1,27.37,2.36,0.93,0.16,22.291666666666668,3.977195061290752,-13.291666666666668,35.886,5.132852877948745,Jalen,Hurts,PHI,QB,25,0
robust,13589,QB,342.78999999999996,6.923742000000023,32.945499999999925,324.235,352.513,78.10149999999999,80.91999999999999,66.00639999999999,11,8,13,3,2,27.22,2.19,0.9,0.01,19.905,3.4689467661909528,-8.905000000000001,36.45266666666667,7.76959035099163,Josh,Allen,BUF,QB,27,2
robust,13593,QB,309.84450000000004,21.675612000000005,12.044500000000028,296.682,323.0142,45.15600000000006,53.36699999999999,36.507600000000025,31,25,30,4,3,38.84,4.57,1.27,0.13,38.79666666666667,7.677396838917618,-7.796666666666667,29.647333333333336,10.684494726263642,Lamar,Jackson,BAL,QB,26,2
robust,5848,QB,297.8,NA,1.2180000000000177,297.8,297.8,33.111500000000035,54.484999999999985,11.29340000000002,39,24,70,5,3,NA,NA,NA,NA,NA,NA,NA,NA,NA,Tom,Brady,TBB,QB,46,20
robust,14777,QB,296.582,20.504357999999975,1.7779999999999632,281.633,315.5342,31.893500000000017,38.317999999999955,29.027600000000007,43,36,40,6,3,42.62,5.53,1.12,0.12,37.513333333333335,6.432639858996892,5.486666666666665,26.07,7.995027621382348,Joe,Burrow,CIN,QB,27,0
robust,14779,QB,294.80400000000003,18.499882800000012,18.545999999999992,282.9078,307.7658,30.115500000000054,39.59279999999998,21.25920000000002,48,35,54,7,4,45.78,6.12,1.18,0.09,47.303333333333335,10.476259934834673,0.6966666666666654,23.880000000000003,11.620166378613806,Justin,Herbert,LAC,QB,25,0
robust,7836,QB,276.25800000000004,10.95344880000005,0.8385000000000105,266.33079999999995,291.43,11.569500000000062,23.015799999999928,4.923400000000015,70,57,86,8,4,117.31,15.08,2.67,0.18,98.97833333333334,15.350263208022055,-28.97833333333334,13.068,8.321062111693836,Aaron,Rodgers,NYJ,QB,40,15
robust,15238,QB,275.4195,20.590348799999965,1.0640000000000214,243.31500000000003,295.4592,10.731000000000051,0,8.952600000000018,73,96,76,9,4,46.31,5.97,1.39,0.14,49.755,8.874483553048782,23.244999999999997,22.699333333333335,8.523149704709457,Justin,Fields,CHI,QB,24,-1
robust,10703,QB,274.3555,23.73642600000007,3.7250000000000227,259.8828,288.78900000000004,9.66700000000003,16.56779999999995,2.2824000000000524,75,65,91,10,4,131.4,16.79,2.33,0.33,128.05,11.745234494608159,-53.05000000000001,10.236666666666668,6.896425805363886,Russell,Wilson,DEN,QB,35,8
robust,12620,QB,270.6305,24.63488159999998,0.20949999999993452,255.32160000000005,286.5066,5.942000000000007,12.00660000000002,0,80,73,96,11,4,88.42,10.88,2.1,0.3,84.38666666666667,11.465292068770959,-4.38666666666667,16.318,9.719055235292508,Dak,Prescott,DAL,QB,30,4
robust,10700,QB,270.42100000000005,8.72954880000005,5.732500000000073,259.32120000000003,277.95120000000003,5.732500000000073,16.006200000000007,-8.555399999999963,81,67,125,12,5,99.06,12.97,1.97,0.06,101.15666666666667,17.50055300713539,-20.156666666666666,14.342000000000002,9.341928851509559,Kirk,Cousins,MIN,QB,35,8
robust,14059,QB,264.6885,4.2372708000000054,8.1414999999999509,240.9692,275.3942,0,-2.3458000000000254,-11.11239999999998,96,103,139,13,6,96.95,12.52,2.51,0.07,114.06666666666666,15.440660247829076,-18.066666666666663,11.944666666666668,7.658984498976061,Daniel,Jones,NYG,QB,26,1
robust,15237,QB,256.547,13.325608799999998,6.827000000000027,234.644,269.9492,-8.1414999999999509,-8.67100000000002,-16.557399999999973,127,127,156,14,6,60.76,8.17,0.81,0.02,58.17666666666667,9.685196034269119,68.82333333333332,21.074,10.51375949252534,Trevor,Lawrence,JAC,QB,24,-1
robust,12610,QB,249.72,NA,1.5635000000000048,249.72,249.72,-14.968499999999977,6.404999999999973,-36.78659999999999,151,83,225,15,6,348.33,49.82,7,0.84,NA,NA,NA,NA,NA,Carson,Wentz,FA,QB,31,4
robust,12611,QB,248.1565,31.552693199999972,2.7054999999999723,220.6788,270.5118,-16.531999999999982,-22.63620000000003,-15.994799999999998,159,190,153,16,7,126.59,16.13,1.92,0.39,116.485,12.787488351249175,42.515,11.523333333333333,7.233562208360568,Jared,Goff,DET,QB,29,4
robust,13113,QB,245.45100000000002,13.770388799999932,0.7140000000000271,123.93720000000002,297.3312,-19.237499999999955,-119.37780000000001,10.824600000000032,170,644,71,17,7,84.2,10.56,2.5,0.2,79.43833333333333,14.540222850959182,90.56166666666667,14.904666666666667,8.51951740938939,Deshaun,Watson,CLE,QB,28,3
robust,14778,QB,244.737,9.141711600000079,0.4989999999999952,224.7394,255.84340000000003,-19.95149999999998,-18.575600000000037,-30.66319999999996,172,172,199,18,7,92.66,11.97,2.29,0.12,90.055,12.954049238236923,81.945,13.425333333333334,7.748947684829357,Tua,Tagovailoa,MIA,QB,25,0
robust,16152,QB,244.238,13.287061200000004,6.097999999999985,236.17220000000003,252.3038,-20.450499999999977,-7.142799999999994,-34.202799999999996,174,119,216,19,7,125.77,15.87,3.9,0.42,111.28999999999999,30.772198491495534,62.71000000000001,25.46333333333334,27.172550283123762,Anthony,Richardson,IND,QB,21,-3
robust,9099,QB,238.14000000000001,NA,1.8340000000000316,238.14000000000001,238.14000000000001,-26.54849999999996,-5.175000000000011,-48.36659999999998,191,112,253,20,8,NA,52,4.42,0.61,NA,NA,NA,NA,NA,Matt,Ryan,FA,QB,38,12
robust,14056,QB,236.30599999999998,46.354971599999985,7.247000000000014,196.5606,294.621,-28.382499999999993,-46.75440000000003,8.11439999999999,197,256,80,21,8,201.21,24.87,5.03,0.72,147.124,20.777450854231365,49.876000000000005,10.278000000000002,5.298000000000001,Kyler,Murray,ARI,QB,26,1
robust,11644,QB,229.05899999999997,16.987630799999955,1.72199999999998,215.9258,246.7058,-35.62950000000001,-27.389200000000017,-39.80079999999998,229,204,236,22,8,157.45,20.64,2.34,0.22,140.91666666666666,16.736358292319416,88.08333333333334,9.424000000000001,6.316136371759771,Derek,Carr,NOS,QB,32,6
robust,15698,QB,227.337,13.199587800000009,2.947999999999979,219.3243,235.3497,-37.35149999999999,-23.990700000000032,-51.15689999999998,238,193,260,23,9,195.77,23.92,4.55,0.49,146.01666666666665,22.601832275774065,91.98333333333335,10.995333333333335,8.717208472645103,Brock,Purdy,SFO,QB,24,-2
robust,11150,QB,224.389,30.60975960000002,0.5880000000000223,141.61100000000002,267.6614,-40.299499999999966,-101.70400000000001,-18.845199999999977,245,632,163,24,9,103.64,13.61,2.29,0.45,116.59333333333333,20.07946020744139,128.40666666666667,12.434666666666669,7.848053913055276,Geno,Smith,SEA,QB,33,7
robust,9431,QB,223.801,49.50697919999999,7.189999999999969,191.47920000000002,259.7532,-40.88749999999999,-51.835800000000006,-26.7534,247,275,188,25,9,156.71,20.47,2.15,0.65,143.57166666666666,18.03700678851369,103.42833333333334,7.290000000000001,4.699368751935379,Matthew,Stafford,LAR,QB,35,11
robust,16148,QB,216.61100000000002,7.871123399999996,12.234999999999985,211.83290000000002,221.3891,-48.07749999999996,-31.482100000000003,-65.11749999999998,266,208,316,26,10,190.4,24.66,2.75,0.15,130.31,46.30446976264818,135.69,26.805000000000003,20.115000000000006,Bryce,Young,CAR,QB,22,-3
robust,14782,QB,204.37600000000003,21.402813599999988,1.526500000000027,191.38360000000003,217.3684,-60.31249999999994,-51.9314,-69.13819999999998,311,277,338,27,11,176.66,23.08,3.06,0.41,146.178,25.690265393724527,164.822,8.171333333333333,5.681029562402303,Jordan,Love,GBP,QB,25,0
robust,10697,QB,202.8495,14.772626399999996,3.8160000000000025,186.9964,229.7194,-61.83899999999997,-56.31860000000003,-56.787199999999984,318,305,278,28,11,205.99,25.85,3.18,0.31,163.315,40.365,154.685,8.581000000000001,2.891000000000001,Ryan,Tannehill,TEN,QB,35,8
robust,15692,QB,199.0335,4.548616800000017,0.5165000000000077,129.3522,227.5332,-65.65499999999997,-113.96280000000002,-58.9734,335,643,288,29,11,169.6,22.73,2.24,0.05,141.12166666666667,20.54497295906931,193.87833333333333,6.534666666666667,3.8258354497924882,Kenny,Pickett,PIT,QB,25,-2
robust,11760,QB,198.517,2.308408199999982,6.691500000000019,197.1157,199.9183,-66.17149999999998,-46.19930000000002,-86.5883,340,252,424,30,12,230.82,27.82,2.97,0.11,163.56333333333333,36.73010784386866,176.43666666666667,7.65,2.0700000000000003,Jimmy,Garoppolo,LVR,QB,32,6
robust,15241,QB,191.82549999999998,29.364375600000017,7.871499999999969,172.2406,214.2256,-72.863,-71.07440000000003,-72.281,392,407,356,31,12,236.41,28.05,2.59,0.46,160.695,40.455000000000005,231.305,6.449000000000001,1.399000000000001,Mac,Jones,NEP,QB,25,-1
robust,16150,QB,183.954,8.738444399999986,0.16300000000001091,178.64939999999999,189.2586,-80.73449999999997,-64.66560000000004,-97.24799999999999,435,361,456,32,12,226,27.26,2.84,0.17,142.746,51.64686034987994,292.254,22.795,17.765,C.J.,Stroud,HOU,QB,22,-3
robust,13590,QB,183.791,27.05151959999997,1.8079999999999927,163.21859999999998,211.005,-80.89749999999998,-80.09640000000005,-75.5016,436,443,372,33,13,289.35,31.05,2.03,0.35,132.01,NA,303.99,4.497,2.007,Baker,Mayfield,TBB,QB,28,2
robust,15693,QB,181.983,6.578296199999996,26.174999999999983,177.98969999999997,185.9763,-82.70549999999997,-65.32530000000006,-100.53029999999998,440,369,467,34,14,229.68,27.41,3.52,0.25,151.18333333333334,37.493343705546216,288.81666666666666,6.598000000000001,0.6980000000000004,Sam,Howell,WAS,QB,23,-2
robust,15697,QB,155.80800000000002,22.52662439999998,0.3380000000000223,107.24660000000002,182.90060000000003,-108.88049999999996,-136.0684,-103.60599999999997,583,645,481,35,14,257.21,29.45,2.39,0.32,123.46,NA,459.54,4.715,0.20500000000000007,Desmond,Ridder,ATL,QB,24,-2
robust,15240,QB,155.47,164.34620999999999,54.29799999999999,55.70500000000001,255.23499999999999,-109.21849999999998,-187.61,-31.271600000000007,588,646,201,36,15,315.13,33.6,4.59,0.98,149.385,0.8149999999999977,438.615,4.125000000000001,2.7150000000000007,Trey,Lance,SFO,QB,23,-1
robust,15239,QB,101.17200000000001,138.8128728,30.9765,16.906800000000008,185.4372,-163.51649999999995,-226.40820000000002,-101.0694,646,656,469,37,16,361.5,49.43,6.97,0.97,NA,NA,NA,1.5600000000000003,NA,Zach,Wilson,NYJ,QB,24,-1
robust,12616,QB,70.19550000000001,87.54159959999998,0.023499999999998522,15.024600000000007,128.6136,-194.49299999999997,-228.29040000000003,-157.893,647,658,650,38,16,338.33,35.19,2.59,0.82,NA,NA,NA,4.424,2.8240000000000007,Jacoby,Brissett,WAS,QB,31,4
robust,12140,QB,70.17200000000001,6.0252864,8.753,12.546400000000002,214.14639999999997,-194.51649999999995,-230.76860000000002,-72.36020000000002,648,664,357,39,17,352.77,41.39,5.3,0.5,NA,NA,NA,1.6080000000000003,NA,Jameis,Winston,NOS,QB,29,5
robust,15252,QB,61.41900000000001,13.814866800000006,6.879000000000012,9.211800000000002,183.7398,-203.26949999999997,-234.10320000000002,-102.76679999999999,649,675,477,40,17,NA,48.71,6.93,0.67,NA,NA,NA,NA,NA,Davis,Mills,HOU,QB,25,-1
robust,9064,QB,54.54,NA,2.5790000000000006,54.54,54.54,-210.14849999999998,-188.77500000000003,-231.9666,650,647,655,41,17,NA,NA,NA,NA,NA,NA,NA,NA,NA,Joe,Flacco,FA,QB,38,12
robust,15242,QB,51.961,15.1240026,4.364000000000004,42.7801,61.1419,-212.72749999999996,-200.53490000000002,-225.3647,651,648,653,42,18,346.76,36.68,2.59,0.23,159.61,NA,491.39,4.2490000000000006,3.119,Kyle,Trask,TBB,QB,25,-1
robust,12141,QB,47.596999999999994,12.0446424,10.25399999999999,14.012400000000001,123.21839999999999,-217.0915,-229.3026,-163.28820000000002,652,660,651,43,19,NA,48.54,4.07,0.43,NA,NA,NA,1.8240000000000003,NA,Marcus,Mariota,PHI,QB,30,5
robust,9899,QB,37.343,29.5081878,0.9810000000000088,19.4303,55.2557,-227.34549999999996,-223.88470000000004,-231.2509,653,652,654,44,19,340.38,35.91,3.44,0.6,151.12,NA,501.88,2.6,1.3600000000000003,Colt,McCoy,ARI,QB,37,10
robust,9714,QB,36.361999999999995,0.32320679999999996,2.477499999999992,36.1658,36.5582,-228.32649999999998,-207.14920000000004,-249.9484,654,649,657,45,19,337.75,56.11,18.72,0.95,NA,NA,NA,NA,NA,Brian,Hoyer,LVR,QB,38,11
robust,14057,QB,33.8845,3.578996400000002,6.0355000000000025,9.5614,93.64840000000001,-230.80399999999997,-233.75360000000003,-192.85819999999998,655,674,652,46,20,NA,60,4.32,0.31,NA,NA,NA,1.8480000000000003,NA,Drew,Lock,SEA,QB,27,1
robust,16149,QB,27.849,29.517083399999997,2.471,9.930900000000001,45.7671,-236.8395,-233.38410000000002,-240.7395,656,672,656,47,20,344.46,36.6,3.37,0.58,60.55,NA,595.45,7.953,6.783,Will,Levis,TEN,QB,24,-3
robust,12476,QB,25.378,13.370086800000001,1.7935000000000016,17.2618,33.4942,-239.3105,-226.05320000000003,-253.01239999999999,657,655,658,48,20,357.68,39.18,3.77,0.39,NA,NA,NA,3.9840000000000004,NA,Taylor,Heinicke,ATL,QB,30,5
robust,14067,QB,23.5845,9.1891548,1.5594999999999999,7.462000000000003,33.218199999999996,-241.10399999999998,-235.853,-253.2884,658,682,659,49,20,354.67,37.59,4.32,0.42,NA,NA,NA,1.9700000000000002,0.7900000000000003,Gardner,Minshew,IND,QB,27,1
robust,13598,QB,22.025,3.4470450000000015,0.1944999999999979,19.9325,24.1175,-242.66349999999997,-223.38250000000002,-262.3891,659,651,665,50,20,375.8,40.81,3.53,0.19,NA,NA,NA,3.224,1.3840000000000003,Mike,White,MIA,QB,28,2
robust,10413,QB,21.8305,15.057285599999997,0.31750000000000256,12.6156,31.1646,-242.85799999999998,-230.69940000000003,-255.34199999999998,660,663,660,51,20,NA,56.11,3.41,0.37,NA,NA,NA,NA,NA,Tyrod,Taylor,NYG,QB,34,9
robust,13592,QB,21.512999999999998,5.178721799999997,0.23699999999999832,18.3693,24.656699999999997,-243.17549999999997,-224.94570000000002,-261.8499,661,654,664,52,20,350.83,39.21,5.83,0.57,NA,NA,NA,1.484,0.4840000000000001,Sam,Darnold,SFO,QB,26,2
robust,16160,QB,21.276,NA,1.013499999999997,21.276,21.276,-243.41249999999997,-222.03900000000002,-265.2306,662,650,667,53,20,336.5,42.95,7.81,0.88,102.52,NA,559.48,3.4800000000000004,NA,Clayton,Tune,ARI,QB,24,-3
robust,14789,QB,20.262500000000003,15.685907999999996,0.10550000000000281,10.617,29.832,-244.426,-232.69800000000004,-256.6746,663,668,661,54,20,369,42.57,2.95,0.28,NA,NA,NA,1.368,NA,Tyler,Huntley,BAL,QB,25,0
robust,12381,QB,20.157,9.967519799999998,1.754999999999999,14.106300000000001,26.2077,-244.53149999999997,-229.20870000000002,-260.2989,664,659,662,55,20,NA,63.29,8.19,0.7,NA,NA,NA,1.6800000000000002,NA,Trevor,Siemian,CIN,QB,32,5
robust,13115,QB,18.402,NA,0.5519999999999996,18.402,18.402,-246.2865,-224.913,-268.1046,665,653,669,56,20,NA,53.9,6.01,0.74,NA,NA,NA,1.0560000000000003,NA,Mitchell,Trubisky,PIT,QB,29,3
robust,10313,QB,17.85,12.142493999999996,1.434000000000001,9.959000000000001,25.421,-246.83849999999998,-233.35600000000002,-261.0856,666,671,663,57,21,356.5,44.71,5.14,0.58,NA,NA,NA,1.4880000000000002,NA,Andy,Dalton,CAR,QB,36,9
robust,14069,QB,16.416,NA,1.766,16.416,16.416,-248.27249999999998,-226.89900000000003,-270.0906,667,657,672,58,21,NA,75.2,7.93,0.89,NA,NA,NA,NA,NA,Easton,Stick,LAC,QB,28,1
robust,14063,QB,14.65,2.950374,0.10800000000000054,12.859,16.441,-250.03849999999997,-230.45600000000002,-270.0656,668,662,671,59,21,366.2,44.53,5.7,0.53,NA,NA,NA,1.4640000000000002,NA,Jarrett,Stidham,DEN,QB,27,1
robust,14070,QB,14.542,5.453002799999998,0.1540000000000017,11.231800000000002,17.852199999999996,-250.14649999999997,-232.08320000000003,-268.6544,669,665,670,60,21,NA,72.6,8.26,0.69,NA,NA,NA,NA,NA,David,Blough,ARI,QB,28,1
robust,11640,QB,14.387999999999998,2.0875007999999977,1.3419999999999987,13.120800000000001,15.655199999999997,-250.30049999999997,-230.19420000000002,-270.8514,670,661,673,61,21,NA,53.6,6.99,0.66,NA,NA,NA,0.3360000000000001,NA,Teddy,Bridgewater,DET,QB,31,6
robust,15696,QB,13.046,13.708119599999998,0.363999999999999,4.724600000000001,21.3674,-251.64249999999998,-238.59040000000002,-265.1392,671,690,666,62,21,367.22,41.78,4.06,0.45,NA,NA,NA,4.5840000000000005,NA,Bailey,Zappe,NEP,QB,24,-2
robust,13416,QB,12.682,3.4663187999999985,1.0340000000000007,10.577800000000002,14.7862,-252.0065,-232.73720000000003,-271.7204,672,669,674,63,21,NA,58.5,9.53,0.75,NA,NA,NA,NA,NA,P.J.,Walker,CHI,QB,28,3
robust,10262,QB,11.648,1.1149151999999996,0.26599999999999824,10.971200000000001,12.3248,-253.04049999999998,-232.34380000000002,-274.1818,673,667,680,64,21,NA,71.6,6.09,0.55,NA,NA,NA,1.0560000000000003,NA,Blaine,Gabbert,KCC,QB,34,9
robust,13119,QB,11.382000000000001,2.7012972,0.3979999999999997,9.7422,13.021799999999999,-253.30649999999997,-233.57280000000003,-273.4848,674,673,678,65,21,NA,60.14,6.49,0.62,NA,NA,NA,NA,NA,Joshua,Dobbs,CLE,QB,28,3
robust,14065,QB,10.984000000000002,NA,0.2660000000000018,10.984000000000002,10.984000000000002,-253.70449999999997,-232.33100000000002,-275.5226,675,666,681,66,21,NA,68.6,3.44,0.32,NA,NA,NA,NA,NA,Brett,Rypien,LAR,QB,27,1
robust,13968,QB,10.718,5.275090799999999,0.1120000000000001,7.5158000000000005,13.9202,-253.9705,-235.7992,-272.58639999999997,676,680,676,67,21,NA,59.89,9.33,0.74,NA,NA,NA,NA,NA,Nick,Mullens,MIN,QB,28,3
robust,13124,QB,10.606,3.9526116000000004,0.15999999999999837,8.2066,13.0054,-254.08249999999998,-235.10840000000002,-273.5012,677,678,679,68,21,NA,60.25,4.79,0.41,NA,NA,NA,1.1960000000000002,0.19600000000000006,Cooper,Rush,DAL,QB,30,3
robust,16313,QB,10.446000000000002,6.7102476,0.386000000000001,6.372600000000001,14.519400000000001,-254.24249999999998,-236.94240000000002,-271.9872,678,685,675,69,21,NA,60.4,12.47,0.87,NA,NA,NA,0.9840000000000001,NA,Sean,Clifford,GBP,QB,25,-3
robust,16155,QB,10.06,0,0.15700000000000003,10.06,10.06,-254.62849999999997,-233.25500000000002,-276.4466,679,670,683,70,21,NA,NA,NA,0.01,NA,NA,NA,NA,NA,Max,Duggan,LAC,QB,22,-3
robust,16153,QB,9.903,6.0534558,0.20150000000000112,6.228300000000001,13.5777,-254.78549999999998,-237.08670000000004,-272.9289,680,686,677,71,21,NA,53.18,4.8,0.45,73.21,NA,606.79,3.6720000000000006,NA,Stetson,Bennett,LAR,QB,26,-3
robust,13879,QB,9.7015,12.000164400000001,0.5434999999999999,1.5154000000000005,19.330000000000002,-254.98699999999997,-241.79960000000003,-267.1766,681,694,668,72,21,NA,66,4.69,0.5,NA,NA,NA,NA,NA,Kyle,Allen,BUF,QB,27,2
robust,11151,QB,9.158,NA,0.0779999999999994,9.158,9.158,-255.5305,-234.15700000000004,-277.3486,682,676,686,73,21,NA,NA,NA,NA,NA,NA,NA,NA,NA,Matt,Barkley,BUF,QB,33,7
robust,16156,QB,9.08,0,0.04399999999999871,9.08,9.08,-255.60849999999996,-234.235,-277.4266,683,677,687,74,21,NA,70,2.94,0.06,NA,NA,NA,3.2880000000000007,NA,Jake,Haener,NOS,QB,24,-3
robust,13125,QB,9.036000000000001,2.514489600000001,0.47300000000000253,7.509600000000001,10.562400000000002,-255.65249999999997,-235.80540000000002,-275.94419999999997,684,681,682,75,21,NA,69.29,5.99,0.56,NA,NA,NA,NA,NA,C.J.,Beathard,JAC,QB,30,3
robust,16159,QB,8.562999999999999,1.6560642000000012,1.009999999999998,7.557699999999999,9.5683,-256.1255,-235.75730000000001,-276.93829999999997,685,679,685,76,21,NA,56.45,6.26,0.59,110.69,NA,574.31,1.6080000000000003,NA,Aidan,O'Connell,LVR,QB,25,-3
robust,16154,QB,7.553000000000001,3.5389661999999986,0.09100000000000552,5.404700000000002,9.7013,-257.1355,-237.91030000000003,-276.8053,686,687,684,77,21,NA,61.75,11.67,0.86,NA,NA,NA,1.9920000000000002,NA,Jaren,Hall,MIN,QB,25,-3
robust,16151,QB,7.461999999999995,NA,0.28599999999999515,7.461999999999995,7.461999999999995,-257.2265,-235.85300000000004,-279.0446,687,683,690,78,21,NA,57.38,6.06,0.76,59.21,NA,627.79,10.608,NA,Hendon,Hooker,DET,QB,25,-3
robust,16158,QB,7.176,2.9414784000000003,0.08399999999999874,5.3904,8.9616,-257.5125,-237.92460000000003,-277.545,688,688,689,79,21,NA,53.75,11.52,0.83,99.52,NA,588.48,2.5200000000000005,NA,Dorian,Thompson-Robinson,CLE,QB,24,-3
robust,12815,QB,7.092000000000001,NA,1.0010000000000003,7.092000000000001,7.092000000000001,-257.5965,-236.223,-279.4146,689,684,691,80,22,NA,NA,NA,NA,NA,NA,NA,NA,NA,Nate,Sudfeld,DET,QB,30,4
robust,15702,QB,6.091000000000001,4.905923399999999,0.8030000000000008,3.1129000000000024,9.0691,-258.59749999999997,-240.20210000000003,-277.4375,690,692,688,81,22,NA,63.33,15.84,0.91,NA,NA,NA,NA,NA,Tanner,McKee,PHI,QB,23,-3
robust,10948,QB,5.288,NA,0.7079999999999993,5.288,5.288,-259.40049999999997,-238.02700000000002,-281.2186,691,689,692,82,22,NA,62.71,4.53,0.63,NA,NA,NA,NA,NA,Case,Keenum,HOU,QB,35,8
robust,15694,QB,4.580000000000001,0.9488640000000008,2.7659999999999973,4.0040000000000004,5.1560000000000015,-260.1085,-239.31100000000004,-281.3506,692,691,693,83,22,357.75,51.83,11.3,0.81,NA,NA,NA,NA,NA,Malik,Willis,TEN,QB,24,-2
robust,15691,QB,1.8140000000000036,NA,1.0320000000000036,1.8140000000000036,1.8140000000000036,-262.87449999999995,-241.50100000000003,-284.69259999999997,693,693,694,84,22,NA,65.57,3.2,0.25,NA,NA,NA,NA,NA,Matt,Corral,CAR,QB,24,-2
robust,15248,QB,0.782,NA,0.05400000000000005,0.782,0.782,-263.9065,-242.53300000000002,-285.7246,694,695,695,85,22,NA,NA,NA,NA,NA,NA,NA,NA,NA,Shane,Buechele,KCC,QB,25,-1
robust,13595,QB,0.728,NA,0.652,0.728,0.728,-263.96049999999997,-242.58700000000002,-285.7786,695,696,696,86,22,NA,74.6,10.09,0.93,NA,NA,NA,NA,NA,Mason,Rudolph,PIT,QB,28,2
robust,14062,QB,0.07599999999999996,NA,0,0.07599999999999996,0.07599999999999996,-264.61249999999995,-243.23900000000003,-286.43059999999997,696,697,697,87,22,NA,NA,NA,NA,NA,NA,NA,NA,NA,Will,Grier,DAL,QB,28,1
robust,13404,RB,218.0475,0.04447800000000168,0.28000000000000114,210.942,220.79700000000003,98.55000000000001,103.19099999999999,72.49900000000002,1,3,10,1,1,8.6,4.21,2.97,0.02,5.911666666666667,2.204642198231319,-4.911666666666667,50.142,5.531134422521298,Austin,Ekeler,LAC,RB,28,3
robust,13130,RB,217.7675,4.151280000000017,1.9675000000000011,211.78000000000003,229.303,98.27000000000001,104.02900000000001,81.005,2,2,5,2,1,3.05,1.5,0.92,0.02,2.9033333333333333,1.6517330965450268,-0.9033333333333333,56.70466666666667,7.6236502776265604,Christian,McCaffrey,SFO,RB,27,3
robust,13128,RB,215.8,NA,2.2375000000000114,215.8,215.8,96.30250000000001,108.04899999999999,67.50200000000001,3,1,12,3,1,81.42,31.29,8.59,0.55,66.08,18.022606914650275,-63.08,15.687333333333333,7.080608322893043,Dalvin,Cook,FA*,RB,28,3
robust,14802,RB,213.5625,24.314640000000008,2.5375000000000227,185.94000000000003,261.765,94.065,78.18900000000001,113.46699999999998,4,11,1,4,1,14.26,6.62,3.11,0.27,16.451666666666668,5.239037496419441,-12.451666666666668,36.622,11.407774308192929,Jonathan,Taylor,IND,RB,24,0
robust,12626,RB,211.02499999999998,25.055940000000007,4.4599999999999795,186.52,229.80999999999997,91.527499999999975,78.76899999999999,81.51199999999997,6,10,4,5,2,11.47,5.53,2.21,0.24,16.143333333333334,4.910236473146912,-10.143333333333334,39.82466666666667,6.449154225340115,Derrick,Henry,TEN,RB,29,4
robust,16161,RB,206.565,6.916328999999988,9.064999999999998,202.36650000000003,210.7635,87.0675,94.61550000000001,62.46549999999999,7,5,15,6,2,8.47,4.15,1.68,0.03,8.405,1.3290692231783867,-1.4049999999999994,64.65400000000001,26.192945462471386,Bijan,Robinson,ATL,RB,21,-3
robust,13129,RB,197.5,NA,7.277499999999975,197.5,197.5,78.0025,89.74899999999998,49.202,12,6,26,7,3,204.36,64.28,9.89,0.7,146.41,15.471501219985088,-134.41,3.1580000000000004,2.536240262015149,Leonard,Fournette,FA*,RB,28,3
robust,13610,RB,190.22250000000003,3.4099799999999747,2.795000000000016,180.03,213.411,70.72500000000002,72.27899999999998,65.113,15,13,14,8,3,5.81,2.86,0.89,0.01,11.65,4.818464485704965,3.3499999999999996,46.376000000000005,5.355608150963498,Nick,Chubb,CLE,RB,28,2
robust,13131,RB,187.4275,26.642321999999997,0.20249999999998636,166.178,205.553,67.93,58.42699999999998,57.254999999999995,16,20,18,9,3,35.09,14.12,3.81,0.37,36.575,5.0349867593337985,-20.575000000000003,27.86066666666667,9.240639275624943,Joe,Mixon,CIN,RB,27,3
robust,14073,RB,187.22500000000002,25.723110000000034,1.197499999999991,169.58499999999998,208.10500000000002,67.72750000000002,61.83399999999996,59.807000000000016,17,18,16,10,4,18.93,8.42,2.68,0.27,20.905,4.509389278679172,-3.905000000000001,32.814,7.30948005446808,Josh,Jacobs,LVR,RB,25,1
robust,13604,RB,186.02750000000003,15.419040000000008,7.810000000000031,174.34000000000003,201.43900000000002,66.53000000000003,66.58900000000001,53.14100000000002,18,16,23,11,4,14.52,6.67,1.32,0.07,10.688333333333333,3.2431795955341247,7.311666666666667,45.79066666666667,5.253089334435077,Saquon,Barkley,NYG,RB,26,2
robust,15254,RB,178.2175,30.674993999999995,2.8349999999999795,154.806,198.681,58.72,47.05499999999999,50.38300000000001,19,30,25,12,5,30.58,12.69,2.84,0.39,28.381666666666668,3.421755965712472,-9.381666666666668,26.874666666666666,3.341385474453505,Najee,Harris,PIT,RB,25,-1
robust,14085,RB,175.38250000000002,40.81597799999996,0.28249999999999886,142.24000000000004,203.37699999999998,55.88500000000002,34.48900000000002,55.07899999999998,20,40,21,13,5,15.47,7.14,1.69,0.51,17.058333333333334,3.3894808681500996,2.9416666666666664,35.49133333333334,6.066059969663631,Tony,Pollard,DAL,RB,26,1
robust,12625,RB,175.10000000000002,NA,1.335000000000008,175.10000000000002,175.10000000000002,55.60250000000002,67.349,26.80200000000002,21,15,42,14,5,172.53,57.74,11.39,0.83,132.332,14.463287869637389,-111.332,3.309333333333334,2.70143928716198,Ezekiel,Elliott,FA*,RB,28,4
robust,13319,RB,173.76500000000001,10.244765999999995,3.512500000000017,162.905,181.769,54.26750000000001,55.15399999999998,33.471000000000004,23,22,35,15,5,42.22,16.72,3.4,0.09,39.8,3.0407619659113947,-16.799999999999997,25.827333333333335,7.190300936369465,Aaron,Jones,GBP,RB,29,3
robust,13146,RB,170.2525,18.354588000000035,0.40749999999997044,154.938,192.243,50.754999999999995,47.18699999999997,43.94499999999999,26,29,28,16,5,59.07,22.79,3.73,0.21,63.778333333333336,7.973222720804651,-37.778333333333336,16.413333333333334,8.187231250890353,James,Conner,ARI,RB,28,3
robust,15708,RB,169.84500000000003,11.712540000000008,10.110000000000014,160.79000000000002,182.01200000000003,50.347500000000025,53.039,33.71400000000003,28,27,34,17,6,35.35,14.09,3.94,0.14,32.02,5.453222289007971,-4.020000000000003,23.877333333333333,7.0271407809688515,Breece,Hall,NYJ,RB,22,-2
robust,15259,RB,159.735,29.355480000000014,1.7350000000000136,140.07999999999998,182.326,40.23750000000001,32.328999999999965,34.02799999999999,33,43,33,18,6,27.38,11.41,2.75,0.35,29.55,6.454011672337343,3.4499999999999993,25.756666666666668,5.429157904827925,Rhamondre,Stevenson,NEP,RB,25,-1
robust,14087,RB,158,NA,0.12749999999999773,158,158,38.5025,50.24899999999998,9.701999999999998,34,28,73,19,6,340.3,101.96,9.98,0.72,NA,NA,NA,NA,NA,Darrell,Henderson,FA,RB,26,1
robust,15717,RB,157.8725,0.2075640000000219,0.6150000000000091,144.415,163.126,38.375,36.66399999999997,14.828000000000003,35,39,67,20,6,55.42,21.49,3.46,0.03,48.26,13.659059264824938,-13.259999999999998,15.504666666666667,2.048808651116274,Dameon,Pierce,HOU,RB,23,-2
robust,14800,RB,157.2575,9.325553999999988,1.8699999999999761,147.629,173.234,37.75999999999999,39.87799999999997,24.936000000000007,36,34,48,21,6,48.33,18.99,4.38,0.12,56.605000000000004,11.848647953810314,-20.605000000000004,16.11466666666667,2.821943223304743,J.K.,Dobbins,BAL,RB,25,0
robust,15253,RB,155.38750000000002,13.86230999999999,3.4375,144.585,170.01000000000002,35.890000000000015,36.83399999999999,21.712000000000018,37,38,53,22,7,33.06,13.4,2.83,0.1,31.888333333333335,4.299288377808073,5.111666666666665,24.65266666666667,5.641612141538581,Travis,Etienne,JAC,RB,24,-1
robust,16162,RB,151.95000000000002,10.89710999999999,0.19750000000001933,145.335,158.56500000000003,32.452500000000015,37.58399999999999,10.267000000000024,40,37,72,23,7,43.67,17.09,4.25,0.14,37.57333333333333,10.382632400097556,2.4266666666666694,35.367333333333335,20.80415986180542,Jahmyr,Gibbs,DET,RB,21,-3
robust,14079,RB,151.7525,2.980025999999944,1.4399999999999977,138.64000000000001,157.909,32.254999999999995,30.888999999999996,9.61099999999999,41,46,74,24,7,45.03,17.36,3.82,0.04,47.155,4.313647914855052,-6.155000000000001,20.831333333333337,5.567476108814682,Miles,Sanders,CAR,RB,26,1
robust,14071,RB,150.3125,17.494679999999974,0.35249999999999204,136.98000000000002,167.985,30.814999999999998,29.229,19.687000000000012,45,48,57,25,7,67.02,25.95,3.62,0.19,75.22666666666666,18.753543368891354,-30.22666666666666,12.588666666666667,6.152169554085959,David,Montgomery,DET,RB,26,1
robust,15256,RB,149.96,16.708901999999973,2.8125,132.92700000000002,178.017,30.462500000000006,25.176000000000002,29.718999999999994,47,52,39,26,7,69.76,27.15,4.62,0.23,71.41666666666667,13.381357263828745,-24.41666666666667,14.097333333333335,5.753122128220661,Javonte,Williams,DEN,RB,23,-1
robust,13132,RB,147.1475,26.864712000000004,2.3375000000000057,121.212,188.487,27.650000000000006,13.460999999999984,40.18899999999999,49,71,29,27,7,74.38,28.46,4.71,0.44,75.425,5.096762861529529,-26.424999999999997,15.404666666666667,9.508955264497896,Alvin,Kamara,NOS,RB,28,3
robust,15711,RB,144.81,34.90040399999999,1.035000000000025,110.65,170.98600000000002,25.3125,2.8989999999999867,22.688000000000017,52,91,51,28,8,41.86,16.44,3.29,0.5,42.471666666666664,5.934740703874282,9.528333333333336,19.256,2.9770822404943167,Kenneth,Walker III,SEA,RB,23,-2
robust,14797,RB,143.77499999999998,2.2238999999999787,2.474999999999966,127.35,184.32,24.277499999999975,19.598999999999975,36.02199999999999,53,61,32,29,8,77.27,29.27,4.15,0.04,69.14166666666667,10.10563278023147,-16.141666666666666,10.839333333333334,4.518949828838064,D'Andre,Swift,PHI,RB,24,0
robust,14223,RB,141.3,28.9107,9.5,93.59,170.45000000000002,21.80250000000001,-14.161000000000016,22.152000000000015,60,154,52,30,9,56.01,21.35,6.09,0.59,61.236666666666665,15.70123632782534,-1.2366666666666646,17.152,6.342484896841828,Alexander,Mattison,MIN,RB,25,1
robust,13138,RB,131.8,NA,1.7350000000000136,131.8,131.8,12.302500000000009,24.048999999999992,-16.49799999999999,69,56,155,31,9,209.35,65.28,10.05,0.73,143.898,20.115652015284013,-74.898,3.879333333333334,3.4076464344503568,Kareem,Hunt,FA*,RB,28,3
robust,14799,RB,130.065,8.969729999999995,1.8049999999999784,118.75500000000001,150.75900000000001,10.567499999999995,11.00399999999999,2.4610000000000127,74,76,90,32,9,49.45,19.56,4.08,0.09,57.913333333333334,7.92033388746263,16.086666666666666,16.01,1.9368531178176636,Cam,Akers,LAR,RB,24,0
robust,14805,RB,128.26000000000002,0.2816939999999966,5.092500000000015,119.795,131.621,8.762500000000017,12.043999999999983,-16.676999999999992,76,72,157,33,10,88.31,33.41,3.26,0.02,92.725,9.204306510179535,-16.724999999999994,6.408666666666668,3.391002342802036,AJ,Dillon,GBP,RB,25,0
robust,13608,RB,123.1675,14.603610000000012,3.6700000000000017,111.61800000000001,133.065,3.6700000000000017,3.8669999999999902,-15.233000000000004,88,89,149,34,10,86.9,32.72,4.8,0.21,93.526,8.641332304685431,-5.525999999999996,8.06,5.0976334378480646,Rashaad,Penny,PHI,RB,27,2
robust,15263,RB,119.4975,5.945226000000007,0.1799999999999926,101.791,159.76000000000002,0,-5.960000000000022,11.462000000000018,96,117,69,35,10,111.2,41.15,3.47,0.05,124.97,14.874692153677222,-28.97,3.7420000000000004,2.555048857980346,Elijah,Mitchell,SFO,RB,25,-1
robust,14852,RB,119.31750000000001,6.686525999999986,1.5900000000000034,107.75100000000002,142.89600000000002,-0.1799999999999926,0,-5.401999999999987,99,96,116,36,10,97.51,36.32,4.22,0.07,108.825,20.249506784116985,-9.825000000000003,6.4573333333333345,3.796709218374367,Antonio,Gibson,WAS,RB,25,0
robust,15715,RB,117.7275,23.439906,0.07500000000000284,86.41,138.52900000000002,-1.769999999999996,-21.341000000000022,-9.768999999999977,102,183,130,37,10,76.19,28.9,4.46,0.34,82.93333333333334,10.019101201649221,19.066666666666663,9.563333333333334,3.451785367345749,James,Cook,BUF,RB,24,-2
robust,15716,RB,117.6525,3.2024159999999524,2.039999999999992,88.28500000000001,130.14399999999998,-1.8449999999999989,-19.466000000000008,-18.154000000000025,104,174,161,38,10,84.45,32.17,4.31,0.05,92.07833333333333,25.102055305403887,11.921666666666667,6.499333333333333,2.6298442708435967,Brian,Robinson,WAS,RB,24,-2
robust,15749,RB,115.61250000000001,34.24805999999999,0.24750000000000227,54.29500000000001,151.99,-3.884999999999991,-53.45600000000001,3.6920000000000073,110,286,89,39,10,67.94,26.36,3.99,0.56,68.51333333333334,10.215347386272391,41.486666666666665,10.274666666666667,2.5939937462444966,Isiah,Pacheco,KCC,RB,24,-2
robust,14075,RB,115.36500000000001,21.482873999999992,3.884999999999991,92.759,153.275,-4.132499999999993,-14.992000000000019,4.977000000000004,112,160,83,40,11,103.76,38.69,4.08,0.28,109.142,9.469965997827027,2.858000000000004,5.836666666666668,5.058789929968981,Damien,Harris,BUF,RB,26,1
robust,14017,RB,111.48000000000002,NA,1.6800000000000068,111.48000000000002,111.48000000000002,-8.017499999999984,3.728999999999999,-36.817999999999984,126,90,226,41,11,124.86,45.51,5.22,0.13,138.51,7.882696239231858,-12.509999999999991,3.5260000000000007,2.4260000000000006,Jeffery,Wilson,MIA,RB,28,2
robust,15721,RB,109.80000000000001,51.520350000000015,3.844999999999999,69.685,144.47500000000002,-9.697499999999991,-38.06600000000002,-3.822999999999979,133,230,113,42,11,69,26.35,2.91,0.79,74.65,12.32273238098326,58.349999999999994,10.377333333333334,3.633952974685036,Rachaad,White,TBB,RB,24,-2
robust,15271,RB,105.95500000000001,9.814812000000007,0.5375000000000085,87.14000000000001,116.858,-13.54249999999999,-20.611000000000004,-31.439999999999998,147,178,203,43,11,90.73,34.08,5.15,0.16,100.55166666666666,10.991564063205724,46.44833333333334,5.996666666666667,3.2131016513988824,Khalil,Herbert,CHI,RB,25,-1
robust,13139,RB,105.4175,3.8102820000000106,2.1025000000000063,98.47,109.51300000000002,-14.079999999999998,-9.28100000000002,-38.78499999999998,148,130,234,44,11,100.38,37.53,4.36,0.06,97.58166666666666,10.743910549185008,50.41833333333334,7.324666666666667,5.63238879655476,Jamaal,Williams,NOS,RB,28,3
robust,14080,RB,103.315,8.421167999999989,1.1149999999999949,82.86800000000002,148.298,-16.182500000000005,-24.882999999999996,0,157,198,96,45,12,131.78,47.85,4.96,0.14,137.72666666666666,9.909272873873688,19.27333333333334,4.585333333333334,4.552508856541511,Devin,Singletary,HOU,RB,26,1
robust,16169,RB,102.2,19.718579999999996,0.16249999999999432,90.23,114.17,-17.2975,-17.521000000000015,-34.128,164,166,215,46,12,109.46,40.67,5.36,0.33,113.31833333333333,28.368657245081042,50.68166666666667,10.344000000000001,10.325036497110638,Zach,Charbonnet,SEA,RB,22,-3
robust,12447,RB,102.03750000000001,5.485620000000025,2.1325000000000074,95.67,113.265,-17.459999999999994,-12.081000000000017,-35.033,167,144,220,47,12,133.17,48.27,5.49,0.12,129.66833333333332,11.774515441787354,37.33166666666668,5.1000000000000005,5.224582917962608,Raheem,Mostert,MIA,RB,31,5
robust,13133,RB,99.905,6.923741999999981,2.1399999999999864,67.375,115.003,-19.5925,-40.37600000000002,-33.295,171,233,211,48,12,106.07,39.49,5.09,0.12,113.36666666666666,11.771477769969616,57.63333333333334,6.4,4.83421141449151,Samaje,Perine,DEN,RB,28,3
robust,14803,RB,97.76500000000001,41.12732400000001,4.6650000000000205,64.134,145.26,-21.732499999999987,-43.61700000000002,-3.038000000000011,177,245,110,49,12,175.4,57.7,7.61,0.83,153.774,23.15184882466193,23.226,2.949333333333334,2.6153522813486445,Clyde,Edwards-Helaire,KCC,RB,24,0
robust,11182,RB,93.1,NA,1.2549999999999955,93.1,93.1,-26.397500000000008,-14.651000000000025,-55.19800000000001,189,156,272,50,13,344.17,98.5,5.69,0.17,NA,NA,NA,NA,NA,Rex,Burkhead,FA,RB,33,7
robust,16167,RB,91.845,12.238863000000004,0.34499999999999886,84.41550000000001,99.2745,-27.652500000000003,-23.33550000000001,-49.0235,195,191,256,51,13,120.93,44.15,7.22,0.3,115.02833333333334,29.38138209630188,79.97166666666666,9.943333333333335,9.26331234254549,Devon,Achane,MIA,RB,22,-3
robust,13622,RB,91.5,NA,0.9499999999999886,91.5,91.5,-27.997500000000002,-16.25100000000002,-56.798,196,163,279,52,13,NA,NA,NA,NA,NA,NA,NA,NA,NA,Nyheim,Hines,BUF,RB,27,2
robust,15712,RB,90.55000000000001,0.8895600000000126,2.1500000000000057,69.86,98.84,-28.94749999999999,-37.89100000000002,-49.458,199,228,257,53,13,117.26,43.14,5.58,0.07,121.905,28.018057718787954,77.095,2.174666666666667,0.9554912639870424,Tyler,Allgeier,ATL,RB,23,-2
robust,13108,RB,88.4,NA,2.7550000000000097,88.4,88.4,-31.097499999999997,-19.351000000000013,-59.897999999999996,206,173,296,54,13,327.34,94.97,8.54,0.53,NA,NA,NA,NA,NA,J.D.,McKissic,FA,RB,30,4
robust,16175,RB,85.645,23.506623000000005,1.28749999999998,71.37549999999999,99.9145,-33.852500000000006,-36.37550000000003,-48.3835,218,225,254,55,13,156.51,53.81,10.36,0.77,131.036,28.44953257964004,86.964,5.614000000000002,6.17880829934058,Roschon,Johnson,CHI,RB,22,-3
robust,13134,RB,84.35750000000002,8.020866000000016,0.1875000000000142,59.90400000000001,96.75900000000001,-35.139999999999986,-47.84700000000001,-51.53899999999999,224,261,261,56,13,129.21,46.53,6.23,0.18,129.85,18.132270495813074,94.15,4.0873333333333335,3.3036627484589824,D'Onta,Foreman,CHI,RB,27,3
robust,15258,RB,84.17,38.74033800000001,1.2600000000000051,60.653000000000006,107.68700000000001,-35.3275,-47.09800000000001,-40.61099999999999,226,258,237,57,13,212.48,65.01,8.53,0.84,161.68,19.654909056009387,64.32,2.384,1.7595847995100056,Michael,Carter,NYJ,RB,24,-1
robust,13726,RB,82.91,11.96458200000001,0.08499999999999375,64.807,118.357,-36.587500000000006,-42.94400000000002,-29.941000000000003,232,242,198,58,13,235.74,69.93,8.67,0.41,174.65333333333334,13.71734992222947,57.346666666666664,2.123,1.0930000000000004,Chase,Edmonds,TBB,RB,27,2
robust,15255,RB,82.825,0.8895600000000126,0.1075000000000017,81.26,86.03,-36.6725,-26.491000000000014,-62.268,233,202,304,59,13,154.85,53.68,6.14,0.08,148.78199999999998,15.722983686310934,84.21800000000002,2.6966666666666668,1.9152081407048747,Kenneth,Gainwell,PHI,RB,24,-1
robust,11225,RB,82.7175,12.201798000000005,2.8149999999999977,65.593,115.39000000000001,-36.78,-42.158000000000015,-32.90799999999999,235,237,208,60,14,193.16,62.13,10.35,0.54,148.565,19.215981846716378,86.435,2.5753333333333335,2.150544943858546,Cordarrelle,Patterson,ATL,RB,32,7
robust,13850,RB,79.9025,14.722218000000009,0.7775000000000034,69.84299999999999,91.75800000000001,-39.595,-37.90800000000003,-56.53999999999999,244,229,275,61,14,153.74,53.09,7.01,0.34,151.272,14.836084928309084,92.72800000000001,3.2040000000000006,2.711246699705999,Gus,Edwards,BAL,RB,28,2
robust,16164,RB,79.125,6.338115000000008,3.519999999999996,75.27749999999999,82.97250000000001,-40.3725,-32.47350000000003,-65.32549999999999,246,215,317,62,14,151.55,52.26,9.26,0.33,127.45400000000001,25.52206229911682,118.54599999999999,5.268666666666667,4.936470083864471,Tank,Bigsby,JAC,RB,22,-3
robust,15261,RB,75.605,7.665041999999981,0.14999999999999147,54.845000000000006,86.453,-43.8925,-52.90600000000001,-61.845,251,281,300,63,14,161.54,55.88,5.7,0.16,152.92000000000002,18.74330920622076,98.07999999999998,2.5573333333333337,1.7253601234396132,Chuba,Hubbard,CAR,RB,24,-1
robust,14813,RB,75.45500000000001,80.571897,0.1600000000000108,26.544500000000006,124.3655,-44.04249999999999,-81.2065,-23.932500000000005,252,448,178,64,14,282.23,82.54,13.53,0.99,155.3,NA,96.69999999999999,2.2080000000000006,NA,James,Robinson,NYG,RB,25,0
robust,12151,RB,75.295,64.05573299999999,3.394999999999996,36.410500000000006,114.17949999999999,-44.2025,-71.34050000000002,-34.11850000000001,253,409,214,65,14,319.07,91.34,8.11,0.97,210.66,NA,42.34,2.7840000000000003,NA,Melvin,Gordon,BAL,RB,30,5
robust,10276,RB,71.9,NA,0.7049999999999983,71.9,71.9,-47.5975,-35.85100000000001,-76.398,264,222,373,66,15,342.55,101.86,11.95,0.9,NA,NA,NA,NA,NA,Mark,Ingram,FA,RB,34,9
robust,16168,RB,71.19500000000001,29.659412999999997,1.1300000000000097,53.19050000000001,89.1995,-48.302499999999995,-54.56050000000001,-59.0985,267,295,289,67,15,254.88,74.32,9.44,0.79,152.86,61.396866369546906,114.13999999999999,3.0480000000000005,NA,Israel,Abanikanda,NYJ,RB,21,-3
robust,16165,RB,70.065,14.877891000000005,1.6899999999999977,61.033500000000004,79.0965,-49.432500000000005,-46.717500000000015,-69.2015,269,255,339,68,15,208.49,65.42,9.45,0.52,138.11333333333334,39.443843907791525,130.88666666666666,5.158000000000001,3.8180000000000014,Tyjae,Spears,TEN,RB,22,-3
robust,11761,RB,68.375,17.42055,0.41499999999999204,57.425,79.925,-51.1225,-50.32600000000002,-68.373,275,272,334,69,15,132.79,48.82,5.01,0.26,126.07666666666667,8.715018964727244,148.92333333333335,6.244666666666667,5.057624299565514,Jerick,McKinnon,KCC,RB,31,6
robust,16171,RB,67.96000000000001,14.588784000000004,2.035000000000011,59.104,76.81600000000002,-51.537499999999994,-48.64700000000002,-71.48199999999999,277,264,348,70,15,147.33,51.91,7.07,0.35,128.906,29.574275037606586,148.094,7.2780000000000005,8.27802118061235,Kendre,Miller,NOS,RB,21,-3
robust,16181,RB,65.925,13.454594999999998,0.13249999999999318,57.75750000000001,74.0925,-53.572500000000005,-49.99350000000001,-74.2055,283,269,369,71,15,233.05,69.51,10.68,0.59,133.8,48.17999999999999,149.2,4.037000000000001,2.947000000000001,Chase,Brown,CIN,RB,23,-3
robust,15742,RB,65.7925,10.037201999999994,1.1124999999999972,29.52000000000001,83.49300000000001,-53.705,-78.23100000000001,-64.80499999999999,284,438,314,72,15,134.76,49.24,4.19,0.12,137.715,5.9213110879263935,146.285,4.604000000000001,4.2811749166165445,Jaylen,Warren,PIT,RB,25,-2
robust,15723,RB,64.68,27.606012000000007,1.0949999999999989,47.922000000000004,81.438,-54.817499999999995,-59.829000000000015,-66.86,288,328,325,73,15,252.38,75.64,13.15,0.91,181.41333333333333,18.952045330840214,106.58666666666667,3.104,2.104,Ty,Chandler,MIN,RB,25,-2
robust,15714,RB,63.58500000000001,30.860319,2.3000000000000114,44.85150000000001,82.31850000000001,-55.912499999999994,-62.89950000000001,-65.97949999999999,292,349,320,74,15,181.81,59.23,7.52,0.7,150.494,14.534598171260189,141.506,3.1833333333333336,2.246246251465369,Zamir,White,LVR,RB,24,-2
robust,13136,RB,61.285,32.935959,1.559999999999988,41.291500000000006,81.27850000000001,-58.212500000000006,-66.45950000000002,-67.0195,301,375,326,75,16,343.6,103.46,13.8,0.93,NA,NA,NA,1.1760000000000002,NA,Corey,Clement,ARI,RB,29,3
robust,15713,RB,59.72500000000001,5.596815000000003,1.2550000000000097,56.32750000000001,63.1225,-59.772499999999994,-51.42350000000001,-85.1755,310,274,419,76,16,170.19,57.81,6.83,0.18,157.54666666666665,6.309386305779312,152.45333333333335,4.337000000000001,3.0070000000000006,Jerome,Ford,CLE,RB,24,-2
robust,15727,RB,58.47,NA,2.6099999999999994,58.47,58.47,-61.0275,-49.28100000000002,-89.828,314,267,430,77,16,273.64,78.88,9.68,0.68,NA,NA,NA,1.8240000000000003,NA,Zonovan,Knight,NYJ,RB,22,-2
robust,15734,RB,55.86,7.917083999999999,0.6799999999999926,51.054,60.666000000000004,-63.6375,-56.69700000000002,-87.632,324,307,426,78,16,283.47,82.56,13.6,0.67,222.3,NA,101.69999999999999,4.6080000000000005,NA,Keaontay,Ingram,ARI,RB,24,-2
robust,11390,RB,55.18000000000001,11.593932000000006,1.8800000000000097,48.142,62.218,-64.3175,-59.609000000000016,-86.08,329,325,421,79,16,282.77,80.44,8.15,0.36,198.25,NA,130.75,1.7240000000000002,0.7240000000000002,Latavius,Murray,BUF,RB,33,7
robust,13623,RB,53.3,NA,0.045000000000001705,53.3,53.3,-66.1975,-54.45100000000002,-94.998,341,293,447,80,16,350.62,107.53,11.61,0.84,NA,NA,NA,NA,NA,Darrel,Williams,FA,RB,28,2
robust,16173,RB,53.254999999999995,24.974396999999993,0.05499999999999261,38.094500000000004,68.41549999999998,-66.2425,-69.65650000000002,-79.88250000000002,342,397,388,81,16,304.9,87.21,10.11,0.77,77.48,NA,264.52,3.9600000000000004,NA,Eric,Gray,NYG,RB,24,-3
robust,13871,RB,53.2,NA,1.0825000000000031,53.2,53.2,-66.2975,-54.551000000000016,-95.098,343,294,448,82,16,338.15,102.35,11.84,0.88,NA,NA,NA,1,NA,Dontrell,Hilliard,FA,RB,28,2
robust,13606,RB,52.1175,24.892854000000007,0.05749999999999744,34.426,68.221,-67.38,-73.32500000000002,-80.077,355,419,390,83,16,288.88,82.44,8.3,0.64,NA,NA,NA,1.8480000000000003,NA,Ronald,Jones,DAL,RB,26,2
robust,15733,RB,52.06,NA,0.060000000000002274,52.06,52.06,-67.4375,-55.69100000000002,-96.238,357,300,452,84,16,212.47,65.57,6.21,0.22,192.345,17.224999999999994,164.655,1.8440000000000003,0.8440000000000003,Pierre,Strong Jr.,NEP,RB,25,-2
robust,14801,RB,52,NA,2.4849999999999994,52,52,-67.4975,-55.75100000000002,-96.298,361,301,453,85,17,NA,NA,NA,NA,NA,NA,NA,NA,NA,Eno,Benjamin,NOS,RB,24,0
robust,15972,RB,49.515,27.405860999999998,0.7650000000000006,32.87850000000001,66.1515,-69.9825,-74.8725,-82.1465,372,425,402,86,17,292.15,83.64,9.21,0.77,209.8,NA,162.2,1.4400000000000002,NA,Jordan,Mason,SFO,RB,24,-2
robust,15710,RB,48.75,1.556730000000001,0.14999999999999858,47.805,49.69500000000001,-70.7475,-59.94600000000002,-98.603,376,329,460,87,17,260.25,75.09,8.4,0.21,207.44,NA,168.56,0.9680000000000001,0.03199999999999992,Kyren,Williams,LAR,RB,23,-2
robust,13607,RB,48.6,NA,0.947499999999998,48.6,48.6,-70.89750000000001,-59.15100000000002,-99.69800000000001,377,321,464,88,17,NA,NA,NA,NA,NA,NA,NA,NA,NA,Sony,Michel,FA,RB,28,2
robust,14807,RB,47.6525,16.901639999999997,0.917500000000004,36.540000000000006,60.129,-71.845,-71.21100000000001,-88.16900000000001,384,408,427,89,17,208.82,64.88,7.19,0.41,178.86333333333334,12.861706297723051,205.13666666666666,3.701,2.6109999999999998,Joshua,Kelley,LAC,RB,26,0
robust,14821,RB,46.735,17.739309,1.0349999999999966,35.9665,57.5035,-72.7625,-71.78450000000001,-90.7945,391,413,434,90,17,298.03,84.71,8.57,0.52,NA,NA,NA,1.008,NA,JaMycal,Hasty,JAC,RB,27,0
robust,13378,RB,45.7,10.452329999999995,0.2600000000000051,37.00500000000001,58.155,-73.7975,-70.74600000000001,-90.143,398,405,431,91,17,284.58,81.56,8.28,0.35,224.87,NA,173.13,1.3040000000000003,0.30400000000000016,Matt,Breida,NYG,RB,28,3
robust,16163,RB,45.44,9.577595999999996,2.0749999999999957,39.626000000000005,51.254000000000005,-74.0575,-68.12500000000001,-97.044,402,384,455,92,17,232.35,69.56,6.63,0.23,140.325,58.075,261.675,3.3200000000000007,2.3200000000000007,Zach,Evans,LAR,RB,22,-3
robust,12155,RB,43.365,21.34944000000001,0.11749999999999972,30.054000000000006,56.46,-76.1325,-77.69700000000002,-91.838,412,435,438,93,17,334.52,101.69,14.21,0.88,NA,NA,NA,1.3920000000000001,NA,Ameer,Abdullah,LVR,RB,30,5
robust,14798,RB,43.2475,22.342782,0.40749999999999886,29.257,57.922,-76.25,-78.49400000000001,-90.376,415,439,433,94,17,266.27,76.93,10.24,0.72,187.815,12.824999999999989,227.185,2.7200000000000006,1.7200000000000006,Zack,Moss,IND,RB,26,0
robust,15709,RB,42.84,0.3558240000000029,2.740000000000002,42.624,43.056000000000004,-76.6575,-65.12700000000001,-105.24199999999999,418,366,488,95,17,256.18,73.68,8.08,0.16,NA,NA,NA,0.8160000000000002,NA,Isaiah,Spiller,LAC,RB,22,-2
robust,12164,RB,40.1,NA,2.3674999999999997,40.1,40.1,-79.39750000000001,-67.65100000000001,-108.19800000000001,428,382,497,96,18,NA,132.33,1.25,0.01,NA,NA,NA,NA,NA,Mike,Davis,FA,RB,30,5
robust,14810,RB,37.7325,8.554602000000004,0.5324999999999989,31.107,46.650000000000006,-81.765,-76.64400000000002,-101.648,438,430,472,97,18,315.13,92.42,12.01,0.58,221.63,NA,216.37,2.7600000000000002,NA,Ke'Shawn,Vaughn,TBB,RB,26,0
robust,11886,RB,37.2,13.714049999999999,1.8500000000000014,18.975,71.265,-82.2975,-88.77600000000001,-77.033,439,503,375,98,18,313,101,15.98,0.84,NA,NA,NA,NA,NA,Damien,Williams,LVR,RB,31,6
robust,15738,RB,35.35,16.23447,0.9349999999999952,25.495,45.205,-84.14750000000001,-82.25600000000001,-103.093,443,455,478,99,18,260.23,76.64,13.76,0.8,174.965,45.935,268.03499999999997,7.536000000000001,NA,Malik,Davis,DAL,RB,25,-2
robust,15277,RB,34.415000000000006,10.882283999999999,0.5024999999999977,25.994,45.74,-85.0825,-81.75700000000002,-102.55799999999999,444,450,474,100,18,320.05,95.04,12.68,0.66,174.515,15.24499999999999,269.485,2.994,1.8540000000000005,Deon,Jackson,IND,RB,24,-1
robust,13814,RB,33.91250000000001,4.521929999999996,0.2325000000000017,23.855000000000004,55.67,-85.585,-83.896000000000015,-92.628,446,466,440,101,18,274.24,78.32,8.36,0.25,NA,NA,NA,1.2720000000000002,NA,Boston,Scott,PHI,RB,28,2
robust,14076,RB,33.68000000000001,9.814812000000002,1.5050000000000026,27.722,39.638000000000005,-85.8175,-80.02900000000002,-108.66,447,442,498,102,18,307.63,90.28,13.96,0.73,135.87,NA,311.13,3.1680000000000006,NA,Trayveon,Williams,CIN,RB,26,1
robust,13148,RB,32.175000000000004,22.276065,0.21250000000000568,18.652500000000003,45.697500000000005,-87.32249999999999,-89.09850000000002,-102.6005,452,506,475,103,18,NA,124,8.04,0.59,NA,NA,NA,NA,NA,Dare,Ogunbowale,HOU,RB,29,3
robust,12261,RB,31.9625,11.49015,0.3924999999999983,23.590000000000003,39.474999999999994,-87.535,-84.16100000000002,-108.82300000000001,453,467,499,104,18,329.65,101.5,16.39,0.84,NA,NA,NA,1.5120000000000002,NA,Ty,Montgomery,NEP,RB,30,5
robust,13617,RB,31.57,NA,0.4349999999999987,31.57,31.57,-87.92750000000001,-76.18100000000001,-116.72800000000001,454,427,537,105,18,353.67,117,11.8,0.88,NA,NA,NA,NA,NA,Royce,Freeman,LAR,RB,27,2
robust,12630,RB,31.135,13.395291,0.21499999999999986,23.003500000000003,39.2665,-88.3625,-84.74750000000002,-109.0315,456,474,500,106,18,325.81,93.9,9.39,0.49,NA,NA,NA,2.5920000000000005,NA,Kenyan,Drake,IND,RB,29,4
robust,15719,RB,30.92,NA,0.6650000000000027,30.92,30.92,-88.5775,-76.83100000000002,-117.378,457,432,548,107,18,324.78,93.14,11.65,0.86,NA,NA,NA,1.0800000000000003,NA,Kevin,Harris,NEP,RB,23,-2
robust,15720,RB,30.255,2.4388769999999993,0.08999999999999986,28.7745,31.7355,-89.2425,-78.97650000000002,-116.5625,460,440,534,108,18,319.77,90.47,8.06,0.2,NA,NA,NA,NA,NA,Hassan,Haskins,TEN,RB,24,-2
robust,15973,RB,30.165,4.203170999999998,0.06499999999999773,27.613500000000002,32.716499999999996,-89.33250000000001,-80.13750000000002,-115.5815,462,444,527,109,18,316.32,100.08,16.06,0.77,NA,NA,NA,0.43200000000000005,NA,Raheem,Blackshear,CAR,RB,25,-2
robust,15275,RB,30.1,11.564279999999998,0.14499999999999957,23.080000000000002,37.12,-89.39750000000001,-84.67100000000002,-111.178,463,472,508,110,18,323.92,92.1,8.35,0.39,NA,NA,NA,1.8960000000000004,NA,Chris,Evans,CIN,RB,26,-1
robust,16176,RB,29.955000000000002,11.052783000000002,1.1799999999999997,23.245500000000003,36.664500000000004,-89.5425,-84.50550000000001,-111.6335,464,471,511,111,19,290.47,83.91,9.89,0.47,149.31,64.65,314.69,4.152,NA,Deuce,Vaughn,DAL,RB,22,-3
robust,14815,RB,28.775000000000002,4.558994999999999,0.20500000000000185,26.007500000000004,31.5425,-90.7225,-81.74350000000001,-116.7555,472,449,539,112,19,333.97,95.98,7.55,0.21,NA,NA,NA,2.9520000000000004,NA,DeeJay,Dallas,SEA,RB,25,0
robust,14081,RB,28.57,19.466538,1.3499999999999979,16.753000000000004,40.387,-90.92750000000001,-90.99800000000002,-107.911,473,525,496,113,19,341.59,99.02,6.98,0.44,NA,NA,NA,NA,NA,Myles,Gaskin,MIA,RB,26,1
robust,16179,RB,27.220000000000002,NA,0.2624999999999993,27.220000000000002,27.220000000000002,-92.2775,-80.53100000000002,-121.078,477,446,579,114,19,268.49,77.72,8.66,0.56,77.61,NA,399.39,3.3800000000000003,2.3800000000000003,DeWayne,McBride,MIN,RB,22,-3
robust,11367,RB,26.957500000000003,9.592421999999997,0.2825000000000024,20.477000000000004,34.489999999999995,-92.53999999999999,-87.27400000000002,-113.808,478,493,519,115,19,373,118.1,13.48,0.69,NA,NA,NA,NA,NA,Kyle,Juszczyk,SFO,RB,32,7
robust,14727,RB,26.675,7.894844999999998,0.8599999999999994,21.8825,31.4675,-92.8225,-85.86850000000001,-116.8305,479,485,540,116,19,349.1,109.27,9.75,0.41,NA,NA,NA,NA,NA,Craig,Reynolds,DET,RB,27,1
robust,16174,RB,25.815,2.690919000000002,0.19500000000000028,24.1815,27.448500000000003,-93.6825,-83.56950000000002,-120.8495,483,461,577,117,19,320.33,96.5,13.49,0.57,84.23,NA,398.77,4.272000000000001,NA,Chris,Rodriguez,WAS,RB,23,-3
robust,16180,RB,25.62,2.846591999999997,1.6400000000000006,23.892000000000003,27.348,-93.8775,-83.85900000000001,-120.95,484,465,578,118,19,279.35,80.79,10.86,0.38,143.495,57.945,340.505,6.024,NA,Evan,Hull,IND,RB,23,-3
robust,16166,RB,23.98,NA,0.4800000000000004,23.98,23.98,-95.5175,-83.771000000000015,-124.318,490,463,589,119,19,297.01,84.52,8.47,0.51,155.555,73.84500000000001,334.445,3.8160000000000007,NA,Sean,Tucker,TBB,RB,22,-3
robust,15743,RB,23.5,0,0.7974999999999994,23.5,23.5,-95.9975,-84.25100000000002,-124.798,492,468,591,120,19,NA,NA,NA,0.02,NA,NA,NA,NA,NA,Sincere,McCormick,LVR,RB,23,-2
robust,14823,RB,22.7025,0.5189100000000021,0.07249999999999801,17.714000000000002,24.815,-96.795,-90.03700000000002,-123.483,497,514,587,121,19,300.5,107.29,17.08,0.76,NA,NA,NA,2.1600000000000006,NA,Rico,Dowdle,DAL,RB,25,0
robust,15746,RB,22.630000000000003,1.141602000000002,0.0400000000000027,21.937,23.323,-96.8675,-85.81400000000002,-124.975,498,484,592,122,19,301.08,85.92,10.1,0.28,NA,NA,NA,1.3440000000000003,NA,Tyrion,Davis-Price,SFO,RB,23,-2
robust,14817,RB,22.59,NA,0.05999999999999872,22.59,22.59,-96.9075,-85.16100000000002,-125.708,500,476,595,123,19,NA,134,11.94,0.89,NA,NA,NA,NA,NA,Patrick,Taylor,GBP,RB,25,0
robust,14827,RB,22.53,NA,0.030000000000001137,22.53,22.53,-96.9675,-85.22100000000002,-125.768,501,477,597,124,19,360,NA,NA,NA,NA,NA,NA,NA,NA,J.J.,Taylor,NEP,RB,25,0
robust,12845,RB,22.5,NA,0.1999999999999993,22.5,22.5,-96.9975,-85.25100000000002,-125.798,502,478,598,125,19,NA,NA,NA,NA,NA,NA,NA,NA,NA,Dwayne,Washington,NOS,RB,29,4
robust,16170,RB,22.3,0.444780000000001,0.16999999999999815,22.03,22.57,-97.1975,-85.72100000000002,-125.72800000000001,504,482,596,126,19,316.88,91.29,12.16,0.43,91.71,NA,412.29,3.9360000000000004,NA,Kenny,McIntosh,SEA,RB,23,-3
robust,14804,RB,22.130000000000003,NA,0.030000000000001137,22.130000000000003,22.130000000000003,-97.3675,-85.62100000000001,-126.168,505,480,599,127,19,371,112.6,10.56,0.78,NA,NA,NA,NA,NA,Anthony,McFarland,PIT,RB,24,0
robust,14331,RB,22.1,2.5945499999999946,0.4400000000000013,20.375,24.064999999999998,-97.39750000000001,-87.37600000000002,-124.233,506,495,588,128,19,271.09,78.92,10.82,0.37,206.1,NA,299.9,1.2920000000000003,0.29200000000000015,D'Ernest,Johnson,JAC,RB,27,1
robust,16391,RB,21.66,7.620564000000001,0.09999999999999787,17.034,26.286,-97.8375,-90.71700000000001,-122.012,509,522,581,129,19,NA,NA,NA,0.15,NA,NA,NA,NA,NA,Hunter,Luepke,DAL,RB,23,-3
robust,15414,RB,21.560000000000002,7.501956000000001,0.7600000000000016,17.006,26.114,-97.9375,-90.74500000000002,-122.184,510,523,583,130,19,332.21,98.17,11.01,0.48,NA,NA,NA,1.1280000000000001,NA,Kene,Nwangwu,MIN,RB,25,-1
robust,14072,RB,20.8,NA,0.40000000000000213,20.8,20.8,-98.6975,-86.95100000000002,-127.498,512,490,601,131,19,NA,NA,NA,NA,NA,NA,NA,NA,NA,Benny,Snell,DET,RB,25,1
robust,11193,RB,20.4,NA,0.03249999999999886,20.4,20.4,-99.0975,-87.35100000000003,-127.898,516,494,602,132,19,NA,NA,NA,NA,NA,NA,NA,NA,NA,Giovani,Bernard,FA,RB,32,7
robust,15725,RB,20.3675,2.3425079999999974,0.00999999999999801,17.428000000000004,25.735,-99.13,-90.32300000000001,-122.563,517,517,584,133,19,353.5,120.63,8.69,0.23,NA,NA,NA,NA,NA,Snoop,Conner,JAC,RB,24,-2
robust,14083,RB,20.3575,8.020866000000005,0.4025000000000034,13.064,26.159000000000002,-99.14,-94.68700000000001,-122.139,518,550,582,134,19,377.71,117.21,11.95,0.58,NA,NA,NA,NA,NA,Travis,Homer,CHI,RB,25,1
robust,15462,RB,19.955,2.8836570000000004,0.17499999999999716,18.2045,21.705499999999997,-99.5425,-89.54650000000002,-126.5925,520,511,600,135,19,350.67,120.17,15.36,0.68,NA,NA,NA,NA,NA,Gary,Brightwell,NYG,RB,24,-1
robust,15040,RB,19.78,9.221772,0.4750000000000014,14.182,25.378,-99.7175,-93.56900000000002,-122.92,521,543,585,136,19,NA,NA,NA,0.19,NA,NA,NA,NA,NA,Ty'Son,Williams,ARI,RB,27,0
robust,16359,RB,19.305,7.405587,0.3049999999999997,14.809500000000002,23.800500000000003,-100.1925,-92.94150000000002,-124.4975,522,541,590,137,20,343,110.67,8.99,0.33,NA,NA,NA,2.5440000000000005,NA,Lew,Nichols,GBP,RB,22,-3
robust,14095,RB,19,NA,0.08999999999999986,19,19,-100.4975,-88.75100000000002,-129.298,524,501,604,138,20,353.44,110.13,11.61,0.84,NA,NA,NA,NA,NA,Ty,Johnson,FA,RB,26,1
robust,12635,RB,18.91,NA,0.6400000000000006,18.91,18.91,-100.5875,-88.84100000000002,-129.388,525,504,605,139,20,NA,122.5,9.5,0.66,NA,NA,NA,NA,NA,Jonathan,Williams,WAS,RB,29,4
robust,15270,RB,18.27,NA,0.6400000000000006,18.27,18.27,-101.2275,-89.48100000000002,-130.028,529,509,606,140,20,343,116.5,15.14,0.97,NA,NA,NA,NA,NA,Demetric,Felton,CLE,RB,25,-1
robust,15270,RB,18.27,NA,0.6400000000000006,18.27,18.27,-101.2275,-89.48100000000002,-130.028,529,509,606,140,20,343,151.75,30.09,0.99,NA,NA,NA,NA,NA,Demetric,Felton,CLE,RB,25,-1
robust,10932,RB,17.63,3.810281999999999,0.06499999999999773,15.317000000000002,19.942999999999998,-101.8675,-92.43400000000001,-128.35500000000002,531,536,603,141,20,337.8,117.22,14.51,0.65,NA,NA,NA,NA,NA,Brandon,Bolden,LVR,RB,33,8
robust,15953,RB,17.565,8.799230999999999,0.495000000000001,12.223500000000001,22.9065,-101.9325,-95.52750000000002,-125.39150000000001,532,560,593,142,20,NA,110.5,10.5,0.47,NA,NA,NA,NA,NA,Brittain,Brown,LVR,RB,26,-2
robust,16380,RB,17.07,NA,0.14999999999999858,17.07,17.07,-102.42750000000001,-90.68100000000001,-131.228,536,520,607,143,20,284.57,84.08,15.38,0.98,147.95,61.38000000000001,388.05,2.984,1.984,Deneric,Prince,KCC,RB,23,-3
robust,15960,RB,16.92,9.458988,0.26000000000000156,11.178,22.662,-102.5775,-96.57300000000002,-125.636,537,573,594,144,20,NA,135.8,10.85,0.51,NA,NA,NA,NA,NA,Zander,Horvath,LAC,RB,25,-2
robust,13619,RB,16.66,NA,0.04999999999999716,16.66,16.66,-102.8375,-91.09100000000002,-131.638,540,527,608,145,20,NA,128,7.07,0.31,NA,NA,NA,NA,NA,John,Kelly,CLE,RB,27,2
robust,15718,RB,16.610000000000003,NA,0.490000000000002,16.610000000000003,16.610000000000003,-102.8875,-91.14100000000002,-131.688,541,528,609,146,20,355.5,118.6,8.55,0.54,NA,NA,NA,NA,NA,Tyler,Badie,DEN,RB,23,-2
robust,14811,RB,16.12,NA,0.4400000000000013,16.12,16.12,-103.3775,-91.63100000000001,-132.178,544,531,610,147,20,330.58,95.08,7.69,0.42,NA,NA,NA,NA,NA,Salvon,Ahmed,MIA,RB,25,0
robust,16172,RB,15.68,NA,0.48999999999999844,15.68,15.68,-103.8175,-92.07100000000003,-132.618,547,533,611,148,20,384.33,117.36,7.43,0.38,NA,NA,NA,3.7680000000000007,NA,Mohamed,Ibrahim,DET,RB,25,-3
robust,14828,RB,15.190000000000001,NA,0.990000000000002,15.190000000000001,15.190000000000001,-104.3075,-92.56100000000002,-133.108,549,539,612,149,20,315,104.33,13.6,0.94,NA,NA,NA,NA,NA,Tony,Jones,DEN,RB,26,0
robust,14086,RB,14.2,NA,1.2199999999999989,14.2,14.2,-105.2975,-93.55100000000002,-134.098,554,542,613,150,20,358,111.58,13.94,0.95,NA,NA,NA,NA,NA,Justice,Hill,BAL,RB,26,1
robust,15046,RB,12.98,NA,0.34999999999999964,12.98,12.98,-106.5175,-94.771000000000015,-135.318,557,552,614,151,20,NA,NA,NA,NA,NA,NA,NA,NA,NA,Kirk,Merritt,NOS,WR,26,0
robust,15103,RB,12.63,NA,1.4700000000000006,12.63,12.63,-106.8675,-95.12100000000002,-135.668,561,556,615,152,20,NA,137,9.22,0.63,NA,NA,NA,NA,NA,Reggie,Gilliam,BUF,RB,26,0
robust,16178,RB,11.16,NA,0.15000000000000036,11.16,11.16,-108.3375,-96.59100000000002,-137.138,575,575,617,153,20,320.8,110.25,13.6,0.94,NA,NA,NA,2.6880000000000006,NA,Keaton,Mitchell,BAL,RB,NA,-3
robust,14420,RB,11.01,NA,0.5899999999999981,11.01,11.01,-108.4875,-96.74100000000001,-137.288,578,577,618,154,20,NA,120.4,11.79,0.87,NA,NA,NA,NA,NA,Alec,Ingold,MIA,RB,27,1
robust,13868,RB,10.420000000000002,NA,0.0400000000000027,10.420000000000002,10.420000000000002,-109.0775,-97.33100000000002,-137.878,585,592,619,155,20,363.6,114.07,10.15,0.75,NA,NA,NA,NA,NA,Mike,Boone,HOU,RB,28,2
robust,14808,RB,10.379999999999999,NA,0.16999999999999993,10.379999999999999,10.379999999999999,-109.1175,-97.37100000000002,-137.918,586,594,620,156,20,NA,131.17,5.05,0.1,NA,NA,NA,NA,NA,Darrynton,Evans,BUF,RB,25,0
robust,15272,RB,10.209999999999999,NA,0.29999999999999893,10.209999999999999,10.209999999999999,-109.28750000000001,-97.54100000000003,-138.088,589,597,621,157,20,NA,129,12.25,0.92,NA,NA,NA,NA,NA,Larry,Rountree,LAC,RB,25,-1
robust,15454,RB,9.91,4.432974,0.16999999999999993,7.219,12.600999999999999,-109.5875,-100.53200000000002,-135.697,599,625,616,158,20,NA,123.33,8.18,0.23,NA,NA,NA,NA,NA,Avery,Williams,ATL,RB,25,-1
robust,15257,RB,9.74,NA,0.1999999999999993,9.74,9.74,-109.75750000000001,-98.01100000000002,-138.558,602,599,622,159,20,355.67,117,8.51,0.53,NA,NA,NA,NA,NA,Trey,Sermon,PHI,RB,24,-1
robust,15748,RB,9.540000000000001,NA,0.09999999999999964,9.540000000000001,9.540000000000001,-109.9575,-98.21100000000001,-138.758,607,603,623,160,20,NA,122.09,9.82,0.69,NA,NA,NA,NA,NA,Trestan,Ebner,CHI,RB,24,-2
robust,12923,RB,9.440000000000001,NA,0.6300000000000008,9.440000000000001,9.440000000000001,-110.0575,-98.31100000000002,-138.858,608,604,624,161,20,NA,127,13.37,0.93,NA,NA,NA,NA,NA,C.J.,Ham,MIN,RB,30,4
robust,15965,RB,8.81,NA,0.14000000000000057,8.81,8.81,-110.6875,-98.94100000000002,-139.488,613,609,625,162,21,NA,126.43,5.07,0.1,NA,NA,NA,NA,NA,Julius,Chestnut,TEN,RB,23,-2
robust,14098,RB,8.67,NA,0.2599999999999998,8.67,8.67,-110.8275,-99.08100000000002,-139.62800000000001,614,612,626,163,21,NA,NA,NA,NA,NA,NA,NA,NA,NA,Damarea,Crockett,NYJ,RB,26,1
robust,15480,RB,8.41,NA,0.019999999999999574,8.41,8.41,-111.0875,-99.34100000000002,-139.888,616,613,628,164,21,NA,NA,NA,NA,NA,NA,NA,NA,NA,Jake,Funk,IND,RB,25,-1
robust,15262,RB,8.39,NA,0.07000000000000028,8.39,8.39,-111.1075,-99.36100000000002,-139.90800000000002,617,615,629,165,21,NA,137.33,11.03,0.81,NA,NA,NA,NA,NA,Jermar,Jefferson,DET,RB,23,-1
robust,14806,RB,8.32,NA,0.8300000000000001,8.32,8.32,-111.17750000000001,-99.43100000000001,-139.978,618,616,630,166,21,NA,NA,NA,NA,NA,NA,NA,NA,NA,Lamical,Perine,KCC,RB,25,0
robust,15042,RB,7.49,NA,0.02999999999999936,7.49,7.49,-112.00750000000001,-100.26100000000002,-140.808,622,619,631,167,21,NA,139,9,0.6,NA,NA,NA,NA,NA,Jonathan,Ward,TEN,RB,26,0
robust,14097,RB,7.460000000000001,NA,0.11000000000000032,7.460000000000001,7.460000000000001,-112.0375,-100.29100000000003,-140.838,624,620,632,168,21,NA,NA,NA,NA,NA,NA,NA,NA,NA,Qadree,Ollison,JAC,RB,27,1
robust,13455,RB,7.3500000000000005,NA,0.08000000000000007,7.3500000000000005,7.3500000000000005,-112.14750000000001,-100.40100000000002,-140.948,626,621,633,169,21,NA,129.89,10.95,0.81,NA,NA,NA,NA,NA,Patrick,Ricard,BAL,RB,29,3
robust,15054,RB,7.3500000000000005,NA,0,7.3500000000000005,7.3500000000000005,-112.14750000000001,-100.40100000000002,-140.948,626,621,633,169,21,NA,82,9.87,0.7,NA,NA,NA,NA,NA,Giovanni,Ricci,CAR,TE,27,0
robust,14612,RB,7.2700000000000005,NA,0.04999999999999982,7.2700000000000005,7.2700000000000005,-112.2275,-100.48100000000002,-141.028,627,622,634,170,21,NA,NA,NA,NA,NA,NA,NA,NA,NA,Patrick,Laird,TBB,RB,28,1
robust,15276,RB,7.220000000000001,NA,0.040000000000000036,7.220000000000001,7.220000000000001,-112.2775,-100.53100000000002,-141.078,628,624,635,171,21,NA,NA,NA,NA,NA,NA,NA,NA,NA,Spencer,Brown,CAR,RB,25,-1
robust,14011,RB,7.180000000000001,NA,0.20000000000000018,7.180000000000001,7.180000000000001,-112.3175,-100.57100000000001,-141.118,629,626,636,172,21,NA,NA,NA,NA,NA,NA,NA,NA,NA,Godwin,Igwebuike,ATL,RB,29,2
robust,13906,RB,6.98,NA,0.09999999999999964,6.98,6.98,-112.5175,-100.77100000000002,-141.318,630,627,637,173,21,NA,NA,NA,NA,NA,NA,NA,NA,NA,Jason,Cabinda,DET,LB,27,2
robust,15503,RB,6.880000000000001,NA,0.08999999999999986,6.880000000000001,6.880000000000001,-112.6175,-100.87100000000002,-141.418,631,628,638,174,21,NA,NA,NA,NA,NA,NA,NA,NA,NA,Nate,McCrary,GBP,RB,24,-1
robust,15260,RB,6.790000000000001,NA,0.010000000000000675,6.790000000000001,6.790000000000001,-112.7075,-100.96100000000001,-141.508,632,629,639,175,21,NA,124,18.83,0.98,NA,NA,NA,NA,NA,Jaret,Patterson,WAS,RB,24,-1
robust,15726,RB,6.78,NA,0.22999999999999954,6.78,6.78,-112.7175,-100.97100000000002,-141.518,633,630,640,176,21,NA,128,7.35,0.36,NA,NA,NA,NA,NA,Ronnie,Rivers,LAR,RB,24,-2
robust,15488,RB,6.550000000000001,NA,0.3150000000000004,6.550000000000001,6.550000000000001,-112.9475,-101.20100000000002,-141.748,635,631,641,177,21,NA,NA,NA,NA,NA,NA,NA,NA,NA,Gerrid,Doaks,HOU,RB,25,-1
robust,12040,RB,6.235,3.951129,0.3650000000000002,3.8365000000000005,8.6335,-113.2625,-103.91450000000002,-139.6645,636,638,627,178,21,NA,133.67,10.21,0.35,NA,NA,NA,NA,NA,Keith,Smith,ATL,RB,31,6
robust,16390,RB,5.87,NA,0.9299999999999997,5.87,5.87,-113.6275,-101.88100000000001,-142.428,637,633,642,179,21,NA,111,20.41,0.99,NA,NA,NA,NA,NA,Jaleel,McLaughlin,DEN,RB,24,-3
robust,12325,RB,4.94,NA,0.040000000000000036,4.94,4.94,-114.5575,-102.81100000000002,-143.358,639,635,643,180,21,NA,143.33,9.29,0.63,NA,NA,NA,NA,NA,Michael,Burton,DEN,RB,31,5
robust,15650,RB,4.9,NA,0.47000000000000064,4.9,4.9,-114.5975,-102.85100000000001,-143.398,640,636,644,181,21,NA,149.5,7.5,0.39,NA,NA,NA,NA,NA,Adam,Prentice,NOS,RB,26,-1
robust,14973,RB,4.43,NA,0.6399999999999997,4.43,4.43,-115.0675,-103.32100000000003,-143.868,641,637,645,182,21,NA,NA,NA,NA,NA,NA,NA,NA,NA,Jason,Huntley,IND,RB,25,0
robust,14552,RB,3.79,NA,0.7899999999999996,3.79,3.79,-115.7075,-103.96100000000001,-144.508,642,639,646,183,21,NA,147.5,6.5,0.25,NA,NA,NA,NA,NA,Khari,Blasingame,CHI,RB,27,1
robust,14359,RB,3.0000000000000004,NA,1.1200000000000003,3.0000000000000004,3.0000000000000004,-116.4975,-104.75100000000002,-145.298,643,640,647,184,21,NA,145.33,7.13,0.32,NA,NA,NA,NA,NA,Jakob,Johnson,LVR,RB,29,1
robust,15730,RB,1.8800000000000001,NA,1.1500000000000001,1.8800000000000001,1.8800000000000001,-117.6175,-105.87100000000002,-146.418,644,641,648,185,21,NA,NA,NA,NA,NA,NA,NA,NA,NA,Tyler,Goodson,GBP,RB,23,-2
robust,16388,RB,0.73,NA,0,0.73,0.73,-118.7675,-107.02100000000002,-147.568,645,642,649,186,21,NA,NA,NA,NA,NA,NA,NA,NA,NA,Khalan,Laborn,SFO,RB,24,-3
robust,14836,WR,192.92000000000002,5.633880000000016,1.275000000000034,187.04,202.736,78.3775,84.93999999999998,79.52599999999998,10,7,6,1,1,1.72,1.19,0.46,0.03,2.015,0.5560500576986452,7.984999999999999,52.647999999999996,10.83599532422687,Justin,Jefferson,MIN,WR,24,0
robust,13164,WR,191.64499999999998,2.3869860000000203,4.269999999999982,182.019,196.239,77.10249999999996,79.919,73.029,13,9,9,2,1,9.42,4.34,1.64,0.01,9.04,2.8192197502145877,3.960000000000001,42.334,7.060203396503532,Cooper,Kupp,LAR,WR,30,3
robust,15281,WR,187.375,13.417529999999974,18.19749999999999,174.87500000000003,197.195,72.83249999999998,72.77500000000002,73.98499999999999,14,12,8,3,2,3.79,2.12,0.68,0.18,4.306666666666667,0.7076643900104687,9.693333333333333,48.33266666666667,10.933499632881603,Ja'Marr,Chase,CIN,WR,23,-1
robust,12801,WR,169.1775,13.714049999999958,0.5625,155.375,191.74399999999997,54.63499999999999,53.27499999999999,68.53399999999996,22,26,11,4,2,8.02,3.45,0.99,0.21,9.128333333333334,1.7412200384277174,12.871666666666666,45.48866666666667,5.468527244352194,Tyreek,Hill,MIA,WR,29,4
robust,12186,WR,168.615,4.514516999999981,1.2262499999999932,163.70450000000002,176.99750000000003,54.07249999999999,61.604500000000016,53.78750000000002,24,19,22,5,2,12.23,5.82,1.32,0.03,13.678333333333333,2.291029002192877,10.321666666666667,43.094,6.31813411274774,Stefon,Diggs,BUF,WR,30,5
robust,11675,WR,167.38875000000002,7.665042000000023,2.3187500000000227,157.2465,174.15300000000002,52.84625,55.14649999999999,50.94300000000001,25,23,24,6,3,15.1,7.61,2.03,0.08,16.993333333333332,2.306358360899036,8.006666666666668,39.67866666666667,6.581274716108493,Davante,Adams,LVR,WR,31,6
robust,14104,WR,165.07,0.14825999999999157,0.4224999999999852,147.482,171.89,50.527499999999975,45.38199999999999,48.67999999999998,27,31,27,7,3,13.05,6.36,1.65,0.01,15.138333333333334,1.2288397870439502,11.861666666666666,34.70733333333334,3.813222725668611,A.J.,Brown,PHI,WR,26,1
robust,14832,WR,164.6475,3.4841100000000336,6.710000000000008,157.83499999999998,178.976,50.10499999999999,55.73499999999997,55.76599999999999,29,21,20,8,3,13.7,6.72,1.54,0.02,15.155000000000001,2.2397749142864036,13.844999999999999,36.942,4.576858602433184,CeeDee,Lamb,DAL,WR,24,0
robust,14136,WR,157.9375,4.521930000000016,11.327499999999986,146.705,182.75000000000003,43.39499999999998,44.605000000000004,59.54000000000002,32,32,17,9,4,34.64,16.32,3.6,0.08,39.94166666666666,3.6750574447513356,-7.941666666666663,20.107333333333333,5.603765480063881,Deebo,Samuel,SFO,WR,27,1
robust,15284,WR,146.61,18.295283999999963,1.003750000000025,131.37,159.306,32.067499999999995,29.269999999999996,36.096000000000004,42,47,31,10,4,20.87,10.8,0.94,0.35,23.773333333333333,1.4136909924811087,18.226666666666667,27.216,3.5421545232621736,Jaylen,Waddle,MIA,WR,25,-1
robust,14835,WR,145.60625,11.868212999999992,0.4412499999999966,135.714,153.8445,31.06374999999997,33.61399999999999,30.634500000000003,44,41,38,11,4,27.53,13.68,2.02,0.21,33.22833333333333,3.7043416719063895,10.771666666666668,22.735333333333333,2.8374572341368527,Tee,Higgins,CIN,WR,24,0
robust,15287,WR,145.165,15.063216000000036,6.898749999999978,130.73,156.344,30.622499999999974,28.62999999999998,33.133999999999986,46,50,37,12,5,17.45,8.72,1.61,0.29,20.64,3.706746102266335,25.36,31.41,3.895749820851776,Amon-Ra,St. Brown,DET,WR,24,-1
robust,12175,WR,138.26625,9.814812000000007,0.028750000000002274,119.22050000000002,149.258,23.723749999999995,17.120500000000007,26.048000000000002,54,63,44,13,5,32.14,15.18,2.98,0.21,42.325,5.83798409841388,11.674999999999997,18.877333333333336,3.0802966668091503,Amari,Cooper,CLE,WR,29,5
robust,14833,WR,138.2375,1.779119999999983,0.15250000000003183,133.225,140.82999999999998,23.694999999999993,31.124999999999986,17.619999999999976,55,45,62,14,5,47.6,21.58,3.98,0.05,58.26833333333333,6.7327963894820275,-3.268333333333331,12.731333333333334,5.5390243023679036,Jerry,Jeudy,DEN,WR,24,0
robust,13635,WR,138.08499999999998,10.096506000000003,0.7374999999999545,130.271,148.595,23.54249999999996,28.170999999999978,25.38499999999999,56,51,46,15,5,44.74,20.32,4.57,0.3,54.06,6.969086501591631,1.9399999999999977,15.282,6.839838789523236,D.J.,Moore,CHI,WR,26,2
robust,15753,WR,137.34750000000003,4.062323999999971,0.7375000000000114,112.64500000000002,148.36599999999999,22.805000000000007,10.545000000000016,25.155999999999977,58,77,47,16,5,18.99,9.64,1.78,0.03,22.111666666666665,4.8374904536225065,35.888333333333335,31.218000000000004,4.9000933324444595,Garrett,Wilson,NYJ,WR,23,-2
robust,13629,WR,136.61,5.50044599999999,1.762500000000017,133.27100000000002,139.94899999999998,22.067499999999995,31.171000000000006,16.738999999999976,59,44,65,17,5,44.29,20.39,4.41,0.15,39.660000000000004,3.6883645879079436,19.339999999999996,24.346000000000004,11.38156134573226,Calvin,Ridley,JAC,WR,29,2
robust,15282,WR,134.8475,10.052028000000002,1.728749999999991,127.049,141.602,20.30499999999998,24.948999999999998,18.391999999999996,61,53,61,18,5,34.17,16.05,1.98,0.16,31.368333333333332,4.259528208094831,29.631666666666668,22.171333333333333,2.884115731997513,DeVonta,Smith,PHI,WR,25,-1
robust,13154,WR,133.11875,18.732650999999986,0.032358247422706654,116.38800000000002,146.55149999999998,18.576249999999987,14.288000000000011,23.341499999999968,62,69,50,19,5,60.49,27.01,4.71,0.51,65.77,10.316921375423323,-3.769999999999996,10.867333333333335,6.266439783126906,Mike,Williams,LAC,WR,29,3
robust,14109,WR,133.0863917525773,12.43244164948457,0.12639175257729107,119.47200000000002,142.96701030927835,18.54389175257728,17.372000000000014,19.757010309278343,63,62,56,20,5,49.09,21.99,2.81,0.29,54.01,7.107770395841443,8.990000000000002,15.086666666666668,6.014079776287938,Terry,McLaurin,WAS,WR,28,1
robust,14102,WR,132.96,9.629486999999964,0.14375000000001137,122.81150000000001,140.4605,18.41749999999999,20.7115,17.250499999999988,64,59,64,21,5,35.72,16.59,2.4,0.17,37.88666666666667,5.21654632449052,26.11333333333333,23.250666666666667,6.0467347294956575,DK,Metcalf,SEA,WR,26,1
robust,11222,WR,132.81625,14.729631000000003,0.2012499999999875,123.631,141.8515,18.27374999999998,21.53099999999999,18.64149999999998,65,58,58,22,5,47.71,21.69,2.95,0.35,50.07333333333333,5.842561272440557,14.92666666666667,20.111333333333334,7.096090253716402,Keenan,Allen,LAC,WR,31,7
robust,11671,WR,132.615,23.084081999999988,5.117500000000021,118.56299999999999,146.64299999999997,18.07249999999999,16.46299999999998,23.432999999999964,66,66,49,23,6,67.79,30.43,4.42,0.61,78.13666666666667,7.422321439789274,-12.13666666666667,11.341333333333335,8.211721919846587,Mike,Evans,TBB,WR,30,6
robust,15754,WR,127.49749999999999,21.319787999999992,1.5067148241205786,111.429,141.64199999999997,12.95499999999997,9.328999999999994,18.43199999999996,68,78,60,24,6,26.97,13.32,1.81,0.45,31.871666666666666,7.21936843190286,36.12833333333333,24.39666666666667,2.273211140411045,Chris,Olave,NOS,WR,23,-2
robust,13633,WR,125.99078517587941,4.413491592964831,0.2232851758794112,121.92082663316583,132.28600000000003,11.448285175879391,19.820826633165822,9.076000000000022,71,60,75,25,6,63.8,28.69,3.99,0.09,74.34333333333333,8.353499599303008,-3.3433333333333337,10.358,6.370742081317269,Christian,Kirk,JAC,WR,27,2
robust,15789,WR,125.7675,0.2075640000000219,3.1924999999999812,77.82100000000001,144.28600000000003,11.22499999999998,-24.278999999999996,21.076000000000022,72,195,55,26,6,47.94,21.84,4.86,0.05,59.685,9.843235833132653,12.314999999999998,9.640666666666666,3.9920154753652395,Christian,Watson,GBP,WR,24,-2
robust,14105,WR,122.57500000000002,9.562770000000004,0.710000000000008,114.045,135.465,8.032499999999999,11.944999999999993,12.254999999999995,77,74,68,27,7,73.95,33.31,4.49,0.29,93.29166666666667,14.138537662085927,-16.29166666666667,9.144000000000002,6.649718189517509,Marquise,Brown,ARI,WR,26,1
robust,11232,WR,121.86500000000001,0.7857780000000438,2.717500000000001,97.455,131.54700000000003,7.322499999999991,-4.64500000000001,8.337000000000018,78,109,79,28,7,54,24.11,4.78,0.05,55.425,5.250500769767902,22.575000000000003,16.631333333333334,5.914404187142514,DeAndre,Hopkins,TEN,WR,31,7
robust,11674,WR,119.14750000000001,9.533118000000009,0.6574999999999989,108.23200000000001,126.90700000000001,4.60499999999999,6.132000000000005,3.6970000000000027,82,84,88,29,7,95.76,41.45,3.46,0.22,102.27666666666667,6.842203998387918,-20.27666666666667,7.831333333333334,6.05082833631525,Brandin,Cooks,DAL,WR,30,6
robust,14840,WR,118.49000000000001,3.187590000000008,0.1775000000000091,115.715,122.609,3.947499999999991,13.614999999999995,-0.6010000000000133,85,70,98,30,7,57.08,26.01,4.27,0.07,74.36166666666666,8.05059090308835,10.638333333333335,9.153333333333334,3.700246238052574,Brandon,Aiyuk,SFO,WR,25,0
robust,15751,WR,118.3125,0.13343399999998398,0.33499999999999375,110.464,121.381,3.769999999999982,8.36399999999999,-1.8290000000000077,87,80,106,31,7,58.05,26.19,3.5,0.02,66.48,7.073000306329227,20.519999999999996,11.032666666666668,2.952612553127974,Drake,London,ATL,WR,22,-2
robust,13163,WR,117.9775,2.2387260000000073,0.3475000000000108,106.16,123.35900000000001,3.434999999999988,4.059999999999988,0.1490000000000009,89,88,95,32,7,67.91,30.65,3.66,0.04,74.805,10.659671273855805,14.194999999999993,12.199333333333334,6.685203628578232,Chris,Godwin,TBB,WR,27,3
robust,14845,WR,117.63,NA,0.31749999999999545,117.63,117.63,3.0874999999999773,15.529999999999987,-5.5800000000000125,90,68,117,33,7,80.72,35.95,5.43,0.23,97.195,12.841638978988106,-7.194999999999993,6.154666666666667,3.8787287722769292,Gabriel,Davis,BUF,WR,24,0
robust,12187,WR,117.3125,5.708009999999991,2.3149999999999977,113.58500000000001,121.46000000000001,2.769999999999982,11.485,-1.75,92,75,104,34,7,62.43,28.11,5.08,0.18,72.25,10.716852771841802,19.75,12.391333333333334,5.02878284367986,Tyler,Lockett,SEA,WR,31,5
robust,14208,WR,114.9975,22.34278200000001,0.4549999999999841,101.307,128.89200000000002,0.4549999999999841,-0.7930000000000064,5.682000000000016,95,98,81,35,7,73.23,32.89,3.76,0.56,89.05333333333333,9.735492911107388,5.9466666666666725,10.023333333333335,6.616717883932757,Diontae,Johnson,PIT,WR,27,1
robust,14842,WR,114.54250000000002,39.45198600000002,0.14928571428572468,89.36100000000002,141.696,0,-12.73899999999999,18.48599999999999,96,147,59,36,7,77.09,34.16,4.45,0.83,87.85166666666666,18.065212810506523,8.14833333333334,8.366,3.9540888541693997,Michael,Pittman,IND,WR,26,0
robust,15755,WR,114.3932142857143,0.9340379999999932,2.8567998120300615,103.74657142857144,118.837,-0.14928571428572468,1.6465714285714341,-4.373000000000005,98,93,114,37,8,76.23,34.28,4.4,0.04,92.86333333333333,10.889081177440492,5.13666666666667,5.510000000000001,3.268465491123728,Jahan,Dotson,WAS,WR,23,-2
robust,15762,WR,111.53641447368423,0.8450819999999898,2.1326644736842297,96.81809210526318,117.51300000000002,-3.006085526315786,-5.2819078947368325,-5.6969999999999885,108,114,118,38,8,80.57,36.03,4.48,0.05,86.14833333333333,11.75924376347769,21.851666666666674,6.758666666666667,3.366153624275372,George,Pickens,PIT,WR,22,-2
robust,13630,WR,109.40375,13.936440000000008,0.09375,93.04,138.4135,-5.138750000000016,-9.060000000000002,15.203499999999991,115,129,66,39,8,97.07,42.62,4.77,0.41,114.15,19.38965531754841,0.8499999999999943,7.105333333333334,5.771045274086451,Courtland,Sutton,DEN,WR,28,2
robust,16186,WR,109.31,0.014826000000007585,0.21999999999999886,109.301,109.319,-5.232500000000016,7.200999999999993,-13.891000000000005,116,81,145,40,8,88.36,39.55,5.98,0.07,99.14833333333333,28.90677049681537,16.851666666666674,14.262666666666666,14.830000704278097,Jordan,Addison,MIN,WR,21,-3
robust,12652,WR,109.09,0.1779119999999646,4.186250000000001,102.99200000000002,124.77199999999999,-5.452500000000015,0.8920000000000101,1.5619999999999834,117,94,92,41,8,114.8,50.16,6.41,0.08,108.37166666666667,7.133812483907573,8.62833333333333,7.932666666666667,6.211499085477587,Michael,Thomas,NOS,WR,30,4
robust,13156,WR,104.90375,23.113734000000026,0.6612499999999955,89.859,121.5705,-9.638750000000016,-12.241000000000014,-1.6395000000000124,132,145,103,42,9,112.95,48.64,6.45,0.67,117.49333333333334,13.863836249593962,14.50666666666666,5.196000000000001,4.779872243759939,JuJu,Smith-Schuster,NEP,WR,27,3
robust,15752,WR,104.2425,2.1052920000000026,0.75,96.70500000000001,107.928,-10.300000000000011,-5.394999999999996,-15.28200000000001,135,115,150,43,9,88.58,39.07,5.39,0.09,109.2,18.034319135100905,25.799999999999997,3.8713333333333333,2.051215141216434,Treylon,Burks,TEN,WR,23,-2
robust,15289,WR,103.4925,4.833276000000008,1.3924999999999983,99.32600000000001,109.631,-11.050000000000011,-2.774000000000001,-13.579000000000008,137,104,142,44,9,111.66,49.2,8.03,0.32,110.58500000000001,13.072806061949109,26.414999999999992,4.590666666666667,2.4735751903312386,Kadarius,Toney,KCC,WR,24,-1
robust,13277,WR,102.10000000000001,NA,0.6700000000000017,102.10000000000001,102.10000000000001,-12.44250000000001,0,-21.11,143,96,168,45,9,313.56,121.78,14.47,0.83,NA,NA,NA,NA,NA,Kenny,Golladay,FA,WR,30,3
robust,16190,WR,101.43,0.8450820000000003,0.060000000000002274,100.917,101.943,-13.112500000000011,-1.183000000000007,-21.26700000000001,145,99,170,46,9,108.08,46.73,7.06,0.15,114.65833333333333,29.81394775194247,30.34166666666667,11.35266666666667,11.922110588687262,Zay,Flowers,BAL,WR,23,-3
robust,16185,WR,101.37,2.031162000000007,1.6574999999999989,100.137,102.60300000000001,-13.172500000000014,-1.963000000000008,-20.607,146,102,166,47,9,89.78,39.86,5.48,0.1,95.11333333333333,25.873935834262934,50.88666666666667,18.77666666666667,20.849435377380264,Jaxon,Smith-Njigba,SEA,WR,21,-3
robust,13632,WR,99.7125,2.6686799999999744,0.4350000000000023,93.58000000000003,113.065,-14.830000000000013,-8.519999999999982,-10.14500000000001,149,126,132,48,9,125.87,54.03,6.12,0.15,129.86833333333334,8.549410148594404,19.13166666666666,3.7993333333333337,3.376522997930795,Allen,Lazard,NYJ,WR,28,2
robust,14974,WR,99.2775,7.012697999999984,0.060000000000002274,85.27300000000001,128.878,-15.265000000000015,-16.826999999999998,5.667999999999978,153,165,82,49,9,133.94,57.07,7.58,0.36,147.67000000000002,21.79317691388752,5.329999999999984,2.208,1.3415692304163809,Darnell,Mooney,CHI,WR,26,0
robust,15293,WR,99.2175,0.667169999999983,0.37999999999999545,92.29500000000002,116.568,-15.325000000000017,-9.804999999999993,-6.64200000000001,154,134,120,50,9,106.8,46.38,6.83,0.12,124.76833333333333,24.05914892971533,29.23166666666667,2.7233333333333336,2.0667903188814836,Rashod,Bateman,BAL,WR,24,-1
robust,13793,WR,98.8375,22.238999999999997,1.0875000000000057,81.6,122.055,-15.705000000000013,-20.500000000000014,-1.1550000000000011,156,177,99,51,9,181.21,71.71,9.75,0.73,171.26,23.708670706445496,-15.259999999999991,3.894,2.5140000000000002,Marquez,Valdes-Scantling,KCC,WR,29,2
robust,11938,WR,97.75,2.298029999999996,0.644999999999996,91.055,112.925,-16.792500000000018,-11.045000000000002,-10.28500000000001,162,141,133,52,9,153.62,64.04,8.25,0.27,136.33833333333334,6.97446393798278,25.66166666666666,4.562,3.975153833501291,Adam,Thielen,CAR,WR,33,6
robust,15290,WR,97.105,0.8302560000000033,1.3137499999999989,96.256,98.506,-17.437500000000014,-5.844000000000008,-24.704000000000008,166,116,180,53,10,126.2,53.95,6.68,0.12,139.63,12.469457085214257,26.370000000000005,3.0000000000000004,1.9972647963318904,Nico,Collins,HOU,WR,24,-1
robust,14127,WR,95.79125,1.7346420000000236,0.12750000000001194,93.617,99.7595,-18.751250000000013,-8.483000000000004,-23.450500000000005,168,125,176,54,10,120.63,51.77,6.25,0.12,133.06833333333333,16.821988999190584,34.93166666666667,2.922,2.2449843355058556,Jakobi,Meyers,LVR,WR,27,1
robust,13668,WR,95.66375,1.0822979999999847,1.4962500000000034,93.643,99.8665,-18.878750000000025,-8.457000000000008,-23.343500000000006,169,124,175,55,10,138.52,58.73,7.65,0.17,142.325,26.96619782245914,26.67500000000001,3.5493333333333332,3.295631586745636,D.J.,Chark,CAR,WR,27,2
robust,12650,WR,94.16749999999999,3.9140640000000007,1.4824999999999875,91.16099999999999,96.78599999999999,-20.37500000000003,-10.939000000000021,-26.42400000000002,173,139,186,56,10,138.73,59.28,5.13,0.13,147.77833333333334,16.551474674145776,25.221666666666664,3.8880000000000003,3.804911913128433,Tyler,Boyd,CIN,WR,29,4
robust,15288,WR,92.685,5.648706000000003,0.1599999999999966,79.571,121.29500000000002,-21.857500000000016,-22.52900000000001,-1.914999999999992,178,189,107,57,10,103.58,45.31,5.86,0.23,115.378,9.218109133656425,62.622,4.858,2.8604675608485177,Elijah,Moore,CLE,WR,23,-1
robust,16188,WR,92.525,2.483355000000006,1.9975000000000023,91.0175,94.0325,-22.017500000000013,-11.08250000000001,-29.17750000000001,179,143,195,58,10,101.97,46.17,5.5,0.11,119.59333333333333,30.092235248020746,59.406666666666666,13.73266666666667,16.041240212513358,Quentin,Johnston,LAC,WR,22,-3
robust,12176,WR,90.5275,3.9437160000000158,0.5925000000000011,84.17500000000001,94.44400000000002,-24.015000000000015,-17.924999999999997,-28.76599999999999,181,169,192,59,10,197.63,77.52,9.01,0.34,179.405,21.805000000000007,1.5949999999999989,3.1690000000000005,1.9190000000000005,DeVante,Parker,NEP,WR,30,5
robust,11679,WR,89.935,14.181068999999995,0.0724999999999909,81.32650000000001,98.5435,-24.607500000000016,-20.7735,-24.666500000000013,183,180,179,60,10,127.14,54.47,6.7,0.48,112.262,7.920155048987366,70.738,6.1673333333333344,5.136528096768177,Odell,Beckham,BAL,WR,31,6
robust,14123,WR,89.86250000000001,1.11195,0.9425000000000097,80.625,112.80000000000001,-24.680000000000007,-21.47500000000001,-10.409999999999997,184,185,135,61,10,198.29,77.49,7.64,0.18,183.70333333333332,20.577337588284408,0.29666666666668107,2.5200000000000005,1.3200000000000005,Hunter,Renfrow,LVR,WR,28,1
robust,11680,WR,88.92,NA,0.8037499999999937,88.92,88.92,-25.622500000000016,-13.180000000000007,-34.290000000000006,186,149,217,62,10,331.5,120.42,8.88,0.54,214.43,NA,-28.430000000000007,NA,NA,Jarvis,Landry,FA,WR,31,6
robust,13646,WR,88.11625000000001,18.250806,1.0012499999999989,73.931,107.2715,-26.42625000000001,-28.16900000000001,-15.938500000000005,190,205,152,63,11,148.64,61.47,6.35,0.58,156.882,21.654786445495134,33.117999999999995,3.135333333333334,2.68973670747818,Michael,Gallup,DAL,WR,27,2
robust,16197,WR,87.11500000000001,2.3499209999999904,0.1150000000000091,85.68850000000002,88.5415,-27.42750000000001,-16.41149999999999,-34.66850000000001,193,164,219,64,11,194.14,76.29,14.24,0.52,140.222,35.46061217745684,52.77799999999999,6.356666666666667,7.300202432505251,Jonathan,Mingo,CAR,WR,22,-3
robust,14837,WR,87,NA,1.115000000000009,87,87,-27.542500000000018,-15.100000000000009,-36.21000000000001,194,161,224,65,11,295.09,107.86,9.06,0.55,NA,NA,NA,NA,NA,KJ,Hamler,FA,WR,24,0
robust,15779,WR,85.88499999999999,11.089847999999984,0.5474999999999852,75.422,94.052,-28.657500000000027,-26.67800000000001,-29.158,198,203,194,66,11,154.36,64.19,8.62,0.49,145.38,16.936135332477715,52.620000000000005,2.4546666666666668,0.8803049976507513,Romeo,Doubs,GBP,WR,23,-2
robust,13157,WR,85.3375,0.44477999999999573,0.3224999999999909,84.43,87.265,-29.205000000000013,-17.67,-35.94500000000001,200,168,223,67,11,177.65,70.93,7.6,0.16,170.9375,24.94712846702,29.0625,2.0010000000000003,0.9510000000000002,Curtis,Samuel,WAS,WR,27,3
robust,14858,WR,85.01500000000001,9.90376800000001,0.5776652892562026,77.868,93.978,-29.527500000000003,-24.232000000000014,-29.232000000000014,202,194,196,68,11,181.14,72.84,11.37,0.59,176.83499999999998,18.265,25.16500000000002,2.9290000000000003,1.6790000000000003,Van,Jefferson,LAR,WR,27,0
robust,15756,WR,84.43733471074381,20.341271999999996,0.8623347107438093,65.47840495867769,99.328,-30.105165289256206,-36.62159504132232,-23.882000000000005,203,227,177,69,11,122.66,52.82,9.79,0.71,117.56833333333333,22.642004782164395,85.43166666666667,4.360666666666667,2.662780668566018,Jameson,Williams,DET,WR,22,-2
robust,14849,WR,83.575,3.150525,0.7424999999999926,81.6625,85.4875,-30.967500000000015,-20.437500000000014,-37.72250000000001,205,176,230,70,11,186.35,74.18,7.75,0.26,170.18333333333334,19.261938866295072,34.81666666666666,5.987,4.357000000000001,Isaiah,Hodgins,NYG,WR,25,0
robust,15283,WR,82.83250000000001,9.043860000000013,0.17500000000001137,76.81,89.707,-31.710000000000008,-25.290000000000006,-33.503000000000014,207,200,213,71,11,158.15,65.42,8.26,0.43,147.732,19.31127277006879,59.268,2.0973333333333333,1.3721276260691724,Rondale,Moore,ARI,WR,23,-1
robust,14841,WR,82.6575,0.3261719999999983,0.15749999999999886,69.70200000000001,116.025,-31.88500000000002,-32.397999999999996,-7.185000000000002,208,214,122,72,11,189.93,74.11,8.24,0.19,175.30666666666667,25.49349764591399,32.69333333333333,2.1790000000000003,0.7490000000000002,Chase,Claypool,CHI,WR,25,0
robust,10271,WR,82.5,NA,0.07999999999998408,82.5,82.5,-32.04250000000002,-19.60000000000001,-40.71000000000001,210,175,238,73,11,311.14,117.42,17.65,0.91,NA,NA,NA,NA,NA,Julio,Jones,FA,WR,34,9
robust,16080,WR,82.42000000000002,2.7872880000000038,0.11713114754098797,80.72800000000001,84.11200000000001,-32.1225,-21.372,-39.098,211,184,235,74,11,156.7,64.96,7.73,0.24,176.85500000000002,19.445000000000007,34.14499999999998,5.096,3.9760000000000004,Rashid,Shaheed,NOS,WR,25,-2
robust,14977,WR,82.30286885245903,0.607866000000016,0.052634045829194065,80.931,85.27932786885246,-32.23963114754099,-21.16900000000001,-37.930672131147546,212,182,231,75,11,169.64,69.26,7.7,0.17,156.50666666666666,5.4098757430790965,55.49333333333334,3.644000000000001,2.0440000000000005,K.J.,Osborn,MIN,WR,26,0
robust,15766,WR,82.25023480662983,0.2601512486188003,0.5402348066298259,80.56754696132596,86.37254696132597,-32.292265193370184,-21.53245303867405,-36.83745303867404,213,187,227,76,11,127.88,54.2,8.99,0.23,132.23333333333335,12.595639016033374,80.76666666666665,4.204666666666667,1.8399683572158398,Skyy,Moore,KCC,WR,23,-2
robust,14857,WR,81.71000000000001,5.2928819999999686,0.37000000000000455,65.965,89.743,-32.83250000000001,-36.135000000000005,-33.46700000000001,215,224,212,77,11,152.79,63.62,8.12,0.33,145.234,18.55609182990858,69.76599999999999,2.31,1.5981447577321235,Donovan,Peoples-Jones,CLE,WR,24,0
robust,11678,WR,81.34,8.925252000000004,1.0074999999999932,61.90200000000001,123.21000000000001,-33.202500000000015,-40.198,0,216,232,96,78,11,223.83,85.82,8.85,0.45,206.85,NA,9.150000000000006,2.3720000000000003,1.3720000000000003,Allen,Robinson,PIT,WR,30,6
robust,11228,WR,80.33250000000001,11.994234000000004,0.3187500000000085,66.609,104.364,-34.21000000000001,-35.491000000000014,-18.846000000000004,219,221,164,79,11,224.9,86.51,9.25,0.53,181.22,NA,37.78,3.416000000000001,2.416000000000001,Robert,Woods,HOU,WR,31,7
robust,13176,WR,80.01375,10.052028000000002,0.45999999999999375,67.18750000000001,88.702,-34.52875000000002,-34.912499999999994,-34.50800000000001,222,219,218,80,11,154.6,64.04,7.08,0.41,145.90833333333333,21.822340553254648,76.09166666666667,3.684666666666667,3.5217746788925743,Zay,Jones,JAC,WR,28,3
robust,13809,WR,79.55375000000001,6.390006000000003,0.21125000000000682,70.321,97.35249999999999,-34.98875000000001,-31.77900000000001,-25.857500000000016,223,209,182,81,11,249.09,93.69,8.37,0.37,NA,NA,NA,1.2720000000000002,NA,Russell,Gage,TBB,WR,27,2
robust,10738,WR,79.3425,10.318896000000011,0.5575000000000045,67.136,101.057,-35.20000000000002,-34.96400000000001,-22.153000000000006,225,220,173,82,11,258.49,97.03,10.66,0.57,NA,NA,NA,2.3520000000000003,NA,Marvin,Jones,DET,WR,33,8
robust,14113,WR,78.785,11.653235999999998,0.08499999999999375,70.126,89.98,-35.75750000000002,-31.974000000000004,-33.230000000000004,230,211,209,83,12,212.68,81.96,6.75,0.43,190.36333333333334,19.861655408237134,39.636666666666656,2.2990000000000004,0.6290000000000002,Mecole,Hardman,NYJ,WR,25,1
robust,10261,WR,78.7,NA,1.1099999999999994,78.7,78.7,-35.842500000000015,-23.400000000000006,-44.510000000000005,231,192,241,84,12,NA,NA,NA,NA,NA,NA,NA,NA,NA,A.J.,Green,FA,WR,35,9
robust,16184,WR,77.59,NA,0.14000000000000057,77.59,77.59,-36.952500000000015,-24.510000000000005,-45.620000000000005,236,196,245,85,12,211.9,81.26,14.28,0.82,141.825,59.37499999999999,94.17500000000001,5.276000000000001,4.276000000000001,Jayden,Reed,GBP,WR,23,-3
robust,15759,WR,77.45,NA,1.1000000000000085,77.45,77.45,-37.092500000000015,-24.650000000000006,-45.760000000000005,237,197,246,86,12,196.98,77.3,8.12,0.47,166.67666666666668,18.996631865207636,70.32333333333332,2.4400000000000004,1.1600000000000001,John,Metchie,HOU,WR,23,-2
robust,15757,WR,76.35,23.795730000000017,0.5074999999999932,58.915000000000006,91.94500000000002,-38.192500000000024,-43.185,-31.264999999999986,240,243,200,87,12,206.79,80.51,13.06,0.82,175.22333333333333,16.21410154430053,64.77666666666667,1.605,0.43500000000000005,Wan'Dale,Robinson,NYG,WR,22,-2
robust,15768,WR,75.8425,20.430228,3.691250000000011,60.778000000000006,95.16700000000002,-38.70000000000002,-41.322,-28.042999999999992,241,236,191,88,12,166.55,67.76,7.96,0.67,172.20333333333332,9.140686820778592,68.79666666666668,1.613,0.403,Alec,Pierce,IND,WR,23,-2
robust,13153,WR,72.15124999999999,2.7724620000000066,3.476249999999979,69.91699999999999,75.2675,-42.39125000000003,-32.18300000000002,-47.94250000000001,249,213,252,89,13,227.14,86.83,6.92,0.19,NA,NA,NA,2.1120000000000005,NA,Corey,Davis,NYJ,WR,28,3
robust,14108,WR,68.67500000000001,4.040085000000002,0.0049999999999954525,66.2225,71.1275,-45.86750000000001,-35.87750000000001,-52.08250000000001,254,223,264,90,13,295.78,108.95,12.75,0.5,NA,NA,NA,2.2560000000000002,NA,Greg,Dortch,ARI,WR,25,1
robust,13724,WR,68.67000000000002,36.81295800000001,0.585000000000008,46.32300000000001,91.01700000000001,-45.8725,-55.777,-32.193,255,302,204,91,13,257.1,95.61,10.2,0.89,187.61666666666667,13.369079582712072,67.38333333333333,2.5450000000000004,1.2950000000000004,Richie,James,KCC,WR,28,2
robust,14122,WR,68.08500000000001,4.129040999999984,0.5226953125000051,65.57850000000002,70.59149999999998,-46.45750000000001,-36.52149999999999,-52.618500000000026,258,226,267,92,13,197.98,76.66,11.6,0.45,192.925,18.125,65.07499999999999,3.0680000000000005,2.0680000000000005,Darius,Slayton,NYG,WR,26,1
robust,12658,WR,67.5623046875,2.949215718750009,0.5323046875000017,47.21400000000001,76.49029687500001,-46.980195312500015,-54.885999999999996,-46.719703124999995,260,297,251,93,13,262.55,99.64,13.17,0.49,NA,NA,NA,2.4240000000000004,NA,Sterling,Shepard,NYG,WR,30,4
robust,13418,WR,67.03,17.153682000000003,0.5324999999999989,56.617000000000004,77.443,-47.51250000000002,-45.483000000000004,-45.76700000000001,262,248,247,94,13,267.12,99.24,7.32,0.59,NA,NA,NA,1.1280000000000001,NA,Kendrick,Bourne,NEP,WR,28,3
robust,15109,WR,66.4975,0.47443199999998986,0.5724999999999909,56.063,70.688,-48.045000000000016,-46.037000000000006,-52.522000000000006,265,251,266,95,13,296.76,108.92,6.74,0.12,NA,NA,NA,0.8160000000000002,NA,Nick,Westbrook-Ikhine,TEN,WR,26,0
robust,15319,WR,65.92500000000001,11.082435000000002,0.861331521739146,59.197500000000005,72.6525,-48.61750000000001,-42.9025,-50.557500000000005,268,240,259,96,13,212.89,82.83,11.68,0.62,192.115,10.905000000000001,75.88499999999999,2.048,1.0480000000000003,Josh,Palmer,LAC,WR,24,-1
robust,14112,WR,65.06366847826087,4.985000771739127,1.0936684782608666,60.846233695652174,71.18723369565218,-49.47883152173915,-41.253766304347835,-52.022766304347826,270,235,263,97,13,207.68,81.69,9.19,0.37,176.375,4.5049999999999955,93.625,2.7320000000000007,1.6120000000000005,Parris,Campbell,NYG,WR,26,1
robust,13313,WR,63.97,29.844737999999992,0.5649999999999977,45.85300000000001,82.087,-50.57250000000002,-56.247,-41.123000000000005,274,304,239,98,13,273.24,101.25,9.36,0.81,NA,NA,NA,1.9440000000000004,NA,Isaiah,McKenzie,IND,WR,28,3
robust,16194,WR,63.405,2.8243530000000017,1.8250000000000028,61.6905,65.1195,-51.13750000000002,-40.40950000000001,-58.090500000000006,276,234,283,99,13,203.4,78.39,14.31,0.53,136.72333333333333,40.99361766042232,139.27666666666667,6.771000000000001,4.941000000000001,Rashee,Rice,KCC,WR,23,-3
robust,13289,WR,61.58,8.717687999999992,1.4249999999999972,56.288000000000004,66.87199999999999,-52.96250000000002,-45.812000000000005,-56.33800000000002,280,250,274,100,14,260.28,97.64,8.18,0.42,NA,NA,NA,2.1840000000000006,NA,Mack,Hollins,ATL,WR,30,3
robust,16183,WR,60.155,5.848856999999994,2.4200000000000017,56.6045,63.705499999999994,-54.38750000000002,-45.49550000000001,-59.504500000000014,285,249,292,101,14,215.99,82.94,12.12,0.51,130.43333333333334,37.05206636912741,154.56666666666666,5.55,4.29,Jalin,Hyatt,NYG,WR,22,-3
robust,13652,WR,57.735,46.472097,1.0349999999999966,29.524500000000003,85.9455,-56.80750000000002,-72.5755,-37.26450000000001,296,415,229,102,14,338.08,130.41,14.25,0.96,NA,NA,NA,NA,NA,Cedrick,Wilson,MIA,WR,28,2
robust,11670,WR,56.7,NA,1.8700000000000045,56.7,56.7,-57.842500000000015,-45.400000000000006,-66.51,300,247,323,103,14,NA,158,4.55,0.14,NA,NA,NA,NA,NA,Sammy,Watkins,FA,WR,30,6
robust,13172,WR,54.83,37.242912,1.2376503759398432,32.222,77.438,-59.71250000000002,-69.87800000000001,-45.772000000000006,308,400,248,104,14,343.34,122.68,8.01,0.87,NA,NA,NA,2.088,NA,Noah,Brown,HOU,WR,26,3
robust,15491,WR,53.592349624060155,14.278329789473688,0.9379302876757123,44.03245864661654,64.58000000000001,-60.95015037593986,-58.06754135338347,-58.629999999999995,312,315,286,105,15,345.3,126.7,10.23,0.64,NA,NA,NA,0.6720000000000002,NA,Ben,Skowronek,LAR,WR,26,-1
robust,15787,WR,52.65441933638444,1.0378200000000042,0.6144193363844437,35.00590961098399,59.83,-61.888080663615575,-67.09409038901602,-63.38000000000001,319,378,307,106,15,214.09,82.53,7.4,0.17,NA,NA,NA,0.7680000000000001,NA,Tyquan,Thornton,NEP,WR,23,-2
robust,10308,WR,52.04,37.153955999999994,4.179999999999993,29.486000000000004,74.594,-62.50250000000002,-72.614,-48.616000000000014,321,416,255,107,15,347.86,134.32,18.74,0.95,NA,NA,NA,NA,NA,Randall,Cobb,NYJ,WR,33,9
robust,16189,WR,47.86000000000001,NA,0.6900000000000048,47.86000000000001,47.86000000000001,-66.6825,-54.24,-75.35,348,292,371,108,15,213.25,81.52,18.25,0.92,136.68666666666667,45.8422020510456,211.31333333333333,7.6370000000000005,6.187000000000001,Marvin,Mims,DEN,WR,21,-3
robust,14847,WR,47.17,27.176057999999998,0.017499999999998295,30.673000000000005,63.666999999999994,-67.37250000000002,-71.427,-59.54300000000001,354,411,293,109,15,295.11,107.17,8.04,0.76,NA,NA,NA,1.9680000000000002,NA,Devin,Duvernay,BAL,WR,26,0
robust,15308,WR,47.1525,29.80026,0.04749999999999943,24.779000000000003,66.89,-67.39000000000001,-77.321,-56.32000000000001,356,433,273,110,15,221.75,85.43,10.37,0.84,193.035,15.89500000000001,162.965,1.3160000000000003,0.31600000000000017,Terrace,Marshall,CAR,WR,23,-1
robust,13168,WR,47.105000000000004,13.261857,0.3120948781474411,39.054500000000004,55.1555,-67.43750000000001,-63.045500000000004,-68.0545,358,351,331,111,15,264.31,98.12,8.16,0.52,NA,NA,NA,1.3920000000000001,NA,Josh,Reynolds,DET,WR,28,3
robust,15301,WR,46.79290512185256,5.8983454653655585,0.5229051218525598,37.86945843866923,64.265,-67.74959487814746,-64.23054156133078,-58.94500000000001,362,358,287,112,15,304.02,111.29,12.44,0.53,NA,NA,NA,0.7680000000000001,NA,Tutu,Atwell,LAR,WR,24,-1
robust,16203,WR,46.27,28.362138,0.14999999999999858,29.053000000000004,63.487,-68.27250000000001,-73.047,-59.723000000000006,366,418,294,113,15,361.57,133.2,11.99,0.85,78.12,NA,287.88,3.2880000000000007,NA,Charlie,Jones,CIN,WR,25,-3
robust,13638,WR,46.120000000000005,14.796348,1.8350000000000009,37.138000000000005,55.10200000000001,-68.42250000000001,-64.962,-68.108,367,364,333,114,15,290.41,107.28,10.56,0.65,NA,NA,NA,NA,NA,Braxton,Berrios,MIA,WR,28,2
robust,14860,WR,44.285000000000004,18.139611,0.4750000000000014,33.273500000000006,55.2965,-70.25750000000002,-68.82650000000001,-67.9135,373,390,329,115,16,325.19,120.17,13.56,0.77,NA,NA,NA,0.504,NA,Jauan,Jennings,SFO,WR,26,0
robust,16187,WR,43.81,NA,0.240000000000002,43.81,43.81,-70.73250000000002,-58.290000000000006,-79.4,375,316,382,116,16,230.61,87.96,7.1,0.39,144.635,72.19500000000001,230.365,5.936000000000001,4.936000000000001,Josh,Downs,IND,WR,22,-3
robust,12773,WR,43.57,13.565790000000007,0.40500000000000114,33.275,57.160999999999994,-70.972500000000025,-68.82500000000002,-66.049,379,389,321,117,16,348.53,128.59,8.7,0.55,NA,NA,NA,NA,NA,Chris,Moore,TEN,WR,30,4
robust,15767,WR,43.165,44.974671,0.7349999999999994,15.863500000000002,70.4665,-71.37750000000003,-86.2365,-52.74350000000001,380,487,268,118,16,365.86,141.7,9.04,0.92,NA,NA,NA,NA,NA,Velus,Jones,CHI,WR,26,-2
robust,16193,WR,42.43,NA,0.3100000000000023,42.43,42.43,-72.11250000000001,-59.67000000000001,-80.78,387,327,393,119,16,284.72,106.53,12.39,0.75,77.55,NA,309.45,3.1920000000000006,NA,Kayshon,Boutte,NEP,WR,21,-3
robust,15761,WR,42.12,40.326719999999995,0.7899999999999991,17.64,66.59999999999998,-72.42250000000001,-84.46000000000001,-56.61000000000003,390,470,276,120,16,241.7,91.8,11.03,0.91,174.77,NA,215.23,4.776000000000001,NA,Khalil,Shakir,BUF,WR,23,-2
robust,16191,WR,41.33,NA,0.6400000000000006,41.33,41.33,-73.21250000000002,-60.77000000000001,-81.88000000000001,394,334,400,121,16,281.9,104.6,8.59,0.51,67.22,NA,326.78,8.184000000000001,NA,Cedric,Tillman,CLE,WR,23,-3
robust,14592,WR,40.69,5.700597000000004,0.11249999999999716,31.374499999999998,59.3735,-73.85250000000002,-70.72550000000001,-63.83650000000001,399,404,310,122,16,346.37,128.15,11.35,0.48,NA,NA,NA,NA,NA,Olamide,Zaccheaus,PHI,WR,26,1
robust,14337,WR,40.5775,15.700733999999994,0.03750000000000142,27.469000000000005,59.410000000000004,-73.96500000000002,-74.631,-63.800000000000004,400,424,309,123,16,349.67,146.22,11.73,0.69,NA,NA,NA,NA,NA,Jalen,Guyton,LAC,WR,26,1
robust,16211,WR,40.54,NA,1.0499999999999972,40.54,40.54,-74.00250000000003,-61.56000000000001,-82.67000000000002,401,338,404,124,16,269.62,99.92,12.43,0.75,77.75,NA,323.25,4.92,NA,Puka,Nacua,LAR,WR,22,-3
robust,12184,WR,39.49,40.311894,0.41499999999999915,15.019000000000005,63.961000000000006,-75.05250000000001,-87.081,-59.249,404,492,291,125,16,329.37,123.16,18.97,0.96,NA,NA,NA,NA,NA,Jamison,Crowder,NYG,WR,30,5
robust,14992,WR,39.075,5.122383000000003,0.2750000000000057,35.9655,42.1845,-75.46750000000002,-66.1345,-81.02550000000001,407,372,395,126,16,286.76,104.87,6.86,0.27,NA,NA,NA,NA,NA,Quez,Watkins,PHI,WR,25,0
robust,15763,WR,38.8,NA,0.9299999999999926,38.8,38.8,-75.74250000000002,-63.30000000000001,-84.41000000000001,409,352,414,127,16,260.69,97.18,20.8,0.95,170.305,20.055000000000007,238.695,4.2490000000000006,3.119,Justyn,Ross,KCC,WR,24,-2
robust,11239,WR,37.870000000000005,8.213603999999998,1.7900000000000063,24.754000000000005,63.99399999999999,-76.67250000000001,-77.346,-59.216000000000015,419,434,290,128,16,356,147.44,18.99,0.77,NA,NA,NA,NA,NA,Marquise,Goodwin,CLE,WR,33,7
robust,14838,WR,36.08,12.275927999999999,0.509999999999998,28.628,43.532,-78.46250000000002,-73.47200000000001,-79.67800000000001,425,421,385,129,16,287.58,105.48,5.43,0.38,NA,NA,NA,0.9840000000000001,NA,Laviska,Shenault,CAR,WR,25,0
robust,14844,WR,35.57,37.598736,0.634999999999998,12.746000000000002,58.394000000000005,-78.972500000000025,-89.35400000000001,-64.816,426,507,315,130,17,NA,168.4,29.33,0.98,NA,NA,NA,NA,NA,Bryan,Edwards,NOS,WR,25,0
robust,15758,WR,34.935,15.411627000000001,0.23499999999999943,25.579500000000003,44.29050000000001,-79.60750000000002,-76.5205,-78.9195,429,429,380,131,17,302.35,110.17,9.9,0.64,NA,NA,NA,NA,NA,David,Bell,CLE,WR,23,-2
robust,14864,WR,34.7,NA,0.010000000000005116,34.7,34.7,-79.84250000000002,-67.4,-88.51,430,380,428,132,17,NA,NA,NA,NA,NA,NA,NA,NA,NA,Tyler,Johnson,LAR,WR,25,0
robust,15901,WR,34.69,15.448692,0.23499999999999233,25.312,44.068,-79.85250000000002,-76.78800000000001,-79.14200000000001,431,431,381,133,17,307.16,113.08,11.77,0.69,NA,NA,NA,NA,NA,Kyle,Philips,TEN,WR,24,-2
robust,12188,WR,34.455000000000005,34.062735000000004,0.33500000000000085,13.777500000000003,55.1325,-80.0875,-88.3225,-68.07750000000001,432,499,332,134,17,NA,178.75,6.18,0.8,NA,NA,NA,NA,NA,Phillip,Dorsett,LVR,WR,30,5
robust,12181,WR,34.120000000000005,29.325828,1.2199999999999989,16.318,51.922000000000004,-80.42250000000001,-85.78200000000001,-71.28800000000001,433,483,347,135,17,308.29,112.31,9.08,0.8,NA,NA,NA,NA,NA,Nelson,Agholor,BAL,WR,30,5
robust,15027,WR,32.900000000000006,NA,1.1100000000000065,32.900000000000006,32.900000000000006,-81.64250000000001,-69.2,-90.31,437,393,432,136,17,NA,190.75,9.2,0.57,NA,NA,NA,NA,NA,Tyrie,Cleveland,PHI,WR,26,0
robust,16206,WR,31.79,NA,0.75,31.79,31.79,-82.75250000000003,-70.31,-91.42000000000002,441,403,436,137,17,283.73,105.8,16.43,0.88,72.33,NA,368.67,4.848000000000001,NA,Michael,Wilson,ARI,WR,23,-3
robust,13377,WR,31.04,NA,1.9199999999999946,31.04,31.04,-83.50250000000003,-71.06,-92.17000000000002,442,406,439,138,17,245,96.89,18.04,0.91,182.56,14.22999999999999,259.44,5.136000000000001,NA,Tim,Patrick,DEN,WR,30,3
robust,12930,WR,29.120000000000005,NA,0.4000000000000057,29.120000000000005,29.120000000000005,-85.42250000000001,-72.98,-94.09,445,417,443,139,17,311.81,115.58,10.56,0.66,NA,NA,NA,NA,NA,Chosen,Anderson,MIA,WR,30,4
robust,16201,WR,28.72,NA,0.9399999999999977,28.72,28.72,-85.82250000000002,-73.38000000000001,-94.49000000000001,448,420,444,140,17,306.83,112.45,13.12,0.78,85.1,NA,362.9,4.344000000000001,NA,Xavier,Hutchinson,HOU,WR,23,-3
robust,13637,WR,27.78,22.713431999999997,0.18499999999999872,13.992,41.568,-86.76250000000002,-88.108,-81.64200000000001,449,497,399,141,17,NA,150.6,7.86,0.7,NA,NA,NA,NA,NA,Equanimeous,St. Brown,CHI,WR,27,2
robust,13863,WR,27.595000000000002,29.659413,0.07499999999999929,9.590500000000002,45.5995,-86.94750000000002,-92.5095,-77.6105,450,537,377,142,17,NA,164.8,11.37,0.86,NA,NA,NA,NA,NA,Byron,Pringle,WAS,WR,30,2
robust,10973,WR,27.520000000000003,NA,0.970000000000006,27.520000000000003,27.520000000000003,-87.02250000000001,-74.58000000000001,-95.69,451,423,450,143,18,NA,NA,NA,NA,NA,NA,NA,NA,NA,Cole,Beasley,NYG,WR,34,8
robust,15325,WR,26.549999999999997,NA,0.7499999999999964,26.549999999999997,26.549999999999997,-87.99250000000002,-75.55000000000001,-96.66000000000001,455,426,454,144,18,NA,NA,NA,NA,NA,NA,NA,NA,NA,Cade,Johnson,SEA,WR,25,-1
robust,12656,WR,25.8,NA,0.125,25.8,25.8,-88.74250000000002,-76.30000000000001,-97.41000000000001,458,428,457,145,18,NA,179,6,0.3,NA,NA,NA,NA,NA,Rashard,Higgins,FA,WR,29,4
robust,13308,WR,25.675,10.118744999999999,0.41000000000000014,19.5325,31.817500000000003,-88.86750000000002,-82.56750000000001,-91.39250000000001,459,457,435,146,18,351.64,135.57,20.57,0.81,NA,NA,NA,NA,NA,Jamal,Agnew,JAC,WR,28,3
robust,15034,WR,25.265,8.650971,0.26500000000000057,20.0135,30.516500000000004,-89.27750000000002,-82.0865,-92.6935,461,453,441,147,18,349.48,126.5,9.99,0.49,NA,NA,NA,NA,NA,Marquez,Callaway,DEN,WR,25,0
robust,15303,WR,25,23.247168,0.19999999999999574,10.888000000000002,39.112,-89.54250000000002,-91.212,-84.09800000000001,465,529,412,148,18,NA,NA,NA,0.85,NA,NA,NA,NA,NA,Simi,Fehoko,DAL,WR,26,-1
robust,13066,WR,24.800000000000004,7.709520000000001,0.08000000000000185,20.12,29.480000000000004,-89.7425,-81.98,-93.73,466,451,442,149,18,339.3,125.59,13.67,0.62,NA,NA,NA,NA,NA,Kalif,Raymond,DET,WR,29,4
robust,13776,WR,24.720000000000002,1.349166,0.365000000000002,23.901000000000003,25.539,-89.82250000000002,-78.19900000000001,-97.671,467,437,459,150,18,348.37,128.43,10.31,0.33,NA,NA,NA,NA,NA,Justin,Watson,KCC,WR,28,2
robust,14848,WR,24.355,27.672728999999997,0.054999999999999716,7.5565000000000015,41.1535,-90.18750000000001,-94.54350000000001,-82.0565,468,549,401,151,18,NA,175,1.41,0.6,NA,NA,NA,NA,NA,James,Proche,BAL,WR,27,0
robust,14117,WR,24.3,NA,0.07000000000000028,24.3,24.3,-90.24250000000002,-77.80000000000001,-98.91000000000001,469,436,462,152,18,NA,NA,NA,NA,NA,NA,NA,NA,NA,Tyron,Johnson,DAL,WR,27,1
robust,15297,WR,24.23,7.0868280000000015,0.33999999999999986,19.928,28.532,-90.31250000000001,-82.17200000000001,-94.67800000000001,470,454,446,153,18,NA,165.5,5.02,0.22,NA,NA,NA,NA,NA,Amari,Rodgers,IND,WR,24,-1
robust,15298,WR,23.89,12.75036,0.4450000000000003,16.150000000000002,31.630000000000003,-90.65250000000002,-85.95,-91.58000000000001,471,486,437,154,18,344,161.33,9.66,0.58,NA,NA,NA,NA,NA,Shi,Smith,CAR,WR,25,-1
robust,13893,WR,23.445,3.4618710000000013,0.8800000000000026,21.3435,25.5465,-91.097500000000025,-80.75650000000002,-97.6635,474,447,458,155,18,343.28,129.91,13.69,0.52,NA,NA,NA,1.7520000000000002,NA,Trent,Sherfield,BUF,WR,27,2
robust,12785,WR,22.564999999999998,8.962316999999999,0.0049999999999954525,17.1245,28.005499999999998,-91.97750000000002,-84.97550000000001,-95.20450000000001,475,475,449,156,18,338.08,130.27,18.32,0.76,NA,NA,NA,NA,NA,Demarcus,Robinson,LAR,WR,29,4
robust,16196,WR,22.560000000000002,NA,0.9600000000000009,22.560000000000002,22.560000000000002,-91.98250000000002,-79.54,-100.65,476,441,468,157,18,333.43,121.88,12.33,0.74,82.57,NA,393.43,2.5440000000000005,NA,A.T.,Perry,NOS,WR,24,-3
robust,16205,WR,21.6,NA,0.10000000000000142,21.6,21.6,-92.94250000000002,-80.5,-101.61000000000001,480,445,471,158,18,341.7,125.52,11.83,0.72,76.66,NA,403.34000000000003,4.200000000000001,NA,Tyler,Scott,CHI,WR,22,-3
robust,13631,WR,21.5,26.998146,0.1999999999999993,5.1110000000000015,37.888999999999996,-93.04250000000002,-96.989,-85.32100000000001,481,582,420,159,18,NA,NA,NA,0.89,NA,NA,NA,NA,NA,James,Washington,NOS,WR,27,2
robust,15841,WR,21.3,10.170636,0.7099999999999973,15.126,27.474,-93.24250000000002,-86.974,-95.736,482,491,451,160,18,327.5,137.83,21.12,0.83,NA,NA,NA,NA,NA,Samori,Toure,GBP,WR,25,-2
robust,15777,WR,20.590000000000003,3.8547599999999993,0.33500000000000085,18.250000000000004,22.93,-93.95250000000001,-83.85000000000001,-100.28,485,464,466,161,18,342,127.24,10.88,0.42,NA,NA,NA,1.5360000000000003,NA,Calvin,Austin III,PIT,WR,24,-2
robust,15292,WR,20.255000000000003,2.6464409999999976,0.1750000000000007,18.648500000000002,21.8615,-94.28750000000002,-83.45150000000001,-101.3485,486,460,470,162,18,346.45,132.18,13.51,0.5,NA,NA,NA,NA,NA,Dyami,Brown,WAS,WR,24,-1
robust,14843,WR,20.080000000000002,NA,0.3000000000000007,20.080000000000002,20.080000000000002,-94.46250000000002,-82.02000000000001,-103.13000000000001,487,452,479,163,18,NA,NA,NA,NA,NA,NA,NA,NA,NA,Lynn,Bowden,NOS,WR,26,0
robust,15306,WR,19.78,NA,0.3000000000000007,19.78,19.78,-94.76250000000002,-82.32000000000001,-103.43,488,456,480,164,18,NA,NA,NA,NA,NA,NA,NA,NA,NA,Tre,Nixon,NEP,WR,25,-1
robust,16199,WR,19.48,NA,0.4800000000000004,19.48,19.48,-95.06250000000001,-82.62,-103.73,489,458,482,165,18,363.69,135.38,7.74,0.44,94.69,NA,394.31,2.04,NA,Trey,Palmer,TBB,WR,22,-3
robust,15995,WR,19,NA,0.4800000000000004,19,19,-95.54250000000002,-83.10000000000001,-104.21000000000001,491,459,483,166,18,NA,209.5,5.5,0.24,NA,NA,NA,NA,NA,DJ,Turner,LVR,WR,26,-1
robust,14613,WR,18.52,NA,0.5800000000000018,18.52,18.52,-96.02250000000002,-83.58000000000001,-104.69000000000001,493,462,485,167,19,NA,202,3,0.03,NA,NA,NA,NA,NA,Steven,Sims,HOU,WR,26,1
robust,13488,WR,17.939999999999998,0.9636900000000005,0.029999999999997584,17.355,18.525,-96.60250000000002,-84.745,-104.685,494,473,484,168,19,346.25,146.89,17.57,0.63,NA,NA,NA,NA,NA,Zach,Pascal,ARI,WR,29,3
robust,13963,WR,17.91,0.31134600000000123,0.09999999999999787,17.721,18.099,-96.63250000000002,-84.379,-105.111,495,469,486,169,19,NA,163.6,8.4,0.2,NA,NA,NA,NA,NA,KhaDarel,Hodge,ATL,WR,28,2
robust,14558,WR,17.810000000000002,8.435993999999997,0.13500000000000156,12.689000000000004,22.931,-96.73250000000002,-89.411,-100.27900000000001,496,508,465,170,19,311.58,112.33,12.88,0.61,NA,NA,NA,NA,NA,Deonte,Harty,BUF,WR,26,1
robust,14315,WR,17.675,10.711785,0.23999999999999844,11.172500000000001,24.177500000000002,-96.86750000000002,-90.92750000000001,-99.0325,499,524,463,171,19,352.5,144.4,17.4,0.76,NA,NA,NA,NA,NA,Ashton,Dulin,IND,WR,26,1
robust,15296,WR,17.435000000000002,18.480609,0.30500000000000327,6.216500000000002,28.6535,-97.10750000000002,-95.88350000000001,-94.5565,503,565,445,172,19,NA,173,19.06,0.87,NA,NA,NA,NA,NA,Anthony,Schwartz,CLE,WR,23,-1
robust,14839,WR,17.13,11.964582,0.35999999999999943,9.867,24.392999999999997,-97.41250000000002,-92.233,-98.81700000000001,507,535,461,173,19,345,159,21.25,0.85,NA,NA,NA,NA,NA,Jalen,Reagor,MIN,WR,24,0
robust,13864,WR,16.77,NA,0.3000000000000007,16.77,16.77,-97.77250000000002,-85.33000000000001,-106.44000000000001,508,479,489,174,19,NA,NA,NA,NA,NA,NA,NA,NA,NA,Greg,Ward,PHI,WR,28,3
robust,15302,WR,16.47,NA,0.7649999999999988,16.47,16.47,-98.07250000000002,-85.63000000000001,-106.74000000000001,511,481,491,175,19,NA,161,5.51,0.25,NA,NA,NA,NA,NA,D'Wayne,Eskridge,SEA,WR,26,-1
robust,15786,WR,15.705,3.9214770000000017,0.0649999999999995,13.324499999999999,18.085500000000003,-98.83750000000002,-88.77550000000001,-105.12450000000001,513,502,487,176,19,342.25,147,26.78,0.86,NA,NA,NA,NA,NA,Jalen,Nailor,MIN,WR,24,-2
robust,13348,WR,15.64,NA,0.05000000000000071,15.64,15.64,-98.90250000000002,-86.46000000000001,-107.57000000000001,514,488,493,177,19,NA,NA,NA,NA,NA,NA,NA,NA,NA,David,Moore,TBB,WR,28,3
robust,14551,WR,15.59,NA,0.34999999999999964,15.59,15.59,-98.95250000000001,-86.51,-107.62,515,489,494,178,19,370.83,137.5,10.38,0.65,NA,NA,NA,NA,NA,Trenton,Irwin,CIN,WR,28,1
robust,15900,WR,15.24,8.806643999999999,1.1499999999999986,9.894000000000002,20.586,-99.30250000000002,-92.206,-102.62400000000001,519,534,476,179,19,NA,176.33,27.13,0.89,NA,NA,NA,NA,NA,Montrell,Washington,DEN,WR,25,-2
robust,16037,WR,14.090000000000002,NA,0.2500000000000018,14.090000000000002,14.090000000000002,-100.45250000000001,-88.01,-109.12,523,496,501,180,19,NA,NA,NA,NA,NA,NA,NA,NA,NA,Andre,Baccellia,ARI,WR,26,0
robust,15977,WR,13.84,NA,0.21999999999999886,13.84,13.84,-100.70250000000001,-88.26,-109.37,526,498,503,181,19,NA,NA,NA,NA,NA,NA,NA,NA,NA,Deven,Thompkins,TBB,WR,24,-2
robust,15788,WR,13.620000000000001,2.876243999999999,1.7763568394002505e-15,11.874,15.366000000000001,-100.92250000000001,-90.22600000000001,-107.84400000000001,527,515,495,182,19,355.25,128.26,8.7,0.3,NA,NA,NA,NA,NA,Jalen,Tolbert,DAL,WR,24,-2
robust,12394,WR,13.62,0.7561259999999996,0.23999999999999844,13.161,14.078999999999999,-100.92250000000001,-88.93900000000001,-109.13100000000001,527,505,502,183,19,362.18,136.83,11.33,0.36,NA,NA,NA,NA,NA,DeAndre,Carter,LVR,WR,30,5
robust,12464,WR,13.38,NA,0.22000000000000064,13.38,13.38,-101.16250000000002,-88.72000000000001,-109.83000000000001,528,500,504,184,19,NA,188,2.92,0.03,NA,NA,NA,NA,NA,Damiere,Byrd,CAR,WR,30,5
robust,15941,WR,13.16,13.002401999999998,0.5700000000000003,5.267000000000001,21.052999999999997,-101.38250000000002,-96.83300000000001,-102.15700000000001,530,578,473,185,19,NA,199,2,0.26,NA,NA,NA,NA,NA,Dareke,Young,SEA,WR,24,-2
robust,16287,WR,12.59,NA,0.23000000000000043,12.59,12.59,-101.95250000000001,-89.51,-110.62,533,510,505,186,19,383.5,153,29.03,0.99,93.77,NA,439.23,0.8160000000000002,NA,Tre,Tucker,LVR,WR,22,-3
robust,15183,WR,12.36,NA,0.11999999999999744,12.36,12.36,-102.18250000000002,-89.74000000000001,-110.85000000000001,534,512,506,187,19,352,165.8,19.29,0.94,NA,NA,NA,NA,NA,Kendall,Hinton,DEN,WR,26,0
robust,14280,WR,12.240000000000002,NA,0.46000000000000085,12.240000000000002,12.240000000000002,-102.30250000000001,-89.86000000000001,-110.97,535,513,507,188,19,339.13,139.54,22.18,0.97,NA,NA,NA,NA,NA,Scotty,Miller,ATL,WR,26,1
robust,14846,WR,11.780000000000001,NA,0.05000000000000071,11.780000000000001,11.780000000000001,-102.76250000000002,-90.32000000000001,-111.43,538,516,509,189,19,336.58,133,23.08,0.97,NA,NA,NA,1.5360000000000003,NA,Denzel,Mims,DET,WR,26,0
robust,16192,WR,11.73,NA,0.2599999999999998,11.73,11.73,-102.81250000000001,-90.37,-111.48,539,518,510,190,19,358.08,131.54,7.12,0.39,NA,NA,NA,0.7200000000000001,NA,Parker,Washington,JAC,WR,21,-3
robust,13645,WR,11.47,NA,0.0600000000000005,11.47,11.47,-103.07250000000002,-90.63000000000001,-111.74000000000001,542,519,512,191,19,362.5,139.6,9.67,0.61,NA,NA,NA,NA,NA,Tre'Quan,Smith,NOS,WR,27,2
robust,13910,WR,11.41,NA,0.35999999999999943,11.41,11.41,-103.13250000000002,-90.69000000000001,-111.80000000000001,543,521,513,192,19,NA,171.25,21.31,0.96,NA,NA,NA,NA,NA,Brandon,Powell,MIN,WR,27,2
robust,14321,WR,11.05,NA,0.06500000000000128,11.05,11.05,-103.49250000000002,-91.05000000000001,-112.16000000000001,545,526,514,193,19,NA,NA,NA,NA,NA,NA,NA,NA,NA,Cody,Thompson,SEA,WR,27,1
robust,15782,WR,10.985,8.043104999999999,0.4649999999999981,6.102500000000001,15.8675,-103.55750000000002,-95.9975,-107.3425,546,567,492,194,19,371,148.78,10.59,0.5,NA,NA,NA,NA,NA,Danny,Gray,SFO,WR,24,-2
robust,16342,WR,10.520000000000001,NA,0.4800000000000004,10.520000000000001,10.520000000000001,-104.02250000000002,-91.58000000000001,-112.69000000000001,548,530,515,195,19,328.88,124.9,13.25,0.78,99.58,NA,448.42,2.2800000000000002,NA,Demario,Douglas,NEP,WR,23,-3
robust,12814,WR,10.040000000000001,NA,0.2550000000000008,10.040000000000001,10.040000000000001,-104.50250000000001,-92.06,-113.17,550,532,517,196,19,NA,NA,NA,NA,NA,NA,NA,NA,NA,Jakeem,Grant,CLE,WR,31,4
robust,12197,WR,9.785,11.097260999999998,0.2049999999999983,3.0485000000000007,16.521499999999996,-104.75750000000002,-99.0515,-106.6885,551,611,490,197,19,NA,187,5.72,0.37,NA,NA,NA,NA,NA,Breshad,Perriman,IND,WR,30,5
robust,16195,WR,9.580000000000002,NA,0.27000000000000135,9.580000000000002,9.580000000000002,-104.96250000000002,-92.52000000000001,-113.63000000000001,552,538,518,198,19,347.2,144.75,17.13,0.9,87.41,NA,464.59000000000003,1.032,NA,Dontayvion,Wicks,GBP,WR,22,-3
robust,16207,WR,9.31,NA,1.1000000000000014,9.31,9.31,-105.23250000000002,-92.79,-113.9,553,540,520,199,20,380.8,149.9,15.71,0.88,NA,NA,NA,3.0480000000000005,NA,Andrei,Iosivas,CIN,WR,24,-3
robust,13634,WR,8.209999999999999,NA,0.11999999999999922,8.209999999999999,8.209999999999999,-106.33250000000002,-93.89000000000001,-115.00000000000001,555,544,522,200,20,NA,163.75,3.7,0.06,NA,NA,NA,NA,NA,Dante,Pettis,CHI,WR,28,2
robust,15993,WR,8.209999999999999,NA,0,8.209999999999999,8.209999999999999,-106.33250000000002,-93.89000000000001,-115.00000000000001,555,544,522,200,20,NA,NA,NA,NA,NA,NA,NA,NA,NA,Lance,McCutcheon,LAR,WR,24,-2
robust,15270,WR,8.09,NA,0.10999999999999943,8.09,8.09,-106.45250000000001,-94.01,-115.12,556,545,523,201,20,343,116.5,15.14,0.86,NA,NA,NA,NA,NA,Demetric,Felton,CLE,RB,25,-1
robust,15270,WR,8.09,NA,0.10999999999999943,8.09,8.09,-106.45250000000001,-94.01,-115.12,556,545,523,201,20,343,151.75,30.09,0.99,NA,NA,NA,NA,NA,Demetric,Felton,CLE,RB,25,-1
robust,16210,WR,8.09,NA,0,8.09,8.09,-106.45250000000001,-94.01,-115.12,556,545,523,201,20,327.6,131.5,18.28,0.92,94.14,NA,461.86,1.1520000000000001,NA,Justin,Shorter,BUF,WR,23,-3
robust,16202,WR,7.98,NA,0.14000000000000057,7.98,7.98,-106.56250000000001,-94.12,-115.23,558,546,524,202,20,NA,NA,NA,NA,NA,NA,NA,NA,NA,Ronnie,Bell,SFO,WR,23,-3
robust,14330,WR,7.84,NA,0.0699999999999994,7.84,7.84,-106.70250000000001,-94.26,-115.37,559,547,525,203,20,NA,NA,NA,NA,NA,NA,NA,NA,NA,NA,NA,NA,NA,NA,NA
robust,13641,WR,7.7700000000000005,NA,0.3899999999999997,7.7700000000000005,7.7700000000000005,-106.77250000000002,-94.33000000000001,-115.44000000000001,560,548,526,204,20,NA,159,7.18,0.4,NA,NA,NA,NA,NA,Ray-Ray,McCloud,SFO,WR,27,2
robust,15765,WR,7.380000000000001,NA,0.1200000000000001,7.380000000000001,7.380000000000001,-107.16250000000002,-94.72000000000001,-115.83000000000001,562,551,528,205,20,NA,NA,NA,NA,NA,NA,NA,NA,NA,Kevin,Austin,JAC,WR,23,-2
robust,14555,WR,7.260000000000001,NA,0.0600000000000005,7.260000000000001,7.260000000000001,-107.28250000000001,-94.84,-115.95,563,553,529,206,20,NA,203,5,0.18,NA,NA,NA,NA,NA,Gunner,Olszewski,PIT,WR,27,1
robust,15996,WR,7.2,NA,0.010000000000000675,7.2,7.2,-107.34250000000002,-94.9,-116.01,564,554,530,207,20,NA,NA,NA,NA,NA,NA,NA,NA,NA,Jalen,Virgil,DEN,WR,25,-2
robust,16379,WR,7.1899999999999995,NA,0.3899999999999997,7.1899999999999995,7.1899999999999995,-107.35250000000002,-94.91000000000001,-116.02000000000001,565,555,531,208,20,355.67,135.33,9.43,0.6,NA,NA,NA,NA,NA,Bryce,Ford-Wheaton,NYG,WR,23,-3
robust,15981,WR,6.8,NA,0.09999999999999876,6.8,6.8,-107.74250000000002,-95.30000000000001,-116.41000000000001,566,557,532,209,20,NA,172.67,27.38,0.98,NA,NA,NA,NA,NA,KaVontae,Turpin,DAL,WR,27,-2
robust,9200,WR,6.700000000000001,NA,0.07000000000000117,6.700000000000001,6.700000000000001,-107.84250000000002,-95.4,-116.51,567,558,533,210,20,NA,215.5,6.5,0.34,NA,NA,NA,NA,NA,Matt,Slater,NEP,WR,38,12
robust,16066,WR,6.63,NA,0.10999999999999943,6.63,6.63,-107.91250000000002,-95.47000000000001,-116.58000000000001,568,559,535,211,20,NA,NA,NA,NA,NA,NA,NA,NA,NA,Maurice,Alexander,DET,WR,26,-1
robust,14110,WR,6.5200000000000005,6.197268,0.010000000000000675,2.7580000000000005,10.282000000000002,-108.02250000000002,-99.34200000000001,-112.92800000000001,569,614,516,212,20,NA,152.33,7.59,0.33,NA,NA,NA,NA,NA,David,Sills,NYG,WR,27,1
robust,14862,WR,6.51,NA,0.03000000000000025,6.51,6.51,-108.03250000000001,-95.59,-116.7,570,561,536,213,20,NA,NA,NA,NA,NA,NA,NA,NA,NA,Joe,Reed,CHI,WR,25,0
robust,14499,WR,6.4799999999999995,NA,0.10999999999999854,6.4799999999999995,6.4799999999999995,-108.06250000000001,-95.62,-116.73,571,562,538,214,20,NA,NA,NA,NA,NA,NA,NA,NA,NA,Trinity,Benson,DET,WR,26,1
robust,13862,WR,6.370000000000001,NA,0.10000000000000142,6.370000000000001,6.370000000000001,-108.17250000000001,-95.73,-116.84,572,563,541,215,20,NA,177.75,3.9,0.07,NA,NA,NA,NA,NA,River,Cracraft,MIA,WR,29,3
robust,14125,WR,6.27,4.091976,0.02999999999999936,3.7860000000000005,8.753999999999998,-108.27250000000002,-98.31400000000001,-114.45600000000002,573,605,521,216,20,NA,193.33,4.5,0.1,NA,NA,NA,NA,NA,Miles,Boykin,PIT,WR,27,1
robust,14972,WR,6.24,NA,0.040000000000000036,6.24,6.24,-108.30250000000002,-95.86000000000001,-116.97000000000001,574,564,542,217,20,NA,NA,NA,NA,NA,NA,NA,NA,NA,Isaiah,Coulter,BUF,WR,25,0
robust,14998,WR,6.2,NA,0.11000000000000032,6.2,6.2,-108.34250000000002,-95.9,-117.01,576,566,543,218,20,NA,200,4,0.08,NA,NA,NA,NA,NA,Dezmon,Patmon,BUF,WR,25,0
robust,15529,WR,6.2,NA,0,6.2,6.2,-108.34250000000002,-95.9,-117.01,576,566,543,218,20,NA,NA,NA,NA,NA,NA,NA,NA,NA,Easop,Winston,SEA,WR,27,0
robust,14131,WR,6.09,NA,0.07999999999999918,6.09,6.09,-108.45250000000001,-96.01,-117.12,577,568,544,219,20,NA,NA,NA,NA,NA,NA,NA,NA,NA,Stanley,Morgan,CIN,WR,26,1
robust,15321,WR,6.010000000000001,NA,8.881784197001252e-16,6.010000000000001,6.010000000000001,-108.53250000000001,-96.09,-117.2,579,569,545,220,20,NA,NA,NA,NA,NA,NA,NA,NA,NA,Jaelon,Darden,CLE,WR,24,-1
robust,15983,WR,6.01,NA,0.10999999999999943,6.01,6.01,-108.53250000000001,-96.09,-117.2,579,569,545,221,20,NA,208.5,2.5,0.02,NA,NA,NA,NA,NA,Dennis,Houston,DAL,WR,24,-2
robust,14124,WR,5.9,NA,0.05000000000000071,5.9,5.9,-108.64250000000001,-96.2,-117.31,580,570,546,222,20,NA,NA,NA,NA,NA,NA,NA,NA,NA,KeeSean,Johnson,BUF,WR,27,1
robust,15286,WR,5.9,NA,0,5.9,5.9,-108.64250000000001,-96.2,-117.31,580,570,546,222,20,NA,NA,NA,NA,NA,NA,NA,NA,NA,Seth,Williams,JAC,WR,23,-1
robust,14121,WR,5.85,NA,0.03999999999999915,5.85,5.85,-108.69250000000002,-96.25000000000001,-117.36000000000001,581,571,547,223,20,NA,NA,NA,NA,NA,NA,NA,NA,NA,Andy,Isabella,BUF,WR,27,1
robust,15425,WR,5.8100000000000005,NA,0.3000000000000007,5.8100000000000005,5.8100000000000005,-108.73250000000002,-96.29,-117.4,582,572,549,224,20,NA,118,5,0.18,NA,NA,NA,NA,NA,Jacob,Harris,JAC,WR,26,-1
robust,15987,WR,5.51,NA,0.08999999999999897,5.51,5.51,-109.03250000000001,-96.59,-117.7,584,574,550,225,20,NA,NA,NA,NA,NA,NA,NA,NA,NA,Brandon,Johnson,DEN,WR,25,-2
robust,15780,WR,5.420000000000001,NA,0.20999999999999996,5.420000000000001,5.420000000000001,-109.12250000000002,-96.68,-117.79,587,576,551,226,20,NA,NA,NA,NA,NA,NA,NA,NA,NA,Erik,Ezukanma,MIA,WR,23,-2
robust,15683,WR,5.210000000000001,NA,0.030000000000001137,5.210000000000001,5.210000000000001,-109.33250000000001,-96.89000000000001,-118,590,579,552,227,20,NA,NA,NA,NA,NA,NA,NA,NA,NA,C.J.,Saunders,CAR,WR,27,-1
robust,15407,WR,5.18,NA,0.03999999999999915,5.18,5.18,-109.36250000000001,-96.92000000000002,-118.03,591,580,553,228,20,NA,197.5,5.5,0.24,NA,NA,NA,NA,NA,Dez,Fitzpatrick,PIT,WR,26,-1
robust,15589,WR,5.140000000000001,NA,0.030000000000001137,5.140000000000001,5.140000000000001,-109.40250000000002,-96.96000000000001,-118.07000000000001,592,581,554,229,20,NA,NA,NA,NA,NA,NA,NA,NA,NA,Cody,White,PIT,WR,25,0
robust,13895,WR,5.109999999999999,NA,0.02999999999999936,5.109999999999999,5.109999999999999,-109.43250000000002,-96.99000000000001,-118.10000000000001,593,583,555,230,20,NA,170.75,10.64,0.67,NA,NA,NA,NA,NA,Cam,Sims,LVR,WR,27,2
robust,13412,WR,5.08,NA,0.02999999999999936,5.08,5.08,-109.46250000000002,-97.02000000000001,-118.13000000000001,594,584,556,231,20,NA,NA,NA,NA,NA,NA,NA,NA,NA,Keelan,Cole,LVR,WR,30,3
robust,15535,WR,5.050000000000001,NA,0.03000000000000025,5.050000000000001,5.050000000000001,-109.49250000000002,-97.05000000000001,-118.16000000000001,595,585,557,232,20,NA,213,6,0.3,NA,NA,NA,NA,NA,Mason,Kinsey,TEN,WR,25,0
robust,15792,WR,5.0200000000000005,NA,0.019999999999999574,5.0200000000000005,5.0200000000000005,-109.52250000000002,-97.08000000000001,-118.19000000000001,596,586,558,233,20,NA,206,3,0.03,NA,NA,NA,NA,NA,Michael,Woods,CLE,WR,23,-2
robust,13316,WR,5.000000000000001,NA,0.020000000000000462,5.000000000000001,5.000000000000001,-109.54250000000002,-97.10000000000001,-118.21000000000001,597,587,559,234,20,NA,206.5,6.5,0.34,NA,NA,NA,NA,NA,Trent,Taylor,CIN,WR,29,3
robust,15313,WR,4.98,NA,0.07000000000000028,4.98,4.98,-109.56250000000001,-97.12,-118.23,598,588,560,235,20,NA,NA,NA,NA,NA,NA,NA,NA,NA,Racey,McMath,TEN,WR,24,-1
robust,13669,WR,4.91,NA,0.019999999999999574,4.91,4.91,-109.63250000000002,-97.19000000000001,-118.30000000000001,600,589,561,236,20,NA,208.5,3.5,0.06,NA,NA,NA,NA,NA,Malik,Turner,IND,WR,27,2
robust,16005,WR,4.890000000000001,NA,0.11000000000000032,4.890000000000001,4.890000000000001,-109.65250000000002,-97.21000000000001,-118.32000000000001,601,590,562,237,20,NA,193,1.63,0.01,NA,NA,NA,NA,NA,Tim,Jones,JAC,WR,25,-1
robust,16299,WR,4.78,NA,0.019999999999999574,4.78,4.78,-109.76250000000002,-97.32000000000001,-118.43,603,591,563,238,20,NA,149.67,31.01,0.99,NA,NA,NA,NA,NA,Derius,Davis,LAC,WR,23,-3
robust,13884,WR,4.760000000000001,NA,8.881784197001252e-16,4.760000000000001,4.760000000000001,-109.78250000000001,-97.34,-118.45,604,593,564,239,20,NA,NA,NA,NA,NA,NA,NA,NA,NA,Vyncint,Smith,IND,WR,27,2
robust,15478,WR,4.760000000000001,NA,0,4.760000000000001,4.760000000000001,-109.78250000000001,-97.34,-118.45,604,593,564,239,20,NA,189.33,2.49,0.02,NA,NA,NA,NA,NA,Mike,Strachan,IND,WR,26,-1
robust,15304,WR,4.76,NA,0.0699999999999994,4.76,4.76,-109.78250000000001,-97.34,-118.45,604,593,564,240,20,NA,NA,NA,NA,NA,NA,NA,NA,NA,Frank,Darby,ATL,WR,26,-1
robust,12257,WR,4.69,NA,0.010000000000000675,4.69,4.69,-109.85250000000002,-97.41000000000001,-118.52000000000001,605,595,565,241,20,NA,NA,NA,NA,NA,NA,NA,NA,NA,Chris,Conley,SFO,WR,31,5
robust,15285,WR,4.68,NA,0.20999999999999908,4.68,4.68,-109.86250000000001,-97.42000000000002,-118.53,606,596,566,242,20,NA,162.25,20.08,0.94,NA,NA,NA,NA,NA,Tylan,Wallace,BAL,WR,24,-1
robust,16141,WR,4.470000000000001,NA,0.39000000000000057,4.470000000000001,4.470000000000001,-110.07250000000002,-97.63000000000001,-118.74000000000001,609,598,567,243,20,NA,NA,NA,NA,NA,NA,NA,NA,NA,Josh,Ali,ATL,WR,24,2020
robust,15467,WR,4.08,NA,0.009999999999999787,4.08,4.08,-110.46250000000002,-98.02000000000001,-119.13000000000001,610,600,568,244,20,NA,NA,NA,NA,NA,NA,NA,NA,NA,Jalen,Camp,HOU,WR,25,-1
robust,13666,WR,4.07,NA,0.019999999999999574,4.07,4.07,-110.47250000000003,-98.03,-119.14000000000001,611,601,569,245,20,NA,NA,NA,NA,NA,NA,NA,NA,NA,Daurice,Fountain,CHI,WR,28,2
robust,14549,WR,4.050000000000001,NA,0.5600000000000005,4.050000000000001,4.050000000000001,-110.49250000000002,-98.05000000000001,-119.16000000000001,612,602,570,246,20,NA,NA,NA,NA,NA,NA,NA,NA,NA,Nsimba,Webster,CHI,WR,27,1
robust,13882,WR,3.49,NA,0.26000000000000023,3.49,3.49,-111.05250000000002,-98.61000000000001,-119.72000000000001,615,606,571,247,20,NA,NA,NA,NA,NA,NA,NA,NA,NA,Keith,Kirkwood,NOS,WR,30,2
robust,16120,WR,3.23,NA,0.029999999999999805,3.23,3.23,-111.31250000000001,-98.87,-119.98,619,607,572,248,20,NA,NA,NA,NA,NA,NA,NA,NA,NA,Austin,Trammell,LAR,WR,25,-1
robust,15497,WR,3.2,NA,0.08999999999999986,3.2,3.2,-111.34250000000002,-98.9,-120.01,620,608,573,249,20,NA,NA,NA,NA,NA,NA,NA,NA,NA,Kawaan,Baker,NOS,WR,25,-1
robust,12913,WR,3.1100000000000003,NA,0.5899999999999999,3.1100000000000003,3.1100000000000003,-111.43250000000002,-98.99000000000001,-120.10000000000001,621,610,574,250,20,NA,NA,NA,NA,NA,NA,NA,NA,NA,Alex,Erickson,NYJ,WR,31,4
robust,14850,WR,3.1100000000000003,NA,0,3.1100000000000003,3.1100000000000003,-111.43250000000002,-98.99000000000001,-120.10000000000001,621,610,574,250,20,320.5,143.67,23.7,0.97,NA,NA,NA,NA,NA,Quintez,Cephus,FA,WR,25,0
robust,15326,WR,2.5200000000000005,NA,0.07000000000000028,2.5200000000000005,2.5200000000000005,-112.02250000000002,-99.58000000000001,-120.69000000000001,623,617,575,251,20,NA,186.75,4.26,0.11,NA,NA,NA,NA,NA,Dax,Milne,WAS,WR,24,-1
robust,14101,WR,2.45,NA,0.8400000000000001,2.45,2.45,-112.09250000000002,-99.65,-120.76,625,618,576,252,20,NA,171.5,34.5,0.99,NA,NA,NA,NA,NA,N'Keal,Harry,MIN,WR,26,1
robust,16423,WR,1.61,NA,1.4200000000000002,1.61,1.61,-112.93250000000002,-100.49000000000001,-121.60000000000001,634,623,580,253,21,NA,NA,NA,NA,NA,NA,NA,2.4480000000000004,NA,Jason,Brownlee,NYJ,WR,24,-3
robust,15772,WR,0.19000000000000003,NA,0,0.19000000000000003,0.19000000000000003,-114.35250000000002,-101.91000000000001,-123.02000000000001,638,634,586,254,21,NA,197.33,13.89,0.81,NA,NA,NA,NA,NA,Britain,Covey,PHI,WR,26,-2
robust,11244,TE,167.875,8.747340000000008,38.965,141.44000000000003,181.31,86.985,67.43100000000003,92.518,8,14,2,1,1,5.22,1,0,0.11,7.415,1.3932067326854258,0.585,48.61066666666667,6.412555462181638,Travis,Kelce,KCC,TE,34,7
robust,13671,TE,128.91,11.890451999999993,14.127499999999998,118.102,145.46200000000002,48.019999999999996,44.093,56.670000000000016,30,33,19,2,2,36.74,2.18,0.42,0.28,31.79,3.5337751296123328,-1.7899999999999991,25.234666666666666,4.307767042086759,Mark,Andrews,BAL,TE,28,2
robust,13299,TE,114.7825,12.17214600000001,7.247499999999988,107.374,122.179,33.8925,33.364999999999995,33.387,38,42,36,3,3,69.72,4.52,0.96,0.34,49.92166666666667,6.06674381819074,-11.921666666666667,18.84466666666667,8.188329309992906,George,Kittle,SFO,TE,30,3
robust,14138,TE,107.53500000000001,11.104673999999992,0.13500000000000512,98.805,115.04100000000001,26.64500000000001,24.796000000000006,26.24900000000001,50,54,43,4,3,62.19,3.61,1.28,0.3,46.76833333333333,5.307618476198989,3.231666666666669,19.653333333333336,2.922160540117916,T.J.,Hockenson,MIN,TE,26,1
robust,12263,TE,107.4,4.373670000000004,3.4975000000000023,102.995,114.60499999999999,26.510000000000005,28.986000000000004,25.812999999999988,51,49,45,5,4,87.06,5.48,1.76,0.09,64.385,5.019982569690854,-13.385000000000005,12.646,7.1346267363238205,Darren,Waller,NYG,TE,31,5
robust,15329,TE,103.9025,2.120117999999989,5.087500000000006,98.44300000000001,116.03800000000001,23.012500000000003,24.43400000000001,27.24600000000001,57,55,41,6,5,84.41,5.68,1.34,0.04,62.248333333333335,7.11099949999217,-5.248333333333335,11.33,4.621522115782491,Kyle,Pitts,ATL,TE,23,-1
robust,13674,TE,98.815,12.038712000000006,11.137499999999989,90.81799999999998,106.388,17.924999999999997,16.808999999999983,17.596000000000004,67,64,63,7,6,90.73,6.09,1.16,0.36,62.40833333333333,6.453250903399169,4.591666666666669,15.271333333333333,8.087449755983377,Dallas,Goedert,PHI,TE,28,2
robust,13772,TE,87.67750000000001,3.765804000000009,2.4550000000000125,82.514,97.44500000000001,6.7875000000000085,8.504999999999995,8.653000000000006,79,79,77,8,6,138.02,13.26,2.49,0.09,122.62166666666667,4.866738869327406,-43.62166666666667,3.8273333333333337,2.6831326633040136,Dalton,Schultz,HOU,TE,27,2
robust,15331,TE,85.2225,3.083807999999997,0.5249999999999915,78.93700000000001,88.792,4.332499999999996,4.9280000000000115,0,83,86,96,9,7,112.12,9.12,1.81,0.06,95.785,14.23564862121381,-12.784999999999997,4.922000000000001,2.005840139858276,Pat,Freiermuth,PIT,TE,25,-1
robust,13192,TE,84.6975,4.255062000000027,1.9650000000000034,79.637,93.722,3.8075000000000045,5.628,4.929999999999993,86,85,84,10,7,119.73,9.73,1.5,0.07,94.72833333333332,12.30255856406391,-8.728333333333325,5.442000000000001,3.422834303127552,David,Njoku,CLE,TE,27,3
robust,13189,TE,82.7325,3.2024159999999946,1.247499999999988,74.009,87.28399999999999,1.8425000000000011,0,-1.5080000000000098,93,96,102,11,7,118.13,9.71,1.75,0.06,86.06666666666666,10.773542695985485,6.933333333333337,8.867333333333335,4.8415122522708645,Evan,Engram,JAC,TE,29,3
robust,15889,TE,81.48500000000001,0.6152789999999987,0.5950000000000131,81.1115,81.8585,0.5950000000000131,7.102500000000006,-6.933499999999995,94,82,121,12,7,139.41,13.23,2.78,0.05,134.98833333333334,8.37658724594264,-40.988333333333344,3.278666666666667,2.2080104669639193,Chigoziem,Okonkwo,TEN,TE,24,-2
robust,14867,TE,80.89,5.708010000000012,0.0350000000000108,69.07900000000001,87.56500000000001,0,-4.929999999999993,-1.2269999999999897,96,111,100,13,7,148.99,15.35,3.44,0.23,128.635,11.470727599706425,-32.63499999999999,4.708666666666668,4.388207328232745,Cole,Kmet,CHI,TE,24,0
robust,16213,TE,80.85499999999999,13.706636999999995,2.4299999999999784,72.53450000000001,89.17549999999999,-0.0350000000000108,-1.474499999999992,0.38349999999998374,97,101,94,14,8,165.29,16.91,4.57,0.61,116.95666666666666,28.92340613105971,-19.956666666666663,11.260666666666667,12.814301420244842,Dalton,Kincaid,BUF,TE,24,-3
robust,14861,TE,78.42500000000001,8.265494999999992,2.1525000000000034,73.40750000000001,83.4425,-2.464999999999989,-0.6014999999999873,-5.349500000000006,107,97,115,15,9,182.76,19.85,4.66,0.44,137.308,25.933499108296203,-30.307999999999993,3.6826666666666674,3.5423552742333593,Juwan,Johnson,NOS,TE,27,0
robust,12678,TE,76.27250000000001,2.624201999999994,2.992500000000007,74.47700000000002,78.39200000000001,-4.617499999999993,0.46800000000001774,-10.399999999999991,113,95,134,16,9,158.85,16.74,2.94,0.09,145.34166666666667,8.082815962824402,-32.34166666666667,3.736666666666667,3.157006317524387,Tyler,Higbee,LAR,TE,30,4
robust,13236,TE,73.28,0.47443200000001096,1.4925000000000068,72.67999999999999,73.688,-7.609999999999999,-1.3290000000000077,-15.104,121,100,148,17,10,163.38,17.77,3,0.05,152.51333333333332,21.564631279533216,-31.51333333333332,3.4920000000000004,3.0361150614999213,Gerald,Everett,LAC,TE,29,3
robust,12676,TE,71.7875,9.117990000000008,2.3574999999999875,61.315000000000005,90.16,-9.102500000000006,-12.693999999999996,1.367999999999995,130,146,93,18,10,224.79,23.86,4.91,0.5,173.19,16.747113184068468,-43.19,2.144,1.1440000000000003,Hunter,Henry,NEP,TE,29,4
robust,14143,TE,69.43,3.3506760000000075,0.0049999999999954525,59.226,92.706,-11.459999999999994,-14.783000000000001,3.9140000000000015,138,157,87,19,10,206.84,22.4,4.83,0.23,141.09199999999998,16.850167239526137,-3.0919999999999845,2.734,2.3609190300954133,Dawson,Knox,BUF,TE,27,1
robust,11247,TE,69.42500000000001,18.38424000000001,0.010000000000019327,55.64000000000001,87.41,-11.46499999999999,-18.368999999999993,-1.382000000000005,139,170,101,20,10,268.75,30.92,5.84,0.77,173.17000000000002,17.847904638920504,-34.170000000000016,3.317,1.987,Zach,Ertz,ARI,TE,33,7
robust,15797,TE,69.41499999999999,8.406342000000002,1.1749999999999972,27.613000000000007,88.63300000000001,-11.475000000000009,-46.395999999999994,-0.15899999999999181,140,254,97,21,10,133.92,12.24,2.56,0.28,130.40333333333334,12.127658013354802,9.596666666666664,3.288666666666667,2.2639236343618623,Greg,Dulcich,DEN,TE,23,-2
robust,14137,TE,68.24,4.28471399999998,2.219999999999999,62.999,77.705,-12.650000000000006,-11.009999999999998,-11.087000000000003,144,140,138,22,11,249.19,27.34,3.06,0.13,167.675,7.9750000000000085,-23.67500000000001,3.704,2.704,Noah,Fant,SEA,TE,26,1
robust,14141,TE,66.02,NA,0.7249999999999943,66.02,66.02,-14.870000000000005,-7.989000000000004,-22.772000000000006,150,122,174,23,11,212.98,22.7,4.4,0.23,159.6475,19.758883287018023,-9.647500000000008,3.392666666666667,2.8982571007800924,Irv,Smith Jr.,CIN,TE,25,1
robust,16214,TE,65.295,2.2313130000000143,1.7274999999999991,63.94049999999999,66.64950000000002,-15.594999999999999,-10.068500000000007,-22.142499999999984,155,137,172,24,11,207.34,22.08,6.8,0.32,131.612,31.215966043036374,23.388000000000005,6.598000000000001,6.749224745603504,Sam,LaPorta,DET,TE,22,-3
robust,13680,TE,63.5675,2.016335999999999,4.189999999999998,59.036,73.391,-17.322499999999998,-14.972999999999999,-15.400999999999996,165,159,151,25,12,237.84,25.32,4.4,0.13,166.17666666666665,28.881362310128118,-1.176666666666648,3.1173333333333337,2.854108305972677,Hayden,Hurst,CAR,TE,30,2
robust,13672,TE,59.377500000000005,7.902257999999997,2.3674999999999997,48.93300000000001,78.858,-21.512499999999996,-25.075999999999993,-9.9339999999999975,176,199,131,26,13,205.4,22.66,4.48,0.41,156.76,17.438111136244085,19.24000000000001,2.382666666666667,1.747550921210087,Mike,Gesicki,NEP,TE,28,2
robust,13675,TE,57.010000000000005,5.441142000000002,0.47750000000000625,53.266999999999996,61.457,-23.879999999999995,-20.742000000000004,-27.335,180,179,190,27,13,280.92,32.02,4.71,0.31,173.29,37.17315429177352,6.710000000000008,2.0593333333333335,1.462910645102959,Tyler,Conklin,NYJ,TE,28,2
robust,11647,TE,56.5325,0.3558240000000029,1.0324999999999989,52.024,67.909,-24.3575,-21.985,-20.882999999999996,182,188,167,28,13,292.34,33.84,5.46,0.14,218.82,NA,-36.81999999999999,1.484,0.4840000000000001,Logan,Thomas,WAS,TE,32,6
robust,10312,TE,55.5,NA,0.7000000000000028,55.5,55.5,-25.39,-18.509,-33.292,185,171,210,29,13,NA,95.5,15.5,0.95,NA,NA,NA,NA,NA,Kyle,Rudolph,FA,TE,34,9
robust,16212,TE,54.8,2.668680000000001,1.2325000000000017,53.18,56.42,-26.090000000000003,-20.829,-32.372,188,181,205,30,14,256.62,28.33,4.49,0.17,126.21333333333334,46.239481927124665,61.78666666666666,9.721000000000002,8.351000000000003,Michael,Mayer,LVR,TE,22,-3
robust,13427,TE,53.567499999999995,25.693457999999996,1.957499999999996,35.303000000000004,76.10000000000001,-27.322500000000005,-38.705999999999996,-12.691999999999993,192,231,141,31,14,333.2,40.76,5.45,0.87,NA,NA,NA,1.4880000000000002,NA,Robert,Tonyan,CHI,TE,29,3
robust,13424,TE,51.61,1.6753380000000038,1.4074999999999989,41.857000000000006,55.987,-29.28,-32.151999999999994,-32.805,201,212,206,32,14,171.37,18.52,6.32,0.26,148.11333333333334,28.949992899634516,52.886666666666656,2.7006666666666668,1.625152574033863,Taysom,Hill,NOS,TE,33,3
robust,12677,TE,50.2025,2.802114000000001,1.3125,41.299,70.63,-30.6875,-32.71,-18.162000000000006,204,216,162,33,15,315.7,37.86,4.5,0.18,NA,NA,NA,3.1440000000000006,NA,Austin,Hooper,LVR,TE,29,4
robust,15840,TE,48.89,4.240235999999999,0.8200000000000003,24.970000000000002,59.67400000000001,-32,-49.039,-29.117999999999995,209,266,193,34,15,253.24,28.28,4.33,0.23,171.43,NA,37.56999999999999,2.3760000000000003,NA,Jelani,Woods,IND,TE,25,-2
robust,16215,TE,48.07,6.271398000000006,0.42500000000000426,44.263,51.877,-32.82,-29.746000000000002,-36.915,214,206,228,35,15,279.95,31.22,4.77,0.37,143.675,66.595,70.32499999999999,6.509,5.299000000000001,Luke,Musgrave,GBP,TE,23,-3
robust,15802,TE,47.644999999999996,1.497425999999997,1.1424999999999912,23.739000000000004,57.399,-33.245000000000005,-50.269999999999996,-31.393,217,271,202,36,15,287.16,32.86,3.49,0.08,171.32,NA,45.68000000000001,1.5899999999999999,0.45000000000000007,Cade,Otton,TBB,TE,24,-2
robust,15798,TE,46.502500000000005,2.209074000000003,0.03750000000000142,44.059000000000005,50.71000000000001,-34.387499999999996,-29.949999999999996,-38.081999999999994,220,207,232,37,15,271.75,30.57,3.55,0.1,197.335,18.655,22.664999999999992,2.108,0.7480000000000001,Isaiah,Likely,BAL,TE,23,-2
robust,13193,TE,46.465,10.674720000000004,0.970000000000006,39.374,53.18,-34.425,-34.635,-35.612,221,218,221,38,16,338.33,42.06,4.32,0.5,NA,NA,NA,NA,NA,Jonnu,Smith,ATL,TE,28,3
robust,15794,TE,45.495,12.246276000000007,0.11999999999999744,21.304000000000002,59.374,-35.395,-52.705,-29.418,227,280,197,39,16,232.72,25.03,3.34,0.5,173.62666666666667,28.991448547612947,53.373333333333335,1.7720000000000002,0.7720000000000002,Trey,McBride,ARI,TE,24,-2
robust,15799,TE,45.375,7.894845000000004,1.2100000000000009,40.582499999999996,50.167500000000004,-35.515,-33.426500000000004,-38.6245,228,217,233,40,16,271.81,30.77,6.56,0.55,182.495,22.825000000000003,45.504999999999995,2.5410000000000004,1.3710000000000002,Jake,Ferguson,DAL,TE,24,-2
robust,15330,TE,44.165,31.038230999999993,0.6700000000000017,25.323500000000006,63.006499999999996,-36.725,-48.68549999999999,-25.785500000000006,234,265,181,41,16,361.87,51.73,9.79,0.94,NA,NA,NA,NA,NA,Brevin,Jordan,HOU,TE,23,-1
robust,15626,TE,43.495,20.467292999999994,1.394999999999996,31.070500000000003,55.9195,-37.395,-42.9385,-32.8725,239,241,207,42,16,370.75,59.67,11.33,0.9,NA,NA,NA,NA,NA,Brock,Wright,DET,TE,25,-1
robust,12110,TE,42.1,NA,0.7299999999999969,42.1,42.1,-38.79,-31.909,-46.692,242,210,249,43,17,NA,66.33,1.7,0.02,NA,NA,NA,NA,NA,Cameron,Brate,FA,TE,32,6
robust,15332,TE,41.370000000000005,16.23447,2.2674999999999983,27.017000000000003,52.955,-39.519999999999996,-46.992,-35.837,243,257,222,44,17,364.67,61.62,6.4,0.73,NA,NA,NA,NA,NA,Tommy,Tremble,CAR,TE,23,-1
robust,14341,TE,39.102500000000006,0.2965199999999937,1.8775000000000048,31.649000000000004,42.080000000000005,-41.787499999999994,-42.36,-46.711999999999996,248,238,250,45,17,352.09,45,5.52,0.14,NA,NA,NA,NA,NA,Donald,Parham,LAC,TE,26,1
robust,12317,TE,37.225,8.8956,2.4649999999999963,29.290000000000003,43.60000000000001,-43.665,-44.718999999999994,-45.19199999999999,250,246,244,46,18,364.77,53,12.22,0.79,NA,NA,NA,2.1840000000000006,NA,C.J.,Uzomah,NYJ,TE,30,5
robust,13246,TE,34.760000000000005,6.8347859999999985,0.16250000000000853,21.551000000000002,62.465,-46.129999999999995,-52.458,-26.326999999999998,256,278,184,47,18,362.33,51.73,5.36,0.42,NA,NA,NA,NA,NA,Mo,Alie-Cox,IND,TE,30,3
robust,14873,TE,34.5975,8.925251999999999,0.34499999999999886,16.902,71.937,-46.292500000000004,-57.107,-16.855000000000004,257,308,158,48,18,327.27,42.71,8.71,0.66,NA,NA,NA,0.43200000000000005,NA,Albert,Okwuegbunam,DEN,TE,25,0
robust,14239,TE,34.2525,5.915573999999998,0.8374999999999986,27.809,45.26,-46.6375,-46.2,-43.532000000000004,259,253,240,49,18,337.52,42.18,4.72,0.34,NA,NA,NA,0.7200000000000001,NA,Foster,Moreau,NOS,TE,26,1
robust,16221,TE,33.415,3.728738999999998,0.09499999999999886,31.151500000000002,35.6785,-47.475,-42.8575,-53.1135,261,239,269,50,18,334.51,40.38,4.11,0.2,70.63,NA,190.37,3.6240000000000006,NA,Luke,Schoonmaker,DAL,TE,25,-3
robust,14209,TE,33.32,17.316768,2.4375,22.808,43.832,-47.57,-51.201,-44.96,263,273,242,51,19,360.57,57.1,9.22,0.85,NA,NA,NA,NA,NA,Josh,Oliver,MIN,TE,26,1
robust,15419,TE,30.8825,7.116480000000001,0.3374999999999986,26.517000000000007,35.220000000000006,-50.0075,-47.49199999999999,-53.571999999999996,271,259,270,52,19,376.25,55.71,4.9,0.4,NA,NA,NA,NA,NA,Kylen,Granson,IND,TE,25,-1
robust,14875,TE,30.545,4.477451999999994,0.045000000000001705,23.782000000000004,43.78,-50.345,-50.227,-45.012,272,270,243,53,19,367.3,52.7,5.97,0.38,NA,NA,NA,NA,NA,Harrison,Bryant,CLE,TE,25,0
robust,11399,TE,30.5,NA,1.8299999999999983,30.5,30.5,-50.39,-43.509,-58.292,273,244,285,54,19,NA,NA,NA,NA,NA,NA,NA,NA,NA,Ryan,Griffin,FA,TE,33,7
robust,16269,TE,28.67,4.047497999999997,0.1750000000000007,26.213000000000005,31.127000000000002,-52.22,-47.79599999999999,-57.665,278,260,281,55,19,355.33,61.5,8.71,0.53,86.58,NA,191.42000000000002,2.6400000000000006,NA,Brenton,Strange,JAC,TE,23,-3
robust,15337,TE,28.495,16.738553999999997,0.6849999999999987,18.329000000000004,38.669,-52.394999999999996,-55.67999999999999,-50.123000000000005,279,299,258,56,20,354.49,45.81,4.72,0.69,NA,NA,NA,1.9680000000000002,NA,Noah,Gray,KCC,TE,24,-1
robust,15905,TE,27.810000000000002,14.218134000000004,0.05000000000000071,19.179,36.441,-53.08,-54.83,-52.351,281,296,265,57,20,NA,81.4,5.31,0.65,NA,NA,NA,NA,NA,Teagan,Quitoriano,HOU,TE,23,-2
robust,14876,TE,27.76,0.25204200000000254,1.4924999999999997,26.017000000000003,32.047000000000004,-53.129999999999995,-47.992,-56.745,282,262,277,58,20,355,67.88,7.2,0.26,NA,NA,NA,NA,NA,Josiah,Deguara,GBP,TE,26,0
robust,13763,TE,26.267500000000002,2.520420000000004,0.17749999999999844,24.67,27.973,-54.6225,-49.339,-60.819,286,268,298,59,20,353.26,47.15,6.87,0.36,NA,NA,NA,0.7200000000000001,NA,Will,Dissly,SEA,TE,27,2
robust,16222,TE,26.090000000000003,7.872606,0.23500000000000298,21.311,30.869000000000003,-54.8,-52.698,-57.923,287,279,282,60,20,344.5,44.22,5.35,0.48,75.77,NA,211.23000000000002,3.2400000000000007,NA,Tucker,Kraft,GBP,TE,23,-3
robust,13880,TE,25.855,1.6012079999999973,0.25500000000000256,20.928,37.11000000000001,-55.035,-53.081,-51.681999999999995,289,283,262,61,20,371.33,67.89,15.23,0.73,NA,NA,NA,NA,NA,Dan,Arnold,PHI,TE,28,3
robust,9925,TE,25.599999999999998,NA,0.2724999999999973,25.599999999999998,25.599999999999998,-55.290000000000006,-48.409000000000006,-63.19200000000001,290,263,306,62,20,363.67,61.5,20.27,0.98,NA,NA,NA,NA,NA,Jimmy,Graham,NOS,TE,37,10
robust,14870,TE,25.3275,8.599079999999995,0.7925000000000004,19.919,30.62,-55.5625,-54.09,-58.172,291,289,284,63,20,352.62,47.28,5.98,0.53,NA,NA,NA,NA,NA,Adam,Trautman,DEN,TE,26,0
robust,13753,TE,24.535,6.427070999999995,0.245000000000001,20.6335,28.4365,-56.355000000000004,-53.3755,-60.355500000000006,293,285,297,64,20,352.13,53.92,6.08,0.46,NA,NA,NA,NA,NA,Jordan,Akins,CLE,TE,31,2
robust,12378,TE,24.29,11.282586000000002,0.0024999999999977263,17.441,31.139,-56.6,-56.568,-57.653000000000006,294,306,280,65,20,NA,100,2.16,0.4,NA,NA,NA,NA,NA,Geoff,Swaim,ARI,TE,30,5
robust,13678,TE,24.2875,5.1891,0.8524999999999991,19.805,27.950000000000003,-56.6025,-54.204,-60.842,295,291,299,66,21,NA,72.4,4.8,0.29,NA,NA,NA,NA,NA,Ian,Thomas,CAR,TE,27,2
robust,13676,TE,23.435000000000002,2.7279839999999997,0.015000000000000568,17.970000000000002,26.556,-57.455,-56.039,-62.236000000000004,297,303,302,67,21,337.21,48.81,10.89,0.6,NA,NA,NA,0.8160000000000002,NA,Durham,Smythe,MIA,TE,28,2
robust,14871,TE,23.42,2.1942480000000004,0.245000000000001,22.088,24.752000000000002,-57.47,-51.921,-64.03999999999999,298,276,311,68,21,372.6,57.55,8.23,0.44,NA,NA,NA,NA,NA,Colby,Parkinson,SEA,TE,24,0
robust,15344,TE,23.175,1.4826,1.1849999999999987,18.830000000000002,25.400000000000002,-57.715,-55.179,-63.391999999999996,299,298,308,69,21,359,68.43,9.16,0.47,NA,NA,NA,NA,NA,John,Bates,WAS,TE,26,-1
robust,16216,TE,21.990000000000002,1.6160340000000024,0.19000000000000483,21.009,22.971000000000007,-58.9,-53,-65.821,302,282,319,70,21,348.42,45.19,5.3,0.19,72.24,NA,229.76,6.144000000000001,NA,Darnell,Washington,PIT,TE,22,-3
robust,14868,TE,21.799999999999997,0.1482600000000021,0.05499999999999616,20.67,22.290000000000003,-59.09,-53.339,-66.502,303,284,322,71,21,NA,80,5.25,0.12,NA,NA,NA,NA,NA,Brycen,Hopkins,LAR,TE,26,0
robust,15873,TE,21.745,3.4692840000000023,0.015000000000000568,15.634,34.263999999999996,-59.144999999999996,-58.375,-54.528000000000006,304,317,271,72,21,313.77,38.05,4.36,0.21,NA,NA,NA,1.3920000000000001,NA,Daniel,Bellinger,NYG,TE,23,-2
robust,16333,TE,21.73,2.4759420000000025,0.18499999999999872,20.227,23.233,-59.16,-53.782,-65.559,305,287,318,73,21,358.2,62.2,10.07,0.57,NA,NA,NA,1.4160000000000001,NA,Elijah,Higgins,MIA,TE,23,-3
robust,15026,TE,21.545,8.235843000000001,0.3500000000000014,16.5455,26.544500000000003,-59.345,-57.463499999999996,-62.2475,306,310,303,74,21,NA,111,1,0.16,NA,NA,NA,NA,NA,Stephen,Sullivan,CAR,TE,27,0
robust,16219,TE,21.195,12.757773,0.019999999999999574,13.450500000000003,28.9395,-59.695,-60.558499999999995,-59.852500000000006,307,332,295,75,21,NA,109.33,4.11,0.59,NA,NA,NA,NA,NA,Davis,Allen,LAR,TE,22,-3
robust,16000,TE,21.175,1.8161849999999968,1.2750000000000021,20.0725,22.2775,-59.715,-53.936499999999995,-66.5145,309,288,324,76,21,366.8,54.93,4.53,0.13,NA,NA,NA,1.1520000000000001,NA,Peyton,Hendershot,DAL,TE,24,-2
robust,13188,TE,19.9,NA,0.04999999999999716,19.9,19.9,-60.99,-54.109,-68.892,313,290,337,77,21,369.2,48.5,0.5,0.01,NA,NA,NA,NA,NA,O.J.,Howard,FA,TE,29,3
robust,15541,TE,19.85,10.15581,0.15500000000000114,13.685000000000002,26.015000000000004,-61.04,-60.324,-62.777,315,330,305,78,21,NA,81.5,9.86,0.72,NA,NA,NA,NA,NA,Jack,Stoll,PHI,TE,25,-1
robust,12213,TE,19.695,7.123892999999999,0.23499999999999943,15.370500000000002,24.0195,-61.195,-58.6385,-64.77250000000001,316,319,313,79,22,NA,NA,NA,0.5,NA,NA,NA,NA,NA,Blake,Bell,KCC,TE,32,5
robust,13988,TE,19.46,12.216624000000003,0.625,12.044000000000002,26.876,-61.43,-61.964999999999996,-61.916,317,343,301,80,22,NA,78.75,4.02,0.55,NA,NA,NA,NA,NA,Ross,Dwelley,SFO,TE,28,2
robust,15795,TE,18.835,4.203171000000001,1.4750000000000014,16.2835,21.3865,-62.055,-57.7255,-67.4055,320,311,328,81,22,NA,82.29,11.62,0.66,NA,NA,NA,NA,NA,Charlie,Kolar,BAL,TE,24,-2
robust,16218,TE,17.36,4.951884,0.00999999999999801,14.354,20.366,-63.53,-59.655,-68.426,322,326,335,82,22,NA,92,7.18,0.49,NA,NA,NA,NA,NA,Payne,Durham,TBB,TE,23,-3
robust,15041,TE,17.35,3.0393299999999983,0.45000000000000284,15.505,19.194999999999997,-63.54,-58.504,-69.59700000000001,323,318,341,83,22,NA,NA,NA,0.12,NA,NA,NA,NA,NA,Lawrence,Cager,NYG,TE,26,0
robust,15534,TE,16.9,0,0.03500000000000014,16.9,16.9,-63.99,-57.109,-71.892,325,309,351,84,22,NA,NA,NA,0.03,NA,NA,NA,NA,NA,Miller,Forristall,CLE,TE,25,-1
robust,12212,TE,16.865,7.9096709999999995,0.14499999999999602,12.0635,21.6665,-64.025,-61.9455,-67.1255,326,342,327,85,22,351,NA,NA,0.56,NA,NA,NA,NA,NA,Tyler,Kroft,MIA,TE,31,5
robust,15909,TE,16.720000000000002,2.9355480000000016,0.05500000000000327,14.938,18.502000000000002,-64.17,-59.071,-70.28999999999999,327,320,342,86,22,349,63.63,6.52,0.34,NA,NA,NA,NA,NA,James,Mitchell,DET,TE,24,-2
robust,13315,TE,16.665,0.9414509999999996,0.11999999999999744,16.093500000000002,17.2365,-64.225,-57.915499999999994,-71.5555,328,313,349,87,22,NA,86.8,13.64,0.67,NA,NA,NA,NA,NA,Eric,Saubert,MIA,TE,29,3
robust,16217,TE,16.545,0.526322999999998,0.09500000000000242,16.2255,16.864499999999996,-64.345,-57.783500000000004,-71.92750000000001,330,312,352,88,22,NA,95,9.75,0.48,NA,NA,NA,2.9760000000000004,NA,Cameron,Latu,SFO,TE,23,-3
robust,15333,TE,16.45,0.8154299999999997,0.10999999999999943,15.955000000000002,16.945,-64.44,-58.054,-71.84700000000001,331,314,350,89,22,NA,71.33,3.9,0.08,NA,NA,NA,NA,NA,Tre',McKitty,LAC,TE,24,-1
robust,8269,TE,16.34,6.167616,0.46999999999999886,12.596,20.084,-64.55,-61.413,-68.708,332,337,336,90,22,NA,97.33,13.77,0.79,NA,NA,NA,NA,NA,Marcedes,Lewis,CHI,TE,39,14
robust,16249,TE,15.870000000000001,3.6027179999999994,0.28500000000000014,13.683000000000002,18.057000000000002,-65.02,-60.326,-70.735,333,331,343,91,22,375,65.63,13.35,0.71,NA,NA,NA,1.5360000000000003,NA,Zack,Kuntz,NYJ,TE,24,-3
robust,15796,TE,15.585,3.7287390000000005,0.45500000000000007,13.3215,17.8485,-65.305,-60.6875,-70.9435,334,333,345,92,23,355.29,59.07,14.01,0.73,NA,NA,NA,NA,NA,Jeremy,Ruckert,NYJ,TE,23,-2
robust,13994,TE,15.13,15.819342000000002,0.0649999999999995,5.527000000000001,24.732999999999997,-65.76,-68.482,-64.059,336,387,312,93,23,NA,100.6,7.79,0.78,NA,NA,NA,NA,NA,Pharaoh,Brown,IND,TE,29,3
robust,16312,TE,15.065000000000001,0.7931910000000015,0.26500000000000057,14.583499999999999,15.546500000000002,-65.825,-59.4255,-73.24549999999999,337,323,362,94,23,NA,89.2,8.98,0.42,NA,NA,NA,NA,NA,Josh,Whyle,TEN,TE,24,-3
robust,15916,TE,14.8,0,0.07000000000000028,14.8,14.8,-66.09,-59.209,-73.992,338,322,367,95,23,NA,NA,NA,0.03,NA,NA,NA,NA,NA,Andrew,Ogletree,IND,TE,25,-2
robust,14370,TE,14.73,5.441141999999998,0.20000000000000107,11.427,18.032999999999998,-66.16,-62.582,-70.759,339,346,344,96,23,NA,98.5,9.71,0.61,NA,NA,NA,NA,NA,Tanner,Hudson,CIN,TE,29,2
robust,15070,TE,14.53,NA,0.02999999999999936,14.53,14.53,-66.36,-59.479,-74.262,344,324,370,97,23,NA,81.6,13.23,0.91,NA,NA,NA,NA,NA,Jody,Fortson,KCC,TE,28,1
robust,16113,TE,14.5,3.7064999999999997,0.10500000000000043,12.25,16.75,-66.39,-61.759,-72.042,345,339,353,98,23,NA,NA,NA,0.19,NA,NA,NA,NA,NA,Stone,Smartt,LAC,TE,25,-2
robust,15929,TE,14.395,2.083053,0.10999999999999943,13.130500000000001,15.659500000000001,-66.495,-60.8785,-73.1325,346,336,361,99,23,NA,85.6,22.81,0.91,NA,NA,NA,NA,NA,Ko,Kieft,TBB,TE,25,-2
robust,15800,TE,14.285,1.8013589999999997,0.10500000000000043,13.1915,15.3785,-66.605,-60.8175,-73.4135,347,335,365,100,23,NA,88.4,10.67,0.59,NA,NA,NA,NA,NA,Connor,Heyward,PIT,TE,24,-2
robust,14240,TE,14.18,3.2913719999999995,0.030000000000001137,12.181999999999999,16.177999999999997,-66.71000000000001,-61.827,-72.614,349,340,359,101,23,NA,92.25,8.2,0.49,NA,NA,NA,NA,NA,Zach,Gentry,PIT,TE,27,1
robust,16367,TE,14.149999999999999,4.07715,0.3299999999999983,11.674999999999999,16.624999999999996,-66.74000000000001,-62.334,-72.167,350,345,355,102,23,NA,NA,NA,0.22,NA,NA,NA,NA,NA,Brayden,Willis,SFO,TE,24,-3
robust,15335,TE,13.82,6.345528,0.10500000000000043,9.968000000000002,17.672,-67.07,-64.041,-71.12,351,355,346,103,23,NA,99.4,15.08,0.83,NA,NA,NA,NA,NA,Luke,Farrell,JAC,TE,26,-1
robust,14146,TE,13.715,4.2773010000000005,0.1750000000000007,11.1185,16.311500000000002,-67.175,-62.8905,-72.4805,352,348,358,104,23,NA,79.4,10.98,0.64,NA,NA,NA,NA,NA,Drew,Sample,CIN,TE,27,1
robust,15103,TE,13.54,5.129796,0.129999999999999,10.426,16.654,-67.35,-63.583,-72.138,353,354,354,105,23,NA,137,9.22,0.6,NA,NA,NA,NA,NA,Reggie,Gilliam,BUF,RB,26,0
robust,14752,TE,13.41,3.9881940000000005,0.004999999999999005,10.989,15.831,-67.48,-63.019999999999996,-72.961,359,350,360,106,23,NA,78.6,14.32,0.75,NA,NA,NA,NA,NA,Jesper,Horsted,LVR,TE,26,1
robust,15620,TE,13.405000000000001,12.149906999999999,0.40000000000000213,6.0295000000000005,20.7805,-67.485,-67.9795,-68.0115,360,383,330,107,23,NA,96.33,1.25,0.37,NA,NA,NA,NA,NA,Chris,Myarick,NYG,TE,28,1
robust,15564,TE,13.004999999999999,10.222527,0.09999999999999787,6.799500000000001,19.210499999999996,-67.885,-67.2095,-69.5815,363,379,340,108,23,NA,90.5,5.5,0.58,NA,NA,NA,NA,NA,Parker,Hesse,ATL,TE,28,1
robust,16220,TE,12.905000000000001,2.8095270000000006,0.28000000000000114,11.199499999999999,14.610500000000002,-67.985,-62.8095,-74.1815,364,347,368,109,23,NA,84.6,7.74,0.42,NA,NA,NA,NA,NA,Will,Mallory,IND,TE,24,-3
robust,16406,TE,12.625,4.558995,0.29499999999999993,9.8575,15.392500000000002,-68.265,-64.1515,-73.3995,365,357,364,110,23,NA,NA,NA,0.26,NA,NA,NA,NA,NA,Curtis,Hodges,WAS,TE,24,-2
robust,12955,TE,12.33,4.551582,0.20000000000000107,9.567,15.093,-68.56,-64.44200000000001,-73.699,368,359,366,111,23,NA,84.4,5.39,0.32,NA,NA,NA,NA,NA,Chris,Manhertz,DEN,TE,31,4
robust,15334,TE,12.129999999999999,NA,0.04499999999999815,12.129999999999999,12.129999999999999,-68.76,-61.879000000000005,-76.662,369,341,374,112,23,NA,63.33,9.87,0.8,NA,NA,NA,NA,NA,Hunter,Long,LAR,TE,25,-1
robust,14936,TE,12.085,5.656118999999999,0.40500000000000114,8.6515,15.518500000000001,-68.805,-65.3575,-73.2735,370,370,363,113,23,NA,95,13.36,0.76,NA,NA,NA,NA,NA,Devin,Asiasi,CIN,TE,26,0
robust,15803,TE,11.68,NA,1.08,11.68,11.68,-69.21000000000001,-62.329,-77.112,371,344,376,114,24,330.1,51.21,11.85,0.88,NA,NA,NA,NA,NA,Cole,Turner,WAS,TE,23,-2
robust,14357,TE,10.6,NA,0.6699999999999999,10.6,10.6,-70.29,-63.409,-78.19200000000001,374,353,378,115,24,NA,87,16.17,0.96,NA,NA,NA,NA,NA,Kendall,Blanton,KCC,TE,28,1
robust,15341,TE,9.93,NA,0.5599999999999987,9.93,9.93,-70.96000000000001,-64.07900000000001,-78.862,378,356,379,116,24,NA,83.2,12.42,0.89,NA,NA,NA,NA,NA,Quintin,Morris,BUF,TE,24,-1
robust,13940,TE,9.370000000000001,NA,0.11000000000000121,9.370000000000001,9.370000000000001,-71.52,-64.639,-79.422,381,360,383,117,24,NA,82.5,5.12,0.35,NA,NA,NA,NA,NA,Johnny,Mundt,MIN,TE,29,3
robust,15990,TE,9.26,NA,0.17999999999999972,9.26,9.26,-71.63,-64.749,-79.532,382,362,384,118,24,NA,102,12.73,0.9,NA,NA,NA,NA,NA,Armani,Rogers,WAS,TE,26,-2
robust,15054,TE,9.08,NA,0.08999999999999808,9.08,9.08,-71.81,-64.929,-79.712,383,363,386,119,24,NA,82,9.87,0.8,NA,NA,NA,NA,NA,Giovanni,Ricci,CAR,TE,27,0
robust,14319,TE,8.990000000000002,NA,0.1700000000000017,8.990000000000002,8.990000000000002,-71.9,-65.019,-79.80199999999999,385,365,387,120,24,NA,95.67,3.4,0.1,NA,NA,NA,NA,NA,Andrew,Beck,HOU,RB,27,1
robust,15563,TE,8.82,NA,0.120000000000001,8.82,8.82,-72.07,-65.189,-79.97200000000001,386,367,389,121,24,NA,89.33,7.93,0.65,NA,NA,NA,NA,NA,Mitchell,Wilcox,CIN,TE,27,0
robust,15604,TE,8.7,NA,0.1999999999999993,8.7,8.7,-72.19,-65.309,-80.092,388,368,391,122,24,NA,84.75,2.86,0.07,NA,NA,NA,NA,NA,Shane,Zylstra,DET,TE,27,-1
robust,15804,TE,8.5,NA,0.6999999999999993,8.5,8.5,-72.39,-65.509,-80.292,389,371,392,123,24,NA,77.4,10.44,0.83,NA,NA,NA,NA,NA,Grant,Calcaterra,PHI,TE,25,-2
robust,13919,TE,7.800000000000001,NA,0.16999999999999993,7.800000000000001,7.800000000000001,-73.09,-66.209,-80.992,393,373,394,124,24,NA,NA,NA,NA,NA,NA,NA,NA,NA,Anthony,Firkser,NEP,TE,28,2
robust,12309,TE,7.630000000000001,NA,0.1900000000000004,7.630000000000001,7.630000000000001,-73.26,-66.379,-81.162,395,374,396,125,24,NA,88.33,15.33,0.94,NA,NA,NA,NA,NA,MyCole,Pruitt,ATL,TE,31,5
robust,13065,TE,7.44,NA,0.29000000000000004,7.44,7.44,-73.45,-66.569,-81.352,396,376,397,126,24,NA,NA,NA,NA,NA,NA,NA,NA,NA,Eric,Tomlinson,HOU,TE,31,5
robust,14294,TE,7.15,NA,0.6899999999999995,7.15,7.15,-73.74,-66.859,-81.642,397,377,398,127,24,NA,96.75,7.66,0.63,NA,NA,NA,NA,NA,Tommy,Sweeney,NYG,TE,28,1
robust,14363,TE,6.460000000000001,NA,0.830000000000001,6.460000000000001,6.460000000000001,-74.43,-67.549,-82.332,403,381,403,128,25,NA,96,24.59,0.99,NA,NA,NA,NA,NA,Kevin,Rader,TEN,TE,28,2
robust,15214,TE,5.63,NA,0.04999999999999982,5.63,5.63,-75.26,-68.379,-83.162,405,385,405,129,25,NA,NA,NA,NA,NA,NA,NA,NA,NA,Dominique,Dafney,TBB,TE,26,0
robust,15991,TE,5.58,NA,0.23000000000000043,5.58,5.58,-75.31,-68.429,-83.212,406,386,406,130,25,NA,213,5,0.32,NA,NA,NA,NA,NA,Tanner,Conner,MIA,TE,25,-2
robust,13391,TE,5.35,NA,0.27999999999999936,5.35,5.35,-75.54,-68.659,-83.44200000000001,408,388,407,131,25,NA,102.75,21.72,0.99,NA,NA,NA,NA,NA,Jacob,Hollister,LVR,TE,30,3
robust,14231,TE,5.07,NA,0.07000000000000028,5.07,5.07,-75.82,-68.939,-83.72200000000001,410,391,408,132,25,NA,96.67,19.01,0.98,NA,NA,NA,NA,NA,Trevon,Wesco,TEN,TE,28,1
robust,14984,TE,5,NA,0.27999999999999936,5,5,-75.89,-69.009,-83.792,411,392,409,133,25,NA,92.5,16.5,0.97,NA,NA,NA,NA,NA,Charlie,Woerner,SFO,TE,26,0
robust,13366,TE,4.720000000000001,NA,0.009999999999999787,4.720000000000001,4.720000000000001,-76.17,-69.289,-84.072,413,394,410,134,25,NA,111.5,6.5,0.52,NA,NA,NA,NA,NA,Mason,Schreck,HOU,TE,30,3
robust,14939,TE,4.710000000000001,NA,0.3100000000000005,4.710000000000001,4.710000000000001,-76.18,-69.299,-84.082,414,395,411,135,25,NA,NA,NA,NA,NA,NA,NA,NA,NA,Dalton,Keene,HOU,TE,24,0
robust,15080,TE,4.4,NA,0.15000000000000036,4.4,4.4,-76.49,-69.609,-84.392,416,396,413,136,25,NA,NA,NA,NA,NA,NA,NA,NA,NA,Noah,Togiai,ARI,TE,26,0
robust,15097,TE,4.25,NA,0.10999999999999943,4.25,4.25,-76.64,-69.759,-84.542,417,398,415,137,25,NA,107.67,11.09,0.85,NA,NA,NA,NA,NA,Sean,McKeon,DAL,TE,26,0
robust,15244,TE,4.140000000000001,NA,0.22000000000000064,4.140000000000001,4.140000000000001,-76.75,-69.869,-84.652,420,399,416,138,25,NA,80,1,0.01,NA,NA,NA,NA,NA,Feleipe,Franks,ATL,TE,26,-1
robust,14996,TE,3.92,NA,0.13999999999999968,3.92,3.92,-76.97,-70.089,-84.872,421,401,417,139,25,NA,NA,NA,NA,NA,NA,NA,NA,NA,Tyler,Davis,GBP,TE,26,0
robust,16036,TE,3.7800000000000002,NA,1.1799999999999997,3.7800000000000002,3.7800000000000002,-77.11,-70.229,-85.012,422,402,418,140,25,NA,NA,NA,NA,NA,NA,NA,NA,NA,Jake,Tonges,CHI,TE,24,-2
robust,14060,TE,2.6000000000000005,NA,0.10000000000000053,2.6000000000000005,2.6000000000000005,-78.29,-71.409,-86.19200000000001,423,410,422,141,25,NA,NA,NA,NA,NA,NA,NA,NA,NA,Tyree,Jackson,PHI,TE,26,1
robust,12680,TE,2.5,NA,0.8599999999999999,2.5,2.5,-78.39,-71.509,-86.292,424,412,423,142,26,NA,NA,NA,NA,NA,NA,NA,NA,NA,Nick,Vannett,HOU,TE,30,4
robust,15374,TE,1.6400000000000001,NA,1.4400000000000002,1.6400000000000001,1.6400000000000001,-79.25,-72.369,-87.152,427,414,425,143,26,NA,NA,NA,NA,NA,NA,NA,NA,NA,Sammis,Reyes,JAC,TE,28,-1
robust,15455,TE,0.2,NA,0,0.2,0.2,-80.69,-73.809,-88.592,434,422,429,144,26,NA,NA,NA,NA,NA,NA,NA,NA,NA,NA,NA,NA,NA,NA,NA
robust,0516,DST,125.475,1.4826,1.2749999999999915,118.69999999999999,141.64999999999998,4.324999999999989,4.089999999999975,8.399999999999977,84,87,78,1,1,167.6,2.58,1.45,0.02,114.0375,22.346955469369874,-30.037499999999994,2.575,0.07499999999999996,Dallas,Cowboys,DAL,DST,NA,50
robust,0518,DST,124.2,5.040839999999987,3.049999999999997,116.94000000000001,138.17999999999998,3.049999999999997,2.3299999999999983,4.929999999999978,91,92,85,2,2,175.16,3.64,1.56,0.09,108.7475,22.57765640517191,-17.747500000000002,2.81,0.31000000000000005,Philadelphia,Eagles,PHI,DST,NA,50
robust,0520,DST,121.15,15.863820000000004,0.30000000000001137,110.57000000000001,133.25,0,-4.040000000000006,0,96,106,96,3,3,233.46,15.45,3.01,0.94,171.56333333333333,20.319436234524044,-75.56333333333333,NA,NA,Washington,Commanders,WAS,DST,NA,50
robust,0529,DST,120.85,12.305579999999996,0.07499999999998863,109.87,129.67,-0.30000000000001137,-4.740000000000009,-3.5800000000000125,100,110,112,4,3,212.14,11.15,2.52,0.73,167.11333333333332,14.256940609946982,-67.11333333333332,1.17,NA,New Orleans,Saints,NOS,DST,NA,50
robust,0530,DST,120.775,2.520420000000025,1.4499999999999886,110.6,125.63000000000001,-0.375,-4.010000000000019,-7.61999999999999,101,105,123,5,4,159.07,1.47,0.9,0.01,100.3475,19.698826583073416,0.6525000000000034,3.855,0.44499999999999984,San Francisco,49ers,SFO,DST,NA,50
robust,0504,DST,119.32500000000002,0.14825999999999157,0.12500000000002842,114.61000000000001,131.44,-1.8249999999999886,0,-1.8100000000000023,103,96,105,6,4,187.3,5.85,1.86,0.03,133.805,13.73843058722502,-30.805000000000007,1.745,0.545,New England,Patriots,NEP,DST,NA,50
robust,0507,DST,119.19999999999999,11.119499999999999,0.4999999999999858,110.45,131.14999999999998,-1.950000000000017,-4.160000000000011,-2.1000000000000227,105,107,108,7,4,236.67,15.26,2.52,0.6,174.75,24.419999999999987,-69.75,1,NA,Cleveland,Browns,CLE,DST,NA,50
robust,0531,DST,118.7,15.715559999999991,1.0000000000000142,104.48,130.04,-2.450000000000003,-10.13000000000001,-3.210000000000008,106,138,111,8,5,194.29,7.51,1.61,0.61,143.52,18.334846604212427,-37.52000000000001,1.275,0.07500000000000007,Baltimore,Ravens,BAL,DST,NA,50
robust,0515,DST,117.69999999999999,13.936439999999987,0.4749999999999943,106.38,127.25999999999999,-3.450000000000017,-8.230000000000018,-5.990000000000009,109,123,119,9,5,293.23,22,4.04,0.99,180.315,21.715000000000003,-71.315,NA,NA,Seattle,Seahawks,SEA,DST,NA,50
robust,0512,DST,117.225,12.6021,0.9749999999999943,109.38,124.94999999999999,-3.9250000000000114,-5.230000000000018,-8.300000000000011,111,113,124,10,6,208.3,10.4,2.29,0.63,160.69333333333333,16.081594724681043,-49.69333333333333,1.13,NA,Kansas City,Chiefs,KCC,DST,NA,50
robust,0510,DST,116.25,1.6308599999999915,0.6500000000000057,110.01,130.89,-4.900000000000006,-4.6000000000000085,-2.3600000000000136,114,108,109,11,6,214.24,11.09,2.53,0.14,160.78666666666666,29.875990732061464,-46.78666666666666,1.11,NA,Pittsburgh,Steelers,PIT,DST,NA,50
robust,0525,DST,115.6,10.822979999999996,1.5749999999999886,104.61,123.86999999999999,-5.550000000000011,-10.000000000000014,-9.38000000000001,118,136,129,12,7,227.74,14.92,4.53,0.97,180.95,27.64999999999999,-62.94999999999999,NA,NA,Tampa Bay,Buccaneers,TBB,DST,NA,50
robust,0522,DST,114.025,13.639920000000004,0.22500000000002274,104.92,124.44999999999999,-7.125,-9.690000000000012,-8.800000000000011,119,133,126,13,8,307.83,24.75,2.48,0.83,183.77,22.97,-64.77000000000001,NA,NA,Detroit,Lions,DET,DST,NA,50
robust,0506,DST,113.79999999999998,2.075639999999987,0.3749999999999858,100.83999999999999,119.55999999999999,-7.350000000000023,-13.770000000000024,-13.690000000000012,120,150,143,14,8,219.95,12.81,2.84,0.24,181.99666666666667,17.69681766746653,-61.99666666666667,1,NA,Cincinnati,Bengals,CIN,DST,NA,50
robust,0502,DST,113.425,8.30255999999999,0.04999999999999716,106.96000000000001,122.16999999999999,-7.7250000000000085,-7.650000000000006,-11.080000000000013,122,120,137,15,8,263.51,19.32,2.22,0.38,211.19,NA,-89.19,NA,NA,Indianapolis,Colts,IND,DST,NA,50
robust,0503,DST,113.375,7.116479999999996,0.17499999999999716,107.68,121.27000000000001,-7.775000000000006,-6.930000000000007,-11.97999999999999,123,118,140,16,8,221.67,13.11,3.54,0.67,158.03,27.99166125831048,-35.03,1.2,0.19999999999999996,Miami,Dolphins,MIA,DST,NA,50
robust,0509,DST,113.2,18.087719999999983,0.025000000000005684,101.70000000000002,124.38,-7.950000000000003,-12.909999999999997,-8.870000000000005,124,148,127,17,8,259.25,18.83,3.58,0.99,166.05,4.6499999999999915,-42.05000000000001,1.31,NA,Jacksonville,Jaguars,JAC,DST,NA,50
robust,0532,DST,113.175,10.674720000000004,0.2749999999999915,105.02,124.01,-7.9750000000000085,-9.590000000000018,-9.239999999999995,125,132,128,18,9,307.9,28.77,2.93,0.77,NA,NA,NA,NA,NA,Houston,Texans,HOU,DST,NA,50
robust,0501,DST,112.9,7.8577799999999955,0.8000000000000114,106.82999999999998,118.17000000000002,-8.25,-7.78000000000003,-15.079999999999984,128,121,147,19,10,173.31,3.75,1.53,0.19,127.965,24.03227049198639,0.03499999999999659,1.9900000000000002,0.19000000000000006,Buffalo,Bills,BUF,DST,NA,50
robust,0511,DST,112.1,8.30255999999999,0.5249999999999915,100.82,119.53999999999999,-9.050000000000011,-13.79000000000002,-13.710000000000008,129,151,144,20,10,199.25,9.19,4.22,0.92,157.565,26.175370579993704,-28.564999999999998,1.215,0.11499999999999999,Denver,Broncos,DEN,DST,NA,50
robust,0517,DST,111.575,7.412999999999999,0.625,100.77,118.5,-9.575000000000003,-13.840000000000018,-14.75,131,152,146,21,11,295.98,22.64,2.84,0.47,210.16,NA,-79.16,NA,NA,New York,Giants,NYG,DST,NA,50
robust,0528,DST,110.95,4.299539999999987,0.7999999999999972,103.53,115.41000000000001,-10.200000000000003,-11.080000000000013,-17.83999999999999,134,142,160,22,12,277.76,22.32,4.12,0.68,NA,NA,NA,NA,NA,Los Angeles,Rams,LAR,DST,NA,50
robust,0514,DST,110.15,1.3343399999999872,0.7250000000000085,104.78999999999999,122.78999999999999,-11,-9.820000000000022,-10.460000000000008,136,135,136,23,13,241.82,16.96,2.54,0.12,181.535,25.835000000000008,-45.535,NA,NA,Los Angeles,Chargers,LAC,DST,NA,50
robust,0523,DST,109.425,2.520419999999983,0.4000000000000057,105.57000000000001,116.99999999999999,-11.725000000000009,-9.040000000000006,-16.250000000000014,141,128,154,24,14,247.98,17.53,3.17,0.34,185.44,18.11,-44.44,NA,NA,Green Bay,Packers,GBP,DST,NA,50
robust,0524,DST,109.02499999999999,4.003020000000004,2.9499999999999886,105.1,112.03,-12.125000000000014,-9.51000000000002,-21.22,142,131,169,25,15,323.05,27.31,1.5,0.07,207.83,NA,-65.83000000000001,NA,NA,Minnesota,Vikings,MIN,DST,NA,50
robust,0505,DST,106.075,8.747340000000008,1.2999999999999972,99.69,114.18,-15.075000000000003,-14.920000000000016,-19.069999999999993,152,158,165,26,16,187.77,5.43,1.76,0.32,135.46666666666667,40.808849802735466,16.53333333333333,1.6,0.20000000000000007,New York,Jets,NYJ,DST,NA,50
robust,0508,DST,104.775,2.520419999999983,0.20000000000000284,100.58,107.33,-16.375,-14.030000000000015,-25.92,158,153,183,27,16,303.23,23.83,2.72,0.22,NA,NA,NA,NA,NA,Tennessee,Titans,TEN,DST,NA,50
robust,0526,DST,104.575,8.450819999999982,0.10000000000000853,96.97,116.14,-16.575000000000003,-17.640000000000015,-17.11,160,167,159,28,16,311.29,28.57,2.8,0.51,NA,NA,NA,NA,NA,Atlanta,Falcons,ATL,DST,NA,50
robust,0519,DST,104.475,8.006039999999986,0.22499999999999432,98.74000000000001,111.61,-16.67500000000001,-15.870000000000005,-21.64,161,162,171,29,17,303,28.76,1.82,0.27,NA,NA,NA,NA,NA,Arizona,Cardinals,ARI,DST,NA,50
robust,0527,DST,104.25,0.8895600000000126,4.275000000000006,100.20000000000002,106.14000000000001,-16.900000000000006,-14.409999999999997,-27.109999999999985,163,155,189,30,18,285.17,21.58,3.07,0.23,209.28,NA,-46.28,NA,NA,Carolina,Panthers,CAR,DST,NA,50
robust,0521,DST,99.975,10.3782,4.875,93.09,106.5,-21.17500000000001,-21.52000000000001,-26.75,175,186,187,31,19,326.1,29.11,2.02,0.44,211.36,NA,-36.360000000000014,NA,NA,Chicago,Bears,CHI,DST,NA,50
robust,0513,DST,95.1,4.447799999999979,0,88.9,106.89999999999999,-26.05000000000001,-25.710000000000008,-26.35000000000001,187,201,185,32,19,308.33,30.94,1.59,0.08,NA,NA,NA,NA,NA,Las Vegas,Raiders,LVR,DST,NA,50
weighted,13116,QB,353.6021248142644,16.94934954504152,14.824249628528946,341.6988652885634,365.0202683702713,90.922912332838,109.63874487445588,86.73911045351633,2,3,6,1,1,26.15,1.75,0.9,0.04,15.855,4.188761750207333,-13.855,41.394666666666666,8.326462447455638,Patrick,Mahomes,KCC,QB,28,3
weighted,14783,QB,338.77787518573547,49.67425137835495,1.858023774145579,303.8924358165031,372.24156249526743,76.09866270430905,71.83231540239558,93.96040457851245,7,16,4,2,1,27.37,2.36,0.93,0.52,22.291666666666668,3.977195061290752,-15.291666666666668,35.886,5.132852877948745,Jalen,Hurts,PHI,QB,25,0
weighted,13589,QB,336.9198514115899,22.21729506488133,34.22692421991081,321.95288977079997,352.52270557502453,74.24063893016347,89.89276935669244,74.24154765826955,11,8,10,3,2,27.22,2.19,0.9,0.1,19.905,3.4689467661909528,-8.905000000000001,36.45266666666667,7.76959035099163,Josh,Allen,BUF,QB,27,2
weighted,13593,QB,302.6929271916791,10.337901140947325,4.892927191679064,295.4327830838047,309.65718496342794,40.01371471025266,63.37266266969715,31.37602704667296,30,21,39,4,2,38.84,4.57,1.27,0.03,38.79666666666667,7.677396838917618,-8.796666666666667,29.647333333333336,10.684494726263642,Lamar,Jackson,BAL,QB,26,2
weighted,5848,QB,297.8,NA,2.637800891530503,NA,NA,35.12078751857359,NA,NA,32,NA,NA,5,2,NA,NA,NA,NA,NA,NA,NA,NA,NA,Tom,Brady,TBB,QB,46,20
weighted,14779,QB,295.1621991084695,19.5302892963724,7.843075780089123,282.0053728666294,308.87801171171793,32.48298662704309,49.945252452521856,30.596853794962954,35,33,40,6,3,45.78,6.12,1.18,0.1,47.303333333333335,10.476259934834673,-12.303333333333335,23.880000000000003,11.620166378613806,Justin,Herbert,LAC,QB,25,0
weighted,14777,QB,287.3191233283804,9.779286783809939,4.317578008915348,280.451285229071,293.907063477716,24.639910846953967,48.391164814963474,15.62590556096103,48,35,67,7,3,42.62,5.53,1.12,0.01,37.513333333333335,6.432639858996892,10.486666666666665,26.07,7.995027621382348,Joe,Burrow,CIN,QB,27,0
weighted,7836,QB,283.00154531946504,14.49568901432422,0.7949628528974131,273.2363411935519,293.1816379467856,20.32233283803862,41.17622077944435,14.900480030030621,53,40,68,8,3,117.31,15.08,2.67,0.24,98.97833333333334,15.350263208022055,-45.97833333333334,13.068,8.321062111693836,Aaron,Rodgers,NYJ,QB,40,15
weighted,10703,QB,282.2065824665676,11.320779566796658,11.607726597325438,274.58019621993975,290.15698651356286,19.527369985141206,42.52007580583222,11.875828596807878,56,39,70,9,3,131.4,16.79,2.33,0.14,128.05,11.745234494608159,-72.05000000000001,10.236666666666668,6.896425805363886,Russell,Wilson,DEN,QB,35,8
weighted,12620,QB,270.5988558692422,24.50124996811385,2.1781723625556992,254.093279139345,287.8056953588352,7.919643387815768,22.033158725237456,9.524537442080202,72,62,75,10,3,88.42,10.88,2.1,0.29,84.38666666666667,11.465292068770959,-12.38666666666667,16.318,9.719055235292508,Dak,Prescott,DAL,QB,30,4
weighted,10700,QB,268.4206835066865,14.63711037056152,2.1006835066864937,258.1412729025141,278.281157916755,5.7414710252600685,26.081152488406588,0,75,54,96,11,3,99.06,12.97,1.97,0.13,101.15666666666667,17.50055300713539,-26.156666666666666,14.342000000000002,9.341928851509559,Kirk,Cousins,MIN,QB,35,8
weighted,15240,QB,266.32,NA,3.6407875185735747,NA,NA,3.6407875185735747,NA,NA,82,NA,NA,12,4,315.13,33.6,4.59,0.64,149.385,0.8149999999999977,-67.38499999999999,4.125000000000001,2.7150000000000007,Trey,Lance,SFO,QB,23,-1
weighted,14056,QB,262.6792124814264,54.93512583038286,1.2533135215452944,225.67147060131919,301.25928058954986,0,-6.388649812788344,22.978122672794882,96,121,52,13,4,201.21,24.87,5.03,0.78,147.124,20.777450854231365,-51.123999999999995,10.278000000000002,5.298000000000001,Kyler,Murray,ARI,QB,26,1
weighted,15238,QB,261.4258989598811,31.14805371126742,4.444635958395224,239.55111455824857,282.4091790450752,-1.2533135215452944,7.490994144141041,4.128021128320199,98,82,85,14,4,46.31,5.97,1.39,0.28,49.755,8.874483553048782,48.245,22.699333333333335,8.523149704709457,Justin,Fields,CHI,QB,24,-1
weighted,14059,QB,256.9812630014859,27.046834380385437,3.781263001485911,237.9866999285586,275.2017048461777,-5.697949479940519,5.926579514451078,-3.0794530705773013,113,85,106,15,4,96.95,12.52,2.51,0.42,114.06666666666666,15.440660247829076,-1.0666666666666629,11.944666666666668,7.658984498976061,Daniel,Jones,NYG,QB,26,1
weighted,16152,QB,253.2,NA,3.4799999999999898,NA,NA,-9.47921248142643,NA,NA,134,NA,NA,16,4,125.77,15.87,3.9,0.47,111.28999999999999,30.772198491495534,22.710000000000008,25.46333333333334,27.172550283123762,Anthony,Richardson,IND,QB,21,-3
weighted,12610,QB,249.72,NA,2.643001485884099,NA,NA,-12.95921248142642,NA,NA,149,NA,NA,17,4,348.33,49.82,7,0.84,NA,NA,NA,NA,NA,Carson,Wentz,FA,QB,31,4
weighted,15237,QB,247.0769985141159,21.382909063081197,1.5049479940564652,232.06012041410753,261.48186547838986,-15.602213967310519,0,-16.799292438365114,154,96,152,18,4,60.76,8.17,0.81,0.08,58.17666666666667,9.685196034269119,95.82333333333332,21.074,10.51375949252534,Trevor,Lawrence,JAC,QB,24,-1
weighted,12611,QB,245.57205052005943,39.15250247429911,6.777191679049025,218.07586862860887,271.9476286884407,-17.107161961366984,-13.984251785498657,-6.333529228314262,163,143,114,19,5,126.59,16.13,1.92,0.49,116.485,12.787488351249175,46.515,11.523333333333333,7.233562208360568,Jared,Goff,DET,QB,29,4
weighted,14778,QB,238.7948588410104,24.4376103578071,0.6548588410103946,222.33215373898304,255.95700524102003,-23.88435364041601,-9.727966675124492,-22.32415267573495,182,132,162,20,5,92.66,11.97,2.29,0.35,90.055,12.954049238236923,91.945,13.425333333333334,7.748947684829357,Tua,Tagovailoa,MIA,QB,25,0
weighted,9099,QB,238.14000000000001,NA,1.9000000000000057,NA,NA,-24.539212481426404,NA,NA,189,NA,NA,21,5,NA,52,4.42,0.61,NA,NA,NA,NA,NA,Matt,Ryan,FA,QB,38,12
weighted,15698,QB,236.24,NA,4.7411292719168046,NA,NA,-26.43921248142641,NA,NA,198,NA,NA,22,5,195.77,23.92,4.55,0.64,146.01666666666665,22.601832275774065,51.98333333333335,10.995333333333335,8.717208472645103,Brock,Purdy,SFO,QB,24,-2
weighted,11644,QB,231.4988707280832,24.18305191657993,6.274264487369976,215.20765213753526,248.4822447697594,-31.180341753343214,-16.852468276572267,-29.798913146995574,218,154,180,23,5,157.45,20.64,2.34,0.36,140.91666666666666,16.736358292319416,77.08333333333334,9.424000000000001,6.316136371759771,Derek,Carr,NOS,QB,32,6
weighted,9431,QB,225.22460624071323,53.64112042081147,3.3046062407132126,189.0885874606265,262.89591486064165,-37.45460624071319,-42.97153295348102,-15.385243056113325,240,202,145,24,5,156.71,20.47,2.15,0.67,143.57166666666666,18.03700678851369,96.42833333333334,7.290000000000001,4.699368751935379,Matthew,Stafford,LAR,QB,35,11
weighted,16148,QB,221.92000000000002,NA,12.714011887072814,NA,NA,-40.7592124814264,NA,NA,249,NA,NA,25,6,190.4,24.66,2.75,0.12,130.31,46.30446976264818,118.69,26.805000000000003,20.115000000000006,Bryce,Young,CAR,QB,22,-3
weighted,10697,QB,209.2059881129272,33.5663589029254,5.128959881129333,186.59358616867837,232.77910991872741,-53.47322436849922,-45.46653424542916,-45.502047998027564,285,203,205,26,6,205.99,25.85,3.18,0.6,163.315,40.365,121.685,8.581000000000001,2.891000000000001,Ryan,Tannehill,TEN,QB,35,8
weighted,13113,QB,204.07702823179787,136.2311924634002,7.11702823179786,108.40402113035555,295.85089295855124,-58.60218424962855,-123.65609928375198,17.569735041796264,307,248,64,27,6,84.2,10.56,2.5,0.91,79.43833333333333,14.540222850959182,227.56166666666667,14.904666666666667,8.51951740938939,Deshaun,Watson,CLE,QB,28,3
weighted,11760,QB,196.96,NA,0.2833729569093748,NA,NA,-65.71921248142641,NA,NA,337,NA,NA,28,6,230.82,27.82,2.97,0.18,163.56333333333333,36.73010784386866,173.43666666666667,7.65,2.0700000000000003,Jimmy,Garoppolo,LVR,QB,32,6
weighted,13590,QB,196.67662704309063,24.64267132435119,1.8766270430906218,180.07578002903813,213.9827845095355,-66.00258543833579,-51.9843403850694,-64.29837340721949,338,220,233,29,6,289.35,31.05,2.03,0.27,132.01,NA,205.99,4.497,2.007,Baker,Mayfield,TBB,QB,28,2
weighted,15239,QB,194.8,NA,1.7348736998514482,NA,NA,-67.8792124814264,NA,NA,353,NA,NA,30,6,361.5,49.43,6.97,0.82,NA,NA,NA,1.5600000000000003,NA,Zach,Wilson,NYJ,QB,24,-1
weighted,15241,QB,193.06512630014856,32.98653134235244,2.3594056463595905,170.8433325209363,216.23104440085598,-69.61408618127786,-61.216787893171244,-62.050113515899,361,238,227,31,7,236.41,28.05,2.59,0.51,160.695,40.455000000000005,200.305,6.449000000000001,1.399000000000001,Mac,Jones,NEP,QB,25,-1
weighted,11150,QB,190.70572065378897,84.4356207414856,0.7657206537889465,131.40792257435774,247.5868438086816,-71.97349182763745,-100.65219783974979,-30.69431410807337,365,246,183,32,7,103.64,13.61,2.29,0.79,116.59333333333333,20.07946020744139,248.40666666666667,12.434666666666669,7.848053913055276,Geno,Smith,SEA,QB,33,7
weighted,14782,QB,189.94000000000003,NA,3.5200000000000102,NA,NA,-72.73921248142639,NA,NA,367,NA,NA,33,7,176.66,23.08,3.06,0.21,146.178,25.690265393724527,220.822,8.171333333333333,5.681029562402303,Jordan,Love,GBP,QB,25,0
weighted,15693,QB,186.42000000000002,NA,8.360000000000014,NA,NA,-76.2592124814264,NA,NA,378,NA,NA,34,7,229.68,27.41,3.52,0.36,151.18333333333334,37.493343705546216,226.81666666666666,6.598000000000001,0.6980000000000004,Sam,Howell,WAS,QB,23,-2
weighted,16150,QB,178.06,NA,3.549286775631515,NA,NA,-84.61921248142642,NA,NA,392,NA,NA,35,7,226,27.26,2.84,0.15,142.746,51.64686034987994,249.254,22.795,17.765,C.J.,Stroud,HOU,QB,22,-3
weighted,15692,QB,174.5107132243685,77.13827875964046,31.18393759286775,120.33772275049563,226.4758897168502,-88.16849925705793,-111.7223976636119,-51.80526819990479,404,247,213,36,8,169.6,22.73,2.24,0.77,141.12166666666667,20.54497295906931,262.87833333333333,6.534666666666667,3.8258354497924882,Kenny,Pickett,PIT,QB,25,-2
weighted,15697,QB,143.32677563150074,59.439396026541175,21.683060921248142,101.5834299606441,183.36887606195276,-119.35243684992568,-130.47669045346345,-94.91228185480222,458,249,247,37,9,257.21,29.45,2.39,0.68,123.46,NA,334.54,4.715,0.20500000000000007,Desmond,Ridder,ATL,QB,24,-2
weighted,12140,QB,121.6437147102526,158.39191898578662,18.564784546805342,14.940996456371458,232.87984878438886,-141.03549777117382,-217.11912395773606,-45.40130913236612,459,250,204,38,10,352.77,41.39,5.3,0.99,NA,NA,NA,1.6080000000000003,NA,Jameis,Winston,NOS,QB,29,5
weighted,15252,QB,103.07893016344725,137.12214700769528,30.561158989598823,10.704862646515863,199.37764051905665,-159.60028231797918,-221.35525776759167,-78.90351739769832,460,253,244,39,11,NA,48.71,6.93,0.97,NA,NA,NA,NA,NA,Davis,Mills,HOU,QB,25,-1
weighted,12141,QB,72.51777117384843,85.80033682917565,1.6992719167904795,14.717289776857648,132.77398772990063,-190.161441307578,-217.34283063724988,-145.50717018685435,461,251,253,40,11,NA,48.54,4.07,0.86,NA,NA,NA,1.8240000000000003,NA,Marcus,Mariota,PHI,QB,30,5
weighted,12616,QB,70.81849925705795,89.24394685355415,15.824695393759285,10.698186440886793,133.49310854945412,-191.86071322436845,-221.36193397322074,-144.78804936730086,462,254,252,41,12,338.33,35.19,2.59,0.82,NA,NA,NA,4.424,2.8240000000000007,Jacoby,Brissett,WAS,QB,31,4
weighted,14057,QB,54.993803863298666,66.06498656625912,0.45380386329866695,10.48829062017315,101.3901967496672,-207.68540861812775,-221.57182979393437,-176.89096116708777,463,255,254,42,12,NA,60,4.32,0.8,NA,NA,NA,1.8480000000000003,NA,Drew,Lock,SEA,QB,27,1
weighted,9064,QB,54.54,NA,12.780000000000001,NA,NA,-208.13921248142643,NA,NA,464,NA,NA,43,13,NA,NA,NA,NA,NA,NA,NA,NA,NA,Joe,Flacco,FA,QB,38,12
weighted,15242,QB,41.76,NA,5.18,NA,NA,-220.91921248142643,NA,NA,465,NA,NA,44,13,346.76,36.68,2.59,0.08,159.61,NA,305.39,4.2490000000000006,3.119,Kyle,Trask,TBB,QB,25,-1
weighted,9714,QB,36.58,NA,9.700000000000003,NA,NA,-226.09921248142643,NA,NA,466,NA,NA,45,13,337.75,56.11,18.72,0.99,NA,NA,NA,NA,NA,Brian,Hoyer,LVR,QB,38,11
weighted,12381,QB,26.879999999999995,NA,5.204680534918271,NA,NA,-235.79921248142642,NA,NA,467,NA,NA,46,13,NA,63.29,8.19,0.9,NA,NA,NA,1.6800000000000002,NA,Trevor,Siemian,CIN,QB,32,5
weighted,10413,QB,21.675319465081724,14.573470760254741,1.6982466567607766,11.857716682883106,31.910036979670778,-241.0038930163447,-220.20240373122442,-246.37112093708419,468,252,255,47,13,NA,56.11,3.41,0.36,NA,NA,NA,NA,NA,Tyrod,Taylor,NYG,QB,34,9
weighted,14789,QB,19.977072808320948,15.096729778332788,0.2770728083209484,9.806969974747904,30.57926683726206,-242.70213967310548,-222.25315043935962,-247.70189107949292,469,256,256,48,13,369,42.57,2.95,0.27,NA,NA,NA,1.368,NA,Tyler,Huntley,BAL,QB,25,0
weighted,13598,QB,19.7,NA,1.4800000000000004,NA,NA,-242.97921248142643,NA,NA,470,NA,NA,49,14,375.8,40.81,3.53,0.37,NA,NA,NA,3.224,1.3840000000000003,Mike,White,MIA,QB,28,2
weighted,14070,QB,18.22,NA,0.1999999999999993,NA,NA,-244.45921248142642,NA,NA,471,NA,NA,50,14,NA,72.6,8.26,0.9,NA,NA,NA,NA,NA,David,Blough,ARI,QB,28,1
weighted,13592,QB,18.02,NA,0.561456166419017,NA,NA,-244.6592124814264,NA,NA,472,NA,NA,51,14,350.83,39.21,5.83,0.71,NA,NA,NA,1.484,0.4840000000000001,Sam,Darnold,SFO,QB,26,2
weighted,10313,QB,17.458543833580983,12.148094500784882,0.01854383358098488,9.27482642464492,25.989958045159824,-245.22066864784543,-222.78529398946262,-252.29119987159515,473,257,258,52,14,356.5,44.71,5.14,0.58,NA,NA,NA,1.4880000000000002,NA,Andy,Dalton,CAR,QB,36,9
weighted,9899,QB,17.439999999999998,NA,1.0799999999999983,NA,NA,-245.23921248142642,NA,NA,474,NA,NA,53,14,340.38,35.91,3.44,0.32,151.12,NA,322.88,2.6,1.3600000000000003,Colt,McCoy,ARI,QB,37,10
weighted,12476,QB,16.36,NA,0.17985141158989393,NA,NA,-246.3192124814264,NA,NA,475,NA,NA,54,14,357.68,39.18,3.77,0.44,NA,NA,NA,3.9840000000000004,NA,Taylor,Heinicke,ATL,QB,30,5
weighted,14067,QB,16.180148588410106,15.853334034202392,1.1601485884101077,5.500349734606465,27.31369379350892,-246.4990638930163,-226.55977067950107,-250.96746412324606,476,259,257,55,14,354.67,37.59,4.32,0.51,NA,NA,NA,1.9700000000000002,0.7900000000000003,Gardner,Minshew,IND,QB,27,1
weighted,13416,QB,15.019999999999998,NA,0.5003863298662683,NA,NA,-247.6592124814264,NA,NA,477,NA,NA,56,14,NA,58.5,9.53,0.92,NA,NA,NA,NA,NA,P.J.,Walker,CHI,QB,28,3
weighted,13879,QB,14.51961367013373,8.273149339882604,1.539613670133729,8.946302047051546,20.329715315970308,-248.15959881129268,-223.11381836705598,-257.9514426007847,478,258,259,57,14,NA,66,4.69,0.46,NA,NA,NA,NA,NA,Kyle,Allen,BUF,QB,27,2
weighted,11640,QB,12.98,NA,0.3200000000000003,NA,NA,-249.69921248142643,NA,NA,479,NA,NA,58,14,NA,53.6,6.99,0.84,NA,NA,NA,0.3360000000000001,NA,Teddy,Bridgewater,DET,QB,31,6
weighted,14063,QB,12.66,NA,0.2599999999999998,NA,NA,-250.01921248142642,NA,NA,480,NA,NA,59,14,366.2,44.53,5.7,0.71,NA,NA,NA,1.4640000000000002,NA,Jarrett,Stidham,DEN,QB,27,1
weighted,10262,QB,12.4,NA,2.34,NA,NA,-250.2792124814264,NA,NA,481,NA,NA,60,14,NA,71.6,6.09,0.77,NA,NA,NA,1.0560000000000003,NA,Blaine,Gabbert,KCC,QB,34,9
weighted,16155,QB,10.06,NA,0.120000000000001,NA,NA,-252.61921248142642,NA,NA,482,NA,NA,61,14,NA,NA,NA,NA,NA,NA,NA,NA,NA,Max,Duggan,LAC,QB,22,-3
weighted,16154,QB,9.94,NA,0.2599999999999998,NA,NA,-252.73921248142642,NA,NA,483,NA,NA,62,14,NA,61.75,11.67,0.98,NA,NA,NA,1.9920000000000002,NA,Jaren,Hall,MIN,QB,25,-3
weighted,16159,QB,9.68,NA,0.11999999999999922,NA,NA,-252.9992124814264,NA,NA,484,NA,NA,63,14,NA,56.45,6.26,0.78,110.69,NA,373.31,1.6080000000000003,NA,Aidan,O'Connell,LVR,QB,25,-3
weighted,13119,QB,9.56,NA,0.16000000000000014,NA,NA,-253.11921248142642,NA,NA,485,NA,NA,64,14,NA,60.14,6.49,0.79,NA,NA,NA,NA,NA,Joshua,Dobbs,CLE,QB,28,3
weighted,15702,QB,9.4,NA,0.2400000000000002,NA,NA,-253.2792124814264,NA,NA,486,NA,NA,65,14,NA,63.33,15.84,0.99,NA,NA,NA,NA,NA,Tanner,McKee,PHI,QB,23,-3
weighted,16158,QB,9.16,NA,0.08000000000000007,NA,NA,-253.51921248142642,NA,NA,487,NA,NA,66,14,NA,53.75,11.52,0.97,99.52,NA,387.48,2.5200000000000005,NA,Dorian,Thompson-Robinson,CLE,QB,24,-3
weighted,16156,QB,9.08,NA,1.1400000000000006,NA,NA,-253.5992124814264,NA,NA,488,NA,NA,67,14,NA,70,2.94,0.17,NA,NA,NA,3.2880000000000007,NA,Jake,Haener,NOS,QB,24,-3
weighted,13124,QB,7.9399999999999995,NA,0.5999999999999996,NA,NA,-254.73921248142642,NA,NA,489,NA,NA,68,14,NA,60.25,4.79,0.66,NA,NA,NA,1.1960000000000002,0.19600000000000006,Cooper,Rush,DAL,QB,30,3
weighted,16149,QB,7.9399999999999995,NA,0,NA,NA,-254.73921248142642,NA,NA,489,NA,NA,68,14,344.46,36.6,3.37,0.29,60.55,NA,428.45,7.953,6.783,Will,Levis,TEN,QB,24,-3
weighted,13125,QB,7.34,NA,0.17999999999999972,NA,NA,-255.33921248142642,NA,NA,490,NA,NA,69,14,NA,69.29,5.99,0.73,NA,NA,NA,NA,NA,C.J.,Beathard,JAC,QB,30,3
weighted,13968,QB,7.16,NA,1.2399999999999993,NA,NA,-255.51921248142642,NA,NA,491,NA,NA,70,14,NA,59.89,9.33,0.92,NA,NA,NA,NA,NA,Nick,Mullens,MIN,QB,28,3
weighted,16313,QB,5.920000000000001,NA,0.10000000000000053,NA,NA,-256.7592124814264,NA,NA,492,NA,NA,71,14,NA,60.4,12.47,0.99,NA,NA,NA,0.9840000000000001,NA,Sean,Clifford,GBP,QB,25,-3
weighted,16153,QB,5.82,NA,1.8799999999999994,NA,NA,-256.8592124814264,NA,NA,493,NA,NA,72,14,NA,53.18,4.8,0.67,73.21,NA,419.79,3.6720000000000006,NA,Stetson,Bennett,LAR,QB,26,-3
weighted,15694,QB,3.940000000000001,NA,0.14000000000000057,NA,NA,-258.7392124814264,NA,NA,494,NA,NA,73,14,357.75,51.83,11.3,0.95,NA,NA,NA,NA,NA,Malik,Willis,TEN,QB,24,-2
weighted,15696,QB,3.8000000000000003,NA,0,NA,NA,-258.8792124814264,NA,NA,495,NA,NA,74,14,367.22,41.78,4.06,0.52,NA,NA,NA,4.5840000000000005,NA,Bailey,Zappe,NEP,QB,24,-2
weighted,14802,RB,225.48610698365525,59.57374631496661,9.686106983655236,185.35349978325578,267.3238047325213,99.09628528974736,100.85801895105776,143.55024201293753,1,4,1,1,1,14.26,6.62,3.11,0.89,16.451666666666668,5.239037496419441,-15.451666666666668,36.622,11.407774308192929,Jonathan,Taylor,IND,RB,24,0
weighted,13128,RB,215.8,NA,0.35297176820208165,NA,NA,89.41017830609212,NA,NA,3,NA,NA,2,1,81.42,31.29,8.59,0.55,66.08,18.022606914650275,-63.08,15.687333333333333,7.080608322893043,Dalvin,Cook,FA*,RB,28,3
weighted,13404,RB,215.44702823179793,7.742819253992706,2.5782317979197558,210.00936899915598,220.66307628929792,89.05720653789004,125.51388816695795,96.88951356971415,4,2,3,3,1,8.6,4.21,2.97,0.05,5.911666666666667,2.204642198231319,-1.911666666666667,50.142,5.531134422521298,Austin,Ekeler,LAC,RB,28,3
weighted,13130,RB,212.86879643387817,1.9798989873223407,5.954829123328437,211.53501245570465,214.25924810980487,86.47897473997028,127.03953162350662,90.48568539022111,5,1,5,4,1,3.05,1.5,0.92,0.01,2.9033333333333333,1.6517330965450268,2.0966666666666667,56.70466666666667,7.6236502776265604,Christian,McCaffrey,SFO,RB,27,3
weighted,12626,RB,206.91396731054974,34.01183617507292,5.013967310549731,184.00146397121193,230.7999407434335,80.52414561664185,99.5059831390139,107.02637802384973,6,5,2,5,1,11.47,5.53,2.21,0.42,16.143333333333334,4.910236473146912,-10.143333333333334,39.82466666666667,6.449154225340115,Derrick,Henry,TEN,RB,29,4
weighted,16161,RB,201.9,NA,4.400000000000006,NA,NA,75.510178306092115,NA,NA,9,NA,NA,6,1,8.47,4.15,1.68,0.01,8.405,1.3290692231783867,0.5950000000000006,64.65400000000001,26.192945462471386,Bijan,Robinson,ATL,RB,21,-3
weighted,13129,RB,197.5,NA,12.512555720653836,NA,NA,71.11017830609211,NA,NA,13,NA,NA,7,2,204.36,64.28,9.89,0.7,146.41,15.471501219985088,-133.41,3.1580000000000004,2.536240262015149,Leonard,Fournette,FA*,RB,28,3
weighted,13131,RB,184.98744427934616,30.93592167691145,4.063075780089122,164.14706962038503,206.71325171570095,58.59762258543827,79.651588788187,82.93968899611718,15,12,8,8,2,35.09,14.12,3.81,0.45,36.575,5.0349867593337985,-21.575000000000003,27.86066666666667,9.240639275624943,Joe,Mixon,CIN,RB,27,3
weighted,13610,RB,180.92436849925704,1.626345596729047,2.308469539375892,179.8287602314717,182.066525233054,54.53454680534915,95.33327939927368,58.29296251347023,16,6,21,9,2,5.81,2.86,0.89,0.01,11.65,4.818464485704965,4.35,46.376000000000005,5.355608150963498,Nick,Chubb,CLE,RB,28,2
weighted,13604,RB,178.61589895988115,7.353910524340097,1.8975482912333064,173.45136416358196,183.5699537359542,52.22607726597326,88.95588333138393,59.79639101637042,18,9,19,10,2,14.52,6.67,1.32,0.03,10.688333333333333,3.2431795955341247,7.311666666666667,45.79066666666667,5.253089334435077,Saquon,Barkley,NYG,RB,26,2
weighted,14073,RB,176.71835066864784,12.268302653586613,0.8866270430906411,168.10251617674487,184.98304781911588,50.32852897473995,83.60703534454684,61.20948509953212,20,11,18,11,2,18.93,8.42,2.68,0.08,20.905,4.509389278679172,-0.9050000000000011,32.814,7.30948005446808,Josh,Jacobs,LVR,RB,25,1
weighted,15254,RB,175.8317236255572,34.471455582844186,0.73172362555718,152.60959186271475,200.04048048320965,49.44190193164931,68.11411103051672,76.26691776362588,22,18,9,12,2,30.58,12.69,2.84,0.46,28.381666666666668,3.421755965712472,-6.381666666666668,26.874666666666666,3.341385474453505,Najee,Harris,PIT,RB,25,-1
weighted,12625,RB,175.10000000000002,NA,1.1369242199108953,NA,NA,48.71017830609213,NA,NA,23,NA,NA,13,3,172.53,57.74,11.39,0.83,132.332,14.463287869637389,-109.332,3.309333333333334,2.70143928716198,Ezekiel,Elliott,FA*,RB,28,4
weighted,13146,RB,173.96307578008913,29.3095760801824,5.594650817236243,154.21830938891335,194.54672648264696,47.57325408618124,69.72282855671533,70.7731637630632,25,17,12,14,3,59.07,22.79,3.73,0.43,63.778333333333336,7.973222720804651,-38.778333333333336,16.413333333333334,8.187231250890353,James,Conner,ARI,RB,28,3
weighted,13319,RB,168.36842496285288,9.934850275670998,4.506463595839534,161.6756875009465,175.3455128366994,41.978603268944994,77.18020666874848,51.57195011711565,29,14,24,15,3,42.22,16.72,3.4,0.08,39.8,3.0407619659113947,-10.799999999999997,25.827333333333335,7.190300936369465,Aaron,Jones,GBP,RB,29,3
weighted,15708,RB,163.86196136701335,5.586143571373728,2.9540118870727667,160.09878514288096,167.78502145266373,37.47213967310546,75.60330431068293,44.01145873307996,31,15,29,16,3,35.35,14.09,3.94,0.06,32.02,5.453222289007971,-1.0200000000000031,23.877333333333333,7.0271407809688515,Breece,Hall,NYJ,RB,22,-2
weighted,14800,RB,160.90794947994058,20.117187924757285,1.9966567607727086,147.3557515588561,175.0359316871244,34.51812778603269,62.86027072665807,51.262368967540624,33,22,25,17,3,48.33,18.99,4.38,0.28,56.605000000000004,11.848647953810314,-23.605000000000004,16.11466666666667,2.821943223304743,J.K.,Dobbins,BAL,RB,25,0
weighted,14797,RB,158.91129271916788,43.699199077328636,0.06106983655271847,129.47277491519532,189.6005475664073,32.521471025259984,44.97729408299729,65.82698484682354,34,37,15,18,3,77.27,29.27,4.15,0.74,69.14166666666667,10.10563278023147,-35.141666666666666,10.839333333333334,4.518949828838064,D'Andre,Swift,PHI,RB,24,0
weighted,14085,RB,158.85022288261516,28.567113959936517,0.85022288261515655,138.78799155852988,178.09482028197587,32.460401188707266,54.292510726331855,54.321257562392105,36,28,23,19,3,15.47,7.14,1.69,0.26,17.058333333333334,3.3894808681500996,18.941666666666666,35.49133333333334,6.066059969663631,Tony,Pollard,DAL,RB,26,1
weighted,14087,RB,158,NA,1.7083209509658275,NA,NA,31.61017830609211,NA,NA,37,NA,NA,20,3,340.3,101.96,9.98,0.72,NA,NA,NA,NA,NA,Darrell,Henderson,FA,RB,26,1
weighted,15256,RB,156.29167904903417,35.42604973744602,0.34970282317979695,132.4264728681438,181.17083225043697,29.901857355126282,47.93099203594578,57.39726953085321,41,36,22,21,3,69.76,27.15,4.62,0.61,71.41666666666667,13.381357263828745,-30.41666666666667,14.097333333333335,5.753122128220661,Javonte,Williams,DEN,RB,23,-1
weighted,13132,RB,155.94197622585438,52.856231893694414,3.036849925705809,120.33470752282932,193.06207007425476,29.552154531946485,35.83922669063129,69.288507354671,42,45,13,22,4,74.38,28.46,4.71,0.87,75.425,5.096762861529529,-33.425,15.404666666666667,9.508955264497896,Alvin,Kamara,NOS,RB,28,3
weighted,15717,RB,152.90512630014857,14.601755031502208,0.26404160475482286,142.65054519018915,162.74178313917824,26.515304606240676,58.15506435799112,38.96822041959447,43,27,33,23,4,55.42,21.49,3.46,0.15,48.26,13.659059264824938,-5.259999999999998,15.504666666666667,2.048808651116274,Dameon,Pierce,HOU,RB,23,-2
weighted,14071,RB,152.64108469539374,24.359828611876548,4.2118870728083095,136.2307782496518,169.7486062081348,26.251263001485853,51.735297417453765,45.97504348855102,44,31,27,24,4,67.02,25.95,3.62,0.3,75.22666666666666,18.753543368891354,-31.22666666666666,12.588666666666667,6.152169554085959,David,Montgomery,DET,RB,26,1
weighted,15253,RB,148.42919762258543,6.611448404094214,0.2085438335809897,143.78608220475877,152.8830834068434,22.039375928677543,59.290601372560744,29.109520687259646,51,25,43,25,4,33.06,13.4,2.83,0.04,31.888333333333335,4.299288377808073,19.111666666666665,24.65266666666667,5.641612141538581,Travis,Etienne,JAC,RB,24,-1
weighted,15259,RB,148.22065378900444,14.000714267493644,2.0368499257057806,138.38817408066564,157.6524119203743,21.830832095096554,53.89269324846761,33.87884920079054,52,29,37,26,4,27.38,11.41,2.75,0.09,29.55,6.454011672337343,22.45,25.756666666666668,5.429157904827925,Rhamondre,Stevenson,NEP,RB,25,-1
weighted,14079,RB,146.18380386329866,13.717871555019022,1.583803863298641,136.94258630023933,155.81764761793372,19.793982169390773,52.4471054680413,32.04408489834995,55,30,38,27,4,45.03,17.36,3.82,0.16,47.155,4.313647914855052,7.844999999999999,20.831333333333337,5.567476108814682,Miles,Sanders,CAR,RB,26,1
weighted,16162,RB,144.60000000000002,NA,9.67310549777119,NA,NA,18.210178306092132,NA,NA,60,NA,NA,28,4,43.67,17.09,4.25,0.05,37.57333333333333,10.382632400097556,22.42666666666667,35.367333333333335,20.80415986180542,Jahmyr,Gibbs,DET,RB,21,-3
weighted,15263,RB,134.92689450222883,42.709249583667464,3.126894502228822,106.15526868734302,164.92092351150487,8.537072808320943,21.659787855144998,41.1473607919211,70,64,31,29,5,111.2,41.15,3.47,0.67,124.97,14.874692153677222,-54.97,3.7420000000000004,2.555048857980346,Elijah,Mitchell,SFO,RB,25,-1
weighted,13138,RB,131.8,NA,0.2128528974739936,NA,NA,5.410178306092121,NA,NA,76,NA,NA,30,5,209.35,65.28,10.05,0.73,143.898,20.115652015284013,-67.898,3.879333333333334,3.4076464344503568,Kareem,Hunt,FA*,RB,28,3
weighted,14075,RB,131.58714710252602,37.299882707590385,1.7871471025260064,106.45960965657854,157.78226349721658,5.197325408618127,21.96412882438051,34.00870077763281,77,63,35,31,5,103.76,38.69,4.08,0.61,109.142,9.469965997827027,-32.141999999999996,5.836666666666668,5.058789929968981,Damien,Harris,BUF,RB,26,1
weighted,14813,RB,129.8,NA,0.7847696879643706,NA,NA,3.4101783060921207,NA,NA,84,NA,NA,32,5,282.23,82.54,13.53,0.94,155.3,NA,-71.30000000000001,2.2080000000000006,NA,James,Robinson,NYG,RB,25,0
weighted,13608,RB,129.01523031203564,6.965001794687497,0.4804606240712985,124.32316881738956,133.9066406719921,2.62540861812775,39.82768798519153,10.133077952408343,86,42,72,33,5,86.9,32.72,4.8,0.09,93.526,8.641332304685431,-7.525999999999996,8.06,5.0976334378480646,Rashaad,Penny,PHI,RB,27,2
weighted,15711,RB,128.53476968796434,30.759144981614817,2.1449479940564515,106.93310972267449,149.25605649173147,2.1449479940564515,22.43762889047646,25.482493772147706,89,60,48,34,5,41.86,16.44,3.29,0.43,42.471666666666664,5.934740703874282,46.528333333333336,19.256,2.9770822404943167,Kenneth,Walker III,SEA,RB,23,-2
weighted,14852,RB,126.38982169390789,27.61251980533468,1.5591381872214072,107.78829871259512,145.7816566742428,0,23.292817880397095,22.008093954659046,96,59,55,35,5,97.51,36.32,4.22,0.43,108.825,20.249506784116985,-12.825000000000003,6.4573333333333345,3.796709218374367,Antonio,Gibson,WAS,RB,25,0
weighted,14805,RB,124.83068350668648,9.1570328163658,3.5882615156018005,118.66193260763399,131.2615225078475,-1.5591381872214072,34.16645177543596,7.487959788263737,99,46,78,36,5,88.31,33.41,3.26,0.07,92.725,9.204306510179535,6.275000000000006,6.408666666666668,3.391002342802036,AJ,Dillon,GBP,RB,25,0
weighted,14799,RB,121.24242199108468,4.277996026178609,0.5580237741456102,118.2380531913145,124.12434808678104,-5.147399702823208,33.74257235911648,0.3507853671972754,111,49,94,37,5,49.45,19.56,4.08,0.05,57.913333333333334,7.92033388746263,53.086666666666666,16.01,1.9368531178176636,Cam,Akers,LAR,RB,24,0
weighted,14223,RB,120.68439821693907,46.59833688019347,1.079791976225863,87.9591248442356,152.0759568460943,-5.705423476968818,3.4636440120375767,28.302394126510535,114,90,45,38,5,56.01,21.35,6.09,0.84,61.236666666666665,15.70123632782534,52.763333333333335,17.152,6.342484896841828,Alexander,Mattison,MIN,RB,25,1
weighted,14803,RB,119.60460624071321,44.12346314604055,1.1046062407132098,89.88027758427492,150.59181501850833,-6.785215453194681,5.384796752076895,26.818252298924563,119,86,46,39,5,175.4,57.7,7.61,0.89,153.774,23.15184882466193,-34.774,2.949333333333334,2.6153522813486445,Clyde,Edwards-Helaire,KCC,RB,24,0
weighted,12151,RB,118.5,NA,0.6601783060921207,NA,NA,-7.889821693907891,NA,NA,125,NA,NA,40,5,319.07,91.34,8.11,0.46,210.66,NA,-85.66,2.7840000000000003,NA,Melvin,Gordon,BAL,RB,30,5
weighted,14080,RB,117.83982169390788,51.406662992261985,2.339821693907865,83.20907340347415,153.94190627957622,-8.550000000000011,-1.2864074287238765,30.16834355999245,130,102,41,41,5,131.78,47.85,4.96,0.86,137.72666666666666,9.909272873873688,-7.7266666666666595,4.585333333333334,4.552508856541511,Devin,Singletary,HOU,RB,26,1
weighted,16169,RB,115.50000000000001,NA,5.200000000000003,NA,NA,-10.889821693907876,NA,NA,139,NA,NA,42,6,109.46,40.67,5.36,0.15,113.31833333333333,28.368657245081042,25.681666666666672,10.344000000000001,10.325036497110638,Zach,Charbonnet,SEA,RB,22,-3
weighted,15258,RB,110.30000000000001,NA,3.78075780089155,NA,NA,-16.08982169390788,NA,NA,157,NA,NA,43,6,212.48,65.01,8.53,0.53,161.68,19.654909056009387,-4.680000000000007,2.384,1.7595847995100056,Michael,Carter,NYJ,RB,24,-1
weighted,15716,RB,106.51924219910846,31.360185745623383,1.6621099554234746,84.49548083219803,127.64542771053539,-19.87057949479943,0,3.8718649909516216,174,96,88,44,6,84.45,32.17,4.31,0.5,92.07833333333333,25.102055305403887,81.92166666666667,6.499333333333333,2.6298442708435967,Brian,Robinson,WAS,RB,24,-2
weighted,12447,RB,104.85713224368499,13.823937572197009,1.137964338781586,95.54446196750919,114.56546448095894,-21.532689450222904,11.048981135311166,-9.208098238624828,177,79,125,45,6,133.17,48.27,5.49,0.24,129.66833333333332,11.774515441787354,47.33166666666668,5.1000000000000005,5.224582917962608,Raheem,Mostert,MIA,RB,31,5
weighted,15715,RB,103.7191679049034,29.769195487953652,1.2610698365527497,82.81273377757691,123.77356271958377,-22.67065378900449,-1.6827470546211174,0,180,105,96,46,6,76.19,28.9,4.46,0.48,82.93333333333334,10.019101201649221,97.06666666666666,9.563333333333334,3.451785367345749,James,Cook,BUF,RB,24,-2
weighted,13139,RB,102.45809806835065,6.858935777509511,0.958098068350651,97.64117619103317,107.07870684988035,-23.93172362555724,13.145695358835141,-16.694855869703417,184,75,151,47,6,100.38,37.53,4.36,0.08,97.58166666666666,10.743910549185008,86.41833333333334,7.324666666666667,5.63238879655476,Jamaal,Williams,NOS,RB,28,3
weighted,16175,RB,101.5,NA,1.3999999999999773,NA,NA,-24.88982169390789,NA,NA,191,NA,NA,48,6,156.51,53.81,10.36,0.77,131.036,28.44953257964004,59.964,5.614000000000002,6.17880829934058,Roschon,Johnson,CHI,RB,22,-3
weighted,16167,RB,100.10000000000002,NA,2.1057949479940987,NA,NA,-26.289821693907868,NA,NA,196,NA,NA,49,6,120.93,44.15,7.22,0.33,115.02833333333334,29.38138209630188,80.97166666666666,9.943333333333335,9.26331234254549,Devon,Achane,MIA,RB,22,-3
weighted,15271,RB,97.99420505200592,18.667619023324857,1.9690936106983514,84.88423210755417,110.56988256049908,-28.395616641901967,0.3887512753561424,-13.203680159084684,209,95,138,50,6,90.73,34.08,5.15,0.29,100.55166666666666,10.991564063205724,108.44833333333334,5.996666666666667,3.2131016513988824,Khalil,Herbert,CHI,RB,25,-1
weighted,11225,RB,96.02511144130757,33.30472939388639,2.9251114413075783,73.58895952274597,119.41449498993178,-30.364710252600318,-10.90652130945206,-4.359067729651983,215,135,111,51,6,193.16,62.13,10.35,0.87,148.565,19.215981846716378,66.435,2.5753333333333335,2.150544943858546,Cordarrelle,Patterson,ATL,RB,32,7
weighted,11182,RB,93.1,NA,0.013075780089153,NA,NA,-33.289821693907896,NA,NA,222,NA,NA,52,6,344.17,98.5,5.69,0.17,NA,NA,NA,NA,NA,Rex,Burkhead,FA,RB,33,7
weighted,13726,RB,93.08692421991084,42.07285348059957,1.5869242199108413,64.74401468372366,122.6340223333533,-33.30289747399705,-19.751466148474364,-1.1395403862304647,223,163,99,53,7,235.74,69.93,8.67,0.91,174.65333333333334,13.71734992222947,48.346666666666664,2.123,1.0930000000000004,Chase,Edmonds,TBB,RB,27,2
weighted,13622,RB,91.5,NA,0.29999999999999716,NA,NA,-34.88982169390789,NA,NA,228,NA,NA,54,7,NA,NA,NA,NA,NA,NA,NA,NA,NA,Nyheim,Hines,BUF,RB,27,2
weighted,16168,RB,91.2,NA,1.636181277860345,NA,NA,-35.18982169390789,NA,NA,230,NA,NA,55,7,254.88,74.32,9.44,0.65,152.86,61.396866369546906,77.13999999999999,3.0480000000000005,NA,Israel,Abanikanda,NYJ,RB,21,-3
weighted,15721,RB,89.56381872213966,34.188612870369575,0.13655274888557756,65.55369781819105,112.5954099166716,-36.82600297176823,-18.941783014006973,-11.178152802912166,236,161,134,56,7,69,26.35,2.91,0.45,74.65,12.32273238098326,161.35,10.377333333333334,3.633952974685036,Rachaad,White,TBB,RB,24,-2
weighted,15749,RB,89.42726597325408,60.42227445239048,1.0272659732540745,46.99366036327667,130.1314948785851,-36.96255572065381,-37.50182046892136,6.3579321590013365,237,198,81,57,7,67.94,26.36,3.99,0.92,68.51333333333334,10.215347386272391,168.48666666666668,10.274666666666667,2.5939937462444966,Isiah,Pacheco,KCC,RB,24,-2
weighted,13108,RB,88.4,NA,1.1872956909361108,NA,NA,-37.989821693907885,NA,NA,242,NA,NA,58,7,327.34,94.97,8.54,0.53,NA,NA,NA,NA,NA,J.D.,McKissic,FA,RB,30,4
weighted,13133,RB,87.2127043090639,34.117902192250924,2.8127043090638892,63.252242393541245,110.19666036151821,-39.177117384843996,-21.243238438656782,-13.576902358065553,245,169,139,59,7,106.07,39.49,5.09,0.62,113.36666666666666,11.771477769969616,131.63333333333333,6.4,4.83421141449151,Samaje,Perine,DEN,RB,28,3
weighted,15714,RB,84.4,NA,0.49093610698366774,NA,NA,-41.989821693907885,NA,NA,253,NA,NA,60,7,181.81,59.23,7.52,0.4,150.494,14.534598171260189,102.506,3.1833333333333336,2.246246251465369,Zamir,White,LVR,RB,24,-2
weighted,15255,RB,83.90906389301634,3.747665940288699,0.40906389301633794,81.2771375064408,86.4337264231305,-42.48075780089155,-3.218343325757232,-37.33983629645327,256,112,194,61,7,154.85,53.68,6.14,0.12,148.78199999999998,15.722983686310934,107.21800000000002,2.6966666666666668,1.9152081407048747,Kenneth,Gainwell,PHI,RB,24,-1
weighted,13136,RB,83.5,NA,0.09999999999999432,NA,NA,-42.88982169390789,NA,NA,257,NA,NA,62,7,343.6,103.46,13.8,0.95,NA,NA,NA,1.1760000000000002,NA,Corey,Clement,ARI,RB,29,3
weighted,16164,RB,83.4,NA,0.09999999999999432,NA,NA,-42.989821693907885,NA,NA,258,NA,NA,63,7,151.55,52.26,9.26,0.63,127.45400000000001,25.52206229911682,130.546,5.268666666666667,4.936470083864471,Tank,Bigsby,JAC,RB,22,-3
weighted,15723,RB,83.30000000000001,NA,0.14115898959882145,NA,NA,-43.08982169390788,NA,NA,259,NA,NA,64,7,252.38,75.64,13.15,0.93,181.41333333333333,18.952045330840214,77.58666666666667,3.104,2.104,Ty,Chandler,MIN,RB,25,-2
weighted,15712,RB,83.15884101040119,22.768838354206828,1.8624814264487384,67.1686467372441,98.4973567593966,-43.2309806835067,-17.326834094953924,-25.27620596018717,260,156,168,65,7,117.26,43.14,5.58,0.42,121.905,28.018057718787954,138.095,2.174666666666667,0.9554912639870424,Tyler,Allgeier,ATL,RB,23,-2
weighted,13850,RB,81.29635958395245,17.218050121892436,1.196359583952443,69.20439590223273,92.89551667985425,-45.09346210995544,-15.291084929965294,-30.87804603972951,266,153,184,66,7,153.74,53.09,7.01,0.41,151.272,14.836084928309084,114.72800000000001,3.2040000000000006,2.711246699705999,Gus,Edwards,BAL,RB,28,2
weighted,16165,RB,80.10000000000001,NA,2.299999999999997,NA,NA,-46.28982169390788,NA,NA,268,NA,NA,67,7,208.49,65.42,9.45,0.65,138.11333333333334,39.443843907791525,129.88666666666666,5.158000000000001,3.8180000000000014,Tyjae,Spears,TEN,RB,22,-3
weighted,16171,RB,77.80000000000001,NA,0.5186478454680667,NA,NA,-48.58982169390788,NA,NA,274,NA,NA,68,7,147.33,51.91,7.07,0.31,128.906,29.574275037606586,145.094,7.2780000000000005,8.27802118061235,Kendre,Miller,NOS,RB,21,-3
weighted,13134,RB,77.28135215453194,28.956022689589116,2.2813521545319446,56.94599639410393,96.78794283531961,-49.108469539375946,-27.549484438094098,-26.985619884264153,276,182,171,69,7,129.21,46.53,6.23,0.6,129.85,18.132270495813074,146.15,4.0873333333333335,3.3036627484589824,D'Onta,Foreman,CHI,RB,27,3
weighted,16181,RB,75,NA,3.0999999999999943,NA,NA,-51.38982169390789,NA,NA,278,NA,NA,70,7,233.05,69.51,10.68,0.79,133.8,48.17999999999999,144.2,4.037000000000001,2.947000000000001,Chase,Brown,CIN,RB,23,-3
weighted,10276,RB,71.9,NA,1.8000000000000114,NA,NA,-54.489821693907885,NA,NA,289,NA,NA,71,8,342.55,101.86,11.95,0.9,NA,NA,NA,NA,NA,Mark,Ingram,FA,RB,34,9
weighted,16173,RB,70.1,NA,2.0999999999999943,NA,NA,-56.289821693907896,NA,NA,294,NA,NA,72,8,304.9,87.21,10.11,0.75,77.48,NA,216.51999999999998,3.9600000000000004,NA,Eric,Gray,NYG,RB,24,-3
weighted,15972,RB,68,NA,0.8412332838038594,NA,NA,-58.38982169390789,NA,NA,306,NA,NA,73,8,292.15,83.64,9.21,0.62,209.8,NA,96.19999999999999,1.4400000000000002,NA,Jordan,Mason,SFO,RB,24,-2
weighted,15261,RB,67.15876671619614,21.1778480965371,3.6587667161961335,52.28589968262301,81.42549176844499,-59.23105497771175,-32.209581149575016,-42.34807095113878,312,193,201,74,8,161.54,55.88,5.7,0.4,152.92000000000002,18.74330920622076,159.07999999999998,2.5573333333333337,1.7253601234396132,Chuba,Hubbard,CAR,RB,24,-1
weighted,15713,RB,63.50000000000001,NA,0.5,NA,NA,-62.889821693907884,NA,NA,322,NA,NA,75,8,170.19,57.81,6.83,0.29,157.54666666666665,6.309386305779312,164.45333333333335,4.337000000000001,3.0070000000000006,Jerome,Ford,CLE,RB,24,-2
weighted,11390,RB,63.00000000000001,NA,0.7440564635958467,NA,NA,-63.389821693907884,NA,NA,326,NA,NA,76,8,282.77,80.44,8.15,0.47,198.25,NA,127.75,1.7240000000000002,0.7240000000000002,Latavius,Murray,BUF,RB,33,7
weighted,11761,RB,62.25594353640416,8.308504678941931,1.0559435364041647,56.421012396354605,67.85307273052516,-64.13387815750373,-28.07446843584342,-55.92048998905861,329,183,219,77,8,132.79,48.82,5.01,0.14,126.07666666666667,8.715018964727244,202.92333333333335,6.244666666666667,5.057624299565514,Jerick,McKinnon,KCC,RB,31,6
weighted,15734,RB,61.199999999999996,NA,2.499999999999993,NA,NA,-65.1898216939079,NA,NA,332,NA,NA,78,8,283.47,82.56,13.6,0.94,222.3,NA,109.69999999999999,4.6080000000000005,NA,Keaontay,Ingram,ARI,RB,24,-2
weighted,14821,RB,58.7,NA,5.400000000000013,NA,NA,-67.68982169390789,NA,NA,350,NA,NA,79,8,298.03,84.71,8.57,0.55,NA,NA,NA,1.008,NA,JaMycal,Hasty,JAC,RB,27,0
weighted,13623,RB,53.29999999999999,NA,0.09999999999998721,NA,NA,-73.08982169390791,NA,NA,368,NA,NA,80,8,350.62,107.53,11.61,0.84,NA,NA,NA,NA,NA,Darrel,Williams,FA,RB,28,2
weighted,13871,RB,53.2,NA,1.2000000000000028,NA,NA,-73.18982169390789,NA,NA,369,NA,NA,81,8,338.15,102.35,11.84,0.88,NA,NA,NA,1,NA,Dontrell,Hilliard,FA,RB,28,2
weighted,14801,RB,52,NA,0.10000000000000853,NA,NA,-74.38982169390789,NA,NA,371,NA,NA,82,8,NA,NA,NA,NA,NA,NA,NA,NA,NA,Eno,Benjamin,NOS,RB,24,0
weighted,16163,RB,51.89999999999999,NA,0.3565378900445708,NA,NA,-74.4898216939079,NA,NA,372,NA,NA,83,8,232.35,69.56,6.63,0.26,140.325,58.075,231.675,3.3200000000000007,2.3200000000000007,Zach,Evans,LAR,RB,22,-3
weighted,13606,RB,51.54346210995542,26.551859633554855,0.15059435364041462,32.89651195600982,69.4304579601038,-74.84635958395248,-51.59896887618821,-54.34310475947997,374,218,218,84,8,288.88,82.44,8.3,0.67,NA,NA,NA,1.8480000000000003,NA,Ronald,Jones,DAL,RB,26,2
weighted,15742,RB,51.392867756315006,37.61808075912432,0.21225854383358467,24.97428591370765,76.7347633416118,-74.99695393759288,-59.52119491849038,-47.03879937797197,375,235,207,85,8,134.76,49.24,4.19,0.62,137.715,5.9213110879263935,237.285,4.604000000000001,4.2811749166165445,Jaylen,Warren,PIT,RB,25,-2
weighted,11886,RB,51.18060921248142,34.542166260962844,0.32013372956908626,27.910842307561367,75.4390250585598,-75.20921248142648,-56.58463852463666,-48.33453766102396,376,229,209,86,8,313,101,15.98,0.97,NA,NA,NA,NA,NA,Damien,Williams,LVR,RB,31,6
weighted,12155,RB,50.860475482912335,10.182337649086286,2.2604754829123337,43.709581149575,57.71993594209041,-75.52934621099556,-40.785899682623025,-66.05362677749335,377,199,239,87,9,334.52,101.69,14.21,0.76,NA,NA,NA,1.3920000000000001,NA,Ameer,Abdullah,LVR,RB,30,5
weighted,13607,RB,48.6,NA,0.8118870728083252,NA,NA,-77.7898216939079,NA,NA,379,NA,NA,88,9,NA,NA,NA,NA,NA,NA,NA,NA,NA,Sony,Michel,FA,RB,28,2
weighted,13378,RB,47.788112927191676,16.61700935788386,0.088112927191673407,36.593854538949685,59.457975207290794,-78.60170876671621,-47.90162629324834,-64.31558751229298,381,208,234,89,9,284.58,81.56,8.28,0.48,224.87,NA,156.13,1.3040000000000003,0.30400000000000016,Matt,Breida,NYG,RB,28,3
weighted,15710,RB,47.7,NA,0.5,NA,NA,-78.68982169390789,NA,NA,382,NA,NA,90,9,260.25,75.09,8.4,0.5,207.44,NA,174.56,0.9680000000000001,0.03199999999999992,Kyren,Williams,LAR,RB,23,-2
weighted,13148,RB,47.2,NA,3.1700594353640525,NA,NA,-79.18982169390789,NA,NA,383,NA,NA,91,9,NA,124,8.04,0.45,NA,NA,NA,NA,NA,Dare,Ogunbowale,HOU,RB,29,3
weighted,14798,RB,44.02994056463595,22.521350980791535,1.4299405646359489,28.21355275096971,59.201733316359686,-82.35988112927194,-56.281928081228315,-64.57182940322409,387,228,235,92,9,266.27,76.93,10.24,0.73,187.815,12.824999999999989,199.185,2.7200000000000006,1.7200000000000006,Zack,Moss,IND,RB,26,0
weighted,15709,RB,42.6,NA,0.20995542347696983,NA,NA,-83.7898216939079,NA,NA,389,NA,NA,93,9,256.18,73.68,8.08,0.46,NA,NA,NA,0.8160000000000002,NA,Isaiah,Spiller,LAC,RB,22,-2
weighted,13814,RB,42.39004457652303,22.839549032325483,0.4682020802377451,27.00389368544999,58.42989783810607,-83.99977711738487,-57.49158714674803,-65.3436648814777,390,231,236,94,9,274.24,78.32,8.36,0.61,NA,NA,NA,1.2720000000000002,NA,Boston,Scott,PHI,RB,28,2
weighted,14810,RB,41.92184249628529,8.131727983645295,0.22184249628528363,36.44380115735836,47.63262616526997,-84.46797919762261,-48.05167967483967,-76.1409365543138,391,209,241,95,9,315.13,92.42,12.01,0.58,221.63,NA,169.37,2.7600000000000002,NA,Ke'Shawn,Vaughn,TBB,RB,26,0
weighted,14081,RB,41.7,NA,0.4729569093610735,NA,NA,-84.68982169390789,NA,NA,393,NA,NA,96,9,341.59,99.02,6.98,0.3,NA,NA,NA,NA,NA,Myles,Gaskin,MIA,RB,26,1
weighted,14807,RB,41.22704309063893,8.06101730552664,0.9270430906389251,35.565918410080215,46.65744928748824,-85.16277860326896,-48.92956242211781,-77.11611343209552,394,213,243,97,9,208.82,64.88,7.19,0.24,178.86333333333334,12.861706297723051,215.13666666666666,3.701,2.6109999999999998,Joshua,Kelley,LAC,RB,26,0
weighted,14076,RB,40.300000000000004,NA,0.20000000000000284,NA,NA,-86.08982169390788,NA,NA,396,NA,NA,98,9,307.63,90.28,13.96,0.96,135.87,NA,260.13,3.1680000000000006,NA,Trayveon,Williams,CIN,RB,26,1
weighted,12164,RB,40.1,NA,0.03729569093611218,NA,NA,-86.2898216939079,NA,NA,397,NA,NA,99,9,NA,132.33,1.25,0.01,NA,NA,NA,NA,NA,Mike,Davis,FA,RB,30,5
weighted,15277,RB,40.06270430906389,10.323759005323593,2.1627043090638907,32.812491998874656,47.01743505239722,-86.327117384844,-51.68298883332337,-76.75612766718655,398,219,242,100,9,320.05,95.04,12.68,0.65,174.515,15.24499999999999,223.485,2.994,1.8540000000000005,Deon,Jackson,IND,RB,24,-1
weighted,15275,RB,37.9,NA,4.899999999999999,NA,NA,-88.489821693907885,NA,NA,405,NA,NA,101,9,323.92,92.1,8.35,0.49,NA,NA,NA,1.8960000000000004,NA,Chris,Evans,CIN,RB,26,-1
weighted,15973,RB,33,NA,1,NA,NA,-93.38982169390789,NA,NA,411,NA,NA,102,9,316.32,100.08,16.06,0.98,NA,NA,NA,0.43200000000000005,NA,Raheem,Blackshear,CAR,RB,25,-2
weighted,14727,RB,32,NA,0.09999999999999787,NA,NA,-94.38982169390789,NA,NA,416,NA,NA,103,9,349.1,109.27,9.75,0.69,NA,NA,NA,NA,NA,Craig,Reynolds,DET,RB,27,1
weighted,15720,RB,31.900000000000002,NA,0.6716939078751913,NA,NA,-94.489821693907885,NA,NA,418,NA,NA,104,9,319.77,90.47,8.06,0.45,NA,NA,NA,NA,NA,Hassan,Haskins,TEN,RB,24,-2
weighted,12261,RB,31.22830609212481,12.480434687942559,0.2768945022288243,22.82070351542391,39.99311754930564,-95.16151560178308,-61.67477731677411,-83.78044517027813,421,239,245,105,9,329.65,101.5,16.39,0.86,NA,NA,NA,1.5120000000000002,NA,Ty,Montgomery,NEP,RB,30,5
weighted,11367,RB,30.951411589895987,6.4346717087975795,4.151411589895986,26.432443643134203,35.28620951895991,-95.43841010401191,-58.06303718906382,-88.48735320062386,423,233,246,106,10,373,118.1,13.48,0.63,NA,NA,NA,NA,NA,Kyle,Juszczyk,SFO,RB,32,7
weighted,16391,RB,26.8,NA,0.8000000000000007,NA,NA,-99.5898216939079,NA,NA,431,NA,NA,107,10,NA,NA,NA,NA,NA,NA,NA,NA,NA,Hunter,Luepke,DAL,RB,23,-3
weighted,15040,RB,26,NA,0.29999999999999716,NA,NA,-100.38982169390789,NA,NA,432,NA,NA,108,10,NA,NA,NA,NA,NA,NA,NA,NA,NA,Ty'Son,Williams,ARI,RB,27,0
weighted,14815,RB,25.700000000000003,NA,1.028900445765231,NA,NA,-100.68982169390789,NA,NA,433,NA,NA,109,10,333.97,95.98,7.55,0.4,NA,NA,NA,2.9520000000000004,NA,DeeJay,Dallas,SEA,RB,25,0
weighted,14823,RB,24.67109955423477,0.2474873734152926,0.27109955423477317,24.50437655696308,24.84490601372561,-101.71872213967312,-59.991104275234946,-98.92865670585816,434,236,250,110,10,300.5,107.29,17.08,0.75,NA,NA,NA,2.1600000000000006,NA,Rico,Dowdle,DAL,RB,25,0
weighted,15738,RB,24.4,NA,0.09999999999999787,NA,NA,-101.98982169390788,NA,NA,435,NA,NA,111,10,260.23,76.64,13.76,0.95,174.965,45.935,260.03499999999997,7.536000000000001,NA,Malik,Davis,DAL,RB,25,-2
weighted,16359,RB,24.3,NA,0.29999999999999716,NA,NA,-102.0898216939079,NA,NA,436,NA,NA,112,10,343,110.67,8.99,0.6,NA,NA,NA,2.5440000000000005,NA,Lew,Nichols,GBP,RB,22,-3
weighted,16174,RB,24.000000000000004,NA,0.3000000000000007,NA,NA,-102.38982169390789,NA,NA,438,NA,NA,113,10,320.33,96.5,13.49,0.93,84.23,NA,353.77,4.272000000000001,NA,Chris,Rodriguez,WAS,RB,23,-3
weighted,16180,RB,23.700000000000003,NA,0.20000000000000284,NA,NA,-102.68982169390789,NA,NA,439,NA,NA,114,10,279.35,80.79,10.86,0.81,143.495,57.945,295.505,6.024,NA,Evan,Hull,IND,RB,23,-3
weighted,15743,RB,23.5,NA,0.09999999999999787,NA,NA,-102.88982169390789,NA,NA,440,NA,NA,115,10,NA,NA,NA,NA,NA,NA,NA,NA,NA,Sincere,McCormick,LVR,RB,23,-2
weighted,15953,RB,23.5,NA,0,NA,NA,-102.88982169390789,NA,NA,440,NA,NA,115,10,NA,110.5,10.5,0.78,NA,NA,NA,NA,NA,Brittain,Brown,LVR,RB,26,-2
weighted,15746,RB,23.400000000000002,NA,0.10000000000000142,NA,NA,-102.98982169390788,NA,NA,441,NA,NA,116,10,301.08,85.92,10.1,0.74,NA,NA,NA,1.3440000000000003,NA,Tyrion,Davis-Price,SFO,RB,23,-2
weighted,15960,RB,23.3,NA,0.5397473997028257,NA,NA,-103.0898216939079,NA,NA,442,NA,NA,117,10,NA,135.8,10.85,0.8,NA,NA,NA,NA,NA,Zander,Horvath,LAC,RB,25,-2
weighted,15725,RB,22.760252600297175,5.409366876077087,0.1602526002971736,18.96133998571172,26.40434096923553,-103.62956909361071,-65.53414084648631,-97.36922175034823,443,242,249,118,10,353.5,120.63,8.69,0.28,NA,NA,NA,NA,NA,Snoop,Conner,JAC,RB,24,-2
weighted,16170,RB,22.6,NA,0.10000000000000142,NA,NA,-103.7898216939079,NA,NA,444,NA,NA,119,10,316.88,91.29,12.16,0.91,91.71,NA,352.29,3.9360000000000004,NA,Kenny,McIntosh,SEA,RB,23,-3
weighted,12845,RB,22.5,NA,0.2043090638930174,NA,NA,-103.88982169390789,NA,NA,445,NA,NA,120,10,NA,NA,NA,NA,NA,NA,NA,NA,NA,Dwayne,Washington,NOS,RB,29,4
weighted,16176,RB,22.5,NA,0,NA,NA,-103.88982169390789,NA,NA,445,NA,NA,120,10,290.47,83.91,9.89,0.7,149.31,64.65,295.69,4.152,NA,Deuce,Vaughn,DAL,RB,22,-3
weighted,14331,RB,22.295690936106983,2.8991378028648427,0.19569093610698118,20.259672410642885,24.24873176128963,-104.09413075780091,-64.23580842155513,-99.52483095829413,447,241,251,121,10,271.09,78.92,10.82,0.37,206.1,NA,240.9,1.2920000000000003,0.29200000000000015,D'Ernest,Johnson,JAC,RB,27,1
weighted,12630,RB,22.1,NA,0.20000000000000284,NA,NA,-104.2898216939079,NA,NA,448,NA,NA,122,10,325.81,93.9,9.39,0.64,NA,NA,NA,2.5920000000000005,NA,Kenyan,Drake,IND,RB,29,4
weighted,15462,RB,21.9,NA,1.0999999999999979,NA,NA,-104.48982169390788,NA,NA,449,NA,NA,123,10,350.67,120.17,15.36,0.98,NA,NA,NA,NA,NA,Gary,Brightwell,NYG,RB,24,-1
weighted,14072,RB,20.8,NA,0.40000000000000213,NA,NA,-105.5898216939079,NA,NA,450,NA,NA,124,10,NA,NA,NA,NA,NA,NA,NA,NA,NA,Benny,Snell,DET,RB,25,1
weighted,11193,RB,20.4,NA,0.1999999999999993,NA,NA,-105.98982169390788,NA,NA,451,NA,NA,125,10,NA,NA,NA,NA,NA,NA,NA,NA,NA,Giovani,Bernard,FA,RB,32,7
weighted,10932,RB,20.2,NA,0.6128528974739957,NA,NA,-106.18982169390789,NA,NA,452,NA,NA,126,10,337.8,117.22,14.51,0.96,NA,NA,NA,NA,NA,Brandon,Bolden,LVR,RB,33,8
weighted,14083,RB,19.587147102526004,10.288403666264267,0.5871471025260036,12.361764286549743,26.518060274820517,-106.80267459138189,-72.13371654564828,-97.25550244476325,453,244,248,127,10,377.71,117.21,11.95,0.61,NA,NA,NA,NA,NA,Travis,Homer,CHI,RB,25,1
weighted,14095,RB,19,NA,2.5,NA,NA,-107.38982169390789,NA,NA,454,NA,NA,128,10,353.44,110.13,11.61,0.84,NA,NA,NA,NA,NA,Ty,Johnson,FA,RB,26,1
weighted,15414,RB,16.5,NA,3.5999999999999996,NA,NA,-109.88982169390789,NA,NA,455,NA,NA,129,10,332.21,98.17,11.01,0.81,NA,NA,NA,1.1280000000000001,NA,Kene,Nwangwu,MIN,RB,25,-1
weighted,15454,RB,12.9,NA,4,NA,NA,-113.48982169390788,NA,NA,456,NA,NA,130,11,NA,123.33,8.18,0.48,NA,NA,NA,NA,NA,Avery,Williams,ATL,RB,25,-1
weighted,12040,RB,8.9,NA,0,NA,NA,-117.48982169390788,NA,NA,457,NA,NA,131,11,NA,133.67,10.21,0.76,NA,NA,NA,NA,NA,Keith,Smith,ATL,RB,31,6
weighted,14836,WR,188.60234769687963,2.687005768508888,0.27842496285290963,186.7153061366934,190.4124830958294,75.59848439821693,90.97713198114472,66.01669647592637,8,7,14,1,1,1.72,1.19,0.46,0.01,2.015,0.5560500576986452,5.984999999999999,52.647999999999996,10.83599532422687,Justin,Jefferson,MIN,WR,24,0
weighted,13164,WR,188.32392273402672,11.172287142747455,7.324442793462083,180.7975702857619,196.17004290532742,75.32005943536402,85.05939613021322,71.77425628542439,10,10,11,2,1,9.42,4.34,1.64,0.17,9.04,2.8192197502145877,0.9600000000000009,42.334,7.060203396503532,Cooper,Kupp,LAR,WR,30,3
weighted,15281,WR,180.99947994056464,11.136931803688121,15.020802377414554,173.49694506333864,188.82077061765233,67.99561664190193,77.75877090778995,64.4249839977493,14,13,16,3,2,3.79,2.12,0.68,0.12,4.306666666666667,0.7076643900104687,9.693333333333333,48.33266666666667,10.933499632881603,Ja'Marr,Chase,CIN,WR,23,-1
weighted,14136,WR,165.9786775631501,28.319626586521228,1.090111441307613,146.90080316106105,185.86710242774456,52.97481426448738,51.16262900551236,61.47131580784152,17,32,17,4,2,34.64,16.32,3.6,0.68,39.94166666666666,3.6750574447513356,-22.941666666666663,20.107333333333333,5.603765480063881,Deebo,Samuel,SFO,WR,27,1
weighted,12186,WR,164.88856612184247,2.1531401487130277,2.04433878157505,163.43807604557878,166.40068231941277,51.884702823179765,67.69990189003009,42.00489569950973,19,19,30,5,2,12.23,5.82,1.32,0.01,13.678333333333333,2.291029002192877,5.321666666666667,43.094,6.31813411274774,Stefon,Diggs,BUF,WR,30,5
weighted,11675,WR,162.84422734026742,9.627258825854849,3.6661441307578,156.08315606607385,169.32975193413617,49.840364041604715,60.34498191052516,44.933965314233134,21,24,28,6,3,15.1,7.61,2.03,0.15,16.993333333333332,2.306358360899036,4.006666666666668,39.67866666666667,6.581274716108493,Davante,Adams,LVR,WR,31,6
weighted,12801,WR,159.17808320950962,6.540737725975543,0.4292719167904693,154.58462678010895,163.58433385169,46.174219910846915,58.84645262456026,39.188547231786956,26,26,32,7,3,8.02,3.45,0.99,0.04,9.128333333333334,1.7412200384277174,16.871666666666666,45.48866666666667,5.468527244352194,Tyreek,Hill,MIA,WR,29,4
weighted,14832,WR,158.74881129271915,1.6617009357884025,0.10658246656760184,157.62938545389497,159.91579752072911,45.744947994056446,61.89121129834628,35.52001090082608,27,23,34,8,3,13.7,6.72,1.54,0.01,15.155000000000001,2.2397749142864036,11.844999999999999,36.942,4.576858602433184,CeeDee,Lamb,DAL,WR,24,0
weighted,14104,WR,158.64222882615155,19.176735905779168,14.29422734026744,145.17471116503293,171.56087935760362,45.638365527488844,49.43653700948424,47.16509273770059,28,34,26,9,4,13.05,6.36,1.65,0.4,15.138333333333334,1.2288397870439502,12.861666666666666,34.70733333333334,3.813222725668611,A.J.,Brown,PHI,WR,26,1
weighted,14835,WR,144.3480014858841,14.244666107003004,1.324004457652336,134.75190211434645,154.35180470429248,31.344138187221404,39.01372795879776,29.95601808438944,38,43,42,10,4,27.53,13.68,2.02,0.29,33.22833333333333,3.7043416719063895,4.771666666666668,22.735333333333333,2.8374572341368527,Tee,Higgins,CIN,WR,24,0
weighted,13635,WR,143.02399702823178,9.581296885077705,3.9656017830609187,136.56943527671353,149.75278995994853,30.020133729569068,40.83126112116484,25.357003340045495,40,41,49,11,4,44.74,20.32,4.57,0.29,54.06,6.969086501591631,-14.060000000000002,15.282,6.839838789523236,D.J.,Moore,CHI,WR,26,2
weighted,15284,WR,139.05839524517086,13.222896808188448,0.804457652303114,129.77216440951753,147.96616681368687,26.05453194650815,34.03399025396884,23.570380193783834,45,47,50,12,4,20.87,10.8,0.94,0.2,23.773333333333333,1.4136909924811087,21.226666666666667,27.216,3.5421545232621736,Jaylen,Waddle,MIA,WR,25,-1
weighted,15287,WR,138.25393759286774,12.940054095713805,1.6231054977711779,129.16634271091823,146.9711685930732,25.250074294205035,33.42816855536954,22.575381973170167,47,50,54,13,4,17.45,8.72,1.61,0.22,20.64,3.706746102266335,26.36,31.41,3.895749820851776,Amon-Ra,St. Brown,DET,WR,24,-1
weighted,14833,WR,136.63083209509657,5.9750523010263175,3.7308320950965594,132.60566258953725,140.82701661708964,23.626968796433857,36.867488433988555,16.431229997186605,50,44,66,14,4,47.6,21.58,3.98,0.13,58.26833333333333,6.7327963894820275,-8.26833333333333,12.731333333333334,5.5390243023679036,Jerry,Jeudy,DEN,WR,24,0
weighted,13629,WR,132.9,NA,0.40311292719169955,NA,NA,19.896136701337298,NA,NA,54,NA,NA,15,4,44.29,20.39,4.41,0.12,39.660000000000004,3.6883645879079436,14.339999999999996,24.346000000000004,11.38156134573226,Calvin,Ridley,JAC,WR,29,2
weighted,11222,WR,132.4968870728083,14.315376785121654,0.2445839524517055,122.85315255919303,142.55034927964263,19.4930237741456,27.114978403644344,18.154562659739597,58,53,62,16,4,47.71,21.69,2.95,0.33,50.07333333333333,5.842561272440557,7.926666666666669,20.111333333333334,7.096090253716402,Keenan,Allen,LAC,WR,31,7
weighted,11671,WR,132.2523031203566,22.06173157302027,1.3426597325408807,117.39013879213745,147.74590750925415,19.248439821693893,21.651964636588758,23.350120889351118,59,65,51,17,5,67.79,30.43,4.42,0.59,78.13666666666667,7.422321439789274,-19.13666666666667,11.341333333333335,8.211721919846587,Mike,Evans,TBB,WR,30,6
weighted,15282,WR,130.90964338781572,6.63973267534168,0.22563893016342718,126.2466643746187,135.3825832289048,17.905780089153012,30.508490219070012,10.986796609001757,61,51,71,18,5,34.17,16.05,1.98,0.06,31.368333333333332,4.259528208094831,29.631666666666668,22.171333333333333,2.884115731997513,DeVonta,Smith,PHI,WR,25,-1
weighted,13154,WR,130.6840044576523,23.698683771467124,0.2221448047670549,114.71908659033612,147.3272144286107,17.680141158989585,18.980912434787427,22.931427808707653,62,68,53,19,5,60.49,27.01,4.71,0.63,65.77,10.316921375423323,-3.769999999999996,10.867333333333335,6.266439783126906,Mike,Williams,LAC,WR,29,3
weighted,14109,WR,130.46185965288524,18.45942345970951,0.2411984344602729,118.02643571735469,143.4256201530643,17.45799635422253,22.288261561805996,19.029833533161266,63,61,59,20,5,49.09,21.99,2.81,0.43,54.01,7.107770395841443,8.990000000000002,15.086666666666668,6.014079776287938,Terry,McLaurin,WAS,WR,28,1
weighted,12175,WR,130.22066121842496,18.91864193064607,2.309316493313517,116.93439886506107,142.96544348129368,17.216797919762257,21.19622470951238,18.56965686139064,64,66,61,21,5,32.14,15.18,2.98,0.44,42.325,5.83798409841388,21.674999999999997,18.877333333333336,3.0802966668091503,Amari,Cooper,CLE,WR,29,5
weighted,14102,WR,127.91134472511145,9.273705435261576,0.07456909361069108,121.66399584163085,134.42412105717528,14.90748142644874,25.92582168608216,10.02833443727225,66,56,73,22,5,35.72,16.59,2.4,0.16,37.88666666666667,5.21654632449052,28.11333333333333,23.250666666666667,6.0467347294956575,DK,Metcalf,SEA,WR,26,1
weighted,15753,WR,127.83677563150076,26.127595564842917,2.8020059435364146,109.48777940811088,145.43796062918338,14.832912332838049,13.74960525256219,21.042174009280345,67,73,56,23,5,18.99,9.64,1.78,0.57,22.111666666666665,4.8374904536225065,44.888333333333335,31.218000000000004,4.9000933324444595,Garrett,Wilson,NYJ,WR,23,-2
weighted,14105,WR,125.03476968796434,16.829141392239837,1.8900248269579834,113.69760587348948,136.85360893334132,12.030906389301634,17.959431717940788,12.457822313438285,68,69,69,24,5,73.95,33.31,4.49,0.46,93.29166666666667,14.138537662085927,-25.29166666666667,9.144000000000002,6.649718189517509,Marquise,Brown,ARI,WR,26,1
weighted,13633,WR,123.14474486100636,2.1049573951809313,3.825888991764188,121.66646664750925,124.56277601633678,10.140881562343651,25.928292491960562,0.166989396433749,69,55,95,25,5,63.8,28.69,3.99,0.05,74.34333333333333,8.353499599303008,-5.343333333333334,10.358,6.370742081317269,Christian,Kirk,JAC,WR,27,2
weighted,15754,WR,119.31885586924217,13.569379130969832,2.37509658246654,109.7892959903017,128.46003963393852,6.314992570579463,14.051121834753005,4.0642530140354864,74,72,86,26,6,26.97,13.32,1.81,0.27,31.871666666666666,7.21936843190286,42.12833333333333,24.39666666666667,2.273211140411045,Chris,Olave,NOS,WR,23,-2
weighted,11674,WR,116.94375928677563,14.672465709620859,0.19809063893015377,107.05946730566835,127.24799938516104,3.939895988112923,11.321293150119658,2.8522127652580025,79,77,90,27,6,95.76,41.45,3.46,0.36,102.27666666666667,6.842203998387918,-23.27666666666667,7.831333333333334,6.05082833631525,Brandin,Cooks,DAL,WR,30,6
weighted,13630,WR,116.74566864784548,35.648788373519785,0.19462852897474647,92.73041176941057,141.78124766279004,3.741805349182769,-3.0077623861381255,17.385461042887002,80,111,65,28,6,97.07,42.62,4.77,0.79,114.15,19.38965531754841,-34.150000000000006,7.105333333333334,5.771045274086451,Courtland,Sutton,DEN,WR,28,2
weighted,14840,WR,116.55104011887073,1.5202795795510808,1.1368647845468018,115.52688456420178,117.61870837002873,3.5471768202080227,19.78871040865309,-6.777078249874307,83,67,116,29,6,57.08,26.01,4.27,0.05,74.36166666666666,8.05059090308835,8.638333333333335,9.153333333333334,3.700246238052574,Brandon,Aiyuk,SFO,WR,25,0
weighted,15751,WR,115.41417533432393,8.513565645486034,0.28720653789005723,109.4352331278391,121.14944644047004,2.410312035661221,13.697058972290407,-3.246340179432991,87,74,107,30,6,58.05,26.19,3.5,0.19,66.48,7.073000306329227,20.519999999999996,11.032666666666668,2.952612553127974,Drake,London,ATL,WR,22,-2
weighted,14842,WR,115.12696879643387,41.11825932599772,0.04487369985142209,87.42713367829465,144.00367056612595,2.1231054977711636,-8.31104047725404,19.607883946222913,90,129,57,31,6,77.09,34.16,4.45,0.85,87.85166666666666,18.065212810506523,2.1483333333333405,8.366,3.9540888541693997,Michael,Pittman,IND,WR,26,0
weighted,12187,WR,115.08209509658245,2.7223611075682035,0.21044576523031822,113.24814212659388,116.99396615098168,2.0782317979197416,17.509967971045185,-7.401820468921358,91,70,117,32,6,62.43,28.11,5.08,0.1,72.25,10.716852771841802,18.75,12.391333333333334,5.02878284367986,Tyler,Lockett,SEA,WR,31,5
weighted,12652,WR,114.87164933135213,17.02713129097207,0.08821693907873396,103.40110711905993,126.82953374432181,1.8677860326894233,7.662932963511238,2.4337471244187725,92,81,91,33,6,114.8,50.16,6.41,0.54,108.37166666666667,7.133812483907573,-16.37166666666667,7.932666666666667,6.211499085477587,Michael,Thomas,NOS,WR,30,4
weighted,14208,WR,114.7834323922734,21.672822843367694,1.7012927191678955,100.18326134548118,130.00391234482822,1.7795690936106894,4.445087189932494,5.608125724925188,93,88,83,34,6,73.23,32.89,3.76,0.54,89.05333333333333,9.735492911107388,3.9466666666666725,10.023333333333335,6.616717883932757,Diontae,Johnson,PIT,WR,27,1
weighted,11232,WR,113.0821396731055,26.78520487134643,0.0782763744427939,94.27131485735424,131.12633149211007,0.0782763744427939,-1.46685929819445,6.730544872207034,95,104,80,35,6,54,24.11,4.78,0.68,55.425,5.250500769767902,39.575,16.631333333333334,5.914404187142514,DeAndre,Hopkins,TEN,WR,31,7
weighted,13163,WR,113.00386329866271,12.44507934888323,2.300579494799422,104.62007829300062,121.74384526163055,0,8.881904137451926,-2.651941358272481,96,80,105,36,6,67.91,30.65,3.66,0.32,74.805,10.659671273855805,21.194999999999993,12.199333333333334,6.685203628578232,Chris,Godwin,TBB,WR,27,3
weighted,15755,WR,110.70328380386329,11.856160415409295,1.4032838038632889,102.37689027307161,118.69033612622174,-2.300579494799422,6.638716117522918,-5.7054504936812975,102,83,113,37,6,76.23,34.28,4.4,0.34,92.86333333333333,10.889081177440492,9.13666666666667,5.510000000000001,3.268465491123728,Jahan,Dotson,WAS,WR,23,-2
weighted,16186,WR,109.3,NA,0.8149331352154547,NA,NA,-3.7038632986627107,NA,NA,107,NA,NA,38,6,88.36,39.55,5.98,0.3,99.14833333333333,28.90677049681537,7.851666666666674,14.262666666666666,14.830000704278097,Jordan,Addison,MIN,WR,21,-3
weighted,14974,WR,108.48506686478454,34.25932354848821,0.28707280832095705,85.405840528175,132.5448467571591,-4.518796433878165,-10.332333627373686,8.149060137256058,109,133,77,39,6,133.94,57.07,7.58,0.83,147.67000000000002,21.79317691388752,-38.670000000000016,2.208,1.3415692304163809,Darnell,Mooney,CHI,WR,26,0
weighted,15789,WR,108.19799405646359,52.219835790626526,2.1602653085164434,71.52483110389682,143.37654648079004,-4.8058692421991225,-24.213343051651876,18.980759860887005,110,177,60,40,6,47.94,21.84,4.86,0.92,59.685,9.843235833132653,50.315,9.640666666666666,3.9920154753652395,Christian,Watson,GBP,WR,24,-2
weighted,15762,WR,106.03772874794714,15.856404366278602,0.3732710956440286,94.90202729729825,116.71959596976205,-6.966134550715566,-0.8361468582504443,-7.676190650140981,120,101,118,41,6,80.57,36.03,4.48,0.43,86.14833333333333,11.75924376347769,33.851666666666674,6.758666666666667,3.366153624275372,George,Pickens,PIT,WR,22,-2
weighted,15293,WR,105.66445765230311,18.752471837067233,0.1396210995542333,93.03161797331684,118.83402138286603,-7.3394056463595945,-2.70655618223185,-5.561765237037008,123,110,112,42,6,106.8,46.38,6.83,0.6,124.76833333333333,24.05914892971533,-1.7683333333333309,2.7233333333333336,2.0667903188814836,Rashod,Bateman,BAL,WR,24,-1
weighted,13156,WR,105.52483655274888,24.914907435107995,0.6210475482912585,88.74059424169754,123.02218112463366,-7.479026745913828,-6.997579913851155,-1.3736054952693735,124,123,100,43,6,112.95,48.64,6.45,0.69,117.49333333333334,13.863836249593962,6.506666666666661,5.196000000000001,4.779872243759939,JuJu,Smith-Schuster,NEP,WR,27,3
weighted,13632,WR,104.90378900445762,14.03606960655296,0.30638930163445366,95.448213302049,114.76109820700945,-8.100074294205086,-0.2899608534996929,-9.634688412893581,128,98,128,44,6,125.87,54.03,6.12,0.46,129.86833333333334,8.549410148594404,-1.8683333333333394,3.7993333333333337,3.376522997930795,Allen,Lazard,NYJ,WR,28,2
weighted,15289,WR,104.59739970282317,8.09637264458597,0.7965824665675996,99.14317593493506,110.28335387759488,-8.40646359583954,3.4050017793863674,-14.112432742308158,129,91,140,45,6,111.66,49.2,8.03,0.4,110.58500000000001,13.072806061949109,18.414999999999992,4.590666666666667,2.4735751903312386,Kadarius,Toney,KCC,WR,24,-1
weighted,15288,WR,103.80081723625557,30.087393539487596,1.0216196136701399,83.53206428222592,124.93071681149888,-9.20304606240714,-12.206109873322774,0.5349301915958478,133,139,92,46,7,103.58,45.31,5.86,0.74,115.378,9.218109133656425,17.622,4.858,2.8604675608485177,Elijah,Moore,CLE,WR,23,-1
weighted,11938,WR,102.77919762258543,17.1826947828331,0.6791976225854199,91.20385809772245,114.84633181009218,-10.22466567607728,-4.534316057826246,-9.549454809810854,135,116,127,47,7,153.62,64.04,8.25,0.62,136.33833333333334,6.97446393798278,-1.3383333333333383,4.562,3.975153833501291,Adam,Thielen,CAR,WR,33,6
weighted,13277,WR,102.10000000000001,NA,0.025928677563157976,NA,NA,-10.9038632986627,NA,NA,140,NA,NA,48,7,313.56,121.78,14.47,0.83,NA,NA,NA,NA,NA,Kenny,Golladay,FA,WR,30,3
weighted,13793,WR,102.07407132243685,31.784449814335314,0.07407132243686476,80.66207495854418,124.39578661990303,-10.929791976225857,-15.07609919700451,0,141,152,96,49,7,181.21,71.71,9.75,0.85,171.26,23.708670706445496,-30.25999999999999,3.894,2.5140000000000002,Marquez,Valdes-Scantling,KCC,WR,29,2
weighted,16190,WR,101.99999999999999,NA,0.9981426448736812,NA,NA,-11.003863298662722,NA,NA,142,NA,NA,50,7,108.08,46.73,7.06,0.38,114.65833333333333,29.81394775194247,27.34166666666667,11.35266666666667,11.922110588687262,Zay,Flowers,BAL,WR,23,-3
weighted,15752,WR,101.0018573551263,7.813529932111346,1.0018573551263046,95.73817415554869,106.48917557619419,-12.002005943536403,0,-17.90661104370885,146,96,155,51,7,88.58,39.07,5.39,0.28,109.2,18.034319135100905,36.8,3.8713333333333333,2.051215141216434,Treylon,Burks,TEN,WR,23,-2
weighted,16185,WR,100,NA,0.5000000000000142,NA,NA,-13.003863298662708,NA,NA,150,NA,NA,52,7,89.78,39.86,5.48,0.24,95.11333333333333,25.873935834262934,54.88666666666667,18.77666666666667,20.849435377380264,Jaxon,Smith-Njigba,SEA,WR,21,-3
weighted,11679,WR,99.49999999999999,NA,1.0900445765230273,NA,NA,-13.503863298662722,NA,NA,152,NA,NA,53,7,127.14,54.47,6.7,0.36,112.262,7.920155048987366,39.738,6.1673333333333344,5.136528096768177,Odell,Beckham,BAL,WR,31,6
weighted,14123,WR,98.40995542347696,24.748737341529164,1.0863818722139769,81.73765569630804,115.79060137256077,-14.59390787518575,-14.000518459240652,-8.605185247342263,153,144,120,54,7,198.29,77.49,7.64,0.71,183.70333333333332,20.577337588284408,-30.70333333333332,2.5200000000000005,1.3200000000000005,Hunter,Renfrow,LVR,WR,28,1
weighted,13668,WR,97.32357355126298,4.373455441638797,0.4871322436849823,94.37734001376185,100.39498198540824,-15.680289747399726,-1.3608341417868388,-24.0008046344948,155,103,164,55,7,138.52,58.73,7.65,0.29,142.325,26.96619782245914,12.675000000000011,3.5493333333333332,3.295631586745636,D.J.,Chark,CAR,WR,27,2
weighted,14127,WR,96.836441307578,4.826003781598188,0.36268202080238154,93.58534286078006,100.22566726764934,-16.16742199108471,-2.1528312947686317,-24.170119352253693,158,108,166,56,7,120.63,51.77,6.25,0.22,133.06833333333333,16.821988999190584,24.931666666666672,2.922,2.2449843355058556,Jakobi,Meyers,LVR,WR,27,1
weighted,15290,WR,96.47375928677562,0.39597979746446815,1.5198959881129213,96.20700249114093,96.75184962196099,-16.53010401188709,0.46882833559223513,-27.64393699794205,159,94,176,57,7,126.2,53.95,6.68,0.11,139.63,12.469457085214257,19.370000000000005,3.0000000000000004,1.9972647963318904,Nico,Collins,HOU,WR,24,-1
weighted,14841,WR,94.9538632986627,36.23922253581055,0.35300148588409286,70.54085298387963,120.40409486696397,-18.05000000000001,-25.19732117166906,-3.9916917529390616,165,178,109,58,7,189.93,74.11,8.24,0.86,175.30666666666667,25.49349764591399,-10.306666666666672,2.1790000000000003,0.7490000000000002,Chase,Claypool,CHI,WR,25,0
weighted,11678,WR,94.6008618127786,48.168113934427616,0.40086181277858657,62.15180302950011,128.42856472853828,-18.403001485884104,-33.58637112604858,4.032778108635242,166,195,87,59,7,223.83,85.82,8.85,0.93,206.85,NA,-40.849999999999994,2.3720000000000003,1.3720000000000003,Allen,Robinson,PIT,WR,30,6
weighted,16188,WR,94.20000000000002,NA,0.34465081723628543,NA,NA,-18.80386329866269,NA,NA,168,NA,NA,60,7,101.97,46.17,5.5,0.24,119.59333333333333,30.092235248020746,48.406666666666666,13.73266666666667,16.041240212513358,Quentin,Johnston,LAC,WR,22,-3
weighted,12650,WR,93.85534918276373,4.41941738241592,0.3553491827637174,90.87815280291214,96.95903595938584,-19.148514115898976,-4.860021352636551,-27.43675066051719,171,117,175,61,7,138.73,59.28,5.13,0.16,147.77833333333334,16.551474674145776,23.221666666666664,3.8880000000000003,3.804911913128433,Tyler,Boyd,CIN,WR,29,4
weighted,13724,WR,93.50000000000001,NA,2.690334323922741,NA,NA,-19.503863298662694,NA,NA,172,NA,NA,62,7,257.1,95.61,10.2,0.64,187.61666666666667,13.369079582712072,-15.616666666666674,2.5450000000000004,1.2950000000000004,Richie,James,KCC,WR,28,2
weighted,13646,WR,90.80966567607727,26.194770709055646,1.7296656760772748,73.1632272934209,109.20583793847182,-22.194197622585435,-22.57494686212779,-15.189948681431218,179,174,144,63,7,148.64,61.47,6.35,0.7,156.882,21.654786445495134,22.117999999999995,3.135333333333334,2.68973670747818,Michael,Gallup,DAL,WR,27,2
weighted,13652,WR,89.08,NA,0.1599999999999966,NA,NA,-23.92386329866271,NA,NA,183,NA,NA,64,7,338.08,130.41,14.25,0.82,NA,NA,NA,NA,NA,Cedrick,Wilson,MIA,WR,28,2
weighted,11680,WR,88.92,NA,0.0421545319465082,NA,NA,-24.083863298662706,NA,NA,186,NA,NA,65,7,331.5,120.42,8.88,0.54,214.43,NA,-28.430000000000007,NA,NA,Jarvis,Landry,FA,WR,31,6
weighted,12176,WR,88.8778454680535,8.068088373338503,0.17784546805349066,83.44267575699644,94.5439360474548,-24.126017830609214,-12.295498398552255,-29.851850572448228,187,140,181,66,7,197.63,77.52,9.01,0.43,179.405,21.805000000000007,7.594999999999999,3.1690000000000005,1.9190000000000005,DeVante,Parker,NEP,WR,30,5
weighted,16197,WR,88.7,NA,0.27745913818722556,NA,NA,-24.303863298662705,NA,NA,188,NA,NA,67,8,194.14,76.29,14.24,0.82,140.222,35.46061217745684,47.77799999999999,6.356666666666667,7.300202432505251,Jonathan,Mingo,CAR,WR,22,-3
weighted,10738,WR,88.42254086181278,21.729391385862606,1.4225408618127773,73.78426170135847,103.68274800510837,-24.58132243684993,-21.953912454190217,-20.71303861479467,190,173,159,68,8,258.49,97.03,10.66,0.74,NA,NA,NA,2.3520000000000003,NA,Marvin,Jones,DET,WR,33,8
weighted,14837,WR,87,NA,0.22418276374442314,NA,NA,-26.003863298662708,NA,NA,193,NA,NA,69,8,295.09,107.86,9.06,0.55,NA,NA,NA,NA,NA,KJ,Hamler,FA,WR,24,0
weighted,13809,WR,86.77581723625558,18.19032194602393,0.46831352154532624,74.5216769367864,99.55059200883215,-26.22804606240713,-21.216497218762285,-24.84519461107088,195,168,167,70,8,249.09,93.69,8.37,0.64,NA,NA,NA,1.2720000000000002,NA,Russell,Gage,TBB,WR,27,2
weighted,11228,WR,86.30750371471025,29.66312947077566,0.21426448737000214,66.32456161314634,107.13944935939783,-26.696359583952457,-29.413612542402348,-17.256337260505205,199,185,154,71,8,224.9,86.51,9.25,0.81,181.22,NA,17.78,3.416000000000001,2.416000000000001,Robert,Woods,HOU,WR,31,7
weighted,13157,WR,86.09323922734025,2.015254326381656,0.14271916790488604,84.73563767812794,87.50852039747994,-26.91062407132246,-11.002536477420747,-36.887266222423094,200,136,193,72,8,177.65,70.93,7.6,0.21,170.9375,24.94712846702,29.0625,2.0010000000000003,0.9510000000000002,Curtis,Samuel,WAS,WR,27,3
weighted,14858,WR,85.95052005943536,12.657211383239192,0.2505200594353596,77.4238296275404,94.83947898768108,-27.053343239227345,-18.31434452800829,-29.55630763222196,202,158,179,73,8,181.14,72.84,11.37,0.64,176.83499999999998,18.265,25.16500000000002,2.9290000000000003,1.6790000000000003,Van,Jefferson,LAR,WR,27,0
weighted,14849,WR,85.7,NA,0.3538632986627164,NA,NA,-27.303863298662705,NA,NA,203,NA,NA,74,8,186.35,74.18,7.75,0.44,170.18333333333334,19.261938866295072,32.81666666666666,5.987,4.357000000000001,Isaiah,Hodgins,NYG,WR,25,0
weighted,15757,WR,85.34613670133729,11.349063838044094,0.6654531946508229,77.7006963978784,93.31640434370287,-27.65772659732542,-18.03747775767029,-31.079382276200164,205,157,185,75,8,206.79,80.51,13.06,0.67,175.22333333333333,16.21410154430053,29.77666666666667,1.605,0.43500000000000005,Wan'Dale,Robinson,NYG,WR,22,-2
weighted,15779,WR,84.68068350668646,14.637110370561533,0.38068350668645223,74.40127290251407,94.54115791675495,-28.323179791976244,-21.336901253034625,-29.85462870314808,208,171,182,76,8,154.36,64.19,8.62,0.58,145.38,16.936135332477715,62.620000000000005,2.4546666666666668,0.8803049976507513,Romeo,Doubs,GBP,WR,23,-2
weighted,16080,WR,84.30000000000001,NA,0.15824665676078098,NA,NA,-28.703863298662696,NA,NA,210,NA,NA,77,8,156.7,64.96,7.73,0.44,176.85500000000002,19.445000000000007,33.14499999999998,5.096,3.9760000000000004,Rashid,Shaheed,NOS,WR,25,-2
weighted,14113,WR,84.14175334323923,10.040916292848975,0.041753343239236074,77.37756316821641,91.19332969972466,-28.862109955423477,-18.36061098733228,-33.20245692017838,211,160,189,78,8,212.68,81.96,6.75,0.39,190.36333333333334,19.861655408237134,20.636666666666656,2.2990000000000004,0.6290000000000002,Mecole,Hardman,NYJ,WR,25,1
weighted,13313,WR,84.1,NA,0.1673410062965388,NA,NA,-28.903863298662714,NA,NA,212,NA,NA,79,8,273.24,101.25,9.36,0.59,NA,NA,NA,1.9440000000000004,NA,Isaiah,McKenzie,IND,WR,28,3
weighted,15766,WR,83.93265899370346,4.4367629852251325,0.4711947888950334,80.81679067516914,86.921540458131,-29.071204304959252,-14.921383480379546,-37.47424616177203,213,149,195,80,8,127.88,54.2,8.99,0.35,132.23333333333335,12.595639016033374,80.76666666666665,4.204666666666667,1.8399683572158398,Skyy,Moore,KCC,WR,23,-2
weighted,14977,WR,83.46146420480842,3.1264552451446384,0.9614642048084221,81.35528811140576,85.65712416683529,-29.542399093854286,-14.382886044142936,-38.73866245306775,214,146,197,81,8,169.64,69.26,7.7,0.26,156.50666666666666,5.4098757430790965,57.49333333333334,3.644000000000001,2.0440000000000005,K.J.,Osborn,MIN,WR,26,0
weighted,10271,WR,82.5,NA,0.18619245269117357,NA,NA,-30.503863298662708,NA,NA,216,NA,NA,82,8,311.14,117.42,17.65,0.91,NA,NA,NA,NA,NA,Julio,Jones,FA,WR,34,9
weighted,15756,WR,82.31380754730883,26.59475354904171,2.3638075473088236,63.636733676417236,100.22969942579189,-30.69005575135388,-32.101440479131455,-24.166087194111142,217,192,165,83,8,122.66,52.82,9.79,0.79,117.56833333333333,22.642004782164395,99.43166666666667,4.360666666666667,2.662780668566018,Jameson,Williams,DET,WR,22,-2
weighted,13172,WR,79.95,NA,0.6320208023774256,NA,NA,-33.053863298662705,NA,NA,221,NA,NA,84,8,343.34,122.68,8.01,0.46,NA,NA,NA,2.088,NA,Noah,Brown,HOU,WR,26,3
weighted,15283,WR,79.31797919762258,4.313351365237945,0.6179791976225744,76.2887809036394,82.22372286435775,-33.68588410104013,-19.449393251909285,-42.17206375554528,225,162,199,85,8,158.15,65.42,8.26,0.32,147.732,19.31127277006879,77.268,2.0973333333333333,1.3721276260691724,Rondale,Moore,ARI,WR,23,-1
weighted,10261,WR,78.7,NA,0.09999999999999432,NA,NA,-34.303863298662705,NA,NA,226,NA,NA,86,8,NA,NA,NA,NA,NA,NA,NA,NA,NA,A.J.,Green,FA,WR,35,9
weighted,13418,WR,78.60000000000001,NA,0.5208172362555814,NA,NA,-34.4038632986627,NA,NA,227,NA,NA,87,8,267.12,99.24,7.32,0.41,NA,NA,NA,1.1280000000000001,NA,Kendrick,Bourne,NEP,WR,28,3
weighted,15768,WR,78.07918276374443,27.01855010913798,0.8947548291233431,59.87779497588373,97.05388224130134,-34.92468053491828,-35.86037917966496,-27.341904378601697,229,197,173,88,8,166.55,67.76,7.96,0.76,172.20333333333332,9.140686820778592,56.79666666666668,1.613,0.403,Alec,Pierce,IND,WR,23,-2
weighted,14857,WR,77.18442793462108,18.68176115894858,0.08442793462108966,64.06452319248413,89.76963247152975,-35.819435364041624,-31.67365096306456,-34.62615414837329,234,190,190,89,8,152.79,63.62,8.12,0.65,145.234,18.55609182990858,88.76599999999999,2.31,1.5981447577321235,Donovan,Peoples-Jones,CLE,WR,24,0
weighted,10308,WR,77.1,NA,1.4275587388558648,NA,NA,-35.90386329866271,NA,NA,235,NA,NA,90,8,347.86,134.32,18.74,0.93,NA,NA,NA,NA,NA,Randall,Cobb,NYJ,WR,33,9
weighted,12658,WR,75.67244126114413,1.4065900673884317,1.4440980219168011,74.72487408334686,76.66026716997354,-37.33142203751858,-21.01330007220183,-47.7355194499295,238,167,208,91,9,262.55,99.64,13.17,0.45,NA,NA,NA,2.4240000000000004,NA,Sterling,Shepard,NYG,WR,30,4
weighted,13176,WR,74.22834323922733,12.109203627819614,0.6362555720653802,65.72424147128278,82.38586132002071,-38.77552005943538,-30.01393268426591,-42.009925299882326,244,188,198,92,9,154.6,64.04,7.08,0.45,145.90833333333333,21.822340553254648,98.09166666666667,3.684666666666667,3.5217746788925743,Zay,Jones,JAC,WR,28,3
weighted,13153,WR,73.59208766716195,2.8814601333351826,0.09208766716194816,71.65095562749872,75.61569144551957,-39.41177563150076,-24.087218528049974,-48.78009517438346,246,175,210,93,9,227.14,86.83,6.92,0.2,NA,NA,NA,2.1120000000000005,NA,Corey,Davis,NYJ,WR,28,3
weighted,15767,WR,73.5,NA,0.09999999999999432,NA,NA,-39.50386329866271,NA,NA,247,NA,NA,94,9,365.86,141.7,9.04,0.55,NA,NA,NA,NA,NA,Velus,Jones,CHI,WR,26,-2
weighted,15319,WR,73.4,NA,2,NA,NA,-39.6038632986627,NA,NA,248,NA,NA,95,9,212.89,82.83,11.68,0.71,192.115,10.905000000000001,55.88499999999999,2.048,1.0480000000000003,Josh,Palmer,LAC,WR,24,-1
weighted,14108,WR,71.4,NA,0.8435661218424997,NA,NA,-41.6038632986627,NA,NA,251,NA,NA,96,9,295.78,108.95,12.75,0.77,NA,NA,NA,2.2560000000000002,NA,Greg,Dortch,ARI,WR,25,1
weighted,15109,WR,70.5564338781575,0.22627416997969033,2.529689660184772,70.4040014235091,70.71534264112056,-42.4474294205052,-25.33417273203959,-53.68044397878248,255,179,217,97,9,296.76,108.92,6.74,0.11,NA,NA,NA,0.8160000000000002,NA,Nick,Westbrook-Ikhine,TEN,WR,26,0
weighted,14112,WR,68.02674421797273,5.747125653242768,1.3467442179727271,63.990628967911356,71.89836805632427,-44.977119080689974,-31.747545187637336,-52.49741856357876,265,191,214,98,9,207.68,81.69,9.19,0.38,176.375,4.5049999999999955,88.625,2.7320000000000007,1.6120000000000005,Parris,Campbell,NYG,WR,26,1
weighted,12184,WR,66.68,NA,1.1800000000000068,NA,NA,-46.3238632986627,NA,NA,269,NA,NA,99,9,329.37,123.16,18.97,0.93,NA,NA,NA,NA,NA,Jamison,Crowder,NYG,WR,30,5
weighted,14847,WR,65.5,NA,0.09999999999999432,NA,NA,-47.50386329866271,NA,NA,270,NA,NA,100,9,295.11,107.17,8.04,0.47,NA,NA,NA,1.9680000000000002,NA,Devin,Duvernay,BAL,WR,26,0
weighted,16203,WR,65.4,NA,0.09999999999999432,NA,NA,-47.6038632986627,NA,NA,271,NA,NA,101,9,361.57,133.2,11.99,0.73,78.12,NA,192.88,3.2880000000000007,NA,Charlie,Jones,CIN,WR,25,-3
weighted,14122,WR,65.30000000000001,NA,1.200000000000017,NA,NA,-47.7038632986627,NA,NA,272,NA,NA,102,9,197.98,76.66,11.6,0.71,192.925,18.125,79.07499999999999,3.0680000000000005,2.0680000000000005,Darius,Slayton,NYG,WR,26,1
weighted,16183,WR,64.1,NA,2.5999999999999943,NA,NA,-48.90386329866271,NA,NA,275,NA,NA,103,9,215.99,82.94,12.12,0.73,130.43333333333334,37.05206636912741,144.56666666666666,5.55,4.29,Jalin,Hyatt,NYG,WR,22,-3
weighted,16194,WR,61.5,NA,0.5699999999999932,NA,NA,-51.50386329866271,NA,NA,279,NA,NA,104,9,203.4,78.39,14.31,0.83,136.72333333333333,40.99361766042232,142.27666666666667,6.771000000000001,4.941000000000001,Rashee,Rice,KCC,WR,23,-3
weighted,14844,WR,60.93000000000001,NA,3.500000000000007,NA,NA,-52.0738632986627,NA,NA,281,NA,NA,105,10,NA,168.4,29.33,0.99,NA,NA,NA,NA,NA,Bryan,Edwards,NOS,WR,25,0
weighted,12188,WR,57.43,NA,0.7299999999999969,NA,NA,-55.57386329866271,NA,NA,292,NA,NA,106,10,NA,178.75,6.18,0.32,NA,NA,NA,NA,NA,Phillip,Dorsett,LVR,WR,30,5
weighted,11670,WR,56.7,NA,0.17999999999999972,NA,NA,-56.303863298662705,NA,NA,295,NA,NA,107,10,NA,158,4.55,0.14,NA,NA,NA,NA,NA,Sammy,Watkins,FA,WR,30,6
weighted,14860,WR,56.52,NA,0.4199999999999946,NA,NA,-56.483863298662705,NA,NA,296,NA,NA,108,10,325.19,120.17,13.56,0.79,NA,NA,NA,0.504,NA,Jauan,Jennings,SFO,WR,26,0
weighted,13638,WR,56.10000000000001,NA,0.4000000000000057,NA,NA,-56.9038632986627,NA,NA,298,NA,NA,109,10,290.41,107.28,10.56,0.66,NA,NA,NA,NA,NA,Braxton,Berrios,MIA,WR,28,2
weighted,13289,WR,55.7,NA,0.9608735434425668,NA,NA,-57.303863298662705,NA,NA,301,NA,NA,110,10,260.28,97.64,8.18,0.48,NA,NA,NA,2.1840000000000006,NA,Mack,Hollins,ATL,WR,30,3
weighted,15491,WR,54.739126456557436,16.143673141876057,0.8391264565574232,43.40168069822995,65.61451592004974,-58.26473684210527,-52.33649345731874,-58.781270699853295,304,222,225,111,10,345.3,126.7,10.23,0.66,NA,NA,NA,0.6720000000000002,NA,Ben,Skowronek,LAR,WR,26,-1
weighted,12181,WR,53.90000000000001,NA,1.4373504600921834,NA,NA,-59.103863298662695,NA,NA,310,NA,NA,112,10,308.29,112.31,9.08,0.56,NA,NA,NA,NA,NA,Nelson,Agholor,BAL,WR,30,5
weighted,15301,WR,52.46264953990783,20.738296034564815,2.0638531060296685,37.898472952231124,66.43326478979517,-60.54121375875488,-57.83970120331757,-57.96252183010786,314,232,224,113,10,304.02,111.29,12.44,0.78,NA,NA,NA,0.7680000000000001,NA,Tutu,Atwell,LAR,WR,24,-1
weighted,12773,WR,50.39879643387816,12.296586924834052,0.6713075780089213,41.76309834660482,58.68254764117724,-62.60506686478455,-53.97507580894387,-65.7132389787258,320,223,238,114,10,348.53,128.59,8.7,0.52,NA,NA,NA,NA,NA,Chris,Moore,TEN,WR,30,4
weighted,14337,WR,49.72748885586924,17.606958851545034,0.9561441307577994,37.36240073780677,61.588639233198,-63.27637444279347,-58.37577341774192,-62.80714738670503,325,234,230,115,10,349.67,146.22,11.73,0.71,NA,NA,NA,NA,NA,Jalen,Guyton,LAC,WR,26,1
weighted,14592,WR,48.77134472511144,19.279266389051212,1.1713447251114388,35.23182153077517,61.75906621257604,-64.23251857355126,-60.50635262477352,-62.636720407327,330,237,228,116,10,346.37,128.15,11.35,0.73,NA,NA,NA,NA,NA,Olamide,Zaccheaus,PHI,WR,26,1
weighted,13863,WR,47.6,NA,1.1141158989598878,NA,NA,-65.40386329866271,NA,NA,335,NA,NA,117,10,NA,164.8,11.37,0.7,NA,NA,NA,NA,NA,Byron,Pringle,WAS,WR,30,2
weighted,11239,WR,46.485884101040114,30.82985565973346,0.4274653095365153,24.834565147324316,67.25480604688484,-66.5179791976226,-70.90360900822438,-57.1409805730182,340,243,222,118,10,356,147.44,18.99,0.94,NA,NA,NA,NA,NA,Marquise,Goodwin,CLE,WR,33,7
weighted,15787,WR,46.0584187915036,19.008672643014997,0.03198491334610054,32.708929295896674,58.8638513817224,-66.94544450715911,-63.02924485965202,-65.53193523818064,343,240,237,119,10,214.09,82.53,7.4,0.63,NA,NA,NA,0.7680000000000001,NA,Tyquan,Thornton,NEP,WR,23,-2
weighted,15308,WR,46.0264338781575,33.08552629171855,0.6964338781574924,22.79099319365378,68.31491685627849,-66.97742942050522,-72.94718096189492,-56.08086976362455,344,245,220,120,11,221.75,85.43,10.37,0.87,193.035,15.89500000000001,150.965,1.3160000000000003,0.31600000000000017,Terrace,Marshall,CAR,WR,23,-1
weighted,15758,WR,45.330000000000005,NA,0.22000000000000597,NA,NA,-67.6738632986627,NA,NA,349,NA,NA,121,11,302.35,110.17,9.9,0.63,NA,NA,NA,NA,NA,David,Bell,CLE,WR,23,-2
weighted,15901,WR,45.11,NA,2.009999999999998,NA,NA,-67.89386329866271,NA,NA,354,NA,NA,122,11,307.16,113.08,11.77,0.72,NA,NA,NA,NA,NA,Kyle,Philips,TEN,WR,24,-2
weighted,13637,WR,43.1,NA,0.0799999999999983,NA,NA,-69.90386329866271,NA,NA,362,NA,NA,123,11,NA,150.6,7.86,0.45,NA,NA,NA,NA,NA,Equanimeous,St. Brown,CHI,WR,27,2
weighted,14848,WR,43.02,NA,0.490000000000002,NA,NA,-69.9838632986627,NA,NA,363,NA,NA,124,11,NA,175,1.41,0.01,NA,NA,NA,NA,NA,James,Proche,BAL,WR,27,0
weighted,14992,WR,42.53,NA,1.8500000000000014,NA,NA,-70.4738632986627,NA,NA,364,NA,NA,125,11,286.76,104.87,6.86,0.37,NA,NA,NA,NA,NA,Quez,Watkins,PHI,WR,25,0
weighted,15303,WR,40.68,NA,0.9699999999999989,NA,NA,-72.3238632986627,NA,NA,366,NA,NA,126,11,NA,NA,NA,NA,NA,NA,NA,NA,NA,Simi,Fehoko,DAL,WR,26,-1
weighted,13631,WR,39.71,NA,1.5499999999999972,NA,NA,-73.2938632986627,NA,NA,370,NA,NA,127,11,NA,NA,NA,NA,NA,NA,NA,NA,NA,James,Washington,NOS,WR,27,2
weighted,13168,WR,38.160000000000004,NA,3.460000000000001,NA,NA,-74.84386329866271,NA,NA,373,NA,NA,128,11,264.31,98.12,8.16,0.48,NA,NA,NA,1.3920000000000001,NA,Josh,Reynolds,DET,WR,28,3
weighted,14864,WR,34.7,NA,1.7999999999999972,NA,NA,-78.3038632986627,NA,NA,380,NA,NA,129,11,NA,NA,NA,NA,NA,NA,NA,NA,NA,Tyler,Johnson,LAR,WR,25,0
weighted,15027,WR,32.900000000000006,NA,0.4000000000000057,NA,NA,-80.1038632986627,NA,NA,384,NA,NA,130,11,NA,190.75,9.2,0.57,NA,NA,NA,NA,NA,Tyrie,Cleveland,PHI,WR,26,0
weighted,13308,WR,32.5,NA,0.00999999999999801,NA,NA,-80.50386329866271,NA,NA,385,NA,NA,131,11,351.64,135.57,20.57,0.95,NA,NA,NA,NA,NA,Jamal,Agnew,JAC,WR,28,3
weighted,15298,WR,32.49,NA,2.59,NA,NA,-80.5138632986627,NA,NA,386,NA,NA,132,12,344,161.33,9.66,0.61,NA,NA,NA,NA,NA,Shi,Smith,CAR,WR,25,-1
weighted,15296,WR,29.900000000000002,NA,2.1000000000000014,NA,NA,-83.1038632986627,NA,NA,388,NA,NA,133,12,NA,173,19.06,0.93,NA,NA,NA,NA,NA,Anthony,Schwartz,CLE,WR,23,-1
weighted,14838,WR,27.8,NA,2,NA,NA,-85.20386329866271,NA,NA,395,NA,NA,134,12,287.58,105.48,5.43,0.23,NA,NA,NA,0.9840000000000001,NA,Laviska,Shenault,CAR,WR,25,0
weighted,12656,WR,25.8,NA,0.019999999999999574,NA,NA,-87.20386329866271,NA,NA,399,NA,NA,135,12,NA,179,6,0.3,NA,NA,NA,NA,NA,Rashard,Higgins,FA,WR,29,4
weighted,13893,WR,25.78,NA,0.14999999999999858,NA,NA,-87.2238632986627,NA,NA,400,NA,NA,136,12,343.28,129.91,13.69,0.8,NA,NA,NA,1.7520000000000002,NA,Trent,Sherfield,BUF,WR,27,2
weighted,13776,WR,25.630000000000003,NA,0.4299999999999997,NA,NA,-87.37386329866271,NA,NA,401,NA,NA,137,12,348.37,128.43,10.31,0.65,NA,NA,NA,NA,NA,Justin,Watson,KCC,WR,28,2
weighted,14839,WR,25.200000000000003,NA,0.29999999999999716,NA,NA,-87.8038632986627,NA,NA,402,NA,NA,138,12,345,159,21.25,0.96,NA,NA,NA,NA,NA,Jalen,Reagor,MIN,WR,24,0
weighted,14315,WR,24.900000000000006,NA,0.600000000000005,NA,NA,-88.1038632986627,NA,NA,403,NA,NA,139,12,352.5,144.4,17.4,0.9,NA,NA,NA,NA,NA,Ashton,Dulin,IND,WR,26,1
weighted,14117,WR,24.3,NA,0.8000000000000007,NA,NA,-88.70386329866271,NA,NA,406,NA,NA,140,12,NA,NA,NA,NA,NA,NA,NA,NA,NA,Tyron,Johnson,DAL,WR,27,1
weighted,14558,WR,23.5,NA,0.3099999999999987,NA,NA,-89.50386329866271,NA,NA,407,NA,NA,141,12,311.58,112.33,12.88,0.77,NA,NA,NA,NA,NA,Deonte,Harty,BUF,WR,26,1
weighted,15777,WR,23.19,NA,1.2600000000000016,NA,NA,-89.81386329866271,NA,NA,408,NA,NA,142,12,342,127.24,10.88,0.68,NA,NA,NA,1.5360000000000003,NA,Calvin,Austin III,PIT,WR,24,-2
weighted,15941,WR,21.93,NA,0.75,NA,NA,-91.0738632986627,NA,NA,409,NA,NA,143,12,NA,199,2,0.01,NA,NA,NA,NA,NA,Dareke,Young,SEA,WR,24,-2
weighted,15900,WR,21.18,NA,1.5799999999999983,NA,NA,-91.8238632986627,NA,NA,410,NA,NA,144,12,NA,176.33,27.13,0.98,NA,NA,NA,NA,NA,Montrell,Washington,DEN,WR,25,-2
weighted,13066,WR,19.6,NA,0.15000000000000213,NA,NA,-93.40386329866271,NA,NA,412,NA,NA,145,12,339.3,125.59,13.67,0.8,NA,NA,NA,NA,NA,Kalif,Raymond,DET,WR,29,4
weighted,15297,WR,19.45,NA,0.019999999999999574,NA,NA,-93.5538632986627,NA,NA,413,NA,NA,146,12,NA,165.5,5.02,0.19,NA,NA,NA,NA,NA,Amari,Rodgers,IND,WR,24,-1
weighted,15034,WR,19.43,NA,0.4299999999999997,NA,NA,-93.5738632986627,NA,NA,414,NA,NA,147,12,349.48,126.5,9.99,0.63,NA,NA,NA,NA,NA,Marquez,Callaway,DEN,WR,25,0
weighted,15995,WR,19,NA,0.41000000000000014,NA,NA,-94.00386329866271,NA,NA,415,NA,NA,148,12,NA,209.5,5.5,0.24,NA,NA,NA,NA,NA,DJ,Turner,LVR,WR,26,-1
weighted,13488,WR,18.59,NA,0.11999999999999744,NA,NA,-94.4138632986627,NA,NA,417,NA,NA,149,12,346.25,146.89,17.57,0.9,NA,NA,NA,NA,NA,Zach,Pascal,ARI,WR,29,3
weighted,15292,WR,18.470000000000002,NA,0.120000000000001,NA,NA,-94.53386329866271,NA,NA,419,NA,NA,150,12,346.45,132.18,13.51,0.79,NA,NA,NA,NA,NA,Dyami,Brown,WAS,WR,24,-1
weighted,15786,WR,18.35,NA,0.6500000000000021,NA,NA,-94.65386329866271,NA,NA,420,NA,NA,151,12,342.25,147,26.78,0.98,NA,NA,NA,NA,NA,Jalen,Nailor,MIN,WR,24,-2
weighted,13963,WR,17.7,NA,0.4299999999999997,NA,NA,-95.3038632986627,NA,NA,422,NA,NA,152,13,NA,163.6,8.4,0.5,NA,NA,NA,NA,NA,KhaDarel,Hodge,ATL,WR,28,2
weighted,12197,WR,17.27,NA,0.75,NA,NA,-95.73386329866271,NA,NA,424,NA,NA,153,13,NA,187,5.72,0.28,NA,NA,NA,NA,NA,Breshad,Perriman,IND,WR,30,5
weighted,12785,WR,16.52,NA,0.10999999999999943,NA,NA,-96.48386329866271,NA,NA,425,NA,NA,154,13,338.08,130.27,18.32,0.93,NA,NA,NA,NA,NA,Demarcus,Robinson,LAR,WR,29,4
weighted,15782,WR,16.41,NA,0.8499999999999996,NA,NA,-96.59386329866271,NA,NA,426,NA,NA,155,13,371,148.78,10.59,0.66,NA,NA,NA,NA,NA,Danny,Gray,SFO,WR,24,-2
weighted,15788,WR,15.56,NA,0.6400000000000006,NA,NA,-97.4438632986627,NA,NA,427,NA,NA,156,13,355.25,128.26,8.7,0.52,NA,NA,NA,NA,NA,Jalen,Tolbert,DAL,WR,24,-2
weighted,15761,WR,14.92,NA,0.4800000000000022,NA,NA,-98.0838632986627,NA,NA,428,NA,NA,157,13,241.7,91.8,11.03,0.69,174.77,NA,253.23,4.776000000000001,NA,Khalil,Shakir,BUF,WR,23,-2
weighted,15841,WR,14.439999999999998,NA,0.3099999999999987,NA,NA,-98.56386329866271,NA,NA,429,NA,NA,158,13,327.5,137.83,21.12,0.95,NA,NA,NA,NA,NA,Samori,Toure,GBP,WR,25,-2
weighted,12394,WR,14.129999999999999,NA,3.429999999999998,NA,NA,-98.87386329866271,NA,NA,430,NA,NA,159,13,362.18,136.83,11.33,0.7,NA,NA,NA,NA,NA,DeAndre,Carter,LVR,WR,30,5
weighted,14110,WR,10.700000000000001,NA,1.6700000000000017,NA,NA,-102.3038632986627,NA,NA,437,NA,NA,160,13,NA,152.33,7.59,0.43,NA,NA,NA,NA,NA,David,Sills,NYG,WR,27,1
weighted,14125,WR,9.03,NA,0,NA,NA,-103.9738632986627,NA,NA,446,NA,NA,161,13,NA,193.33,4.5,0.13,NA,NA,NA,NA,NA,Miles,Boykin,PIT,WR,27,1
weighted,11244,TE,157.22793462109956,27.1529003975634,25.066716196136724,138.15888306553336,175.51982917890774,73.58090638930166,65.19420792968397,86.65675288960983,12,20,7,1,1,5.22,1,0,0.74,7.415,1.3932067326854258,4.585,48.61066666666667,6.412555462181638,Travis,Kelce,KCC,TE,34,7
weighted,13671,TE,132.16121842496284,21.49604614807104,17.202897473997012,117.68013523336471,147.2575509064528,48.514190193164936,44.71546009751532,58.394474617154884,24,38,20,2,2,36.74,2.18,0.42,0.63,31.79,3.5337751296123328,-7.789999999999999,25.234666666666666,4.307767042086759,Mark,Andrews,BAL,TE,28,2
weighted,13299,TE,114.95832095096583,11.631906550518705,5.95208023774147,106.78941735489644,122.79430182273522,31.311292719167923,33.82474221904705,33.93122553343731,39,48,36,3,3,69.72,4.52,0.96,0.3,49.92166666666667,6.06674381819074,-10.921666666666667,18.84466666666667,8.188329309992906,George,Kittle,SFO,TE,30,3
weighted,12263,TE,109.00624071322436,9.121677477306456,1.149108469539371,102.86130738521068,115.41225022017238,25.359212481426454,29.89663224936129,26.549173930874474,46,52,47,4,3,87.06,5.48,1.76,0.25,64.385,5.019982569690854,-18.385000000000005,12.646,7.1346267363238205,Darren,Waller,NYG,TE,31,5
weighted,15329,TE,107.85713224368499,13.823937572196998,4.714561664190185,98.54446196750922,117.56546448095894,24.210104011887083,25.57978683165983,28.70238819166103,49,57,44,5,3,84.41,5.68,1.34,0.45,62.248333333333335,7.11099949999217,-13.248333333333335,11.33,4.621522115782491,Kyle,Pitts,ATL,TE,23,-1
weighted,14138,TE,103.1425705794948,7.459976541518083,4.399777117384872,97.90354730055668,108.1680780686843,19.495542347696897,24.93887216470729,19.305001779386387,57,58,58,6,4,62.19,3.61,1.28,0.15,46.76833333333333,5.307618476198989,10.23166666666667,19.653333333333336,2.922160540117916,T.J.,Hockenson,MIN,TE,26,1
weighted,13674,TE,98.74279346210993,12.232947314527276,7.074368499257034,90.15178846441997,106.98367304153916,15.095765230312026,17.187113328570575,18.120596752241255,65,71,63,7,4,90.73,6.09,1.16,0.37,62.40833333333333,6.453250903399169,2.5916666666666686,15.271333333333333,8.087449755983377,Dallas,Goedert,PHI,TE,28,2
weighted,13772,TE,91.6684249628529,9.934850275670989,1.5684249628529017,84.97568750094652,98.6455128366994,8.021396731054992,12.01101236509713,9.782436547401488,71,76,74,8,4,138.02,13.26,2.49,0.36,122.62166666666667,4.866738869327406,-51.62166666666667,3.8273333333333337,2.6831326633040136,Dalton,Schultz,HOU,TE,27,2
weighted,16213,TE,90.1,NA,2.750594353640423,NA,NA,6.45297176820209,NA,NA,73,NA,NA,9,5,165.29,16.91,4.57,0.25,116.95666666666666,28.92340613105971,-43.95666666666666,11.260666666666667,12.814301420244842,Dalton,Kincaid,BUF,TE,24,-3
weighted,13192,TE,87.34940564635957,11.06622112556947,1.367310549777116,79.57777395769783,94.80430538150797,3.702377414561667,6.613098821848439,5.941229092210065,81,84,82,10,5,119.73,9.73,1.5,0.33,94.72833333333332,12.30255856406391,-13.728333333333325,5.442000000000001,3.422834303127552,David,Njoku,CLE,TE,27,3
weighted,14867,TE,85.98209509658246,2.7223611075682137,1.982095096582455,84.14814212659388,87.89396615098168,2.335066864784551,11.183466990744492,-0.9691101383162248,88,78,98,11,5,148.99,15.35,3.44,0.1,128.635,11.470727599706425,-40.63499999999999,4.708666666666668,4.388207328232745,Cole,Kmet,CHI,TE,24,0
weighted,14861,TE,84,NA,0.35297176820209586,NA,NA,0.35297176820209586,NA,NA,94,NA,NA,12,5,182.76,19.85,4.66,0.27,137.308,25.933499108296203,-43.30799999999999,3.6826666666666674,3.5423552742333593,Juwan,Johnson,NOS,TE,27,0
weighted,15331,TE,83.6470282317979,7.7428192539926854,1.7470282317978985,78.20936899915601,88.86307628929791,0,5.2446938633066225,0,96,87,96,13,5,112.12,9.12,1.81,0.21,95.785,14.23564862121381,0.2150000000000034,4.922000000000001,2.005840139858276,Pat,Freiermuth,PIT,TE,25,-1
weighted,15889,TE,81.9,NA,1.610624071322448,NA,NA,-1.7470282317978985,NA,NA,101,NA,NA,14,5,139.41,13.23,2.78,0.06,134.98833333333334,8.37658724594264,-33.988333333333344,3.278666666666667,2.2080104669639193,Chigoziem,Okonkwo,TEN,TE,24,-2
weighted,13189,TE,80.28937592867756,10.429825022501573,2.2945765230311963,72.96467513584939,87.31555938512732,-3.3576523031203465,0,-1.5475169041705925,105,96,102,15,5,118.13,9.71,1.75,0.31,86.06666666666666,10.773542695985485,18.933333333333337,8.867333333333335,4.8415122522708645,Evan,Engram,JAC,TE,29,3
weighted,11247,TE,77.99479940564636,16.192745289171928,0.8093610698365552,67.08635186987013,89.36670775518976,-5.652228826151543,-5.878323265979262,0.503631465891857,112,119,93,16,5,268.75,30.92,5.84,0.71,173.17000000000002,17.847904638920504,-61.170000000000016,3.317,1.987,Zach,Ertz,ARI,TE,33,7
weighted,14143,TE,77.1854383358098,26.304372260139562,0.7589153046062336,59.465165482933116,95.65858203026457,-6.461589895988098,-13.499509652916274,6.795505740966661,117,141,79,17,6,206.84,22.4,4.83,0.86,141.09199999999998,16.850167239526137,-24.091999999999985,2.734,2.3609190300954133,Dawson,Knox,BUF,TE,27,1
weighted,12678,TE,76.42652303120357,3.075914498161477,0.05869242199109692,74.35439435082687,78.58668902773256,-7.2205052005943315,1.3897192149774753,-10.276387261565347,121,93,132,18,6,158.85,16.74,2.94,0.09,145.34166666666667,8.082815962824402,-24.34166666666667,3.736666666666667,3.157006317524387,Tyler,Higbee,LAR,TE,30,4
weighted,12676,TE,76.36783060921248,22.66277233702884,3.358915304606228,61.100767573333506,92.28353639973064,-7.2791976225854285,-11.863907562515884,3.420460110432728,122,138,89,19,6,224.79,23.86,4.91,0.82,173.19,16.747113184068468,-51.19,2.144,1.1440000000000003,Hunter,Henry,NEP,TE,29,4
weighted,13236,TE,73.00891530460625,0.5656854249492459,0.8338038632986837,72.6116433971986,73.38999644122725,-10.638112927191656,-0.35303173865078463,-15.473079848070654,138,99,146,20,6,163.38,17.77,3,0.05,152.51333333333332,21.564631279533216,-14.513333333333321,3.4920000000000004,3.0361150614999213,Gerald,Everett,LAC,TE,29,3
weighted,14137,TE,72.17511144130756,9.510586206959065,5.375111441307553,65.76818483186695,78.85424538459836,-11.47191679049034,-7.1964903039824435,-10.00883090469955,144,126,129,21,6,249.19,27.34,3.06,0.39,167.675,7.9750000000000085,-23.67500000000001,3.704,2.704,Noah,Fant,SEA,TE,26,1
weighted,16214,TE,66.80000000000001,NA,0.10274888558693362,NA,NA,-16.847028231797893,NA,NA,161,NA,NA,22,6,207.34,22.08,6.8,0.58,131.612,31.215966043036374,29.388000000000005,6.598000000000001,6.749224745603504,Sam,LaPorta,DET,TE,22,-3
weighted,13680,TE,66.69725111441308,11.278353159925423,1.5972511144130834,59.09944595303182,74.61785976835269,-16.949777117384826,-13.865229182817572,-14.24521652094522,162,142,141,23,7,237.84,25.32,4.4,0.54,166.17666666666665,28.881362310128118,-4.176666666666648,3.1173333333333337,2.854108305972677,Hayden,Hurst,CAR,TE,30,2
weighted,15330,TE,65.1,NA,0.44554234769687184,NA,NA,-18.54702823179791,NA,NA,167,NA,NA,24,7,361.87,51.73,9.79,0.8,NA,NA,NA,NA,NA,Brevin,Jordan,HOU,TE,23,-1
weighted,13672,TE,64.65445765230312,23.5113004744527,0.06649331352154775,48.815772911492644,81.16607130393272,-18.99257057949478,-24.148902224356746,-7.697004985365183,169,176,119,25,7,205.4,22.66,4.48,0.82,156.76,17.438111136244085,12.240000000000009,2.382666666666667,1.747550921210087,Mike,Gesicki,NEP,TE,28,2
weighted,13427,TE,64.58796433878157,19.79898987322333,3.9596582466567654,51.250124557046426,78.49248109804861,-19.05906389301633,-21.714550578802964,-10.370595191249294,170,172,133,26,7,333.2,40.76,5.45,0.78,NA,NA,NA,1.4880000000000002,NA,Robert,Tonyan,CHI,TE,29,3
weighted,11647,TE,60.62830609212481,12.480434687942564,2.620430906389302,52.220703515423914,69.39311754930564,-23.018722139673095,-20.743971620425476,-19.469958739992265,181,166,157,27,7,292.34,33.84,5.46,0.61,218.82,NA,-37.81999999999999,1.484,0.4840000000000001,Logan,Thomas,WAS,TE,32,6
weighted,12677,TE,58.00787518573551,21.708178182427005,0.4564635958395158,43.383886567904476,73.25318463250329,-25.639153046062397,-29.580788567944914,-15.609891656794616,192,186,148,28,7,315.7,37.86,4.5,0.79,NA,NA,NA,3.1440000000000006,NA,Austin,Hooper,LVR,TE,29,4
weighted,13675,TE,57.55141158989599,6.434671708797581,0.2514115898959943,53.0324436431342,61.88620951895991,-26.095616641901913,-19.93223149271519,-26.976866770338,194,164,170,29,7,280.92,32.02,4.71,0.37,173.29,37.17315429177352,20.710000000000008,2.0593333333333335,1.462910645102959,Tyler,Conklin,NYJ,TE,28,2
weighted,15626,TE,57.3,NA,0.6999999999999957,NA,NA,-26.347028231797907,NA,NA,197,NA,NA,30,7,370.75,59.67,11.33,0.87,NA,NA,NA,NA,NA,Brock,Wright,DET,TE,25,-1
weighted,16212,TE,56.6,NA,0.5444279346211047,NA,NA,-27.047028231797903,NA,NA,201,NA,NA,31,7,256.62,28.33,4.49,0.25,126.21333333333334,46.239481927124665,74.78666666666666,9.721000000000002,8.351000000000003,Michael,Mayer,LVR,TE,22,-3
weighted,15797,TE,56.0555720653789,47.94183976444792,0.5555720653789038,22.386777912582303,88.35219839400901,-27.591456166419007,-50.57789722326709,-0.5108778952888997,204,214,97,32,7,133.92,12.24,2.56,0.97,130.40333333333334,12.127658013354802,73.59666666666666,3.288666666666667,2.2639236343618623,Greg,Dulcich,DEN,TE,23,-2
weighted,10312,TE,55.49999999999999,NA,3.1999999999999886,NA,NA,-28.14702823179791,NA,NA,207,NA,NA,33,8,NA,95.5,15.5,0.95,NA,NA,NA,NA,NA,Kyle,Rudolph,FA,TE,34,9
weighted,16215,TE,52.300000000000004,NA,1.6000000000000014,NA,NA,-31.3470282317979,NA,NA,219,NA,NA,34,8,279.95,31.22,4.77,0.28,143.675,66.595,75.32499999999999,6.509,5.299000000000001,Luke,Musgrave,GBP,TE,23,-3
weighted,15799,TE,50.7,NA,0.4802377414561718,NA,NA,-32.9470282317979,NA,NA,220,NA,NA,35,8,271.81,30.77,6.56,0.54,182.495,22.825000000000003,37.504999999999995,2.5410000000000004,1.3710000000000002,Jake,Ferguson,DAL,TE,24,-2
weighted,13193,TE,50.21976225854383,5.091168824543143,1.766790490341748,46.790032028954805,53.795209425212505,-33.42726597325407,-26.174643106894585,-35.0678668640854,224,180,192,36,8,338.33,42.06,4.32,0.26,NA,NA,NA,NA,NA,Jonnu,Smith,ATL,TE,28,3
weighted,15332,TE,48.45297176820208,7.742819253992695,0.16872213967310756,43.23692371070209,53.89063100084402,-35.19405646359582,-29.727751425147304,-34.97244528845389,231,187,191,37,8,364.67,61.62,6.4,0.52,NA,NA,NA,NA,NA,Tommy,Tremble,CAR,TE,23,-1
weighted,15798,TE,48.284249628528976,4.171930009000628,0.209212481426448,45.473776245949075,51.21412994566025,-35.36277860326893,-27.490898889900315,-37.64894634363766,232,181,196,38,8,271.75,30.57,3.55,0.17,197.335,18.655,34.66499999999999,2.108,0.7480000000000001,Isaiah,Likely,BAL,TE,23,-2
weighted,13424,TE,48.07503714710253,11.101576464628792,1.8815007429420518,40.59631984091533,55.87149832997726,-35.57199108469538,-32.36835529493406,-32.99157795932065,233,194,188,39,8,171.37,18.52,6.32,0.62,148.11333333333334,28.949992899634516,84.88666666666666,2.7006666666666668,1.625152574033863,Taysom,Hill,NOS,TE,33,3
weighted,14873,TE,46.193536404160476,43.23957966955737,0.5237741456166418,17.064647023692476,76.56000782663116,-37.45349182763743,-55.90002811215692,-12.303068462666744,239,227,136,40,8,327.27,42.71,8.71,0.98,NA,NA,NA,0.43200000000000005,NA,Albert,Okwuegbunam,DEN,TE,25,0
weighted,13246,TE,45.669762258543834,28.885312011470468,0.6697622585438339,26.210806719833812,65.95545903054592,-37.97726597325407,-46.75386841601558,-22.907617258751984,241,205,163,41,8,362.33,51.73,5.36,0.89,NA,NA,NA,NA,NA,Mo,Alie-Cox,IND,TE,30,3
weighted,14209,TE,45,NA,2.8999999999999986,NA,NA,-38.647028231797904,NA,NA,243,NA,NA,42,9,360.57,57.1,9.22,0.74,NA,NA,NA,NA,NA,Josh,Oliver,MIN,TE,26,1
weighted,12110,TE,42.1,NA,0.10222882615155982,NA,NA,-41.5470282317979,NA,NA,250,NA,NA,43,9,NA,66.33,1.7,0.02,NA,NA,NA,NA,NA,Cameron,Brate,FA,TE,32,6
weighted,14341,TE,41.99777117384844,0.14142135623730648,0.7309063893016301,41.9025008896932,42.09708915070035,-41.64925705794946,-31.06217424615619,-46.76598713859756,252,189,206,44,9,352.09,45,5.52,0.13,NA,NA,NA,NA,NA,Donald,Parham,LAC,TE,26,1
weighted,12317,TE,41.26686478454681,4.242640687119284,1.619019316493322,38.28732547898959,44.12497330920434,-42.38016344725109,-34.6773496568598,-44.738102980093565,254,196,203,45,9,364.77,53,12.22,0.69,NA,NA,NA,2.1840000000000006,NA,C.J.,Uzomah,NYJ,TE,30,5
weighted,15840,TE,39.64784546805349,25.243712088359743,0.126448736998519,21.919586599988026,56.653591189765805,-43.999182763744415,-51.04508853586137,-32.2094850995321,261,217,187,46,9,253.24,28.28,4.33,0.85,171.43,NA,89.57,2.3760000000000003,NA,Jelani,Woods,IND,TE,25,-2
weighted,15794,TE,39.52139673105497,29.910616844190955,0.24977711738483777,18.51564462687657,59.67106182989057,-44.125631500742934,-54.449030508972825,-29.19201445940734,262,224,178,47,9,232.72,25.03,3.34,0.88,173.62666666666667,28.991448547612947,88.37333333333333,1.7720000000000002,0.7720000000000002,Trey,McBride,ARI,TE,24,-2
weighted,14239,TE,39.27161961367013,10.889444430272833,0.05482912332838907,31.624135396073264,46.60743149362447,-44.37540861812777,-41.340539739776126,-42.25564479567344,263,200,200,48,9,337.52,42.18,4.72,0.55,NA,NA,NA,0.7200000000000001,NA,Foster,Moreau,NOS,TE,26,1
weighted,15802,TE,39.216790490341744,26.44579361637687,1.816790490341738,20.644328819035078,57.03233362737369,-44.43023774145616,-52.32034631681431,-31.83074266192422,264,221,186,49,9,287.16,32.86,3.49,0.84,171.32,NA,92.68,1.5899999999999999,0.45000000000000007,Cade,Otton,TBB,TE,24,-2
weighted,15905,TE,37.400000000000006,NA,1.5139673105497877,NA,NA,-46.2470282317979,NA,NA,267,NA,NA,50,9,NA,81.4,5.31,0.39,NA,NA,NA,NA,NA,Teagan,Quitoriano,HOU,TE,23,-2
weighted,14875,TE,35.88603268945022,13.57645019878171,2.639524517087658,26.740085410546126,45.42055846723333,-47.760995542347686,-46.22458972530326,-43.44251782206458,273,204,202,51,9,367.3,52.7,5.97,0.67,NA,NA,NA,NA,NA,Harrison,Bryant,CLE,TE,25,0
weighted,15419,TE,33.24650817236256,3.3941125496954276,1.346508172362558,30.96002135263653,35.630139616808336,-50.400520059435344,-42.00465378321286,-53.23293667248957,277,201,216,52,10,376.25,55.71,4.9,0.24,NA,NA,NA,NA,NA,Kylen,Granson,IND,TE,25,-1
weighted,12378,TE,31.900000000000002,NA,0.49999999999999645,NA,NA,-51.7470282317979,NA,NA,280,NA,NA,53,10,NA,100,2.16,0.04,NA,NA,NA,NA,NA,Geoff,Swaim,ARI,TE,30,5
weighted,16222,TE,31.400000000000006,NA,0.5000000000000036,NA,NA,-52.2470282317979,NA,NA,282,NA,NA,54,10,344.5,44.22,5.35,0.39,75.77,NA,206.23000000000002,3.2400000000000007,NA,Tucker,Kraft,GBP,TE,23,-3
weighted,16269,TE,31.400000000000006,NA,0,NA,NA,-52.2470282317979,NA,NA,282,NA,NA,54,10,355.33,61.5,8.71,0.71,86.58,NA,195.42000000000002,2.6400000000000006,NA,Brenton,Strange,JAC,TE,23,-3
weighted,16221,TE,30.900000000000002,NA,0.3999999999999986,NA,NA,-52.7470282317979,NA,NA,283,NA,NA,55,10,334.51,40.38,4.11,0.2,70.63,NA,212.37,3.6240000000000006,NA,Luke,Schoonmaker,DAL,TE,25,-3
weighted,11399,TE,30.500000000000004,NA,0.3383358098068392,NA,NA,-53.147028231797904,NA,NA,284,NA,NA,56,10,NA,NA,NA,NA,NA,NA,NA,NA,NA,Ryan,Griffin,FA,TE,33,7
weighted,13880,TE,30.161664190193164,11.950104602052654,0.36166419019316365,22.111325179074452,38.554033234179336,-53.48536404160474,-50.853349956774935,-50.30904305511857,286,216,212,57,10,371.33,67.89,15.23,0.88,NA,NA,NA,NA,NA,Dan,Arnold,PHI,TE,28,3
weighted,16219,TE,29.8,NA,0.5246656760772659,NA,NA,-53.84702823179791,NA,NA,287,NA,NA,58,10,NA,109.33,4.11,0.2,NA,NA,NA,NA,NA,Davis,Allen,LAR,TE,22,-3
weighted,14876,TE,29.275334323922735,4.737615433949869,0.5234769687964338,26.083779804721825,32.60248654846163,-54.37169390787517,-46.88089533112756,-56.26058974083628,288,206,221,59,10,355,67.88,7.2,0.47,NA,NA,NA,NA,NA,Josiah,Deguara,GBP,TE,26,0
weighted,15337,TE,28.7518573551263,15.980613254815967,0.516493313521547,17.52892597086077,39.51739946466966,-54.8951708766716,-55.43574916498862,-49.34567682462825,290,225,211,60,10,354.49,45.81,4.72,0.68,NA,NA,NA,1.9680000000000002,NA,Noah,Gray,KCC,TE,24,-1
weighted,14870,TE,28.235364041604754,4.101219330881973,0.5353640416047512,25.472525801102478,31.115585370310068,-55.41166419019315,-47.49214933474691,-57.747490918987836,291,207,223,61,10,352.62,47.28,5.98,0.36,NA,NA,NA,NA,NA,Adam,Trautman,DEN,TE,26,0
weighted,13988,TE,27.700000000000003,NA,0.6000000000000014,NA,NA,-55.9470282317979,NA,NA,293,NA,NA,62,10,NA,78.75,4.02,0.18,NA,NA,NA,NA,NA,Ross,Dwelley,SFO,TE,28,2
weighted,15026,TE,27.1,NA,0.399999999999995,NA,NA,-56.5470282317979,NA,NA,297,NA,NA,63,10,NA,111,1,0.01,NA,NA,NA,NA,NA,Stephen,Sullivan,CAR,TE,27,0
weighted,15541,TE,26.700000000000006,NA,0.11099554234770892,NA,NA,-56.9470282317979,NA,NA,299,NA,NA,64,10,NA,81.5,9.86,0.8,NA,NA,NA,NA,NA,Jack,Stoll,PHI,TE,25,-1
weighted,13678,TE,26.589004457652297,2.474873734152916,0.7890044576522968,24.850939862743925,28.256234430369194,-57.05802377414561,-48.11373527310546,-60.60684185892872,300,210,226,65,10,NA,72.4,4.8,0.19,NA,NA,NA,NA,NA,Ian,Thomas,CAR,TE,27,2
weighted,13994,TE,25.8,NA,0.28068350668647923,NA,NA,-57.84702823179791,NA,NA,302,NA,NA,66,10,NA,100.6,7.79,0.64,NA,NA,NA,NA,NA,Pharaoh,Brown,IND,TE,29,3
weighted,15873,TE,25.51931649331352,14.63711037056153,0.18826151560178062,15.658842083245041,35.79872709748593,-58.12771173848438,-57.30583305260435,-53.06434919181198,303,230,215,67,10,313.77,38.05,4.36,0.62,NA,NA,NA,1.3920000000000001,NA,Daniel,Bellinger,NYG,TE,23,-2
weighted,13763,TE,25.33105497771174,1.2020815280171324,0.3421991084695435,24.521257562392105,26.175257780952954,-58.31597325408616,-48.44341757345728,-62.687818508344954,305,211,229,68,10,353.26,47.15,6.87,0.28,NA,NA,NA,0.7200000000000001,NA,Will,Dissly,SEA,TE,27,2
weighted,15344,TE,24.988855869242197,0.7071067811865475,0.08885586924219524,24.512504448465943,25.485445753501736,-58.6581723625557,-48.45217068738344,-63.37763053579617,308,212,231,69,10,359,68.43,9.16,0.44,NA,NA,NA,NA,NA,John,Bates,WAS,TE,26,-1
weighted,14871,TE,24.900000000000002,NA,0.40000000000000213,NA,NA,-58.7470282317979,NA,NA,309,NA,NA,70,10,372.6,57.55,8.23,0.69,NA,NA,NA,NA,NA,Colby,Parkinson,SEA,TE,24,0
weighted,12213,TE,24.5,NA,1.0999999999999979,NA,NA,-59.147028231797904,NA,NA,311,NA,NA,71,10,NA,NA,NA,NA,NA,NA,NA,NA,NA,Blake,Bell,KCC,TE,32,5
weighted,16333,TE,23.400000000000002,NA,1.0000000000000036,NA,NA,-60.2470282317979,NA,NA,313,NA,NA,72,10,358.2,62.2,10.07,0.82,NA,NA,NA,1.4160000000000001,NA,Elijah,Higgins,MIA,TE,23,-3
weighted,16000,TE,22.4,NA,0.15111441307578133,NA,NA,-61.247028231797906,NA,NA,315,NA,NA,73,10,366.8,54.93,4.53,0.25,NA,NA,NA,1.1520000000000001,NA,Peyton,Hendershot,DAL,TE,24,-2
weighted,14868,TE,22.248885586924217,0.07071067811865574,0.04888558692421796,22.201250444846593,22.298544575350174,-61.39814264487369,-50.7634246910028,-66.56453171394773,316,215,240,74,10,NA,80,5.25,0.11,NA,NA,NA,NA,NA,Brycen,Hopkins,LAR,TE,26,0
weighted,12212,TE,22.2,NA,0.5999999999999979,NA,NA,-61.4470282317979,NA,NA,317,NA,NA,75,10,351,NA,NA,NA,NA,NA,NA,NA,NA,Tyler,Kroft,MIA,TE,31,5
weighted,15620,TE,21.6,NA,0.46419019316493504,NA,NA,-62.0470282317979,NA,NA,318,NA,NA,76,11,NA,96.33,1.25,0.02,NA,NA,NA,NA,NA,Chris,Myarick,NYG,TE,28,1
weighted,13676,TE,21.135809806835066,5.444722215136414,0.23580980683506425,17.312067698036635,24.80371574681223,-62.511218424962834,-55.652607437812755,-64.05936054248568,319,226,232,77,11,337.21,48.81,10.89,0.67,NA,NA,NA,0.8160000000000002,NA,Durham,Smythe,MIA,TE,28,2
weighted,16216,TE,20.900000000000002,NA,0.20000000000000284,NA,NA,-62.7470282317979,NA,NA,321,NA,NA,78,11,348.42,45.19,5.3,0.38,72.24,NA,248.76,6.144000000000001,NA,Darnell,Washington,PIT,TE,22,-3
weighted,16218,TE,20.7,NA,0.1999999999999993,NA,NA,-62.9470282317979,NA,NA,323,NA,NA,79,11,NA,92,7.18,0.6,NA,NA,NA,NA,NA,Payne,Durham,TBB,TE,23,-3
weighted,8269,TE,20.5,NA,0.29999999999999716,NA,NA,-63.147028231797904,NA,NA,324,NA,NA,80,11,NA,97.33,13.77,0.93,NA,NA,NA,NA,NA,Marcedes,Lewis,CHI,TE,39,14
weighted,13753,TE,20.200000000000003,NA,0.30000000000000426,NA,NA,-63.4470282317979,NA,NA,327,NA,NA,81,11,352.13,53.92,6.08,0.49,NA,NA,NA,NA,NA,Jordan,Akins,CLE,TE,31,2
weighted,13188,TE,19.9,NA,1.1999999999999957,NA,NA,-63.747028231797906,NA,NA,328,NA,NA,82,11,369.2,48.5,0.5,0.01,NA,NA,NA,NA,NA,O.J.,Howard,FA,TE,29,3
weighted,15564,TE,19.9,NA,0,NA,NA,-63.747028231797906,NA,NA,328,NA,NA,82,11,NA,90.5,5.5,0.4,NA,NA,NA,NA,NA,Parker,Hesse,ATL,TE,28,1
weighted,15909,TE,18.700000000000003,NA,0.30000000000000426,NA,NA,-64.9470282317979,NA,NA,331,NA,NA,83,11,349,63.63,6.52,0.53,NA,NA,NA,NA,NA,James,Mitchell,DET,TE,24,-2
weighted,14370,TE,18.4,NA,0.09999999999999787,NA,NA,-65.24702823179791,NA,NA,333,NA,NA,84,11,NA,98.5,9.71,0.79,NA,NA,NA,NA,NA,Tanner,Hudson,CIN,TE,29,2
weighted,16249,TE,18.3,NA,0.1999999999999993,NA,NA,-65.3470282317979,NA,NA,334,NA,NA,85,11,375,65.63,13.35,0.92,NA,NA,NA,1.5360000000000003,NA,Zack,Kuntz,NYJ,TE,24,-3
weighted,15335,TE,18.1,NA,0.8000000000000007,NA,NA,-65.5470282317979,NA,NA,336,NA,NA,86,11,NA,99.4,15.08,0.94,NA,NA,NA,NA,NA,Luke,Farrell,JAC,TE,26,-1
weighted,15796,TE,18.1,NA,0,NA,NA,-65.5470282317979,NA,NA,336,NA,NA,86,11,355.29,59.07,14.01,0.93,NA,NA,NA,NA,NA,Jeremy,Ruckert,NYJ,TE,23,-2
weighted,13315,TE,17.3,NA,0.3000000000000007,NA,NA,-66.3470282317979,NA,NA,339,NA,NA,87,11,NA,86.8,13.64,0.93,NA,NA,NA,NA,NA,Eric,Saubert,MIA,TE,29,3
weighted,15103,TE,17,NA,0.10000000000000142,NA,NA,-66.6470282317979,NA,NA,341,NA,NA,88,11,NA,137,9.22,0.74,NA,NA,NA,NA,NA,Reggie,Gilliam,BUF,RB,26,0
weighted,15333,TE,17,NA,0,NA,NA,-66.6470282317979,NA,NA,341,NA,NA,88,11,NA,71.33,3.9,0.16,NA,NA,NA,NA,NA,Tre',McKitty,LAC,TE,24,-1
weighted,16113,TE,17,NA,0,NA,NA,-66.6470282317979,NA,NA,341,NA,NA,88,11,NA,NA,NA,NA,NA,NA,NA,NA,NA,Stone,Smartt,LAC,TE,25,-2
weighted,15534,TE,16.9,NA,0.29999999999999716,NA,NA,-66.74702823179791,NA,NA,342,NA,NA,89,11,NA,NA,NA,NA,NA,NA,NA,NA,NA,Miller,Forristall,CLE,TE,25,-1
weighted,16217,TE,16.9,NA,0,NA,NA,-66.74702823179791,NA,NA,342,NA,NA,89,11,NA,95,9.75,0.8,NA,NA,NA,2.9760000000000004,NA,Cameron,Latu,SFO,TE,23,-3
weighted,16367,TE,16.9,NA,0,NA,NA,-66.74702823179791,NA,NA,342,NA,NA,89,11,NA,NA,NA,NA,NA,NA,NA,NA,NA,Brayden,Willis,SFO,TE,24,-3
weighted,14146,TE,16.6,NA,0.20000000000000284,NA,NA,-67.0470282317979,NA,NA,345,NA,NA,90,11,NA,79.4,10.98,0.85,NA,NA,NA,NA,NA,Drew,Sample,CIN,TE,27,1
weighted,14240,TE,16.4,NA,0.29999999999999716,NA,NA,-67.24702823179791,NA,NA,346,NA,NA,91,11,NA,92.25,8.2,0.68,NA,NA,NA,NA,NA,Zach,Gentry,PIT,TE,27,1
weighted,14752,TE,16.1,NA,0.10000000000000142,NA,NA,-67.5470282317979,NA,NA,347,NA,NA,92,11,NA,78.6,14.32,0.93,NA,NA,NA,NA,NA,Jesper,Horsted,LVR,TE,26,1
weighted,15795,TE,16,NA,0.09999999999999964,NA,NA,-67.6470282317979,NA,NA,348,NA,NA,93,11,NA,82.29,11.62,0.87,NA,NA,NA,NA,NA,Charlie,Kolar,BAL,TE,24,-2
weighted,14936,TE,15.9,NA,0.09999999999999964,NA,NA,-67.7470282317979,NA,NA,351,NA,NA,94,11,NA,95,13.36,0.92,NA,NA,NA,NA,NA,Devin,Asiasi,CIN,TE,26,0
weighted,15929,TE,15.8,NA,0.09999999999999787,NA,NA,-67.8470282317979,NA,NA,352,NA,NA,95,11,NA,85.6,22.81,0.99,NA,NA,NA,NA,NA,Ko,Kieft,TBB,TE,25,-2
weighted,16406,TE,15.700000000000003,NA,0.09999999999999964,NA,NA,-67.9470282317979,NA,NA,355,NA,NA,96,11,NA,NA,NA,NA,NA,NA,NA,NA,NA,Curtis,Hodges,WAS,TE,24,-2
weighted,16312,TE,15.600000000000003,NA,0.1000000000000032,NA,NA,-68.0470282317979,NA,NA,356,NA,NA,97,11,NA,89.2,8.98,0.72,NA,NA,NA,NA,NA,Josh,Whyle,TEN,TE,24,-3
weighted,15800,TE,15.5,NA,0.09999999999999787,NA,NA,-68.1470282317979,NA,NA,357,NA,NA,98,11,NA,88.4,10.67,0.84,NA,NA,NA,NA,NA,Connor,Heyward,PIT,TE,24,-2
weighted,12955,TE,15.400000000000002,NA,0.1000000000000032,NA,NA,-68.2470282317979,NA,NA,358,NA,NA,99,11,NA,84.4,5.39,0.39,NA,NA,NA,NA,NA,Chris,Manhertz,DEN,TE,31,4
weighted,15041,TE,15.299999999999999,NA,0.4999999999999982,NA,NA,-68.3470282317979,NA,NA,359,NA,NA,100,11,NA,NA,NA,NA,NA,NA,NA,NA,NA,Lawrence,Cager,NYG,TE,26,0
weighted,15916,TE,14.8,NA,0,NA,NA,-68.8470282317979,NA,NA,360,NA,NA,101,11,NA,NA,NA,NA,NA,NA,NA,NA,NA,Andrew,Ogletree,IND,TE,25,-2
weighted,16220,TE,14.8,NA,0,NA,NA,-68.8470282317979,NA,NA,360,NA,NA,101,11,NA,84.6,7.74,0.64,NA,NA,NA,NA,NA,Will,Mallory,IND,TE,24,-3
weighted,0516,DST,131.6341753343239,18.03122292025696,1.3090638930163436,118.97113328570573,143.7811365641184,4.02258543833581,-1.6831417271758795,9.262451066874604,78,106,76,1,1,167.6,2.58,1.45,0.8,114.0375,22.346955469369874,-36.037499999999994,2.575,0.07499999999999996,Dallas,Cowboys,DAL,DST,NA,50
weighted,0518,DST,130.32511144130757,14.283556979968248,2.713521545319466,120.29399577926493,139.94741014098793,2.713521545319466,-0.36027923361668,5.428724643744118,85,100,84,2,2,175.16,3.64,1.56,0.49,108.7475,22.57765640517191,-23.747500000000002,2.81,0.31000000000000005,Philadelphia,Eagles,PHI,DST,NA,50
weighted,0520,DST,127.6115898959881,10.253048327204928,1.1690936106983685,120.41103657422484,134.5186854972438,0,-0.24323843865677475,0,96,97,96,3,3,233.46,15.45,3.01,0.76,171.56333333333333,20.319436234524044,-75.56333333333333,NA,NA,Washington,Commanders,WAS,DST,NA,50
weighted,0529,DST,126.44249628528974,5.868986283848342,0.524368499257065,122.3208002459356,130.39621307773268,-1.1690936106983685,1.6665252330539886,-4.122472419511126,97,92,110,4,3,212.14,11.15,2.52,0.35,167.11333333333332,14.256940609946982,-70.11333333333332,1.17,NA,New Orleans,Saints,NOS,DST,NA,50
weighted,0531,DST,125.91812778603267,7.495331880577398,0.7953937592867675,120.65427501288161,130.96745284626098,-1.6934621099554334,0,-3.5512326509828256,100,96,108,5,4,194.29,7.51,1.61,0.2,143.52,18.334846604212427,-43.52000000000001,1.275,0.07500000000000007,Baltimore,Ravens,BAL,DST,NA,50
weighted,0507,DST,125.1227340267459,10.960155108391474,0.1537890044576642,117.4255908207231,132.50618104877785,-2.488855869242201,-3.2286841921585108,-2.012504448465961,103,113,104,6,4,236.67,15.26,2.52,0.58,174.75,24.419999999999987,-71.75,1,NA,Cleveland,Browns,CLE,DST,NA,50
weighted,0530,DST,124.96894502228824,1.2020815280171426,0.7616641901931587,124.12474221904705,125.7787424376079,-2.642644873699865,3.470467206165438,-8.739943059635905,104,89,121,7,5,159.07,1.47,0.9,0.01,100.3475,19.698826583073416,3.6525000000000034,3.855,0.44499999999999984,San Francisco,49ers,SFO,DST,NA,50
weighted,0504,DST,124.20728083209508,13.152186130069788,0.6025260029717714,114.97070898486773,133.06741725853345,-3.404309063893024,-5.683566028013885,-1.4512682387103553,106,118,101,8,6,187.3,5.85,1.86,0.54,133.805,13.73843058722502,-27.805000000000007,1.745,0.545,New England,Patriots,NEP,DST,NA,50
weighted,0515,DST,123.60475482912331,6.646803743153539,1.8462109955423358,118.93680991708368,128.08245818442012,-4.006835066864795,-1.7174650957979338,-6.436227312823689,108,107,115,9,7,293.23,22,4.04,0.86,180.315,21.715000000000003,-72.315,NA,NA,Seattle,Seahawks,SEA,DST,NA,50
weighted,0510,DST,121.75854383358097,16.40487732352789,0.11381872213966915,110.23765851875974,132.8098967955901,-5.853046062407131,-10.416616494121868,-1.7087887016537024,115,134,103,10,7,214.24,11.09,2.53,0.91,160.78666666666666,29.875990732061464,-45.78666666666666,1.11,NA,Pittsburgh,Steelers,PIT,DST,NA,50
weighted,0512,DST,121.6447251114413,6.010407640085653,0.7760772659732567,117.42371109523525,125.69371218803947,-5.9668647845468,-3.2305639176463643,-8.824973309204339,116,114,122,11,8,208.3,10.4,2.29,0.28,160.69333333333333,16.081594724681043,-44.69333333333333,1.13,NA,Kansas City,Chiefs,KCC,DST,NA,50
weighted,0525,DST,120.86864784546805,5.161879502661794,1.2326894502228782,117.39128247380138,124.49375400056266,-6.742942050520057,-3.26299253908023,-10.024931496681148,118,115,130,12,9,227.74,14.92,4.53,0.88,180.95,27.64999999999999,-62.94999999999999,NA,NA,Tampa Bay,Buccaneers,TBB,DST,NA,50
weighted,0509,DST,119.63595839524517,8.62670273047587,0.04665676077267733,113.57756180727883,125.44744572871548,-7.975631500742935,-7.076713205602786,-9.07123976852833,126,124,124,13,9,259.25,18.83,3.58,0.85,166.05,4.6499999999999915,-40.05000000000001,1.31,NA,Jacksonville,Jaguars,JAC,DST,NA,50
weighted,0522,DST,119.58930163447249,8.838834764831832,0.5736998514115896,113.3819280812283,125.54369439417567,-8.022288261515612,-7.272346931653317,-8.974991103068135,127,127,123,14,10,307.83,24.75,2.48,0.46,183.77,22.97,-56.77000000000001,NA,NA,Detroit,Lions,DET,DST,NA,50
weighted,0506,DST,119.0156017830609,0.9899494936611604,0.4106983655274803,118.32037594509757,119.68249377214767,-8.595988112927202,-2.3338990677840457,-14.836191725096143,131,109,143,15,10,219.95,12.81,2.84,0.17,181.99666666666667,17.69681766746653,-50.99666666666667,1,NA,Cincinnati,Bengals,CIN,DST,NA,50
weighted,0532,DST,118.60490341753342,9.828784258493013,1.3401188707280909,111.70230402632588,125.22618816632338,-9.006686478454682,-8.951970986555736,-9.292497330920426,132,131,126,16,11,307.9,28.77,2.93,0.66,NA,NA,NA,NA,NA,Houston,Texans,HOU,DST,NA,50
weighted,0503,DST,117.26478454680533,7.283199846221436,0.027191679049010986,112.14990873893211,122.17120418080077,-10.346805349182773,-8.5043662739495,-12.347481316443037,136,130,137,17,11,221.67,13.11,3.54,0.72,158.03,27.99166125831048,-22.03,1.2,0.19999999999999996,Miami,Dolphins,MIA,DST,NA,50
weighted,0511,DST,117.23759286775632,3.959797974644661,0.6818722139673099,114.57002491140929,120.01849621960972,-10.373997028231784,-6.084250101472321,-14.500189277634092,137,120,142,18,12,199.25,9.19,4.22,0.71,157.565,26.175370579993704,-20.564999999999998,1.215,0.11499999999999999,Denver,Broncos,DEN,DST,NA,50
weighted,0517,DST,116.55572065378901,3.535533905932737,0.4466567607726688,114.07277123249132,118.93747775767028,-11.055869242199094,-6.5815037803902925,-15.581207739573529,143,122,147,19,13,295.98,22.64,2.84,0.33,210.16,NA,-67.16,NA,NA,New York,Giants,NYG,DST,NA,50
weighted,0501,DST,116.10906389301634,3.747665940288699,0.7462109955423699,113.4771375064408,118.6337264231305,-11.502526002971763,-7.177137506440815,-15.884959074113311,145,125,149,20,14,173.31,3.75,1.53,0.05,127.965,24.03227049198639,17.034999999999997,1.9900000000000002,0.19000000000000006,Buffalo,Bills,BUF,DST,NA,50
weighted,0514,DST,115.36285289747397,13.505739520663061,0.3245170876671466,105.87798610811683,124.46116503430046,-12.248736998514133,-14.776288904764783,-10.057520462943344,147,147,131,21,14,241.82,16.96,2.54,0.84,181.535,25.835000000000008,-34.535,NA,NA,Los Angeles,Chargers,LAC,DST,NA,50
weighted,0502,DST,115.03833580980682,11.950104602052644,0.8206537890044387,106.64596676582066,123.08867482092553,-12.57325408618128,-14.008308247060953,-11.430010676318275,148,145,135,22,15,263.51,19.32,2.22,0.56,211.19,NA,-63.19,NA,NA,Indianapolis,Colts,IND,DST,NA,50
weighted,0528,DST,114.21768202080239,2.0506096654409816,2.3261515601783316,112.83626290055126,115.65779268515504,-13.393907875185718,-7.818012112330351,-18.860892812088764,151,128,156,23,16,277.76,22.32,4.12,0.52,NA,NA,NA,NA,NA,Los Angeles,Rams,LAR,DST,NA,50
weighted,0523,DST,111.89153046062405,8.980256121069143,0.9716196136701143,105.58483893052795,117.94119350448251,-15.72005943536405,-15.069436082353661,-16.577491992761296,156,151,150,24,17,247.98,17.53,3.17,0.69,185.44,18.11,-29.439999999999998,NA,NA,Green Bay,Packers,GBP,DST,NA,50
weighted,0524,DST,110.91991084695394,1.9091883092036799,1.193759286775645,109.63376201085804,112.26070353445469,-16.691679049034164,-11.020513002023577,-22.257981962789117,160,137,161,25,18,323.05,27.31,1.5,0.04,207.83,NA,-47.83000000000001,NA,NA,Minnesota,Vikings,MIN,DST,NA,50
weighted,0526,DST,109.7261515601783,11.030865786510144,1.7753343239227206,102.29506939606871,117.47295375462708,-17.88543833580981,-18.3592056168129,-17.045731742616724,164,159,153,26,19,311.29,28.57,2.8,0.75,NA,NA,NA,NA,NA,Atlanta,Falcons,ATL,DST,NA,50
weighted,0519,DST,107.95081723625557,6.293250352560276,0.6213967310550004,103.7112895913469,112.37046720616546,-19.66077265973253,-16.942985421534715,-22.14821829107835,173,155,160,27,20,303,28.76,1.82,0.18,NA,NA,NA,NA,NA,Arizona,Cardinals,ARI,DST,NA,50
weighted,0505,DST,107.32942050520057,11.38441917710342,0.6983655274888463,99.33432336862205,114.9986783796983,-20.28216939078753,-21.31995164425956,-19.520007117545504,175,170,158,28,21,187.77,5.43,1.76,0.43,135.46666666666667,40.808849802735466,39.53333333333333,1.6,0.20000000000000007,New York,Jets,NYJ,DST,NA,50
weighted,0508,DST,106.63105497771173,1.2020815280171224,0.7377414561664182,105.82125756239212,107.47525778095296,-20.980534918276376,-14.833017450489493,-27.04342771629085,176,148,172,29,22,303.23,23.83,2.72,0.15,NA,NA,NA,NA,NA,Tennessee,Titans,TEN,DST,NA,50
weighted,0527,DST,105.89331352154531,0.42426406871193445,2.2713224368499,105.60750266907957,106.19126745210104,-21.718276374442794,-15.046772343802047,-28.327418045142764,178,150,177,30,23,285.17,21.58,3.07,0.21,209.28,NA,-31.28,NA,NA,Carolina,Panthers,CAR,DST,NA,50
weighted,0521,DST,103.62199108469541,4.949747468305832,3.7114413075780277,100.28753113926162,107.09812027451215,-23.989598811292694,-20.366743873619995,-27.420565222731653,185,165,174,31,24,326.1,29.11,2.02,0.16,211.36,NA,-26.360000000000014,NA,NA,Chicago,Bears,CHI,DST,NA,50
weighted,0513,DST,99.91054977711738,12.020815280171306,0,91.81257562392105,108.3525778095295,-27.701040118870722,-28.841699388960564,-26.1661076877143,206,184,169,32,24,308.33,30.94,1.59,0.4,NA,NA,NA,NA,NA,Las Vegas,Raiders,LVR,DST,NA,50
