avg_type,id,pos,points,sd_pts,dropoff,floor,ceiling,points_vor,floor_vor,ceiling_vor,rank,floor_rank,ceiling_rank,pos_rank,tier,overall_ecr,pos_ecr,sd_ecr,uncertainty,adp,adp_sd,adp_diff,aav,aav_sd,first_name,last_name,team,position,age,exp
average,13116,QB,360.9166666666667,3.923981821228694,8.805999999999983,357.975,364.75199999999995,98.1806666666667,103.5,94.24019999999996,3,1,8,1,1,26.15,1.75,0.9,0.03,15.855,4.188761750207333,-12.855,41.394666666666666,8.326462447455638,Patrick,Mahomes,KCC,QB,28,3
average,14783,QB,352.1106666666667,22.464439484067555,16.380666666666684,331.0652,371.2862,89.37466666666671,76.59019999999998,100.77440000000001,7,7,4,2,2,27.37,2.36,0.93,0.62,22.291666666666668,3.977195061290752,-15.291666666666668,35.886,5.132852877948745,Jalen,Hurts,PHI,QB,25,0
average,13589,QB,335.73,13.44569447815917,20.450666666666677,323.136,347.211,72.99400000000003,68.661,76.69920000000002,16,16,15,3,3,27.22,2.19,0.9,0.28,19.905,3.4689467661909528,-3.905000000000001,36.45266666666667,7.76959035099163,Josh,Allen,BUF,QB,27,2
average,13593,QB,315.27933333333334,8.01044326696927,2.8899999999999864,310.00800000000004,323.1822,52.54333333333335,55.533000000000015,52.67040000000003,24,20,31,4,3,38.84,4.57,1.27,0.13,38.79666666666667,7.677396838917618,-14.796666666666667,29.647333333333336,10.684494726263642,Lamar,Jackson,BAL,QB,26,2
average,14777,QB,312.38933333333335,16.265658343065425,21.370000000000005,296.4638,324.4448,49.653333333333364,41.98879999999997,53.93299999999999,29,34,29,5,4,42.62,5.53,1.12,0.47,37.513333333333335,6.432639858996892,-8.513333333333335,26.07,7.995027621382348,Joe,Burrow,CIN,QB,27,0
average,15238,QB,291.01933333333335,7.207707078768748,0.04200000000003001,283.98900000000003,296.4882,28.28333333333336,29.51400000000001,25.976400000000012,48,47,56,6,4,46.31,5.97,1.39,0.11,49.755,8.874483553048782,-1.7550000000000026,22.699333333333335,8.523149704709457,Justin,Fields,CHI,QB,24,-1
average,13113,QB,290.9773333333333,6.515705743304654,5.911333333333289,286.0272,297.3312,28.24133333333333,31.55219999999997,26.81940000000003,49,44,54,7,5,84.2,10.56,2.5,0.2,79.43833333333333,14.540222850959182,-30.438333333333333,14.904666666666667,8.51951740938939,Deshaun,Watson,CLE,QB,28,3
average,14779,QB,285.06600000000003,7.937429558742554,11.635333333333335,279.62600000000003,292.89020000000005,22.33000000000004,25.15100000000001,22.378400000000056,59,53,60,8,6,45.78,6.12,1.18,0.12,47.303333333333335,10.476259934834673,11.696666666666665,23.880000000000003,11.620166378613806,Justin,Herbert,LAC,QB,25,0
average,10700,QB,273.4306666666667,4.767928411095677,5.880000000000052,269.4552,277.95120000000003,10.694666666666706,14.980199999999968,7.439400000000035,75,65,77,9,7,99.06,12.97,1.97,0.09,101.15666666666667,17.50055300713539,-26.156666666666666,14.342000000000002,9.341928851509559,Kirk,Cousins,MIN,QB,35,8
average,14059,QB,267.55066666666664,11.692965463616718,4.256666666666661,256.0172,275.3942,4.814666666666653,1.5421999999999798,4.882400000000018,82,93,81,10,7,96.95,12.52,2.51,0.42,114.06666666666666,15.440660247829076,-32.06666666666666,11.944666666666668,7.658984498976061,Daniel,Jones,NYG,QB,26,1
average,10703,QB,263.294,9.61488367064313,0.12999999999999545,257.3342,272.7692,0.5579999999999927,2.859199999999987,2.2574000000000183,92,88,91,11,7,131.4,16.79,2.33,0.26,128.05,11.745234494608159,-36.05000000000001,10.236666666666668,6.896425805363886,Russell,Wilson,DEN,QB,35,8
average,7836,QB,263.164,11.228636960913835,0.42799999999999727,252.3872,272.2412,0.42799999999999727,-2.0878000000000156,1.7293999999999983,93,101,93,12,7,117.31,15.08,2.67,0.41,98.97833333333334,15.350263208022055,-5.978333333333339,13.068,8.321062111693836,Aaron,Rodgers,NYJ,QB,40,15
average,15237,QB,262.736,7.711407653599964,0.8206666666666251,256.136,269.9492,0,1.6610000000000014,-0.5625999999999749,96,92,98,13,7,60.76,8.17,0.81,0.09,58.17666666666667,9.685196034269119,37.82333333333333,21.074,10.51375949252534,Trevor,Lawrence,JAC,QB,24,-1
average,12620,QB,261.91533333333336,8.308500787346247,5.883333333333383,254.47500000000002,269.4294,-0.8206666666666251,0,-1.082400000000007,98,96,100,14,8,88.42,10.88,2.1,0.23,84.38666666666667,11.465292068770959,13.61333333333333,16.318,9.719055235292508,Dak,Prescott,DAL,QB,30,4
average,11150,QB,256.032,11.85981669335577,4.789333333333303,249.101,267.6824,-6.704000000000008,-5.374000000000024,-2.829400000000021,119,113,111,15,9,103.64,13.61,2.29,0.37,116.59333333333333,20.07946020744139,2.4066666666666663,12.434666666666669,7.848053913055276,Geno,Smith,SEA,QB,33,7
average,12611,QB,251.24266666666668,21.45523249310836,11.684666666666686,231.89280000000002,270.5118,-11.493333333333311,-22.5822,0,133,171,96,16,10,126.59,16.13,1.92,0.65,116.485,12.787488351249175,16.515,11.523333333333333,7.233562208360568,Jared,Goff,DET,QB,29,4
average,14778,QB,239.558,15.410722630688019,0.3526666666666358,224.358,249.9126,-23.177999999999997,-30.11700000000002,-20.599199999999996,170,190,172,17,10,92.66,11.97,2.29,0.53,90.055,12.954049238236923,79.945,13.425333333333334,7.748947684829357,Tua,Tagovailoa,MIA,QB,25,0
average,16152,QB,239.20533333333336,12.502025649203148,13.191333333333347,229.7536,251.4076,-23.530666666666633,-24.721400000000017,-19.10419999999999,173,177,161,18,11,125.77,15.87,3.9,0.57,111.28999999999999,30.772198491495534,61.71000000000001,25.46333333333334,27.172550283123762,Anthony,Richardson,IND,QB,21,-3
average,15692,QB,226.014,1.6152238234993976,4.734666666666669,224.83780000000002,227.599,-36.72199999999998,-29.637200000000007,-42.912800000000004,208,189,232,19,12,169.6,22.73,2.24,0.05,141.12166666666667,20.54497295906931,66.87833333333333,6.534666666666667,3.8258354497924882,Kenny,Pickett,PIT,QB,25,-2
average,11644,QB,221.27933333333334,5.88231938382584,5.814666666666682,215.584,225.89619999999996,-41.45666666666665,-38.89100000000002,-44.61560000000003,215,214,238,20,13,157.45,20.64,2.34,0.18,140.91666666666666,16.736358292319416,74.08333333333334,9.424000000000001,6.316136371759771,Derek,Carr,NOS,QB,32,6
average,15698,QB,215.46466666666666,22.408041086479056,6.000666666666632,194.3914,234.45940000000002,-47.27133333333333,-60.08360000000002,-36.05239999999998,234,293,215,21,14,195.77,23.92,4.55,0.85,146.01666666666665,22.601832275774065,87.98333333333335,10.995333333333335,8.717208472645103,Brock,Purdy,SFO,QB,24,-2
average,9431,QB,209.46400000000003,18.520571481463527,0.8400000000000034,191.198,221.2508,-53.27199999999996,-63.277000000000015,-49.260999999999996,253,315,256,22,14,156.71,20.47,2.15,0.6,143.57166666666666,18.03700678851369,109.42833333333334,7.290000000000001,4.699368751935379,Matthew,Stafford,LAR,QB,35,11
average,16148,QB,208.62400000000002,14.817624236023809,4.760000000000019,194.51520000000002,220.85820000000004,-54.111999999999966,-59.9598,-49.653599999999955,255,291,259,23,15,190.4,24.66,2.75,0.55,130.31,46.30446976264818,124.69,26.805000000000003,20.115000000000006,Bryce,Young,CAR,QB,22,-3
average,14782,QB,203.864,14.463212921062865,3.9293333333333464,191.23000000000002,217.21480000000003,-58.871999999999986,-63.245000000000005,-53.29699999999997,279,314,268,24,15,176.66,23.08,3.06,0.56,146.178,25.690265393724527,132.822,8.171333333333333,5.681029562402303,Jordan,Love,GBP,QB,25,0
average,11760,QB,199.93466666666666,2.9075050014287744,4.106666666666655,197.2714,202.5004,-62.80133333333333,-57.20360000000002,-68.01139999999998,303,270,341,25,16,230.82,27.82,2.97,0.1,163.56333333333333,36.73010784386866,139.43666666666667,7.65,2.0700000000000003,Jimmy,Garoppolo,LVR,QB,32,6
average,14056,QB,195.828,27.752550369290383,1.1233333333333348,171.7584,221.5734,-66.90799999999999,-82.71660000000003,-48.9384,326,405,254,26,16,201.21,24.87,5.03,0.92,147.124,20.777450854231365,178.876,10.278000000000002,5.298000000000001,Kyler,Murray,ARI,QB,26,1
average,10697,QB,194.70466666666667,8.14831671778493,14.695999999999998,186.9964,201.5314,-68.03133333333332,-67.47860000000003,-68.9804,334,340,345,27,17,205.99,25.85,3.18,0.3,163.315,40.365,170.685,8.581000000000001,2.891000000000001,Ryan,Tannehill,TEN,QB,35,8
average,15693,QB,180.00866666666667,5.601869806888881,0.4166666666666856,176.2086,185.53259999999997,-82.72733333333332,-78.26640000000003,-84.97920000000002,407,389,419,28,17,229.68,27.41,3.52,0.24,151.18333333333334,37.493343705546216,255.81666666666666,6.598000000000001,0.6980000000000004,Sam,Howell,WAS,QB,23,-2
average,15241,QB,179.59199999999998,9.95226265730563,0.4326666666666483,171.079,188.9044,-83.144,-83.396000000000015,-81.60739999999998,409,410,409,29,17,236.41,28.05,2.59,0.32,160.695,40.455000000000005,248.305,6.449000000000001,1.399000000000001,Mac,Jones,NEP,QB,25,-1
average,16150,QB,179.15933333333334,10.183600607512696,7.363999999999976,170.419,188.6692,-83.57666666666665,-84.05600000000001,-81.8426,410,414,410,30,18,226,27.26,2.84,0.36,142.746,51.64686034987994,267.254,22.795,17.765,C.J.,Stroud,HOU,QB,22,-3
average,15697,QB,171.79533333333336,11.556240968988721,15.54066666666671,162.48860000000002,182.90060000000003,-90.94066666666663,-91.9864,-87.61119999999997,444,464,421,31,19,257.21,29.45,2.39,0.37,123.46,NA,320.54,4.715,0.20500000000000007,Desmond,Ridder,ATL,QB,24,-2
average,13590,QB,156.25466666666665,26.33384866162432,92.32066666666665,131.09640000000002,177.81539999999998,-106.48133333333334,-123.3786,-92.69640000000001,544,610,452,32,20,289.35,31.05,2.03,0.78,132.01,NA,411.99,4.497,2.007,Baker,Mayfield,TBB,QB,28,2
average,15242,QB,63.934000000000005,23.111005776469362,19.378666666666668,43.800200000000004,85.3082,-198.802,-210.6748,-185.2036,609,611,609,33,21,346.76,36.68,2.59,0.75,159.61,NA,449.39,4.2490000000000006,3.119,Kyle,Trask,TBB,QB,25,-1
average,9899,QB,44.55533333333334,23.498567303845004,0.88333333333334,21.4206,58.8066,-218.18066666666664,-233.05440000000002,-211.7052,610,614,611,34,21,340.38,35.91,3.44,0.8,151.12,NA,458.88,2.6,1.3600000000000003,Colt,McCoy,ARI,QB,37,10
average,12616,QB,43.672,30.781163915615664,4.011999999999993,13.581000000000007,66.7224,-219.064,-240.894,-203.7894,611,623,610,35,22,338.33,35.19,2.59,0.87,NA,NA,NA,4.424,2.8240000000000007,Jacoby,Brissett,WAS,QB,31,4
average,15240,QB,39.660000000000004,7.014499269370552,3.298000000000009,35.196000000000005,44.124,-223.076,-219.27900000000002,-226.3878,612,613,614,36,23,315.13,33.6,4.59,0.46,149.385,0.8149999999999977,462.615,4.125000000000001,2.7150000000000007,Trey,Lance,SFO,QB,23,-1
average,9714,QB,36.361999999999995,0.3082985565973347,2.816666666666663,36.1658,36.5582,-226.374,-218.30920000000003,-233.9536,613,612,615,37,23,337.75,56.11,18.72,0.96,NA,NA,NA,NA,NA,Brian,Hoyer,LVR,QB,38,11
average,12476,QB,33.54533333333333,16.776183276697157,2.7759999999999962,18.163600000000002,48.3316,-229.19066666666666,-236.31140000000002,-222.18019999999999,614,619,612,38,23,357.68,39.18,3.77,0.65,NA,NA,NA,3.9840000000000004,NA,Taylor,Heinicke,ATL,QB,30,5
average,16149,QB,30.769333333333336,20.541502411784133,8.684000000000005,10.807000000000002,46.6432,-231.96666666666664,-243.668,-223.8686,615,631,613,39,24,344.46,36.6,3.37,0.72,60.55,NA,554.45,7.953,6.783,Will,Levis,TEN,QB,24,-3
average,13592,QB,22.08533333333333,3.6309427609552487,0.06033333333333246,18.540999999999997,24.828399999999995,-240.65066666666667,-235.93400000000003,-245.6834,616,617,619,40,24,350.83,39.21,5.83,0.44,NA,NA,NA,1.484,0.4840000000000001,Sam,Darnold,SFO,QB,26,2
average,13598,QB,22.025,3.2880465325174475,0.8269999999999982,19.9325,24.1175,-240.71099999999998,-234.54250000000002,-246.3943,617,616,620,41,24,375.8,40.81,3.53,0.18,NA,NA,NA,3.224,1.3840000000000003,Mike,White,MIA,QB,28,2
average,16160,QB,21.198,0.11030865786510058,0.8520000000000003,21.1278,21.2682,-241.53799999999998,-233.34720000000002,-249.2436,618,615,621,42,24,336.5,42.95,7.81,0.52,102.52,NA,515.48,3.4800000000000004,NA,Clayton,Tune,ARI,QB,24,-3
average,14067,QB,20.346,14.378802036331122,0.18900000000000006,6.896000000000003,32.6522,-242.39,-247.579,-237.8596,619,648,616,43,24,354.67,37.59,4.32,0.64,NA,NA,NA,1.9700000000000002,0.7900000000000003,Gardner,Minshew,IND,QB,27,1
average,12381,QB,20.157,9.507757779834316,1.083000000000002,14.106300000000001,26.2077,-242.57899999999998,-240.36870000000002,-244.3041,620,621,618,44,24,NA,63.29,8.19,0.78,NA,NA,NA,1.6800000000000002,NA,Trevor,Siemian,CIN,QB,32,5
average,15696,QB,19.073999999999998,13.946285096756053,0.671999999999997,5.649200000000002,30.246199999999998,-243.66199999999998,-248.82580000000002,-240.2656,621,651,617,45,24,367.22,41.78,4.06,0.61,NA,NA,NA,4.5840000000000005,NA,Bailey,Zappe,NEP,QB,24,-2
average,13115,QB,18.402,NA,1.1400000000000006,18.402,18.402,-244.334,-236.07300000000004,-252.1098,622,618,625,46,24,NA,53.9,6.01,0.71,NA,NA,NA,1.0560000000000003,NA,Mitchell,Trubisky,PIT,QB,29,3
average,12141,QB,17.262,5.744535490359513,0.5839999999999996,13.606200000000001,20.9178,-245.474,-240.86880000000002,-249.594,623,622,623,47,24,NA,48.54,4.07,0.3,NA,NA,NA,1.8240000000000003,NA,Marcus,Mariota,PHI,QB,30,5
average,10413,QB,16.678,7.181376469730576,0.26200000000000045,12.107800000000003,21.2482,-246.058,-242.36720000000003,-249.2636,624,627,622,48,24,NA,56.11,3.41,0.28,NA,NA,NA,NA,NA,Tyrod,Taylor,NYG,QB,34,9
average,14069,QB,16.416,NA,1.4909999999999997,16.416,16.416,-246.32,-238.05900000000003,-254.0958,625,620,630,49,25,NA,75.2,7.93,0.89,NA,NA,NA,NA,NA,Easton,Stick,LAC,QB,28,1
average,14789,QB,14.925,7.615540033379119,0.27500000000000036,10.0785,19.771500000000003,-247.81099999999998,-244.39650000000003,-250.7403,626,633,624,50,25,369,42.57,2.95,0.25,NA,NA,NA,1.368,NA,Tyler,Huntley,BAL,QB,25,0
average,14063,QB,14.65,2.8142849891224597,0.10800000000000054,12.859,16.441,-248.08599999999998,-241.616,-254.0708,627,625,629,51,25,366.2,44.53,5.7,0.37,NA,NA,NA,1.4640000000000002,NA,Jarrett,Stidham,DEN,QB,27,1
average,14070,QB,14.542,5.201477482408242,0.1540000000000017,11.231800000000002,17.852199999999996,-248.194,-243.24320000000003,-252.6596,628,628,626,52,25,NA,72.6,8.26,0.66,NA,NA,NA,NA,NA,David,Blough,ARI,QB,28,1
average,11640,QB,14.387999999999998,1.9912126958213159,0.21599999999999753,13.120800000000001,15.655199999999997,-248.34799999999998,-241.35420000000002,-254.8566,629,624,632,53,25,NA,53.6,6.99,0.51,NA,NA,NA,0.3360000000000001,NA,Teddy,Bridgewater,DET,QB,31,6
average,12140,QB,14.172,2.873681958742129,0.6170000000000009,12.3432,16.0008,-248.564,-242.13180000000003,-254.511,630,626,631,54,25,352.77,41.39,5.3,0.33,NA,NA,NA,1.6080000000000003,NA,Jameis,Winston,NOS,QB,29,5
average,10313,QB,13.555,6.356889962867062,0.6159999999999961,9.509500000000001,17.6005,-249.18099999999998,-244.96550000000002,-252.91129999999998,631,636,627,55,25,356.5,44.71,5.14,0.49,NA,NA,NA,1.4880000000000002,NA,Andy,Dalton,CAR,QB,36,9
average,15252,QB,12.939000000000004,6.588820987096253,0.2570000000000032,8.745900000000002,17.132100000000005,-249.797,-245.72910000000002,-253.37969999999999,632,640,628,56,25,NA,48.71,6.93,0.62,NA,NA,NA,NA,NA,Davis,Mills,HOU,QB,25,-1
average,13416,QB,12.682,3.306431308828295,1.0340000000000007,10.577800000000002,14.7862,-250.054,-243.89720000000003,-255.7256,633,632,633,57,25,NA,58.5,9.53,0.69,NA,NA,NA,NA,NA,P.J.,Walker,CHI,QB,28,3
average,10262,QB,11.648,1.0634885989045673,0.26599999999999824,10.971200000000001,12.3248,-251.088,-243.5038,-258.187,634,630,639,58,25,NA,71.6,6.09,0.33,NA,NA,NA,1.0560000000000003,NA,Blaine,Gabbert,KCC,QB,34,9
average,13119,QB,11.382000000000001,2.5766971106437793,0.3979999999999997,9.7422,13.021799999999999,-251.35399999999998,-244.73280000000003,-257.49,635,635,637,59,25,NA,60.14,6.49,0.48,NA,NA,NA,NA,NA,Joshua,Dobbs,CLE,QB,28,3
average,14065,QB,10.984000000000002,NA,0.2660000000000018,10.984000000000002,10.984000000000002,-251.75199999999998,-243.491,-259.5278,636,629,641,60,25,NA,68.6,3.44,0.27,NA,NA,NA,NA,NA,Brett,Rypien,LAR,QB,27,1
average,13968,QB,10.718,5.031771854923472,0.1120000000000001,7.5158000000000005,13.9202,-252.018,-246.9592,-256.59159999999997,637,644,635,61,25,NA,59.89,9.33,0.73,NA,NA,NA,NA,NA,Nick,Mullens,MIN,QB,28,3
average,13124,QB,10.606,3.770293357286672,0.07899999999999885,8.2066,13.0054,-252.13,-246.2684,-257.5064,638,641,638,62,25,NA,60.25,4.79,0.29,NA,NA,NA,1.1960000000000002,0.19600000000000006,Cooper,Rush,DAL,QB,30,3
average,14057,QB,10.527000000000001,1.7069557697843267,0.08099999999999952,9.4407,11.613300000000002,-252.209,-245.03430000000003,-258.8985,639,637,640,63,25,NA,60,4.32,0.19,NA,NA,NA,1.8480000000000003,NA,Drew,Lock,SEA,QB,27,1
average,16313,QB,10.446000000000002,6.4007305833006285,0.386000000000001,6.372600000000001,14.519400000000001,-252.29,-248.10240000000002,-255.9924,640,649,634,64,25,NA,60.4,12.47,0.89,NA,NA,NA,0.9840000000000001,NA,Sean,Clifford,GBP,QB,25,-3
average,16155,QB,10.06,0,0.15700000000000003,10.06,10.06,-252.676,-244.41500000000002,-260.4518,641,634,643,65,25,NA,NA,NA,0.01,NA,NA,NA,NA,NA,Max,Duggan,LAC,QB,22,-3
average,16153,QB,9.903,5.774233975169348,0.745000000000001,6.228300000000001,13.5777,-252.833,-248.24670000000003,-256.9341,642,650,636,66,25,NA,53.18,4.8,0.43,73.21,NA,568.79,3.6720000000000006,NA,Stetson,Bennett,LAR,QB,26,-3
average,11151,QB,9.158,NA,0.0779999999999994,9.158,9.158,-253.578,-245.31700000000004,-261.3538,643,638,646,67,25,NA,NA,NA,NA,NA,NA,NA,NA,NA,Matt,Barkley,BUF,QB,33,7
average,16156,QB,9.08,0,0.04399999999999871,9.08,9.08,-253.65599999999998,-245.395,-261.4318,644,639,647,68,25,NA,70,2.94,0.07,NA,NA,NA,3.2880000000000007,NA,Jake,Haener,NOS,QB,24,-3
average,13125,QB,9.036000000000001,2.39850620178477,0.47300000000000253,7.509600000000001,10.562400000000002,-253.7,-246.96540000000002,-259.94939999999997,645,645,642,69,25,NA,69.29,5.99,0.41,NA,NA,NA,NA,NA,C.J.,Beathard,JAC,QB,30,3
average,16159,QB,8.562999999999999,1.5796765491707485,1.009999999999998,7.557699999999999,9.5683,-254.173,-246.9173,-260.9435,646,642,645,70,26,NA,56.45,6.26,0.39,110.69,NA,535.31,1.6080000000000003,NA,Aidan,O'Connell,LVR,QB,25,-3
average,16154,QB,7.553000000000001,3.3757277733845767,0.009000000000002117,5.404700000000002,9.7013,-255.183,-249.07030000000003,-260.8105,647,652,644,71,26,NA,61.75,11.67,0.82,NA,NA,NA,1.9920000000000002,NA,Jaren,Hall,MIN,QB,25,-3
average,15239,QB,7.543999999999999,NA,0.0820000000000034,7.543999999999999,7.543999999999999,-255.19199999999998,-246.931,-262.9678,648,643,651,72,26,361.5,49.43,6.97,0.84,NA,NA,NA,1.5600000000000003,NA,Zach,Wilson,NYJ,QB,24,-1
average,16151,QB,7.461999999999995,NA,0.28599999999999515,7.461999999999995,7.461999999999995,-255.274,-247.01300000000003,-263.0498,649,646,652,73,26,NA,57.38,6.06,0.73,59.21,NA,589.79,10.608,NA,Hendon,Hooker,DET,QB,25,-3
average,16158,QB,7.176,2.8057997077482213,0.08399999999999874,5.3904,8.9616,-255.56,-249.08460000000002,-261.5502,650,653,649,74,26,NA,53.75,11.52,0.81,99.52,NA,550.48,2.5200000000000005,NA,Dorian,Thompson-Robinson,CLE,QB,24,-3
average,12815,QB,7.092000000000001,NA,1.0010000000000003,7.092000000000001,7.092000000000001,-255.64399999999998,-247.383,-263.4198,651,647,653,75,26,NA,NA,NA,NA,NA,NA,NA,NA,NA,Nate,Sudfeld,DET,QB,30,4
average,15702,QB,6.091000000000001,4.67963267789257,0.8030000000000008,3.1129000000000024,9.0691,-256.645,-251.36210000000003,-261.4427,652,656,648,76,26,NA,63.33,15.84,0.93,NA,NA,NA,NA,NA,Tanner,McKee,PHI,QB,23,-3
average,10948,QB,5.288,NA,0.5350000000000001,5.288,5.288,-257.448,-249.187,-265.2238,653,654,654,77,26,NA,62.71,4.53,0.53,NA,NA,NA,NA,NA,Case,Keenum,HOU,QB,35,8
average,13879,QB,4.753,5.723322286923916,0.17299999999999915,1.1107,8.395299999999999,-257.983,-253.36430000000001,-262.1165,654,658,650,78,26,NA,66,4.69,0.4,NA,NA,NA,NA,NA,Kyle,Allen,BUF,QB,27,2
average,15694,QB,4.580000000000001,0.9050966799187816,2.7659999999999973,4.0040000000000004,5.1560000000000015,-258.156,-250.47100000000003,-265.3558,655,655,655,79,26,357.75,51.83,11.3,0.76,NA,NA,NA,NA,NA,Malik,Willis,TEN,QB,24,-2
average,15691,QB,1.8140000000000036,NA,1.0320000000000036,1.8140000000000036,1.8140000000000036,-260.92199999999997,-252.66100000000003,-268.6978,656,657,656,80,27,NA,65.57,3.2,0.23,NA,NA,NA,NA,NA,Matt,Corral,CAR,QB,24,-2
average,15248,QB,0.782,NA,0.05400000000000005,0.782,0.782,-261.954,-253.693,-269.7298,657,659,657,81,27,NA,NA,NA,NA,NA,NA,NA,NA,NA,Shane,Buechele,KCC,QB,25,-1
average,13595,QB,0.728,NA,0.652,0.728,0.728,-262.008,-253.747,-269.7838,658,660,658,82,27,NA,74.6,10.09,0.96,NA,NA,NA,NA,NA,Mason,Rudolph,PIT,QB,28,2
average,14062,QB,0.07599999999999996,NA,0,0.07599999999999996,0.07599999999999996,-262.65999999999997,-254.39900000000003,-270.4358,659,661,659,83,27,NA,NA,NA,NA,NA,NA,NA,NA,NA,Will,Grier,DAL,QB,28,1
average,13404,RB,213.37333333333333,12.837391998896557,0.549999999999983,200.77200000000002,220.79700000000003,100,89.792,105.06000000000003,1,4,2,1,1,8.6,4.21,2.97,0.26,5.911666666666667,2.204642198231319,-4.911666666666667,50.142,5.531134422521298,Austin,Ekeler,LAC,RB,28,3
average,13130,RB,212.82333333333335,17.52251789365141,7.590000000000003,197.55,229.02300000000002,99.45000000000002,86.57,113.28600000000003,2,5,1,2,1,3.05,1.5,0.92,0.28,2.9033333333333333,1.6517330965450268,-0.9033333333333333,56.70466666666667,7.6236502776265604,Christian,McCaffrey,SFO,RB,27,3
average,12626,RB,205.23333333333335,18.971645509373545,0.4733333333333576,186.52,217.39000000000001,91.86000000000001,75.53999999999999,101.65300000000002,5,10,3,3,1,11.47,5.53,2.21,0.43,16.143333333333334,4.910236473146912,-11.143333333333334,39.82466666666667,6.449154225340115,Derrick,Henry,TEN,RB,29,4
average,16161,RB,204.76,5.615719010064508,4.429999999999978,201.22500000000002,210.297,91.38666666666666,90.245,94.56,6,3,7,4,2,8.47,4.15,1.68,0.03,8.405,1.3290692231783867,-2.4049999999999994,64.65400000000001,26.192945462471386,Bijan,Robinson,ATL,RB,21,-3
average,13610,RB,200.33,18.861010047184642,1.7966666666666526,182.25,215.63100000000003,86.95666666666668,71.26999999999998,99.89400000000003,8,13,5,5,2,5.81,2.86,0.89,0.33,11.65,4.818464485704965,-3.6500000000000004,46.376000000000005,5.355608150963498,Nick,Chubb,CLE,RB,28,2
average,14073,RB,198.53333333333336,12.768548599325356,2.2900000000000205,186.65500000000003,209.56000000000003,85.160000000000025,75.67500000000001,93.82300000000004,9,9,9,6,2,18.93,8.42,2.68,0.23,20.905,4.509389278679172,-11.905000000000001,32.814,7.30948005446808,Josh,Jacobs,LVR,RB,25,1
average,14085,RB,196.24333333333334,15.316645629292756,1.4399999999999977,181.14000000000004,205.91699999999997,82.87,70.160000000000025,90.17999999999998,11,15,10,7,3,15.47,7.14,1.69,0.25,17.058333333333334,3.3894808681500996,-6.058333333333334,35.49133333333334,6.066059969663631,Tony,Pollard,DAL,RB,26,1
average,13604,RB,194.80333333333334,10.089402030513659,1.8533333333333246,185.06000000000003,202.799,81.43,74.08000000000001,87.06200000000001,12,12,12,8,3,14.52,6.67,1.32,0.1,10.688333333333333,3.2431795955341247,1.3116666666666674,45.79066666666667,5.253089334435077,Saquon,Barkley,NYG,RB,26,2
average,14802,RB,192.95000000000002,8.23695939045471,17.973333333333358,185.25500000000002,200.01500000000001,79.57666666666668,74.275,84.27800000000002,13,11,14,9,4,14.26,6.62,3.11,0.14,16.451666666666668,5.239037496419441,-3.451666666666668,36.622,11.407774308192929,Jonathan,Taylor,IND,RB,24,0
average,13131,RB,174.97666666666666,13.153806800061087,3.373333333333335,164.435,187.637,61.603333333333325,53.454999999999984,71.9,19,21,18,10,4,35.09,14.12,3.81,0.34,36.575,5.0349867593337985,-17.575000000000003,27.86066666666667,9.240639275624943,Joe,Mixon,CIN,RB,27,3
average,13319,RB,171.60333333333332,10.500287297656833,0.20999999999997954,162.435,181.299,58.22999999999999,51.454999999999984,65.56200000000001,20,23,22,11,4,42.22,16.72,3.4,0.22,39.8,3.0407619659113947,-19.799999999999997,25.827333333333335,7.190300936369465,Aaron,Jones,GBP,RB,29,3
average,15708,RB,171.39333333333335,11.81000141123334,3.380000000000024,161.06,182.28200000000004,58.02000000000001,50.079999999999984,66.54500000000004,21,24,21,12,5,35.35,14.09,3.94,0.28,32.02,5.453222289007971,-11.020000000000003,23.877333333333333,7.0271407809688515,Breece,Hall,NYJ,RB,22,-2
average,15259,RB,168.01333333333332,14.832077849490043,2.3433333333333053,158.22,182.646,54.639999999999986,47.23999999999998,66.90899999999999,23,26,20,13,5,27.38,11.41,2.75,0.31,29.55,6.454011672337343,-6.550000000000001,25.756666666666668,5.429157904827925,Rhamondre,Stevenson,NEP,RB,25,-1
average,15254,RB,165.67000000000002,14.043849187455695,0.18666666666666742,153.295,178.54899999999998,52.29666666666668,42.31499999999997,62.81199999999998,26,32,23,14,5,30.58,12.69,2.84,0.28,28.381666666666668,3.421755965712472,-2.3816666666666677,26.874666666666666,3.341385474453505,Najee,Harris,PIT,RB,25,-1
average,15253,RB,165.48333333333335,10.812300094491164,3.083333333333343,154.85500000000002,171.865,52.110000000000014,43.875,56.128000000000014,27,29,27,15,5,33.06,13.4,2.83,0.19,31.888333333333335,4.299288377808073,-4.888333333333335,24.65266666666667,5.641612141538581,Travis,Etienne,JAC,RB,24,-1
average,14223,RB,162.4,9.759610647971568,0.5866666666666731,153.8,171.35000000000002,49.02666666666667,42.81999999999999,55.61300000000003,30,31,28,16,5,56.01,21.35,6.09,0.38,61.236666666666665,15.70123632782534,-31.236666666666665,17.152,6.342484896841828,Alexander,Mattison,MIN,RB,25,1
average,15711,RB,161.81333333333333,11.777543603542007,0.6166666666666458,151.05,172.23600000000002,48.44,40.06999999999999,56.499000000000024,31,37,26,17,5,41.86,16.44,3.29,0.24,42.471666666666664,5.934740703874282,-11.471666666666664,19.256,2.9770822404943167,Kenneth,Walker III,SEA,RB,23,-2
average,15717,RB,161.1966666666667,3.2454635005393757,2.0533333333333417,158.00500000000002,163.126,47.82333333333335,47.025000000000006,47.38900000000001,32,27,34,18,6,55.42,21.49,3.46,0.05,48.26,13.659059264824938,-16.259999999999998,15.504666666666667,2.048808651116274,Dameon,Pierce,HOU,RB,23,-2
average,13146,RB,159.14333333333335,6.323656642586904,4.659999999999997,154.095,165.23700000000002,45.77000000000001,43.11499999999998,49.50000000000003,33,30,33,19,6,59.07,22.79,3.73,0.12,63.778333333333336,7.973222720804651,-30.778333333333336,16.413333333333334,8.187231250890353,James,Conner,ARI,RB,28,3
average,16162,RB,154.48333333333335,8.560130450719383,0.2466666666666697,146.07000000000002,159.525,41.110000000000014,35.09,43.78800000000001,35,40,37,20,6,43.67,17.09,4.25,0.21,37.57333333333333,10.382632400097556,-2.5733333333333306,35.367333333333335,20.80415986180542,Jahmyr,Gibbs,DET,RB,21,-3
average,14079,RB,154.23666666666668,15.95656709111747,4.356666666666683,138.841,166.921,40.863333333333344,27.86099999999999,51.184,36,49,32,21,7,45.03,17.36,3.82,0.44,47.155,4.313647914855052,-11.155000000000001,20.831333333333337,5.567476108814682,Miles,Sanders,CAR,RB,26,1
average,14800,RB,149.88,3.1783171647901938,2.7299999999999898,147.23499999999999,152.896,36.50666666666666,36.25499999999997,37.15899999999999,40,39,44,22,7,48.33,18.99,4.38,0.08,56.605000000000004,11.848647953810314,-16.605000000000004,16.11466666666667,2.821943223304743,J.K.,Dobbins,BAL,RB,25,0
average,15749,RB,147.15,13.837720187950035,0.12999999999999545,133.51000000000002,155.785,33.77666666666667,22.53,40.048,42,58,40,23,7,67.94,26.36,3.99,0.38,68.51333333333334,10.215347386272391,-26.513333333333335,10.274666666666667,2.5939937462444966,Isiah,Pacheco,KCC,RB,24,-2
average,14799,RB,147.02,20.31853095083402,0.9699999999999989,127.151,162.206,33.646666666666675,16.170999999999978,46.468999999999994,43,62,36,24,7,49.45,19.56,4.08,0.6,57.913333333333334,7.92033388746263,-14.913333333333334,16.01,1.9368531178176636,Cam,Akers,LAR,RB,24,0
average,14071,RB,146.05,9.569613367320535,5.226666666666688,136.98000000000002,154.035,32.67666666666668,26,38.298,45,52,41,25,8,67.02,25.95,3.62,0.2,75.22666666666666,18.753543368891354,-30.22666666666666,12.588666666666667,6.152169554085959,David,Montgomery,DET,RB,26,1
average,15256,RB,140.82333333333332,8.136069894816119,3.386666666666656,132.92700000000002,147.147,27.44999999999999,21.947000000000003,31.409999999999997,52,59,47,26,8,69.76,27.15,4.62,0.22,71.41666666666667,13.381357263828745,-19.41666666666667,14.097333333333335,5.753122128220661,Javonte,Williams,DEN,RB,23,-1
average,15715,RB,137.43666666666667,12.02497539845023,1.703333333333319,125.88100000000001,147.121,24.063333333333333,14.900999999999996,31.384000000000015,55,66,48,27,8,76.19,28.9,4.46,0.34,82.93333333333334,10.019101201649221,-27.933333333333337,9.563333333333334,3.451785367345749,James,Cook,BUF,RB,24,-2
average,15721,RB,135.73333333333335,19.53754931748948,2.4766666666666595,116.48500000000001,147.76000000000002,22.360000000000014,5.5049999999999955,32.023000000000025,58,84,46,28,8,69,26.35,2.91,0.51,74.65,12.32273238098326,-16.650000000000006,10.377333333333334,3.633952974685036,Rachaad,White,TBB,RB,24,-2
average,13132,RB,133.2566666666667,12.29258448550725,5.02000000000001,121.212,142.317,19.883333333333354,10.231999999999985,26.580000000000013,62,77,55,29,9,74.38,28.46,4.71,0.37,75.425,5.096762861529529,-13.424999999999997,15.404666666666667,9.508955264497896,Alvin,Kamara,NOS,RB,28,3
average,15716,RB,128.23666666666668,2.105239495481046,0.7700000000000102,126.355,130.14399999999998,14.863333333333344,15.374999999999986,14.406999999999982,66,64,69,30,9,84.45,32.17,4.31,0.06,92.07833333333333,25.102055305403887,-26.078333333333333,6.499333333333333,2.6298442708435967,Brian,Robinson,WAS,RB,24,-2
average,14797,RB,127.46666666666667,1.1239810200058178,0.1700000000000017,126.57000000000001,128.54999999999998,14.093333333333334,15.58999999999999,12.812999999999988,67,63,73,31,9,77.27,29.27,4.15,0.04,69.14166666666667,10.10563278023147,-2.1416666666666657,10.839333333333334,4.518949828838064,D'Andre,Swift,PHI,RB,24,0
average,14805,RB,127.29666666666667,7.618335338729413,12.273333333333326,119.81400000000001,131.739,13.923333333333332,8.833999999999989,16.00200000000001,68,79,67,32,10,88.31,33.41,3.26,0.13,92.725,9.204306510179535,-24.724999999999994,6.408666666666668,3.391002342802036,AJ,Dillon,GBP,RB,25,0
average,13608,RB,115.02333333333334,7.950134170775569,1.3500000000000085,110.263,122.845,1.6500000000000057,-0.717000000000013,7.108000000000004,88,99,78,33,11,86.9,32.72,4.8,0.22,93.526,8.641332304685431,-5.525999999999996,8.06,5.0976334378480646,Rashaad,Penny,PHI,RB,27,2
average,13133,RB,113.67333333333333,2.5142858495670892,0.29999999999999716,111.19500000000001,115.398,0.29999999999999716,0.2149999999999892,-0.33899999999999864,95,95,97,34,11,106.07,39.49,5.09,0.1,113.36666666666666,11.771477769969616,-18.36666666666666,6.4,4.83421141449151,Samaje,Perine,DEN,RB,28,3
average,15271,RB,113.37333333333333,3.613327183266602,1.8933333333333167,110.98000000000002,116.93800000000002,0,0,1.2010000000000218,96,96,94,35,11,90.73,34.08,5.15,0.13,100.55166666666666,10.991564063205724,-4.551666666666662,5.996666666666667,3.2131016513988824,Khalil,Herbert,CHI,RB,25,-1
average,14017,RB,111.48000000000002,NA,0.35666666666668334,111.48000000000002,111.48000000000002,-1.8933333333333167,0.5,-4.256999999999977,100,94,113,36,11,124.86,45.51,5.22,0.15,138.51,7.882696239231858,-38.50999999999999,3.5260000000000007,2.4260000000000006,Jeffery,Wilson,MIA,RB,28,2
average,13139,RB,111.12333333333333,4.746960430984583,4.636666666666656,107.457,115.737,-2.25,-3.5230000000000246,0,101,104,96,37,11,100.38,37.53,4.36,0.12,97.58166666666666,10.743910549185008,3.4183333333333366,7.324666666666667,5.63238879655476,Jamaal,Williams,NOS,RB,28,3
average,14852,RB,106.48666666666668,5.773130288962245,3.890000000000015,101.04500000000002,111.35900000000001,-6.886666666666656,-9.935000000000002,-4.377999999999986,120,128,115,38,12,97.51,36.32,4.22,0.13,108.825,20.249506784116985,11.174999999999997,6.4573333333333345,3.796709218374367,Antonio,Gibson,WAS,RB,25,0
average,15263,RB,102.59666666666666,2.4355765915555496,0.9966666666666555,101.039,104.99900000000001,-10.77666666666667,-9.941000000000017,-10.737999999999985,132,129,128,39,12,111.2,41.15,3.47,0.04,124.97,14.874692153677222,7.030000000000001,3.7420000000000004,2.555048857980346,Elijah,Mitchell,SFO,RB,25,-1
average,16169,RB,101.60000000000001,13.340539719216757,2.25,90.05,113.99,-11.773333333333326,-20.93000000000002,-1.7469999999999999,135,164,106,40,12,109.46,40.67,5.36,0.46,113.31833333333333,28.368657245081042,21.681666666666672,10.344000000000001,10.325036497110638,Zach,Charbonnet,SEA,RB,22,-3
average,12447,RB,99.35000000000001,4.2358588267316,1.25,95.67,103.27499999999999,-14.023333333333326,-15.310000000000016,-12.462000000000003,142,149,132,41,12,133.17,48.27,5.49,0.16,129.66833333333332,11.774515441787354,12.331666666666678,5.1000000000000005,5.224582917962608,Raheem,Mostert,MIA,RB,31,5
average,15712,RB,98.10000000000001,0.9165151389911655,6.113333333333344,97.22000000000001,98.84,-15.273333333333326,-13.760000000000005,-16.89699999999999,147,141,148,42,13,117.26,43.14,5.58,0.09,121.905,28.018057718787954,25.095,2.174666666666667,0.9554912639870424,Tyler,Allgeier,ATL,RB,23,-2
average,14075,RB,91.98666666666666,13.487736405095303,1.5733333333333235,80.09600000000002,104.351,-21.38666666666667,-30.884,-11.385999999999996,162,194,130,43,13,103.76,38.69,4.08,0.37,109.142,9.469965997827027,52.858000000000004,5.836666666666668,5.058789929968981,Damien,Harris,BUF,RB,26,1
average,13134,RB,90.41333333333334,7.731496189828546,1.7199999999999989,83.034,96.75900000000001,-22.959999999999994,-27.946000000000012,-18.97799999999998,167,186,159,44,13,129.21,46.53,6.23,0.3,129.85,18.132270495813074,37.150000000000006,4.0873333333333335,3.3036627484589824,D'Onta,Foreman,CHI,RB,27,3
average,14080,RB,88.69333333333334,6.778210186570887,1.38333333333334,82.86800000000002,95.018,-24.679999999999993,-28.111999999999995,-20.718999999999994,179,187,174,45,14,131.78,47.85,4.96,0.2,137.72666666666666,9.909272873873688,41.27333333333334,4.585333333333334,4.552508856541511,Devin,Singletary,HOU,RB,26,1
average,13850,RB,87.31,7.56381517489686,1.7366666666666646,79.897,92.875,-26.063333333333333,-31.083000000000013,-22.861999999999995,183,195,179,46,14,153.74,53.09,7.01,0.36,151.272,14.836084928309084,31.72800000000001,3.2040000000000006,2.711246699705999,Gus,Edwards,BAL,RB,28,2
average,15261,RB,85.57333333333334,3.304335535827634,1.5833333333333286,82.31700000000001,87.852,-27.799999999999997,-28.66300000000001,-27.88499999999999,186,188,194,47,14,161.54,55.88,5.7,0.15,152.92000000000002,18.74330920622076,33.079999999999984,2.5573333333333337,1.7253601234396132,Chuba,Hubbard,CAR,RB,24,-1
average,15742,RB,83.99000000000001,6.501868962075443,1.423333333333332,78.077,89.777,-29.383333333333326,-32.90300000000002,-25.959999999999994,189,201,187,48,14,134.76,49.24,4.19,0.15,137.715,5.9213110879263935,51.285,4.604000000000001,4.2811749166165445,Jaylen,Warren,PIT,RB,25,-2
average,15255,RB,82.56666666666668,3.6115555282084904,0.30000000000001137,79.64,86.03,-30.806666666666658,-31.340000000000018,-29.706999999999994,193,196,199,49,14,154.85,53.68,6.14,0.18,148.78199999999998,15.722983686310934,44.21800000000002,2.6966666666666668,1.9152081407048747,Kenneth,Gainwell,PHI,RB,24,-1
average,11761,RB,82.26666666666667,14.801210536078916,4,69.325,95.92000000000002,-31.10666666666667,-41.655000000000015,-19.81699999999998,194,218,166,50,15,132.79,48.82,5.01,0.5,126.07666666666667,8.715018964727244,67.92333333333333,6.244666666666667,5.057624299565514,Jerick,McKinnon,KCC,RB,31,6
average,16164,RB,78.26666666666667,4.526127852075477,1.886666666666656,75.02000000000001,82.715,-35.10666666666667,-35.96000000000001,-33.02199999999999,203,209,206,51,15,151.55,52.26,9.26,0.41,127.45400000000001,25.52206229911682,75.54599999999999,5.268666666666667,4.936470083864471,Tank,Bigsby,JAC,RB,22,-3
average,16167,RB,76.38000000000001,28.029336417403822,5.185000000000002,49.26400000000001,98.44900000000001,-36.993333333333325,-61.71600000000001,-17.287999999999982,209,303,150,52,15,120.93,44.15,7.22,0.86,115.02833333333334,29.38138209630188,93.97166666666666,9.943333333333335,9.26331234254549,Devon,Achane,MIA,RB,22,-3
average,16168,RB,71.19500000000001,28.291342315273766,1.2983333333333462,53.19050000000001,89.1995,-42.17833333333333,-57.78950000000001,-26.537499999999994,217,272,190,53,16,254.88,74.32,9.44,0.91,152.86,61.396866369546906,64.13999999999999,3.0480000000000005,NA,Israel,Abanikanda,NYJ,RB,21,-3
average,16175,RB,69.89666666666666,31.55013523478676,0.8733333333333348,41.53900000000001,98.329,-43.476666666666674,-69.441,-17.408,218,353,151,54,16,156.51,53.81,10.36,0.95,131.036,28.44953257964004,86.964,5.614000000000002,6.17880829934058,Roschon,Johnson,CHI,RB,22,-3
average,11225,RB,69.02333333333333,4.121969593936053,0.7999999999999972,65.223,72.63,-44.35000000000001,-45.75700000000002,-43.107,222,228,233,55,16,193.16,62.13,10.35,0.49,148.565,19.215981846716378,73.435,2.5753333333333335,2.150544943858546,Cordarrelle,Patterson,ATL,RB,32,7
average,13726,RB,68.22333333333333,4.048164192980981,0.7066666666666492,64.46,71.723,-45.150000000000006,-46.520000000000024,-44.013999999999996,223,230,237,56,16,235.74,69.93,8.67,0.35,174.65333333333334,13.71734992222947,48.346666666666664,2.123,1.0930000000000004,Chase,Edmonds,TBB,RB,27,2
average,15713,RB,67.51666666666668,14.013594590016275,1.296666666666681,56.705000000000005,81.14000000000001,-45.856666666666655,-54.27500000000001,-34.59699999999998,226,257,212,57,16,170.19,57.81,6.83,0.57,157.54666666666665,6.309386305779312,68.45333333333335,4.337000000000001,3.0070000000000006,Jerome,Ford,CLE,RB,24,-2
average,14803,RB,66.22,20.878630223268964,0.7433333333333252,49.516,86.32600000000001,-47.153333333333336,-61.46400000000002,-29.410999999999987,233,301,198,58,16,175.4,57.7,7.61,0.76,153.774,23.15184882466193,79.226,2.949333333333334,2.6153522813486445,Clyde,Edwards-Helaire,KCC,RB,24,0
average,16165,RB,65.47666666666667,12.800766904109043,0.9400000000000119,56.67300000000001,78.093,-47.89666666666666,-54.30700000000001,-37.64399999999999,235,258,220,59,16,208.49,65.42,9.45,0.68,138.11333333333334,39.443843907791525,96.88666666666666,5.158000000000001,3.8180000000000014,Tyjae,Spears,TEN,RB,22,-3
average,14807,RB,64.53666666666666,19.366569994021486,1.61666666666666,48.281000000000006,82.841,-48.83666666666667,-62.69900000000001,-32.896,239,309,205,60,16,208.82,64.88,7.19,0.72,178.86333333333334,12.861706297723051,60.136666666666656,3.701,2.6109999999999998,Joshua,Kelley,LAC,RB,26,0
average,15258,RB,62.92,6.9013621843807025,0.7700000000000031,58.528,67.312,-50.45333333333333,-52.45200000000002,-48.425,242,243,252,61,16,212.48,65.01,8.53,0.45,161.68,19.654909056009387,80.32,2.384,1.7595847995100056,Michael,Carter,NYJ,RB,24,-1
average,16181,RB,62.15,11.18514640047237,3.1966666666666583,54.824999999999996,73.185,-51.223333333333336,-56.15500000000002,-42.55199999999999,246,266,230,62,17,233.05,69.51,10.68,0.69,133.8,48.17999999999999,112.19999999999999,4.037000000000001,2.947000000000001,Chase,Brown,CIN,RB,23,-3
average,13606,RB,58.95333333333334,9.487309067029141,0.268333333333338,53.184,68.295,-54.419999999999995,-57.79600000000002,-47.44199999999999,256,273,248,63,17,288.88,82.44,8.3,0.52,NA,NA,NA,1.8480000000000003,NA,Ronald,Jones,DAL,RB,26,2
average,15727,RB,58.685,0.30405591591021525,1.6483333333333334,58.491499999999995,58.8785,-54.68833333333333,-52.48850000000002,-56.85849999999999,258,244,283,64,17,273.64,78.88,9.68,0.27,NA,NA,NA,1.8240000000000003,NA,Zonovan,Knight,NYJ,RB,22,-2
average,15723,RB,57.03666666666667,22.84657596519298,0.46333333333333115,42.181,79.57600000000001,-56.336666666666666,-68.79900000000002,-36.16099999999999,265,348,216,65,17,252.38,75.64,13.15,0.94,181.41333333333333,18.952045330840214,83.58666666666667,3.104,2.104,Ty,Chandler,MIN,RB,25,-2
average,15734,RB,56.57333333333334,5.481070455060155,1.5,51.268,60.88,-56.8,-59.71200000000002,-54.85699999999999,268,288,277,66,17,283.47,82.56,13.6,0.69,222.3,NA,45.69999999999999,4.6080000000000005,NA,Keaontay,Ingram,ARI,RB,24,-2
average,16171,RB,55.07333333333334,24.393116515388794,0.09000000000000341,32.18200000000001,75.83200000000002,-58.3,-78.798,-39.90499999999997,276,392,223,67,17,147.33,51.91,7.07,0.82,128.906,29.574275037606586,147.094,7.2780000000000005,8.27802118061235,Kendre,Miller,NOS,RB,21,-3
average,15710,RB,54.983333333333334,10.847388318546235,0.7266666666666666,47.910000000000004,65.685,-58.39,-63.070000000000014,-50.05199999999999,277,313,261,68,17,260.25,75.09,8.4,0.57,207.44,NA,69.56,0.9680000000000001,0.03199999999999992,Kyren,Williams,LAR,RB,23,-2
average,13136,RB,54.25666666666667,25.331771223768254,1.0016666666666723,39.183,79.17,-59.11666666666667,-71.79700000000003,-36.56699999999999,281,368,218,69,17,343.6,103.46,13.8,0.96,NA,NA,NA,1.1760000000000002,NA,Corey,Clement,ARI,RB,29,3
average,16173,RB,53.254999999999995,23.82242745817478,1.1949999999999932,38.094500000000004,68.41549999999998,-60.11833333333334,-72.88550000000001,-47.321500000000015,290,372,245,70,18,304.9,87.21,10.11,0.88,77.48,NA,212.51999999999998,3.9600000000000004,NA,Eric,Gray,NYG,RB,24,-3
average,15733,RB,52.06,NA,2.5450000000000017,52.06,52.06,-61.31333333333333,-58.920000000000016,-63.67699999999999,295,281,322,71,18,212.47,65.57,6.21,0.25,192.345,17.224999999999994,102.655,1.8440000000000003,0.8440000000000003,Pierre,Strong Jr.,NEP,RB,25,-2
average,15972,RB,49.515,26.14173770046666,1.6799999999999926,32.87850000000001,66.1515,-63.858333333333334,-78.10150000000002,-49.585499999999996,307,388,258,72,18,292.15,83.64,9.21,0.89,209.8,NA,97.19999999999999,1.4400000000000002,NA,Jordan,Mason,SFO,RB,24,-2
average,15714,RB,47.83500000000001,7.162991693419729,2.865000000000009,43.276500000000006,52.3935,-65.53833333333333,-67.70350000000002,-63.34349999999999,317,341,320,73,18,181.81,59.23,7.52,0.39,150.494,14.534598171260189,166.506,3.1833333333333336,2.246246251465369,Zamir,White,LVR,RB,24,-2
average,11390,RB,44.97,19.336098365492457,1.4799999999999898,26.831000000000003,61.43600000000001,-68.40333333333334,-84.14900000000002,-54.30099999999999,336,415,273,74,19,282.77,80.44,8.15,0.75,198.25,NA,137.75,1.7240000000000002,0.7240000000000002,Latavius,Murray,BUF,RB,33,7
average,15709,RB,43.49000000000001,0.5798275605729691,1.1066666666666691,43.121,43.85900000000001,-69.88333333333333,-67.85900000000001,-71.87799999999999,343,342,357,75,19,256.18,73.68,8.08,0.19,NA,NA,NA,0.8160000000000002,NA,Isaiah,Spiller,LAC,RB,22,-2
average,15738,RB,42.38333333333334,16.38004375248532,0.393333333333338,26.590000000000003,55.435,-70.99,-84.39000000000001,-60.30199999999999,347,416,303,76,19,260.23,76.64,13.76,0.88,174.965,45.935,172.035,7.536000000000001,NA,Malik,Davis,DAL,RB,25,-2
average,14798,RB,41.99,18.03932648410134,2.979999999999997,25.477000000000004,57.922,-71.38333333333333,-85.50300000000001,-57.815,348,422,289,77,19,266.27,76.93,10.24,0.81,187.815,12.824999999999989,160.185,2.7200000000000006,1.7200000000000006,Zack,Moss,IND,RB,26,0
average,15719,RB,39.010000000000005,11.440987719598338,0.12333333333333485,31.729,46.291,-74.36333333333333,-79.25100000000002,-69.446,362,395,350,78,19,324.78,93.14,11.65,0.73,NA,NA,NA,1.0800000000000003,NA,Kevin,Harris,NEP,RB,23,-2
average,12155,RB,38.88666666666667,16.486434827861764,0.07000000000000028,28.724000000000004,55.13,-74.48666666666666,-82.25600000000001,-60.60699999999999,364,402,306,79,19,334.52,101.69,14.21,0.89,NA,NA,NA,1.3920000000000001,NA,Ameer,Abdullah,LVR,RB,30,5
average,13378,RB,38.81666666666667,3.9339335700203835,0.4266666666666694,36.35000000000001,42.69500000000001,-74.55666666666667,-74.63000000000001,-73.04199999999999,365,377,360,80,19,284.58,81.56,8.28,0.3,224.87,NA,140.13,1.3040000000000003,0.30400000000000016,Matt,Breida,NYG,RB,28,3
average,14821,RB,38.39,18.763749625274794,0.013333333333335418,23.007000000000005,56.307,-74.98333333333333,-87.97300000000001,-59.42999999999999,367,441,297,81,19,298.03,84.71,8.57,0.76,NA,NA,NA,1.008,NA,JaMycal,Hasty,JAC,RB,27,0
average,16163,RB,38.376666666666665,13.834870195752952,0.20666666666666345,25.723000000000003,50.608,-74.99666666666667,-85.25700000000002,-65.12899999999999,368,418,326,82,19,232.35,69.56,6.63,0.55,140.325,58.075,227.675,3.3200000000000007,2.3200000000000007,Zach,Evans,LAR,RB,22,-3
average,14076,RB,38.17,10.21296724757306,1.9399999999999977,28.384000000000004,46.465,-75.20333333333333,-82.59600000000002,-69.27199999999999,370,403,349,83,19,307.63,90.28,13.96,0.8,135.87,NA,234.13,3.1680000000000006,NA,Trayveon,Williams,CIN,RB,26,1
average,15277,RB,36.230000000000004,15.513922779232853,0.5066666666666677,26.357000000000003,46.103,-77.14333333333333,-84.62300000000002,-69.63399999999999,388,417,352,84,19,320.05,95.04,12.68,0.83,174.515,15.24499999999999,213.485,2.994,1.8540000000000005,Deon,Jackson,IND,RB,24,-1
average,12630,RB,35.723333333333336,12.032856407908032,0.046666666666666856,23.907000000000004,44.42700000000001,-77.65,-87.07300000000001,-71.30999999999999,390,431,355,85,19,325.81,93.9,9.39,0.66,NA,NA,NA,2.5920000000000005,NA,Kenyan,Drake,IND,RB,29,4
average,14810,RB,35.67666666666667,4.8650419662458555,0.2600000000000051,31.107,39.81,-77.69666666666666,-79.87300000000002,-75.92699999999999,391,397,374,86,19,315.13,92.42,12.01,0.6,221.63,NA,169.37,2.7600000000000002,NA,Ke'Shawn,Vaughn,TBB,RB,26,0
average,12261,RB,35.416666666666664,14.496752509901427,0.45666666666666345,23.590000000000003,49.285,-77.95666666666668,-87.39000000000001,-66.452,392,437,330,87,19,329.65,101.5,16.39,0.91,NA,NA,NA,1.5120000000000002,NA,Ty,Montgomery,NEP,RB,30,5
average,15414,RB,34.96,11.794541110191615,1.75,27.454000000000004,42.46600000000001,-78.41333333333333,-83.52600000000001,-73.27099999999999,395,411,361,88,20,332.21,98.17,11.01,0.71,NA,NA,NA,1.1280000000000001,NA,Kene,Nwangwu,MIN,RB,25,-1
average,15973,RB,33.21,5.987762520340963,1.1199999999999974,27.897000000000002,38.67,-80.16333333333333,-83.08300000000001,-77.067,400,408,380,89,20,316.32,100.08,16.06,0.8,NA,NA,NA,0.43200000000000005,NA,Raheem,Blackshear,CAR,RB,25,-2
average,12151,RB,32.09,NA,0.003333333333337407,32.09,32.09,-81.28333333333333,-78.89000000000001,-83.64699999999999,403,394,414,90,20,319.07,91.34,8.11,0.54,210.66,NA,192.34,2.7840000000000003,NA,Melvin,Gordon,BAL,RB,30,5
average,16176,RB,32.086666666666666,8.31919667596177,0.4816666666666656,23.884999999999998,37.304,-81.28666666666666,-87.09500000000003,-78.43299999999999,404,433,385,91,20,290.47,83.91,9.89,0.59,149.31,64.65,254.69,4.152,NA,Deuce,Vaughn,DAL,RB,22,-3
average,15720,RB,31.605,4.235569619307421,0.03500000000000014,28.909499999999998,34.3005,-81.76833333333333,-82.07050000000002,-81.4365,405,401,407,92,20,319.77,90.47,8.06,0.3,NA,NA,NA,NA,NA,Hassan,Haskins,TEN,RB,24,-2
average,13617,RB,31.57,NA,2.245000000000001,31.57,31.57,-81.80333333333334,-79.410000000000025,-84.167,406,396,415,93,20,353.67,117,11.8,0.84,NA,NA,NA,NA,NA,Royce,Freeman,LAR,RB,27,2
average,14727,RB,29.325,11.27835315992543,1.7099999999999973,22.1475,36.5025,-84.04833333333333,-88.83250000000001,-79.2345,411,448,393,94,20,349.1,109.27,9.75,0.65,NA,NA,NA,NA,NA,Craig,Reynolds,DET,RB,27,1
average,11367,RB,27.615000000000002,11.009652583074542,0.07000000000000028,20.608500000000003,34.6215,-85.75833333333333,-90.37150000000001,-81.1155,420,460,406,95,20,373,118.1,13.48,0.79,NA,NA,NA,NA,NA,Kyle,Juszczyk,SFO,RB,32,7
average,14828,RB,27.545,17.47260856311959,0.370000000000001,16.425500000000003,38.6645,-85.82833333333333,-94.55450000000002,-77.07249999999999,421,496,381,96,20,315,104.33,13.6,0.89,NA,NA,NA,NA,NA,Tony,Jones,DEN,RB,26,0
average,14815,RB,27.175,6.6114484040942205,0.6149999999999984,22.9675,31.3825,-86.19833333333334,-88.01250000000002,-84.3545,422,442,417,97,20,333.97,95.98,7.55,0.36,NA,NA,NA,2.9520000000000004,NA,DeeJay,Dallas,SEA,RB,25,0
average,16174,RB,26.560000000000002,2.226948584947574,0.05500000000000327,24.363,28.008,-86.81333333333333,-86.61700000000002,-87.729,424,427,422,98,20,320.33,96.5,13.49,0.61,84.23,NA,339.77,4.272000000000001,NA,Chris,Rodriguez,WAS,RB,23,-3
average,15462,RB,26.505,12.013744212359443,0.884999999999998,18.859499999999997,34.1505,-86.86833333333334,-92.12050000000002,-81.5865,425,467,408,99,21,350.67,120.17,15.36,0.86,NA,NA,NA,NA,NA,Gary,Brightwell,NYG,RB,24,-1
average,16180,RB,25.62,2.71529003975634,0.41000000000000014,23.892000000000003,27.348,-87.75333333333333,-87.08800000000002,-88.389,427,432,426,100,21,279.35,80.79,10.86,0.47,143.495,57.945,283.505,6.024,NA,Evan,Hull,IND,RB,23,-3
average,16179,RB,25.21,2.842569260369923,0.06333333333333258,23.401,27.019000000000002,-88.16333333333333,-87.57900000000002,-88.71799999999999,428,439,428,101,21,268.49,77.72,8.66,0.29,77.61,NA,350.39,3.3800000000000003,2.3800000000000003,DeWayne,McBride,MIN,RB,22,-3
average,14083,RB,25.14666666666667,3.360957204924417,0.07166666666666544,21.831,27.375000000000004,-88.22666666666666,-89.14900000000002,-88.362,429,454,425,102,21,377.71,117.21,11.95,0.55,NA,NA,NA,NA,NA,Travis,Homer,CHI,RB,25,1
average,13814,RB,25.075000000000003,2.156675682618968,1.0950000000000024,23.702500000000004,26.4475,-88.29833333333333,-87.27750000000002,-89.28949999999999,430,435,432,103,21,274.24,78.32,8.36,0.24,NA,NA,NA,1.2720000000000002,NA,Boston,Scott,PHI,RB,28,2
average,16166,RB,23.98,NA,0.4800000000000004,23.98,23.98,-89.39333333333333,-87.00000000000001,-91.75699999999999,433,430,447,104,21,297.01,84.52,8.47,0.57,155.555,73.84500000000001,277.445,3.8160000000000007,NA,Sean,Tucker,TBB,RB,22,-3
average,15743,RB,23.5,0,0.375,23.5,23.5,-89.87333333333333,-87.48000000000002,-92.237,437,438,450,105,21,NA,NA,NA,0.01,NA,NA,NA,NA,NA,Sincere,McCormick,LVR,RB,23,-2
average,14331,RB,23.125,1.6617009357883878,0.4499999999999993,22.0675,24.1825,-90.24833333333333,-88.91250000000002,-91.55449999999999,438,450,445,106,21,271.09,78.92,10.82,0.41,206.1,NA,231.9,1.2920000000000003,0.29200000000000015,D'Ernest,Johnson,JAC,RB,27,1
average,11886,RB,22.675,6.540737725975565,0.08500000000000085,18.512500000000003,26.8375,-90.69833333333334,-92.46750000000002,-88.89949999999999,439,472,430,107,21,313,101,15.98,0.81,NA,NA,NA,NA,NA,Damien,Williams,LVR,RB,31,6
average,14817,RB,22.59,NA,0.05999999999999872,22.59,22.59,-90.78333333333333,-88.39000000000001,-93.14699999999999,440,443,457,108,21,NA,134,11.94,0.85,NA,NA,NA,NA,NA,Patrick,Taylor,GBP,RB,25,0
average,14827,RB,22.53,NA,0.06499999999999773,22.53,22.53,-90.84333333333333,-88.45000000000002,-93.207,441,444,459,109,21,360,NA,NA,NA,NA,NA,NA,NA,NA,J.J.,Taylor,NEP,RB,25,0
average,14804,RB,22.465000000000003,0.47376154339498555,0.1650000000000027,22.163500000000003,22.7665,-90.90833333333333,-88.81650000000002,-92.97049999999999,443,447,455,110,21,371,112.6,10.56,0.35,NA,NA,NA,NA,NA,Anthony,McFarland,PIT,RB,24,0
average,15275,RB,22.3,NA,0.41499999999999915,22.3,22.3,-91.07333333333334,-88.68000000000002,-93.437,446,446,460,111,21,323.92,92.1,8.35,0.55,NA,NA,NA,1.8960000000000004,NA,Chris,Evans,CIN,RB,26,-1
average,16170,RB,22.3,0.4242640687119295,0,22.03,22.57,-91.07333333333334,-88.95000000000002,-93.167,446,452,458,111,21,316.88,91.29,12.16,0.48,91.71,NA,354.29,3.9360000000000004,NA,Kenny,McIntosh,SEA,RB,23,-3
average,15725,RB,21.885,6.526595590351831,0.02500000000000213,17.731500000000004,26.0385,-91.48833333333333,-93.2485,-89.6985,447,482,434,112,21,353.5,120.63,8.69,0.45,NA,NA,NA,NA,NA,Snoop,Conner,JAC,RB,24,-2
average,15746,RB,21.86,NA,0.1999999999999993,21.86,21.86,-91.51333333333334,-89.12000000000002,-93.877,448,453,461,113,21,301.08,85.92,10.1,0.72,NA,NA,NA,1.3440000000000003,NA,Tyrion,Davis-Price,SFO,RB,23,-2
average,16391,RB,21.66,7.26905771059771,0.03500000000000014,17.034,26.286,-91.71333333333334,-93.94600000000003,-89.451,452,492,433,114,21,NA,NA,NA,0.32,NA,NA,NA,NA,NA,Hunter,Luepke,DAL,RB,23,-3
average,13148,RB,21.625,6.3286056916196,0.514999999999997,17.5975,25.652500000000003,-91.74833333333333,-93.38250000000002,-90.08449999999999,453,483,438,115,21,NA,124,8.04,0.4,NA,NA,NA,NA,NA,Dare,Ogunbowale,HOU,RB,29,3
average,14813,RB,21.110000000000003,NA,0.18000000000000327,21.110000000000003,21.110000000000003,-92.26333333333334,-89.87000000000002,-94.627,454,458,465,116,21,282.23,82.54,13.53,0.92,155.3,NA,298.7,2.2080000000000006,NA,James,Robinson,NYG,RB,25,0
average,13619,RB,20.93,6.038691911333116,0.1999999999999993,17.087,24.773,-92.44333333333333,-93.89300000000001,-90.964,455,489,442,117,21,NA,128,7.07,0.3,NA,NA,NA,NA,NA,John,Kelly,CLE,RB,27,2
average,14823,RB,20.73,5.331585130146568,0.05000000000000071,17.337,24.122999999999998,-92.64333333333333,-93.64300000000001,-91.614,457,487,446,118,21,300.5,107.29,17.08,0.82,NA,NA,NA,2.1600000000000006,NA,Rico,Dowdle,DAL,RB,25,0
average,10932,RB,20.68,7.947880220536795,0.8999999999999986,15.622000000000002,25.738,-92.69333333333333,-95.35800000000002,-89.999,458,502,437,119,21,337.8,117.22,14.51,0.77,NA,NA,NA,NA,NA,Brandon,Bolden,LVR,RB,33,8
average,15040,RB,19.78,8.796408357960651,0.4750000000000014,14.182,25.378,-93.59333333333333,-96.79800000000002,-90.359,461,511,440,120,21,NA,NA,NA,0.43,NA,NA,NA,NA,NA,Ty'Son,Williams,ARI,RB,27,0
average,16359,RB,19.305,7.06399674405361,0.3949999999999996,14.809500000000002,23.800500000000003,-94.06833333333333,-96.17050000000002,-91.9365,463,508,448,121,21,343,110.67,8.99,0.5,NA,NA,NA,2.5440000000000005,NA,Lew,Nichols,GBP,RB,22,-3
average,12635,RB,18.91,NA,0.6400000000000006,18.91,18.91,-94.46333333333334,-92.07000000000002,-96.827,469,466,472,122,21,NA,122.5,9.5,0.68,NA,NA,NA,NA,NA,Jonathan,Williams,WAS,RB,29,4
average,15270,RB,18.27,NA,0.7049999999999983,18.27,18.27,-95.10333333333334,-92.71000000000002,-97.467,471,475,476,123,21,343,116.5,15.14,0.96,NA,NA,NA,NA,NA,Demetric,Felton,CLE,RB,25,-1
average,15270,RB,18.27,NA,0.7049999999999983,18.27,18.27,-95.10333333333334,-92.71000000000002,-97.467,471,475,476,123,21,343,151.75,30.09,0.99,NA,NA,NA,NA,NA,Demetric,Felton,CLE,RB,25,-1
average,15953,RB,17.565,8.393357492684318,0.495000000000001,12.223500000000001,22.9065,-95.80833333333334,-98.75650000000002,-92.8305,474,526,454,124,21,NA,110.5,10.5,0.62,NA,NA,NA,NA,NA,Brittain,Brown,LVR,RB,26,-2
average,16380,RB,17.07,NA,0.14999999999999858,17.07,17.07,-96.30333333333334,-93.910000000000025,-98.667,475,490,478,125,21,284.57,84.08,15.38,0.97,147.95,61.38000000000001,327.05,2.984,1.984,Deneric,Prince,KCC,RB,23,-3
average,15960,RB,16.92,9.022682527940347,0.3099999999999987,11.178,22.662,-96.45333333333333,-99.80200000000002,-93.07499999999999,476,539,456,126,22,NA,135.8,10.85,0.65,NA,NA,NA,NA,NA,Zander,Horvath,LAC,RB,25,-2
average,15718,RB,16.610000000000003,NA,0.490000000000002,16.610000000000003,16.610000000000003,-96.76333333333334,-94.37000000000002,-99.127,477,495,481,127,22,355.5,118.6,8.55,0.59,NA,NA,NA,NA,NA,Tyler,Badie,DEN,RB,23,-2
average,14811,RB,16.12,NA,0.4400000000000013,16.12,16.12,-97.25333333333333,-94.86000000000001,-99.61699999999999,480,497,484,128,22,330.58,95.08,7.69,0.49,NA,NA,NA,NA,NA,Salvon,Ahmed,MIA,RB,25,0
average,16172,RB,15.68,NA,0.23999999999999844,15.68,15.68,-97.69333333333333,-95.30000000000001,-100.05699999999999,483,501,485,129,22,384.33,117.36,7.43,0.44,NA,NA,NA,3.7680000000000007,NA,Mohamed,Ibrahim,DET,RB,25,-3
average,14081,RB,15.440000000000001,NA,1.240000000000002,15.440000000000001,15.440000000000001,-97.93333333333334,-95.54000000000002,-100.297,485,504,486,130,22,341.59,99.02,6.98,0.37,NA,NA,NA,NA,NA,Myles,Gaskin,MIA,RB,26,1
average,14086,RB,14.2,NA,1.2199999999999989,14.2,14.2,-99.17333333333333,-96.78000000000002,-101.53699999999999,490,510,489,131,22,358,111.58,13.94,0.94,NA,NA,NA,NA,NA,Justice,Hill,BAL,RB,26,1
average,15046,RB,12.98,NA,0.34999999999999964,12.98,12.98,-100.39333333333333,-98.00000000000001,-102.75699999999999,495,519,495,132,22,NA,NA,NA,NA,NA,NA,NA,NA,NA,Kirk,Merritt,NOS,WR,26,0
average,15103,RB,12.63,NA,1.4700000000000006,12.63,12.63,-100.74333333333334,-98.35000000000002,-103.107,496,524,497,133,22,NA,137,9.22,0.65,NA,NA,NA,NA,NA,Reggie,Gilliam,BUF,RB,26,0
average,16178,RB,11.16,NA,0.15000000000000036,11.16,11.16,-102.21333333333334,-99.82000000000002,-104.577,504,540,501,134,22,320.8,110.25,13.6,0.93,NA,NA,NA,2.6880000000000006,NA,Keaton,Mitchell,BAL,RB,NA,-3
average,14420,RB,11.01,NA,0.5899999999999981,11.01,11.01,-102.36333333333333,-99.97000000000001,-104.72699999999999,505,543,502,135,22,NA,120.4,11.79,0.84,NA,NA,NA,NA,NA,Alec,Ingold,MIA,RB,27,1
average,13868,RB,10.420000000000002,NA,0.0400000000000027,10.420000000000002,10.420000000000002,-102.95333333333333,-100.56000000000002,-105.317,508,558,505,136,22,363.6,114.07,10.15,0.73,NA,NA,NA,NA,NA,Mike,Boone,HOU,RB,28,2
average,14808,RB,10.379999999999999,NA,0.16999999999999993,10.379999999999999,10.379999999999999,-102.99333333333334,-100.60000000000002,-105.357,509,559,506,137,22,NA,131.17,5.05,0.13,NA,NA,NA,NA,NA,Darrynton,Evans,BUF,RB,25,0
average,15272,RB,10.209999999999999,NA,0.46999999999999886,10.209999999999999,10.209999999999999,-103.16333333333334,-100.77000000000002,-105.527,511,564,508,138,22,NA,129,12.25,0.86,NA,NA,NA,NA,NA,Larry,Rountree,LAC,RB,25,-1
average,15257,RB,9.74,NA,0.1999999999999993,9.74,9.74,-103.63333333333334,-101.24000000000002,-105.997,512,566,511,139,22,355.67,117,8.51,0.58,NA,NA,NA,NA,NA,Trey,Sermon,PHI,RB,24,-1
average,15748,RB,9.540000000000001,NA,0.09999999999999964,9.540000000000001,9.540000000000001,-103.83333333333333,-101.44000000000001,-106.19699999999999,514,570,512,140,22,NA,122.09,9.82,0.7,NA,NA,NA,NA,NA,Trestan,Ebner,CHI,RB,24,-2
average,12923,RB,9.440000000000001,NA,0.6300000000000008,9.440000000000001,9.440000000000001,-103.93333333333334,-101.54000000000002,-106.297,516,572,514,141,22,NA,127,13.37,0.91,NA,NA,NA,NA,NA,C.J.,Ham,MIN,RB,30,4
average,15965,RB,8.81,NA,0.14000000000000057,8.81,8.81,-104.56333333333333,-102.17000000000002,-106.92699999999999,521,575,518,142,22,NA,126.43,5.07,0.14,NA,NA,NA,NA,NA,Julius,Chestnut,TEN,RB,23,-2
average,14098,RB,8.67,NA,0.2599999999999998,8.67,8.67,-104.70333333333333,-102.31000000000002,-107.067,522,579,520,143,22,NA,NA,NA,NA,NA,NA,NA,NA,NA,Damarea,Crockett,NYJ,RB,26,1
average,15480,RB,8.41,NA,0.019999999999999574,8.41,8.41,-104.96333333333334,-102.57000000000002,-107.327,527,580,521,144,22,NA,NA,NA,NA,NA,NA,NA,NA,NA,Jake,Funk,IND,RB,25,-1
average,15262,RB,8.39,NA,0.07000000000000028,8.39,8.39,-104.98333333333333,-102.59000000000002,-107.347,528,581,522,145,22,NA,137.33,11.03,0.8,NA,NA,NA,NA,NA,Jermar,Jefferson,DET,RB,23,-1
average,14806,RB,8.32,NA,0.8300000000000001,8.32,8.32,-105.05333333333334,-102.66000000000003,-107.417,529,582,524,146,23,NA,NA,NA,NA,NA,NA,NA,NA,NA,Lamical,Perine,KCC,RB,25,0
average,15042,RB,7.49,NA,0.02999999999999936,7.49,7.49,-105.88333333333334,-103.49000000000002,-108.247,531,587,526,147,23,NA,139,9,0.64,NA,NA,NA,NA,NA,Jonathan,Ward,TEN,RB,26,0
average,14097,RB,7.460000000000001,NA,0.11000000000000032,7.460000000000001,7.460000000000001,-105.91333333333333,-103.52000000000001,-108.27699999999999,532,588,527,148,23,NA,NA,NA,NA,NA,NA,NA,NA,NA,Qadree,Ollison,JAC,RB,27,1
average,13455,RB,7.3500000000000005,NA,0.08000000000000007,7.3500000000000005,7.3500000000000005,-106.02333333333334,-103.63000000000002,-108.387,534,589,528,149,23,NA,129.89,10.95,0.79,NA,NA,NA,NA,NA,Patrick,Ricard,BAL,RB,29,3
average,15054,RB,7.3500000000000005,NA,0,7.3500000000000005,7.3500000000000005,-106.02333333333334,-103.63000000000002,-108.387,534,589,528,149,23,NA,82,9.87,0.71,NA,NA,NA,NA,NA,Giovanni,Ricci,CAR,TE,27,0
average,14612,RB,7.2700000000000005,NA,0.04999999999999982,7.2700000000000005,7.2700000000000005,-106.10333333333334,-103.71000000000002,-108.467,536,590,529,150,23,NA,NA,NA,NA,NA,NA,NA,NA,NA,Patrick,Laird,TBB,RB,28,1
average,15276,RB,7.220000000000001,NA,0.040000000000000036,7.220000000000001,7.220000000000001,-106.15333333333334,-103.76000000000002,-108.517,537,591,530,151,23,NA,NA,NA,NA,NA,NA,NA,NA,NA,Spencer,Brown,CAR,RB,25,-1
average,14011,RB,7.180000000000001,NA,0.20000000000000018,7.180000000000001,7.180000000000001,-106.19333333333333,-103.80000000000001,-108.55699999999999,539,592,532,152,23,NA,NA,NA,NA,NA,NA,NA,NA,NA,Godwin,Igwebuike,ATL,RB,29,2
average,13906,RB,6.98,NA,0.0600000000000005,6.98,6.98,-106.39333333333333,-104.00000000000001,-108.75699999999999,541,594,534,153,23,NA,NA,NA,NA,NA,NA,NA,NA,NA,Jason,Cabinda,DET,LB,27,2
average,15454,RB,6.92,NA,0.03999999999999915,6.92,6.92,-106.45333333333333,-104.06000000000002,-108.817,543,595,536,154,23,NA,123.33,8.18,0.54,NA,NA,NA,NA,NA,Avery,Williams,ATL,RB,25,-1
average,15503,RB,6.880000000000001,NA,0.08999999999999986,6.880000000000001,6.880000000000001,-106.49333333333334,-104.10000000000002,-108.857,545,596,537,155,23,NA,NA,NA,NA,NA,NA,NA,NA,NA,Nate,McCrary,GBP,RB,24,-1
average,15260,RB,6.790000000000001,NA,0.010000000000000675,6.790000000000001,6.790000000000001,-106.58333333333333,-104.19000000000001,-108.94699999999999,547,597,538,156,23,NA,124,18.83,0.99,NA,NA,NA,NA,NA,Jaret,Patterson,WAS,RB,24,-1
average,15726,RB,6.78,NA,0.22999999999999954,6.78,6.78,-106.59333333333333,-104.20000000000002,-108.957,548,598,539,157,23,NA,128,7.35,0.43,NA,NA,NA,NA,NA,Ronnie,Rivers,LAR,RB,24,-2
average,15488,RB,6.550000000000001,NA,0.6800000000000006,6.550000000000001,6.550000000000001,-106.82333333333334,-104.43000000000002,-109.187,550,599,540,158,23,NA,NA,NA,NA,NA,NA,NA,NA,NA,Gerrid,Doaks,HOU,RB,25,-1
average,16390,RB,5.87,NA,0.9299999999999997,5.87,5.87,-107.50333333333333,-105.11000000000001,-109.86699999999999,554,600,545,159,23,NA,111,20.41,0.99,NA,NA,NA,NA,NA,Jaleel,McLaughlin,DEN,RB,24,-3
average,12325,RB,4.94,NA,0.040000000000000036,4.94,4.94,-108.43333333333334,-106.04000000000002,-110.797,566,602,548,160,23,NA,143.33,9.29,0.66,NA,NA,NA,NA,NA,Michael,Burton,DEN,RB,31,5
average,15650,RB,4.9,NA,0.47000000000000064,4.9,4.9,-108.47333333333333,-106.08000000000001,-110.83699999999999,567,603,549,161,23,NA,149.5,7.5,0.45,NA,NA,NA,NA,NA,Adam,Prentice,NOS,RB,26,-1
average,14973,RB,4.43,NA,0.6399999999999997,4.43,4.43,-108.94333333333333,-106.55000000000001,-111.30699999999999,572,604,554,162,23,NA,NA,NA,NA,NA,NA,NA,NA,NA,Jason,Huntley,IND,RB,25,0
average,14552,RB,3.79,NA,0.21999999999999975,3.79,3.79,-109.58333333333333,-107.19000000000001,-111.94699999999999,589,605,558,163,23,NA,147.5,6.5,0.29,NA,NA,NA,NA,NA,Khari,Blasingame,CHI,RB,27,1
average,12040,RB,3.5700000000000003,NA,0.5699999999999998,3.5700000000000003,3.5700000000000003,-109.80333333333334,-107.41000000000003,-112.167,591,606,560,164,23,NA,133.67,10.21,0.74,NA,NA,NA,NA,NA,Keith,Smith,ATL,RB,31,6
average,14359,RB,3.0000000000000004,NA,1.1200000000000003,3.0000000000000004,3.0000000000000004,-110.37333333333333,-107.98000000000002,-112.737,595,607,567,165,23,NA,145.33,7.13,0.4,NA,NA,NA,NA,NA,Jakob,Johnson,LVR,RB,29,1
average,15730,RB,1.8800000000000001,NA,1.1500000000000001,1.8800000000000001,1.8800000000000001,-111.49333333333334,-109.10000000000002,-113.857,601,608,585,166,23,NA,NA,NA,NA,NA,NA,NA,NA,NA,Tyler,Goodson,GBP,RB,23,-2
average,16388,RB,0.73,NA,0,0.73,0.73,-112.64333333333333,-110.25000000000001,-115.00699999999999,607,609,597,167,23,NA,NA,NA,NA,NA,NA,NA,NA,NA,Khalan,Laborn,SFO,RB,24,-3
average,14836,WR,199.01333333333335,8.072331344372156,5.596666666666692,191.06400000000002,203.93400000000003,84.84333333333335,85.64400000000002,85.09700000000002,10,6,13,1,1,1.72,1.19,0.46,0.14,2.015,0.5560500576986452,7.984999999999999,52.647999999999996,10.83599532422687,Justin,Jefferson,MIN,WR,24,0
average,15281,WR,193.41666666666666,18.23186313390195,4.98666666666665,175.78000000000003,207.77499999999998,79.24666666666666,70.36000000000003,88.93799999999997,14,14,11,2,1,3.79,2.12,0.68,0.59,4.306666666666667,0.7076643900104687,9.693333333333333,48.33266666666667,10.933499632881603,Ja'Marr,Chase,CIN,WR,23,-1
average,13164,WR,188.43,7.208307707083543,5.160000000000025,181.53,194.301,74.26,76.11,75.46399999999998,15,8,17,3,2,9.42,4.34,1.64,0.16,9.04,2.8192197502145877,5.960000000000001,42.334,7.060203396503532,Cooper,Kupp,LAR,WR,30,3
average,12801,WR,183.26999999999998,17.043963740867323,5.596666666666636,166.455,194.499,69.09999999999998,61.03500000000001,75.66199999999999,17,18,16,4,3,8.02,3.45,0.99,0.56,9.128333333333334,1.7412200384277174,7.871666666666666,45.48866666666667,5.468527244352194,Tyreek,Hill,MIA,WR,29,4
average,11675,WR,177.67333333333335,10.01851452728064,8.36833333333334,170.017,187.432,63.503333333333345,64.597,68.59499999999998,18,17,19,5,4,15.1,7.61,2.03,0.34,16.993333333333332,2.306358360899036,1.0066666666666677,39.67866666666667,6.581274716108493,Davante,Adams,LVR,WR,31,6
average,12186,WR,169.305,7.817251754932811,2.825000000000017,163.6945,176.9875,55.135000000000005,58.2745,58.15050000000001,22,19,25,6,4,12.23,5.82,1.32,0.18,13.678333333333333,2.291029002192877,8.321666666666667,43.094,6.31813411274774,Stefon,Diggs,BUF,WR,30,5
average,14832,WR,166.48,12.75028234981485,1.0199999999999818,157.915,179.056,52.30999999999999,52.49499999999999,60.21900000000001,25,22,24,7,4,13.7,6.72,1.54,0.42,15.155000000000001,2.2397749142864036,9.844999999999999,36.942,4.576858602433184,CeeDee,Lamb,DAL,WR,24,0
average,14104,WR,165.46,11.067917599982394,11.49666666666667,154.592,171.89,51.290000000000006,49.17200000000001,53.05299999999998,28,25,30,8,5,13.05,6.36,1.65,0.38,15.138333333333334,1.2288397870439502,12.861666666666666,34.70733333333334,3.813222725668611,A.J.,Brown,PHI,WR,26,1
average,15753,WR,153.96333333333334,11.673861115043868,2.210000000000008,146.174,165.47899999999998,39.79333333333334,40.754000000000005,46.64199999999998,37,36,35,9,5,18.99,9.64,1.78,0.39,22.111666666666665,4.8374904536225065,14.888333333333335,31.218000000000004,4.9000933324444595,Garrett,Wilson,NYJ,WR,23,-2
average,15287,WR,151.75333333333333,5.161253077822618,0.6399999999999864,147.55,156.69400000000002,37.58333333333333,42.13000000000001,37.85700000000001,38,33,42,10,5,17.45,8.72,1.61,0.1,20.64,3.706746102266335,17.36,31.41,3.895749820851776,Amon-Ra,St. Brown,DET,WR,24,-1
average,15284,WR,151.11333333333334,8.359816584909817,2.8799999999999955,144.96,159.306,36.94333333333334,39.540000000000006,40.46900000000001,39,38,39,11,6,20.87,10.8,0.94,0.19,23.773333333333333,1.4136909924811087,15.226666666666667,27.216,3.5421545232621736,Jaylen,Waddle,MIA,WR,25,-1
average,14136,WR,148.23333333333335,1.6158073317488562,4.911666666666662,146.645,149.39000000000001,34.06333333333335,41.22500000000001,30.55300000000001,41,35,49,12,6,34.64,16.32,3.6,0.05,39.94166666666666,3.6750574447513356,1.0583333333333371,20.107333333333333,5.603765480063881,Deebo,Samuel,SFO,WR,27,1
average,12175,WR,143.3216666666667,6.587526723538464,1.1183333333333394,137.40050000000002,149.258,29.151666666666685,31.98050000000002,30.421000000000006,47,43,50,13,6,32.14,15.18,2.98,0.23,42.325,5.83798409841388,4.674999999999997,18.877333333333336,3.0802966668091503,Amari,Cooper,CLE,WR,29,5
average,15789,WR,142.20333333333335,3.510987515405506,0.2083333333333428,138.751,144.28600000000003,28.033333333333346,33.331,25.449000000000026,50,42,57,14,6,47.94,21.84,4.86,0.16,59.685,9.843235833132653,-9.685000000000002,9.640666666666666,3.9920154753652395,Christian,Watson,GBP,WR,24,-2
average,14835,WR,141.995,6.552615889856513,2.431666666666672,135.5345,146.46050000000002,27.825000000000003,30.114500000000007,27.62350000000002,51,46,53,15,7,27.53,13.68,2.02,0.15,33.22833333333333,3.7043416719063895,17.77166666666667,22.735333333333333,2.8374572341368527,Tee,Higgins,CIN,WR,24,0
average,15282,WR,139.56333333333333,3.5850011622499327,2.3300000000000125,136.041,142.143,25.39333333333333,30.620999999999995,23.305999999999997,54,45,58,16,7,34.17,16.05,1.98,0.06,31.368333333333332,4.259528208094831,22.631666666666668,22.171333333333333,2.884115731997513,DeVonta,Smith,PHI,WR,25,-1
average,14833,WR,137.23333333333332,4.101930439845769,0.6583333333333314,133.195,139.72,23.06333333333332,27.77499999999999,20.882999999999996,56,50,62,17,7,47.6,21.58,3.98,0.14,58.26833333333333,6.7327963894820275,-2.268333333333331,12.731333333333334,5.5390243023679036,Jerry,Jeudy,DEN,WR,24,0
average,14102,WR,136.575,13.39614590096719,1.828333333333319,123.46100000000001,146.51450000000003,22.404999999999987,18.04100000000001,27.677500000000023,57,60,52,18,7,35.72,16.59,2.4,0.49,37.88666666666667,5.21654632449052,19.11333333333333,23.250666666666667,6.0467347294956575,DK,Metcalf,SEA,WR,26,1
average,13635,WR,134.74666666666667,4.56059572132121,0.08333333333334281,130.271,138.065,20.576666666666668,24.850999999999985,19.227999999999994,60,54,64,19,7,44.74,20.32,4.57,0.22,54.06,6.969086501591631,5.939999999999998,15.282,6.839838789523236,D.J.,Moore,CHI,WR,26,2
average,15754,WR,134.66333333333333,7.497348420163841,0.9066666666666663,129.051,141.99299999999997,20.493333333333325,23.630999999999986,23.155999999999963,61,56,59,20,8,26.97,13.32,1.81,0.2,31.871666666666666,7.21936843190286,29.128333333333334,24.39666666666667,2.273211140411045,Chris,Olave,NOS,WR,23,-2
average,13629,WR,133.75666666666666,6.179695245991765,6.124999999999986,128.53500000000003,139.578,19.58666666666666,23.115000000000023,20.741,64,57,63,21,8,44.29,20.39,4.41,0.28,39.660000000000004,3.6883645879079436,24.339999999999996,24.346000000000004,11.38156134573226,Calvin,Ridley,JAC,WR,29,2
average,13154,WR,127.63166666666667,11.57924040398736,0.2466666666666697,116.21150000000002,135.0035,13.461666666666673,10.791500000000013,16.1665,69,75,66,22,8,60.49,27.01,4.71,0.52,65.77,10.316921375423323,3.230000000000004,10.867333333333335,6.266439783126906,Mike,Williams,LAC,WR,29,3
average,11222,WR,127.385,5.194682377200746,0.07500000000000284,123.00450000000001,132.2835,13.215000000000003,17.584500000000006,13.4465,70,61,72,23,8,47.71,21.69,2.95,0.14,50.07333333333333,5.842561272440557,19.92666666666667,20.111333333333334,7.096090253716402,Keenan,Allen,LAC,WR,31,7
average,11671,WR,127.31,8.930246357184108,0.046666666666666856,118.53,132.597,13.14,13.11,13.760000000000005,71,69,70,24,8,67.79,30.43,4.42,0.4,78.13666666666667,7.422321439789274,-7.13666666666667,11.341333333333335,8.211721919846587,Mike,Evans,TBB,WR,30,6
average,11232,WR,127.26333333333334,7.057310630355827,1.5233333333333263,120.31500000000001,131.54700000000003,13.093333333333334,14.89500000000001,12.710000000000022,72,67,74,25,9,54,24.11,4.78,0.35,55.425,5.250500769767902,16.575000000000003,16.631333333333334,5.914404187142514,DeAndre,Hopkins,TEN,WR,31,7
average,14109,WR,125.74000000000001,8.973115401018742,0.09333333333333371,118.34000000000002,134.28799999999998,11.570000000000007,12.920000000000016,15.45099999999998,73,70,68,26,9,49.09,21.99,2.81,0.33,54.01,7.107770395841443,18.990000000000002,15.086666666666668,6.014079776287938,Terry,McLaurin,WAS,WR,28,1
average,13633,WR,125.64666666666668,7.028693572302993,5.8100000000000165,119.74,132.28600000000003,11.476666666666674,14.319999999999993,13.449000000000026,74,68,71,27,9,63.8,28.69,3.99,0.3,74.34333333333333,8.353499599303008,-0.3433333333333337,10.358,6.370742081317269,Christian,Kirk,JAC,WR,27,2
average,14840,WR,119.83666666666666,3.929253533857712,1.1866666666666532,116.035,122.92899999999999,5.666666666666657,10.614999999999995,4.0919999999999845,80,76,83,28,10,57.08,26.01,4.27,0.15,74.36166666666666,8.05059090308835,5.638333333333335,9.153333333333334,3.700246238052574,Brandon,Aiyuk,SFO,WR,25,0
average,15751,WR,118.65,4.66809382939118,0.4333333333333371,114.06400000000001,121.381,4.480000000000004,8.644000000000005,2.543999999999997,83,81,88,29,10,58.05,26.19,3.5,0.14,66.48,7.073000306329227,16.519999999999996,11.032666666666668,2.952612553127974,Drake,London,ATL,WR,22,-2
average,14105,WR,118.21666666666667,4.242738895257796,0.5866666666666731,114.045,121.245,4.046666666666667,8.625,2.4080000000000013,84,82,90,30,10,73.95,33.31,4.49,0.18,93.29166666666667,14.138537662085927,-9.291666666666671,9.144000000000002,6.649718189517509,Marquise,Brown,ARI,WR,26,1
average,14845,WR,117.63,NA,0.7666666666666515,117.63,117.63,3.4599999999999937,12.209999999999994,-1.2070000000000078,85,71,101,31,10,80.72,35.95,5.43,0.24,97.195,12.841638978988106,-12.194999999999993,6.154666666666667,3.8787287722769292,Gabriel,Davis,BUF,WR,24,0
average,12187,WR,116.86333333333334,4.545330937713262,0.22333333333334338,113.424,121.299,2.6933333333333422,8.004000000000005,2.4620000000000033,86,83,89,32,10,62.43,28.11,5.08,0.25,72.25,10.716852771841802,13.75,12.391333333333334,5.02878284367986,Tyler,Lockett,SEA,WR,31,5
average,15762,WR,116.64,1.1529527310345464,1.1499999999999915,115.515,117.51300000000002,2.469999999999999,10.094999999999999,-1.3239999999999839,87,78,103,33,10,80.57,36.03,4.48,0.07,86.14833333333333,11.75924376347769,0.8516666666666737,6.758666666666667,3.366153624275372,George,Pickens,PIT,WR,22,-2
average,11674,WR,115.49000000000001,7.6346774653550336,0.25571428571429067,107.97500000000002,120.863,1.3200000000000074,2.555000000000021,2.0259999999999962,89,90,92,34,10,95.76,41.45,3.46,0.3,102.27666666666667,6.842203998387918,-13.27666666666667,7.831333333333334,6.05082833631525,Brandin,Cooks,DAL,WR,30,6
average,15755,WR,115.23428571428572,5.812149660277974,1.0642857142857167,109.50657142857145,118.837,1.0642857142857167,4.086571428571446,0,91,85,96,35,10,76.23,34.28,4.4,0.27,92.86333333333333,10.889081177440492,-1.8633333333333297,5.510000000000001,3.268465491123728,Jahan,Dotson,WAS,WR,23,-2
average,13163,WR,114.17,9.562253918402293,0.5300000000000011,105.42,122.619,0,0,3.7819999999999965,96,96,86,36,10,67.91,30.65,3.66,0.39,74.805,10.659671273855805,21.194999999999993,12.199333333333334,6.685203628578232,Chris,Godwin,TBB,WR,27,3
average,14208,WR,113.64,13.26782951352632,5.849999999999994,101.307,125.112,-0.5300000000000011,-4.1129999999999995,6.2749999999999915,97,106,79,37,11,73.23,32.89,3.76,0.55,89.05333333333333,9.735492911107388,7.9466666666666725,10.023333333333335,6.616717883932757,Diontae,Johnson,PIT,WR,27,1
average,16186,WR,107.79,2.632736219221365,1.9500000000000028,105.205,109.318,-6.3799999999999955,-0.2150000000000034,-9.519000000000005,117,98,126,38,11,88.36,39.55,5.98,0.19,99.14833333333333,28.90677049681537,17.851666666666674,14.262666666666666,14.830000704278097,Jordan,Addison,MIN,WR,21,-3
average,15752,WR,105.84,9.327127103240311,1.0349999999999966,96.84700000000002,113.27200000000002,-8.329999999999998,-8.572999999999979,-5.5649999999999835,122,121,116,39,11,88.58,39.07,5.39,0.45,109.2,18.034319135100905,12.799999999999997,3.8713333333333333,2.051215141216434,Treylon,Burks,TEN,WR,23,-2
average,13630,WR,104.805,14.640016222668608,0.42166666666666686,93.04,118.88350000000001,-9.364999999999995,-12.379999999999995,0.04650000000000887,127,137,95,40,11,97.07,42.62,4.77,0.62,114.15,19.38965531754841,12.849999999999994,7.105333333333334,5.771045274086451,Courtland,Sutton,DEN,WR,28,2
average,16185,WR,104.38333333333334,5.396057202563125,2.230000000000004,100.274,109.64300000000001,-9.786666666666662,-5.146000000000001,-9.193999999999988,128,111,125,41,12,89.78,39.86,5.48,0.3,95.11333333333333,25.873935834262934,32.88666666666667,18.77666666666667,20.849435377380264,Jaxon,Smith-Njigba,SEA,WR,21,-3
average,16190,WR,102.15333333333334,1.376420478390723,1.2999999999999972,100.97399999999999,103.44,-12.016666666666666,-4.446000000000012,-15.397000000000006,136,107,138,42,12,108.08,46.73,7.06,0.19,114.65833333333333,29.81394775194247,21.34166666666667,11.35266666666667,11.922110588687262,Zay,Flowers,BAL,WR,23,-3
average,12652,WR,100.85333333333334,3.787892993912756,0.5,97.13000000000001,103.08800000000001,-13.316666666666663,-8.289999999999992,-15.748999999999995,140,119,142,43,12,114.8,50.16,6.41,0.28,108.37166666666667,7.133812483907573,31.62833333333333,7.932666666666667,6.211499085477587,Michael,Thomas,NOS,WR,30,4
average,14842,WR,100.35333333333334,13.318672356257343,2.3866666666666703,88.135,112.084,-13.816666666666663,-17.284999999999997,-6.753,141,156,118,44,12,77.09,34.16,4.45,0.57,87.85166666666666,18.065212810506523,53.14833333333334,8.366,3.9540888541693997,Michael,Pittman,IND,WR,26,0
average,14127,WR,97.96666666666667,5.438440340146553,0.9150000000000063,94.37700000000001,103.33200000000001,-16.203333333333333,-11.042999999999992,-15.504999999999995,149,133,140,45,12,120.63,51.77,6.25,0.35,133.06833333333333,16.821988999190584,15.931666666666672,2.922,2.2449843355058556,Jakobi,Meyers,LVR,WR,27,1
average,13668,WR,97.05166666666666,5.410550649733657,1.6433333333333309,93.643,102.3865,-17.11833333333334,-11.777000000000001,-16.450500000000005,151,136,145,46,13,138.52,58.73,7.65,0.41,142.325,26.96619782245914,8.675000000000011,3.5493333333333332,3.295631586745636,D.J.,Chark,CAR,WR,27,2
average,13156,WR,95.40833333333333,7.885211368969983,0.3883333333333212,88.87349999999999,102.90450000000001,-18.76166666666667,-16.54650000000001,-15.93249999999999,154,154,144,47,13,112.95,48.64,6.45,0.44,117.49333333333334,13.863836249593962,36.50666666666666,5.196000000000001,4.779872243759939,JuJu,Smith-Schuster,NEP,WR,27,3
average,15290,WR,95.02000000000001,4.390580827179925,0.4054761904762074,90.76400000000001,98.45,-19.14999999999999,-14.655999999999992,-20.387,155,148,169,48,13,126.2,53.95,6.68,0.32,139.63,12.469457085214257,15.370000000000005,3.0000000000000004,1.9972647963318904,Nico,Collins,HOU,WR,24,-1
average,16188,WR,94.6145238095238,3.9879762100219063,1.3645238095237886,91.185,98.3342142857143,-19.5554761904762,-14.235,-20.502785714285707,158,145,170,49,13,101.97,46.17,5.5,0.24,119.59333333333333,30.092235248020746,38.406666666666666,13.73266666666667,16.041240212513358,Quentin,Johnston,LAC,WR,22,-3
average,13632,WR,93.25000000000001,2.0291623887703016,0.5933333333333479,91.375,95.02000000000001,-20.919999999999987,-14.045000000000002,-23.816999999999993,161,143,182,50,13,125.87,54.03,6.12,0.15,129.86833333333334,8.549410148594404,31.13166666666666,3.7993333333333337,3.376522997930795,Allen,Lazard,NYJ,WR,28,2
average,13793,WR,92.65666666666667,11.530812344901523,0.9833333333333343,81.6,102.00299999999999,-21.513333333333335,-23.820000000000007,-16.834000000000017,163,174,146,51,13,181.21,71.71,9.75,0.69,171.26,23.708670706445496,-8.259999999999991,3.894,2.5140000000000002,Marquez,Valdes-Scantling,KCC,WR,29,2
average,11679,WR,91.67333333333333,10.02769332066619,0.2750000000000057,81.84800000000001,99.06500000000001,-22.49666666666667,-23.57199999999999,-19.77199999999999,165,173,165,52,13,127.14,54.47,6.7,0.55,112.262,7.920155048987366,52.738,6.1673333333333344,5.136528096768177,Odell,Beckham,BAL,WR,31,6
average,12650,WR,91.39833333333333,2.7615499874768386,0.19499999999999318,89.1665,94.049,-22.771666666666675,-16.253500000000003,-24.787999999999997,166,153,185,53,13,138.73,59.28,5.13,0.14,147.77833333333334,16.551474674145776,18.221666666666664,3.8880000000000003,3.804911913128433,Tyler,Boyd,CIN,WR,29,4
average,15289,WR,91.20333333333333,16.4086267960891,0.009999999999990905,75.015,101.934,-22.96666666666667,-30.405,-16.903000000000006,168,192,149,54,13,111.66,49.2,8.03,0.76,110.58500000000001,13.072806061949109,57.41499999999999,4.590666666666667,2.4735751903312386,Kadarius,Toney,KCC,WR,24,-1
average,14974,WR,91.19333333333334,7.367199829876563,1.1433333333333309,85.27300000000001,98.27799999999999,-22.97666666666666,-20.14699999999999,-20.55900000000001,169,162,171,55,13,133.94,57.07,7.58,0.48,147.67000000000002,21.79317691388752,21.329999999999984,2.208,1.3415692304163809,Darnell,Mooney,CHI,WR,26,0
average,11938,WR,90.05000000000001,2.9193321153989955,0.006666666666674814,87.21000000000001,92.295,-24.11999999999999,-18.209999999999994,-26.542,175,160,191,56,13,153.62,64.04,8.25,0.34,136.33833333333334,6.97446393798278,38.66166666666666,4.562,3.975153833501291,Adam,Thielen,CAR,WR,33,6
average,15283,WR,90.04333333333334,7.511832887740071,0.4933333333333394,83.12300000000002,96.62300000000002,-24.126666666666665,-22.296999999999983,-22.213999999999984,176,168,178,57,13,158.15,65.42,8.26,0.52,147.732,19.31127277006879,28.268,2.0973333333333333,1.3721276260691724,Rondale,Moore,ARI,WR,23,-1
average,15766,WR,89.55,10.509638433362014,1.164999999999992,81.195,99.68999999999998,-24.620000000000005,-24.22500000000001,-19.14700000000002,178,175,162,58,14,127.88,54.2,8.99,0.64,132.23333333333335,12.595639016033374,45.76666666666665,4.204666666666667,1.8399683572158398,Skyy,Moore,KCC,WR,23,-2
average,13646,WR,88.385,17.616660438346425,1.6000000000000085,73.931,105.2015,-25.784999999999997,-31.489000000000004,-13.635500000000008,181,197,133,59,14,148.64,61.47,6.35,0.75,156.882,21.654786445495134,24.117999999999995,3.135333333333334,2.68973670747818,Michael,Gallup,DAL,WR,27,2
average,15779,WR,86.785,8.295449053547372,0.8416666666666686,79.1435,94.052,-27.385000000000005,-26.2765,-24.784999999999997,185,182,184,60,14,154.36,64.19,8.62,0.56,145.38,16.936135332477715,39.620000000000005,2.4546666666666668,0.8803049976507513,Romeo,Doubs,GBP,WR,23,-2
average,13176,WR,85.94333333333333,3.3909634815688205,0.48666666666665037,82.925,89.027,-28.226666666666674,-22.495000000000005,-29.810000000000002,187,169,200,61,14,154.6,64.04,7.08,0.29,145.90833333333333,21.822340553254648,41.09166666666667,3.684666666666667,3.5217746788925743,Zay,Jones,JAC,WR,28,3
average,15293,WR,85.45666666666668,12.158192025681016,0.7800000000000153,73.503,92.655,-28.713333333333324,-31.917,-26.182000000000002,188,198,188,62,14,106.8,46.38,6.83,0.62,124.76833333333333,24.05914892971533,63.23166666666667,2.7233333333333336,2.0667903188814836,Rashod,Bateman,BAL,WR,24,-1
average,15756,WR,84.67666666666666,17.29044919408786,0.06333333333333258,68.413,99.328,-29.49333333333334,-37.007000000000005,-19.509,190,210,164,63,14,122.66,52.82,9.79,0.8,117.56833333333333,22.642004782164395,72.43166666666667,4.360666666666667,2.662780668566018,Jameson,Williams,DET,WR,22,-2
average,15288,WR,84.61333333333333,6.384750060365189,0.29666666666665265,79.571,90.785,-29.556666666666672,-25.849000000000004,-28.052000000000007,191,181,195,64,14,103.58,45.31,5.86,0.38,115.378,9.218109133656425,75.622,4.858,2.8604675608485177,Elijah,Moore,CLE,WR,23,-1
average,13157,WR,84.31666666666668,0.4310839052125826,1.3300000000000125,83.90500000000002,84.67,-29.853333333333325,-21.514999999999986,-34.167,192,165,210,65,14,177.65,70.93,7.6,0.16,170.9375,24.94712846702,21.0625,2.0010000000000003,0.9510000000000002,Curtis,Samuel,WAS,WR,27,3
average,12176,WR,82.98666666666666,9.223992266547784,0.03999999999999204,74.57900000000001,91.175,-31.183333333333337,-30.840999999999994,-27.662000000000006,195,193,192,66,14,197.63,77.52,9.01,0.6,179.405,21.805000000000007,15.594999999999999,3.1690000000000005,1.9190000000000005,DeVante,Parker,NEP,WR,30,5
average,14977,WR,82.94666666666667,3.2137257713335363,0.20835443037974244,80.931,86.11500000000001,-31.22333333333333,-24.489000000000004,-32.721999999999994,196,176,204,67,14,169.64,69.26,7.7,0.32,156.50666666666666,5.4098757430790965,39.49333333333334,3.644000000000001,2.0440000000000005,K.J.,Osborn,MIN,WR,26,0
average,16197,WR,82.73831223628693,7.74457308979052,0.13497890295359127,75.13944303797469,88.38300000000001,-31.43168776371307,-30.280556962025315,-30.453999999999994,197,191,202,68,14,194.14,76.29,14.24,0.72,140.222,35.46061217745684,56.77799999999999,6.356666666666667,7.300202432505251,Jonathan,Mingo,CAR,WR,22,-3
average,14857,WR,82.60333333333334,10.05264310185801,1.50833333333334,72.71499999999999,89.743,-31.566666666666663,-32.70500000000001,-29.09400000000001,198,200,197,69,15,152.79,63.62,8.12,0.59,145.234,18.55609182990858,52.76599999999999,2.31,1.5981447577321235,Donovan,Peoples-Jones,CLE,WR,24,0
average,14858,WR,81.095,3.4755826849608993,0.5833333333333286,77.70049999999999,83.7125,-33.075,-27.71950000000001,-35.1245,199,183,214,70,15,181.14,72.84,11.37,0.51,176.83499999999998,18.265,22.16500000000002,2.9290000000000003,1.6790000000000003,Van,Jefferson,LAR,WR,27,0
average,14123,WR,80.51166666666667,0.8081821164399328,1.9166666666666714,79.7715,81.225,-33.65833333333333,-25.6485,-37.61200000000001,201,178,219,71,15,198.29,77.49,7.64,0.2,183.70333333333332,20.577337588284408,17.29666666666668,2.5200000000000005,1.3200000000000005,Hunter,Renfrow,LVR,WR,28,1
average,14849,WR,78.595,8.883514225800507,0.33166666666666345,69.9165,85.275,-35.575,-35.5035,-33.562,205,206,209,72,15,186.35,74.18,7.75,0.56,170.18333333333334,19.261938866295072,34.81666666666666,5.987,4.357000000000001,Isaiah,Hodgins,NYG,WR,25,0
average,16080,WR,78.26333333333334,7.440969918856909,0.01833333333333087,71.009,83.924,-35.906666666666666,-34.411,-34.913,206,205,213,73,15,156.7,64.96,7.73,0.5,176.85500000000002,19.445000000000007,29.144999999999982,5.096,3.9760000000000004,Rashid,Shaheed,NOS,WR,25,-2
average,16184,WR,78.245,0.9263098833543789,2.875,77.6555,78.8345,-35.925,-27.764499999999998,-40.0025,207,184,224,74,15,211.9,81.26,14.28,0.53,141.825,59.37499999999999,65.17500000000001,5.276000000000001,4.276000000000001,Jayden,Reed,GBP,WR,23,-3
average,15759,WR,75.37,2.9415642097360353,0.8599999999999994,73.498,77.242,-38.8,-31.921999999999997,-41.595,211,199,226,75,15,196.98,77.3,8.12,0.33,166.67666666666668,18.996631865207636,44.32333333333332,2.4400000000000004,1.1600000000000001,John,Metchie,HOU,WR,23,-2
average,14841,WR,74.51,8.176019814066008,1.1299999999999955,69.70200000000001,82.545,-39.66,-35.71799999999999,-36.292,213,208,217,76,16,189.93,74.11,8.24,0.55,175.30666666666667,25.49349764591399,37.69333333333333,2.1790000000000003,0.7490000000000002,Chase,Claypool,CHI,WR,25,0
average,14113,WR,73.38000000000001,3.9346156101962486,1.3566666666666691,69.766,76.84,-40.78999999999999,-35.653999999999996,-41.997,214,207,229,77,16,212.68,81.96,6.75,0.3,190.36333333333334,19.861655408237134,23.636666666666656,2.2990000000000004,0.6290000000000002,Mecole,Hardman,NYJ,WR,25,1
average,10738,WR,72.02333333333334,5.038098186154511,1.9266666666666623,67.136,75.947,-42.14666666666666,-38.284000000000006,-42.89,216,213,231,78,16,258.49,97.03,10.66,0.53,NA,NA,NA,2.3520000000000003,NA,Marvin,Jones,DET,WR,33,8
average,15768,WR,70.09666666666668,9.536468598665513,0.1916666666666771,60.778000000000006,77.25700000000002,-44.07333333333332,-44.641999999999996,-41.579999999999984,219,223,225,79,16,166.55,67.76,7.96,0.58,172.20333333333332,9.140686820778592,46.79666666666668,1.613,0.403,Alec,Pierce,IND,WR,23,-2
average,13809,WR,69.905,4.28751967925513,1.2349999999999852,66.0515,73.769,-44.265,-39.3685,-45.068,220,215,239,80,16,249.09,93.69,8.37,0.39,NA,NA,NA,1.2720000000000002,NA,Russell,Gage,TBB,WR,27,2
average,13724,WR,68.67000000000002,35.11492275372396,0.45666666666667766,46.32300000000001,91.01700000000001,-45.499999999999986,-59.096999999999994,-27.819999999999993,225,284,193,81,16,257.1,95.61,10.2,0.95,187.61666666666667,13.369079582712072,37.383333333333326,2.5450000000000004,1.2950000000000004,Richie,James,KCC,WR,28,2
average,11228,WR,68.21333333333334,4.934473967236359,0.24500000000000455,65.035,73.08099999999999,-45.95666666666666,-40.385000000000005,-45.756000000000014,227,217,241,82,16,224.9,86.51,9.25,0.45,181.22,NA,45.78,3.416000000000001,2.416000000000001,Robert,Woods,HOU,WR,31,7
average,13153,WR,67.96833333333333,4.763429261921844,0.33833333333333826,63.2905,71.41299999999998,-46.20166666666667,-42.1295,-47.42400000000002,228,219,247,83,16,227.14,86.83,6.92,0.36,NA,NA,NA,2.1120000000000005,NA,Corey,Davis,NYJ,WR,28,3
average,13289,WR,67.63,0.24041630560342858,1.3599999999999852,67.47699999999999,67.783,-46.540000000000006,-37.94300000000001,-51.054,229,211,263,84,17,260.28,97.64,8.18,0.2,NA,NA,NA,2.1840000000000006,NA,Mack,Hollins,ATL,WR,30,3
average,14112,WR,66.27000000000001,5.745058746435929,0.34499999999999886,61.089000000000006,71.43,-47.89999999999999,-44.330999999999996,-47.407,236,221,246,85,17,207.68,81.69,9.19,0.5,176.375,4.5049999999999955,59.625,2.7320000000000007,1.6120000000000005,Parris,Campbell,NYG,WR,26,1
average,15319,WR,65.92500000000001,10.571246378738888,2.6483333333333405,59.197500000000005,72.6525,-48.24499999999999,-46.2225,-46.1845,237,229,242,86,17,212.89,82.83,11.68,0.72,192.115,10.905000000000001,44.88499999999999,2.048,1.0480000000000003,Josh,Palmer,LAC,WR,24,-1
average,16194,WR,63.27666666666667,1.9179242251281299,0.3299999999999983,61.652,65.081,-50.89333333333333,-43.768,-53.756,244,220,270,87,17,203.4,78.39,14.31,0.57,136.72333333333333,40.99361766042232,107.27666666666667,6.771000000000001,4.941000000000001,Rashee,Rice,KCC,WR,23,-3
average,11678,WR,62.94666666666667,3.8257199758128326,0.7250000000000014,60.328,66.718,-51.22333333333333,-45.092,-52.119,245,225,267,88,17,223.83,85.82,8.85,0.39,206.85,NA,38.150000000000006,2.3720000000000003,1.3720000000000003,Allen,Robinson,PIT,WR,30,6
average,14122,WR,62.22166666666667,10.53053931825589,1.3216666666666725,51.97550000000001,70.31299999999999,-51.94833333333333,-53.44449999999999,-48.524000000000015,249,251,253,89,17,197.98,76.66,11.6,0.71,192.925,18.125,56.07499999999999,3.0680000000000005,2.0680000000000005,Darius,Slayton,NYG,WR,26,1
average,15757,WR,60.9,14.991080681525265,2.7549999999999883,49.199999999999996,75.435,-53.27,-56.220000000000006,-43.402,252,267,234,90,18,206.79,80.51,13.06,0.82,175.22333333333333,16.21410154430053,76.77666666666667,1.605,0.43500000000000005,Wan'Dale,Robinson,NYG,WR,22,-2
average,16189,WR,58.14500000000001,14.545186489007284,0.2816666666666734,48.88850000000001,67.4015,-56.02499999999999,-56.531499999999994,-51.435500000000005,262,269,264,91,18,213.25,81.52,18.25,0.87,136.68666666666667,45.8422020510456,125.31333333333333,7.6370000000000005,6.187000000000001,Marvin,Mims,DEN,WR,21,-3
average,15109,WR,57.86333333333334,11.23127923850767,0.06333333333333258,49.294999999999995,68.807,-56.306666666666665,-56.12500000000001,-50.03,264,265,260,92,18,296.76,108.92,6.74,0.58,NA,NA,NA,0.8160000000000002,NA,Nick,Westbrook-Ikhine,TEN,WR,26,0
average,15787,WR,57.800000000000004,3.0512292604784714,0.5102005012531308,54.790000000000006,59.83,-56.37,-50.629999999999995,-59.007000000000005,267,239,296,93,18,214.09,82.53,7.4,0.29,NA,NA,NA,0.7680000000000001,NA,Tyquan,Thornton,NEP,WR,23,-2
average,15491,WR,57.28979949874687,7.4620853764691715,1.1731328320802064,52.75693984962407,64.63693984962407,-56.88020050125313,-52.663060150375934,-54.20006015037593,269,246,272,94,18,345.3,126.7,10.23,0.59,NA,NA,NA,0.6720000000000002,NA,Ben,Skowronek,LAR,WR,26,-1
average,14108,WR,56.11666666666667,21.92169777488353,0.046666666666666856,34.495000000000005,70.85500000000002,-58.053333333333335,-70.925,-47.981999999999985,273,364,250,95,18,295.78,108.95,12.75,0.87,NA,NA,NA,2.2560000000000002,NA,Greg,Dortch,ARI,WR,25,1
average,15308,WR,56.07,11.143953517491001,0.13999999999999346,48.971000000000004,67.061,-58.1,-56.449,-51.775999999999996,274,268,266,96,18,221.75,85.43,10.37,0.69,193.035,15.89500000000001,80.965,1.3160000000000003,0.31600000000000017,Terrace,Marshall,CAR,WR,23,-1
average,13418,WR,55.93000000000001,0.6646803743153581,1.0600000000000094,55.507,56.35300000000001,-58.239999999999995,-49.913000000000004,-62.483999999999995,275,237,315,97,18,267.12,99.24,7.32,0.15,NA,NA,NA,1.1280000000000001,NA,Kendrick,Bourne,NEP,WR,28,3
average,15761,WR,54.87,20.43538597629122,2.729999999999997,41.865,67.87499999999999,-59.300000000000004,-63.555,-50.96200000000002,283,319,262,98,18,241.7,91.8,11.03,0.85,174.77,NA,108.22999999999999,4.776000000000001,NA,Khalil,Shakir,BUF,WR,23,-2
average,16206,WR,52.14,28.77924599429248,1.6033333333333317,33.825,70.455,-62.03,-71.595,-48.382000000000005,298,366,251,99,19,283.73,105.8,16.43,0.96,72.33,NA,225.67000000000002,4.848000000000001,NA,Michael,Wilson,ARI,WR,23,-3
average,12658,WR,50.53666666666667,21.68979099330681,2.1294598375299145,33.891000000000005,71.646,-63.63333333333333,-71.529,-47.191,306,365,244,100,19,262.55,99.64,13.17,0.88,NA,NA,NA,2.4240000000000004,NA,Sterling,Shepard,NYG,WR,30,4
average,15301,WR,48.407206829136754,16.08524482979078,0.1822068291367458,37.41945843866923,64.265,-65.76279317086325,-68.00054156133078,-54.572,318,343,274,101,19,304.02,111.29,12.44,0.83,NA,NA,NA,0.7680000000000001,NA,Tutu,Atwell,LAR,WR,24,-1
average,13638,WR,48.22500000000001,17.09077090127885,0.27000000000001023,37.34850000000001,59.1015,-65.945,-68.07149999999999,-59.7355,320,344,300,102,19,290.41,107.28,10.56,0.82,NA,NA,NA,NA,NA,Braxton,Berrios,MIA,WR,28,2
average,13168,WR,47.955,11.448058787410208,0.721666666666664,40.6695,55.240500000000004,-66.215,-64.7505,-63.5965,322,326,321,103,19,264.31,98.12,8.16,0.64,NA,NA,NA,1.3920000000000001,NA,Josh,Reynolds,DET,WR,28,3
average,16183,WR,47.233333333333334,22.72600786177223,1.55833333333333,24.872000000000003,63.31099999999999,-66.93666666666667,-80.548,-55.52600000000001,327,398,278,104,19,215.99,82.94,12.12,0.88,130.43333333333334,37.05206636912741,196.56666666666666,5.55,4.29,Jalin,Hyatt,NYG,WR,22,-3
average,16187,WR,45.675000000000004,2.637508293825825,0.04500000000000881,43.996500000000005,47.353500000000004,-68.495,-61.4235,-71.48349999999999,337,300,356,105,19,230.61,87.96,7.1,0.26,144.635,72.19500000000001,192.365,5.936000000000001,4.936000000000001,Josh,Downs,IND,WR,22,-3
average,12773,WR,45.629999999999995,18.76661397269097,1.4749999999999943,33.687,57.573,-68.54,-71.733,-61.264,338,367,307,106,20,348.53,128.59,8.7,0.8,NA,NA,NA,NA,NA,Chris,Moore,TEN,WR,30,4
average,14337,WR,44.155,25.095219664310573,1.7250000000000014,28.184500000000003,60.1255,-70.015,-77.2355,-58.7115,344,385,294,107,20,349.67,146.22,11.73,0.89,NA,NA,NA,NA,NA,Jalen,Guyton,LAC,WR,26,1
average,16193,WR,42.43,NA,0.75,42.43,42.43,-71.74000000000001,-62.99,-76.40700000000001,351,312,376,108,20,284.72,106.53,12.39,0.78,77.55,NA,273.45,3.1920000000000006,NA,Kayshon,Boutte,NEP,WR,21,-3
average,11239,WR,41.68,22.64829353395085,2.655000000000001,27.724,63.99399999999999,-72.49000000000001,-77.696,-54.84300000000001,357,386,276,109,20,356,147.44,18.99,0.94,NA,NA,NA,NA,NA,Marquise,Goodwin,CLE,WR,33,7
average,14992,WR,39.025,4.8153971798803905,0.6399999999999935,35.9605,42.089499999999994,-75.14500000000001,-69.45949999999999,-76.7475,369,354,378,110,20,286.76,104.87,6.86,0.36,NA,NA,NA,NA,NA,Quez,Watkins,PHI,WR,25,0
average,14860,WR,38.385000000000005,8.959042917633559,0.13000000000000256,32.6835,44.0865,-75.785,-72.7365,-74.7505,375,371,365,111,20,325.19,120.17,13.56,0.73,NA,NA,NA,0.504,NA,Jauan,Jennings,SFO,WR,26,0
average,12785,WR,38.255,13.640089809088506,0.6100000000000065,29.5745,46.935500000000005,-75.91499999999999,-75.8455,-71.9015,377,381,358,112,20,338.08,130.27,18.32,0.86,NA,NA,NA,NA,NA,Demarcus,Robinson,LAR,WR,29,4
average,13893,WR,37.644999999999996,23.384021253839126,0.30333333333332746,22.7635,52.5265,-76.525,-82.6565,-66.3105,382,404,329,113,20,343.28,129.91,13.69,0.89,NA,NA,NA,1.7520000000000002,NA,Trent,Sherfield,BUF,WR,27,2
average,14592,WR,37.34166666666667,22.272450658455465,0.41166666666666885,20.140500000000003,58.989,-76.82833333333333,-85.2795,-59.848000000000006,385,419,302,114,21,346.37,128.15,11.35,0.86,NA,NA,NA,NA,NA,Olamide,Zaccheaus,PHI,WR,26,1
average,14838,WR,36.93,10.507606768432096,1.4699999999999989,30.243000000000002,43.617,-77.24000000000001,-75.17699999999999,-75.22,389,378,367,115,21,287.58,105.48,5.43,0.52,NA,NA,NA,0.9840000000000001,NA,Laviska,Shenault,CAR,WR,25,0
average,15763,WR,35.46,4.723473298326132,0.4399999999999977,32.45400000000001,38.465999999999994,-78.71000000000001,-72.966,-80.37100000000001,396,374,401,116,21,260.69,97.18,20.8,0.8,170.305,20.055000000000007,225.695,4.2490000000000006,3.119,Justyn,Ross,KCC,WR,24,-2
average,13313,WR,35.02,12.473363620130698,0.2749999999999986,27.082,42.958000000000006,-79.15,-78.338,-75.87899999999999,397,390,373,117,21,273.24,101.25,9.36,0.7,NA,NA,NA,1.9440000000000004,NA,Isaiah,McKenzie,IND,WR,28,3
average,16203,WR,34.745000000000005,27.648395523067883,1.3000000000000043,13.239500000000001,61.574000000000005,-79.425,-92.1805,-57.263,399,468,285,118,21,361.57,133.2,11.99,0.92,78.12,NA,320.88,3.2880000000000007,NA,Charlie,Jones,CIN,WR,25,-3
average,16211,WR,33.445,10.033845225037108,2.405000000000001,27.0595,39.8305,-80.725,-78.3605,-79.0065,402,391,390,119,21,269.62,99.92,12.43,0.73,77.75,NA,324.25,4.92,NA,Puka,Nacua,LAR,WR,22,-3
average,13377,WR,31.04,NA,0.9899999999999949,31.04,31.04,-83.13,-74.38,-87.797,408,375,423,120,21,245,96.89,18.04,0.9,182.56,14.22999999999999,225.44,5.136000000000001,NA,Tim,Patrick,DEN,WR,30,3
average,13066,WR,30.050000000000004,0.07071067811865324,0.17500000000000426,30.005000000000006,30.095,-84.12,-75.41499999999999,-88.742,412,379,429,121,21,339.3,125.59,13.67,0.47,NA,NA,NA,NA,NA,Kalif,Raymond,DET,WR,29,4
average,13308,WR,29.875,15.59170452516337,0.019999999999999574,19.9525,39.7975,-84.295,-85.4675,-79.0395,413,421,391,122,21,351.64,135.57,20.57,0.9,NA,NA,NA,NA,NA,Jamal,Agnew,JAC,WR,28,3
average,16191,WR,29.855,16.22810062823126,0.14499999999999957,19.527500000000003,40.1825,-84.315,-85.8925,-78.65450000000001,414,424,387,123,21,281.9,104.6,8.59,0.77,67.22,NA,346.78,8.184000000000001,NA,Cedric,Tillman,CLE,WR,23,-3
average,13172,WR,29.71,NA,0.5899999999999963,29.71,29.71,-84.46000000000001,-75.71000000000001,-89.12700000000001,415,380,431,124,22,343.34,122.68,8.01,0.49,NA,NA,NA,2.088,NA,Noah,Brown,HOU,WR,26,3
average,12930,WR,29.120000000000005,NA,0.11000000000000298,29.120000000000005,29.120000000000005,-85.05,-76.3,-89.717,416,382,435,125,22,311.81,115.58,10.56,0.67,NA,NA,NA,NA,NA,Chosen,Anderson,MIA,WR,30,4
average,15297,WR,29.01,NA,0.22000000000000242,29.01,29.01,-85.16,-76.41,-89.827,417,383,436,126,22,NA,165.5,5.02,0.18,NA,NA,NA,NA,NA,Amari,Rodgers,IND,WR,24,-1
average,15901,WR,28.79,6.392245301926391,0.07000000000000028,24.722,32.858000000000004,-85.38,-80.69800000000001,-85.979,418,399,420,127,22,307.16,113.08,11.77,0.61,NA,NA,NA,NA,NA,Kyle,Philips,TEN,WR,24,-2
average,16201,WR,28.72,NA,1.1999999999999957,28.72,28.72,-85.45,-76.7,-90.117,419,384,439,128,22,306.83,112.45,13.12,0.79,85.1,NA,333.9,4.344000000000001,NA,Xavier,Hutchinson,HOU,WR,23,-3
average,10973,WR,27.520000000000003,NA,0.970000000000006,27.520000000000003,27.520000000000003,-86.65,-77.9,-91.31700000000001,423,387,444,129,22,NA,NA,NA,NA,NA,NA,NA,NA,NA,Cole,Beasley,NYG,WR,34,8
average,15325,WR,26.549999999999997,NA,1.2649999999999935,26.549999999999997,26.549999999999997,-87.62,-78.87,-92.287,426,393,451,130,22,NA,NA,NA,NA,NA,NA,NA,NA,NA,Cade,Johnson,SEA,WR,25,-1
average,14551,WR,25.285000000000004,13.710800487207159,0.4350000000000023,16.5595,34.0105,-88.88499999999999,-88.8605,-84.82650000000001,431,449,418,131,22,370.83,137.5,10.38,0.76,NA,NA,NA,NA,NA,Trenton,Irwin,CIN,WR,28,1
average,15841,WR,24.85,4.681046891454945,0.1600000000000037,21.871,27.829,-89.32,-83.549,-91.00800000000001,432,412,443,132,22,327.5,137.83,21.12,0.81,NA,NA,NA,NA,NA,Samori,Toure,GBP,WR,25,-2
average,16195,WR,24.689999999999998,21.368766927457465,0.11999999999999744,11.091000000000003,38.288999999999994,-89.48,-94.329,-80.548,434,493,403,133,22,347.2,144.75,17.13,0.92,87.41,NA,346.59000000000003,1.032,NA,Dontayvion,Wicks,GBP,WR,22,-3
average,10308,WR,24.57,3.408254685319157,0.029999999999997584,22.401000000000003,26.739,-89.6,-83.019,-92.098,435,407,449,134,22,347.86,134.32,18.74,0.74,NA,NA,NA,NA,NA,Randall,Cobb,NYJ,WR,33,9
average,15758,WR,24.540000000000003,NA,1.2750000000000021,24.540000000000003,24.540000000000003,-89.63,-80.88,-94.297,436,400,463,135,22,302.35,110.17,9.9,0.63,NA,NA,NA,NA,NA,David,Bell,CLE,WR,23,-2
average,15034,WR,23.265,11.0803632611932,0.09499999999999886,16.2135,30.3165,-90.905,-89.2065,-88.5205,442,456,427,136,22,349.48,126.5,9.99,0.68,NA,NA,NA,NA,NA,Marquez,Callaway,DEN,WR,25,0
average,14847,WR,23.17,8.018590898655452,0.5650000000000013,18.067,28.273000000000003,-91,-87.35300000000001,-90.564,445,436,441,137,22,295.11,107.17,8.04,0.53,NA,NA,NA,1.9680000000000002,NA,Devin,Duvernay,BAL,WR,26,0
average,15292,WR,22.605,0.7990306627408005,0.019999999999999574,22.0965,23.113500000000002,-91.565,-83.3235,-95.7235,449,409,468,138,22,346.45,132.18,13.51,0.5,NA,NA,NA,NA,NA,Dyami,Brown,WAS,WR,24,-1
average,13652,WR,22.585,5.3810826048296265,0.02499999999999858,19.160500000000003,26.0095,-91.58500000000001,-86.2595,-92.8275,450,426,453,139,22,338.08,130.41,14.25,0.66,NA,NA,NA,NA,NA,Cedrick,Wilson,MIA,WR,28,2
average,16196,WR,22.560000000000002,NA,0.9600000000000009,22.560000000000002,22.560000000000002,-91.61,-82.86,-96.277,451,406,469,140,23,333.43,121.88,12.33,0.77,82.57,NA,368.43,2.5440000000000005,NA,A.T.,Perry,NOS,WR,24,-3
average,16205,WR,21.6,NA,0.4400000000000013,21.6,21.6,-92.57,-83.82,-97.237,456,413,474,141,23,341.7,125.52,11.83,0.75,76.66,NA,379.34000000000003,4.200000000000001,NA,Tyler,Scott,CHI,WR,22,-3
average,13963,WR,21.16,4.299209229614208,0.06499999999999773,18.424,23.896,-93.01,-86.99600000000001,-94.941,459,429,466,142,23,NA,163.6,8.4,0.39,NA,NA,NA,NA,NA,KhaDarel,Hodge,ATL,WR,28,2
average,16342,WR,21.095000000000002,14.95530842209548,0.8550000000000004,11.577500000000002,30.6125,-93.075,-93.8425,-88.2245,460,488,424,143,23,328.88,124.9,13.25,0.83,99.58,NA,360.42,2.2800000000000002,NA,Demario,Douglas,NEP,WR,23,-3
average,13348,WR,20.240000000000002,6.505382386916237,0.16000000000000014,16.1,24.38,-93.93,-89.32,-94.45700000000001,462,457,464,144,23,NA,NA,NA,0.43,NA,NA,NA,NA,NA,David,Moore,TBB,WR,28,3
average,14843,WR,20.080000000000002,NA,0.0400000000000027,20.080000000000002,20.080000000000002,-94.09,-85.34,-98.757,464,420,479,145,23,NA,NA,NA,NA,NA,NA,NA,NA,NA,Lynn,Bowden,NOS,WR,26,0
average,13488,WR,20.04,3.8890872965260113,0.09999999999999787,17.565,22.514999999999997,-94.13,-87.855,-96.322,465,440,470,146,23,346.25,146.89,17.57,0.72,NA,NA,NA,NA,NA,Zach,Pascal,ARI,WR,29,3
average,15777,WR,19.94,2.7577164466275343,0.120000000000001,18.185000000000002,21.695,-94.23,-87.235,-97.142,466,434,473,147,23,342,127.24,10.88,0.44,NA,NA,NA,1.5360000000000003,NA,Calvin,Austin III,PIT,WR,24,-2
average,13776,WR,19.82,5.642712113868651,0.03999999999999915,16.229,23.411,-94.35,-89.191,-95.426,467,455,467,148,23,348.37,128.43,10.31,0.54,NA,NA,NA,NA,NA,Justin,Watson,KCC,WR,28,2
average,15306,WR,19.78,NA,0.3000000000000007,19.78,19.78,-94.39,-85.64,-99.057,468,423,480,149,23,NA,NA,NA,NA,NA,NA,NA,NA,NA,Tre,Nixon,NEP,WR,25,-1
average,16199,WR,19.48,NA,0.7199999999999989,19.48,19.48,-94.69,-85.94,-99.357,470,425,482,150,23,363.69,135.38,7.74,0.46,94.69,NA,375.31,2.04,NA,Trey,Palmer,TBB,WR,22,-3
average,14558,WR,18.76,9.39037805415735,0.240000000000002,12.784000000000004,24.736000000000004,-95.41,-92.636,-94.101,472,474,462,151,23,311.58,112.33,12.88,0.72,NA,NA,NA,NA,NA,Deonte,Harty,BUF,WR,26,1
average,14613,WR,18.52,NA,1.1999999999999993,18.52,18.52,-95.65,-86.9,-100.31700000000001,473,428,487,152,23,NA,202,3,0.04,NA,NA,NA,NA,NA,Steven,Sims,HOU,WR,26,1
average,15788,WR,17.32,7.976164491784256,0.23999999999999844,12.244000000000002,22.396,-96.85,-93.176,-96.441,478,479,471,153,23,355.25,128.26,8.7,0.56,NA,NA,NA,NA,NA,Jalen,Tolbert,DAL,WR,24,-2
average,13637,WR,17.080000000000002,6.533666658163701,0.2650000000000041,12.922,21.238000000000003,-97.09,-92.498,-97.599,479,473,477,154,23,NA,150.6,7.86,0.46,NA,NA,NA,NA,NA,Equanimeous,St. Brown,CHI,WR,27,2
average,16192,WR,16.814999999999998,7.191275964667187,0.04499999999999815,12.2385,21.391499999999997,-97.355,-93.1815,-97.44550000000001,481,481,475,155,23,358.08,131.54,7.12,0.45,NA,NA,NA,0.7200000000000001,NA,Parker,Washington,JAC,WR,21,-3
average,13864,WR,16.77,NA,0.3000000000000007,16.77,16.77,-97.4,-88.65,-102.06700000000001,482,445,491,156,23,NA,NA,NA,NA,NA,NA,NA,NA,NA,Greg,Ward,PHI,WR,28,3
average,15302,WR,16.47,NA,0.8899999999999988,16.47,16.47,-97.7,-88.95,-102.367,484,451,494,157,23,NA,161,5.51,0.26,NA,NA,NA,NA,NA,D'Wayne,Eskridge,SEA,WR,26,-1
average,12181,WR,15.58,1.753624817342638,0.025000000000000355,14.464,16.696,-98.59,-90.956,-102.141,486,461,492,158,23,308.29,112.31,9.08,0.32,NA,NA,NA,NA,NA,Nelson,Agholor,BAL,WR,30,5
average,13910,WR,15.555,5.861915216036478,0.26500000000000057,11.8245,19.2855,-98.61500000000001,-93.5955,-99.5515,487,485,483,159,23,NA,171.25,21.31,0.83,NA,NA,NA,NA,NA,Brandon,Powell,MIN,WR,27,2
average,15298,WR,15.29,NA,0.13999999999999702,15.29,15.29,-98.88,-90.13,-103.547,488,459,498,160,23,344,161.33,9.66,0.61,NA,NA,NA,NA,NA,Shi,Smith,CAR,WR,25,-1
average,13645,WR,15.150000000000002,5.204305909532991,0.37000000000000277,11.838000000000001,18.462,-99.02,-93.582,-100.375,489,484,488,161,23,362.5,139.6,9.67,0.5,NA,NA,NA,NA,NA,Tre'Quan,Smith,NOS,WR,27,2
average,15183,WR,14.78,3.42239682094289,0.3650000000000002,12.602,16.958000000000002,-99.39,-92.818,-101.879,491,476,490,162,24,352,165.8,19.29,0.76,NA,NA,NA,NA,NA,Kendall,Hinton,DEN,WR,26,0
average,15767,WR,14.415,2.2415284963613558,0.3249999999999975,12.9885,15.8415,-99.755,-92.4315,-102.9955,492,471,496,163,24,365.86,141.7,9.04,0.35,NA,NA,NA,NA,NA,Velus,Jones,CHI,WR,26,-2
average,16037,WR,14.090000000000002,NA,0.2500000000000018,14.090000000000002,14.090000000000002,-100.08,-91.33,-104.747,493,462,503,164,24,NA,NA,NA,NA,NA,NA,NA,NA,NA,Andre,Baccellia,ARI,WR,26,0
average,15977,WR,13.84,NA,0.4599999999999991,13.84,13.84,-100.33,-91.58,-104.997,494,463,504,165,24,NA,NA,NA,NA,NA,NA,NA,NA,NA,Deven,Thompkins,TBB,WR,24,-2
average,12464,WR,13.38,NA,0.27000000000000135,13.38,13.38,-100.79,-92.04,-105.45700000000001,497,465,507,166,24,NA,188,2.92,0.03,NA,NA,NA,NA,NA,Damiere,Byrd,CAR,WR,30,5
average,12394,WR,13.11,NA,0.05000000000000071,13.11,13.11,-101.06,-92.31,-105.727,498,469,509,167,24,362.18,136.83,11.33,0.71,NA,NA,NA,NA,NA,DeAndre,Carter,LVR,WR,30,5
average,15786,WR,13.059999999999999,NA,0.46999999999999886,13.059999999999999,13.059999999999999,-101.11,-92.36,-105.777,499,470,510,168,24,342.25,147,26.78,0.97,NA,NA,NA,NA,NA,Jalen,Nailor,MIN,WR,24,-2
average,16287,WR,12.59,NA,0.28999999999999737,12.59,12.59,-101.58,-92.83,-106.247,500,477,513,169,24,383.5,153,29.03,0.98,93.77,NA,406.23,0.8160000000000002,NA,Tre,Tucker,LVR,WR,22,-3
average,12184,WR,12.300000000000002,NA,0.0600000000000005,12.300000000000002,12.300000000000002,-101.87,-93.12,-106.537,501,478,515,170,24,329.37,123.16,18.97,0.92,NA,NA,NA,NA,NA,Jamison,Crowder,NYG,WR,30,5
average,14280,WR,12.240000000000002,NA,0.2400000000000002,12.240000000000002,12.240000000000002,-101.93,-93.18,-106.59700000000001,502,480,516,171,24,339.13,139.54,22.18,0.96,NA,NA,NA,NA,NA,Scotty,Miller,ATL,WR,26,1
average,15981,WR,12.000000000000002,7.353910524340097,0.22000000000000064,7.320000000000001,16.680000000000003,-102.17,-98.1,-102.157,503,521,493,172,24,NA,172.67,27.38,0.89,NA,NA,NA,NA,NA,KaVontae,Turpin,DAL,WR,27,-2
average,14846,WR,11.780000000000001,NA,0.3000000000000007,11.780000000000001,11.780000000000001,-102.39,-93.64,-107.057,506,486,519,173,24,336.58,133,23.08,0.97,NA,NA,NA,1.5360000000000003,NA,Denzel,Mims,DET,WR,26,0
average,12188,WR,11.48,NA,0.4299999999999997,11.48,11.48,-102.69,-93.94,-107.357,507,491,523,174,24,NA,178.75,6.18,0.31,NA,NA,NA,NA,NA,Phillip,Dorsett,LVR,WR,30,5
average,14321,WR,11.05,NA,0.5999999999999996,11.05,11.05,-103.12,-94.37,-107.787,510,494,525,175,24,NA,NA,NA,NA,NA,NA,NA,NA,NA,Cody,Thompson,SEA,WR,27,1
average,14315,WR,10.450000000000001,NA,0.15000000000000036,10.450000000000001,10.450000000000001,-103.72,-94.97,-108.387,513,498,528,176,24,352.5,144.4,17.4,0.88,NA,NA,NA,NA,NA,Ashton,Dulin,IND,WR,26,1
average,14316,WR,10.3,NA,0.09000000000000163,10.3,10.3,-103.87,-95.12,-108.537,515,499,531,177,24,NA,NA,NA,NA,NA,NA,NA,NA,NA,Penny,Hart,ATL,WR,27,1
average,14844,WR,10.209999999999999,NA,0.16999999999999815,10.209999999999999,10.209999999999999,-103.96000000000001,-95.21000000000001,-108.62700000000001,517,500,533,178,24,NA,168.4,29.33,0.99,NA,NA,NA,NA,NA,Bryan,Edwards,NOS,WR,25,0
average,12814,WR,10.040000000000001,NA,0.16000000000000014,10.040000000000001,10.040000000000001,-104.13,-95.38,-108.797,518,503,535,179,24,NA,NA,NA,NA,NA,NA,NA,NA,NA,Jakeem,Grant,CLE,WR,31,4
average,14555,WR,9.88,3.7052395334175086,0.02000000000000135,7.522000000000001,12.238,-104.29,-97.898,-106.599,519,518,517,180,24,NA,203,5,0.19,NA,NA,NA,NA,NA,Gunner,Olszewski,PIT,WR,27,1
average,15941,WR,9.86,7.735748186180829,0.40999999999999837,4.937000000000001,14.783,-104.31,-100.483,-104.054,520,555,500,181,24,NA,199,2,0.23,NA,NA,NA,NA,NA,Dareke,Young,SEA,WR,24,-2
average,13631,WR,9.450000000000001,8.711555544218266,0.13000000000000078,3.9060000000000006,14.994000000000002,-104.72,-101.514,-103.843,523,571,499,182,24,NA,NA,NA,0.61,NA,NA,NA,NA,NA,James,Washington,NOS,WR,27,2
average,15303,WR,9.32,NA,0.009999999999999787,9.32,9.32,-104.85,-96.1,-109.517,524,505,541,183,24,NA,NA,NA,NA,NA,NA,NA,NA,NA,Simi,Fehoko,DAL,WR,26,-1
average,16207,WR,9.31,NA,0.009999999999999787,9.31,9.31,-104.86,-96.11,-109.527,525,506,542,184,24,380.8,149.9,15.71,0.85,NA,NA,NA,3.0480000000000005,NA,Andrei,Iosivas,CIN,WR,24,-3
average,15900,WR,9.3,NA,0.2400000000000002,9.3,9.3,-104.87,-96.12,-109.537,526,507,543,185,24,NA,176.33,27.13,0.98,NA,NA,NA,NA,NA,Montrell,Washington,DEN,WR,25,-2
average,14839,WR,9.06,NA,0.8500000000000014,9.06,9.06,-105.11,-96.36,-109.777,530,509,544,186,24,345,159,21.25,0.95,NA,NA,NA,NA,NA,Jalen,Reagor,MIN,WR,24,0
average,13634,WR,8.209999999999999,NA,0.11999999999999922,8.209999999999999,8.209999999999999,-105.96000000000001,-97.21000000000001,-110.62700000000001,533,512,546,187,24,NA,163.75,3.7,0.08,NA,NA,NA,NA,NA,Dante,Pettis,CHI,WR,28,2
average,15993,WR,8.209999999999999,NA,0,8.209999999999999,8.209999999999999,-105.96000000000001,-97.21000000000001,-110.62700000000001,533,512,546,187,24,NA,NA,NA,NA,NA,NA,NA,NA,NA,Lance,McCutcheon,LAR,WR,24,-2
average,15270,WR,8.09,NA,0.10999999999999943,8.09,8.09,-106.08,-97.33,-110.747,535,513,547,188,24,343,116.5,15.14,0.85,NA,NA,NA,NA,NA,Demetric,Felton,CLE,RB,25,-1
average,15270,WR,8.09,NA,0.10999999999999943,8.09,8.09,-106.08,-97.33,-110.747,535,513,547,188,24,343,151.75,30.09,0.99,NA,NA,NA,NA,NA,Demetric,Felton,CLE,RB,25,-1
average,16210,WR,8.09,NA,0,8.09,8.09,-106.08,-97.33,-110.747,535,513,547,188,24,327.6,131.5,18.28,0.9,94.14,NA,440.86,1.1520000000000001,NA,Justin,Shorter,BUF,WR,23,-3
average,16202,WR,7.98,NA,0.14000000000000057,7.98,7.98,-106.19,-97.44,-110.857,538,514,550,189,24,NA,NA,NA,NA,NA,NA,NA,NA,NA,Ronnie,Bell,SFO,WR,23,-3
average,14330,WR,7.84,NA,0.0699999999999994,7.84,7.84,-106.33,-97.58,-110.997,540,515,551,190,24,NA,NA,NA,NA,NA,NA,NA,NA,NA,NA,NA,NA,NA,NA,NA
average,13641,WR,7.7700000000000005,NA,0.17999999999999972,7.7700000000000005,7.7700000000000005,-106.4,-97.65,-111.06700000000001,542,516,552,191,24,NA,159,7.18,0.41,NA,NA,NA,NA,NA,Ray-Ray,McCloud,SFO,WR,27,2
average,13863,WR,7.590000000000001,NA,0.20999999999999996,7.590000000000001,7.590000000000001,-106.58,-97.83,-111.247,546,517,553,192,24,NA,164.8,11.37,0.72,NA,NA,NA,NA,NA,Byron,Pringle,WAS,WR,30,2
average,15765,WR,7.380000000000001,NA,0.1800000000000006,7.380000000000001,7.380000000000001,-106.79,-98.04,-111.45700000000001,549,520,555,193,24,NA,NA,NA,NA,NA,NA,NA,NA,NA,Kevin,Austin,JAC,WR,23,-2
average,15996,WR,7.2,NA,0.010000000000000675,7.2,7.2,-106.97,-98.22,-111.637,551,522,556,194,24,NA,NA,NA,NA,NA,NA,NA,NA,NA,Jalen,Virgil,DEN,WR,25,-2
average,16379,WR,7.1899999999999995,NA,0.48999999999999844,7.1899999999999995,7.1899999999999995,-106.98,-98.23,-111.647,552,523,557,195,25,355.67,135.33,9.43,0.6,NA,NA,NA,NA,NA,Bryce,Ford-Wheaton,NYG,WR,23,-3
average,9200,WR,6.700000000000001,NA,0.07000000000000117,6.700000000000001,6.700000000000001,-107.47,-98.72,-112.137,553,525,559,196,25,NA,215.5,6.5,0.36,NA,NA,NA,NA,NA,Matt,Slater,NEP,WR,38,12
average,16066,WR,6.63,NA,0.1200000000000001,6.63,6.63,-107.54,-98.79,-112.20700000000001,555,527,561,197,25,NA,NA,NA,NA,NA,NA,NA,NA,NA,Maurice,Alexander,DET,WR,26,-1
average,14862,WR,6.51,NA,0.03000000000000025,6.51,6.51,-107.66,-98.91,-112.327,556,528,562,198,25,NA,NA,NA,NA,NA,NA,NA,NA,NA,Joe,Reed,CHI,WR,25,0
average,14499,WR,6.4799999999999995,NA,0.10999999999999854,6.4799999999999995,6.4799999999999995,-107.69,-98.94,-112.357,557,529,563,199,25,NA,NA,NA,NA,NA,NA,NA,NA,NA,Trinity,Benson,DET,WR,26,1
average,13862,WR,6.370000000000001,NA,0.13000000000000078,6.370000000000001,6.370000000000001,-107.8,-99.05,-112.467,558,530,564,200,25,NA,177.75,3.9,0.09,NA,NA,NA,NA,NA,River,Cracraft,MIA,WR,29,3
average,14972,WR,6.24,NA,0.040000000000000036,6.24,6.24,-107.93,-99.18,-112.59700000000001,559,531,565,201,25,NA,NA,NA,NA,NA,NA,NA,NA,NA,Isaiah,Coulter,BUF,WR,25,0
average,14998,WR,6.2,NA,0.11000000000000032,6.2,6.2,-107.97,-99.22,-112.637,560,532,566,202,25,NA,200,4,0.09,NA,NA,NA,NA,NA,Dezmon,Patmon,BUF,WR,25,0
average,15529,WR,6.2,NA,0,6.2,6.2,-107.97,-99.22,-112.637,560,532,566,202,25,NA,NA,NA,NA,NA,NA,NA,NA,NA,Easop,Winston,SEA,WR,27,0
average,14131,WR,6.09,NA,0.07999999999999918,6.09,6.09,-108.08,-99.33,-112.747,561,533,568,203,25,NA,NA,NA,NA,NA,NA,NA,NA,NA,Stanley,Morgan,CIN,WR,26,1
average,15321,WR,6.010000000000001,NA,8.881784197001252e-16,6.010000000000001,6.010000000000001,-108.16,-99.41,-112.827,562,534,569,204,25,NA,NA,NA,NA,NA,NA,NA,NA,NA,Jaelon,Darden,CLE,WR,24,-1
average,15983,WR,6.01,NA,0.10999999999999943,6.01,6.01,-108.16,-99.41,-112.827,562,534,569,205,25,NA,208.5,2.5,0.02,NA,NA,NA,NA,NA,Dennis,Houston,DAL,WR,24,-2
average,14124,WR,5.9,NA,0.05000000000000071,5.9,5.9,-108.27,-99.52,-112.937,563,535,570,206,25,NA,NA,NA,NA,NA,NA,NA,NA,NA,KeeSean,Johnson,BUF,WR,27,1
average,15286,WR,5.9,NA,0,5.9,5.9,-108.27,-99.52,-112.937,563,535,570,206,25,NA,NA,NA,NA,NA,NA,NA,NA,NA,Seth,Williams,JAC,WR,23,-1
average,14121,WR,5.85,NA,0.03999999999999915,5.85,5.85,-108.32000000000001,-99.57000000000001,-112.98700000000001,564,536,571,207,25,NA,NA,NA,NA,NA,NA,NA,NA,NA,Andy,Isabella,BUF,WR,27,1
average,15425,WR,5.8100000000000005,NA,0.1200000000000001,5.8100000000000005,5.8100000000000005,-108.36,-99.61,-113.027,565,537,572,208,25,NA,118,5,0.17,NA,NA,NA,NA,NA,Jacob,Harris,JAC,WR,26,-1
average,14848,WR,5.69,NA,0.1299999999999999,5.69,5.69,-108.48,-99.73,-113.147,568,538,573,209,25,NA,175,1.41,0.01,NA,NA,NA,NA,NA,James,Proche,BAL,WR,27,0
average,15782,WR,5.5600000000000005,NA,0.05000000000000071,5.5600000000000005,5.5600000000000005,-108.61,-99.86,-113.277,569,541,574,210,25,371,148.78,10.59,0.67,NA,NA,NA,NA,NA,Danny,Gray,SFO,WR,24,-2
average,15987,WR,5.51,NA,0.08999999999999897,5.51,5.51,-108.66,-99.91,-113.327,570,542,575,211,25,NA,NA,NA,NA,NA,NA,NA,NA,NA,Brandon,Johnson,DEN,WR,25,-2
average,15780,WR,5.420000000000001,NA,0.20999999999999996,5.420000000000001,5.420000000000001,-108.75,-100,-113.417,571,544,576,212,25,NA,NA,NA,NA,NA,NA,NA,NA,NA,Erik,Ezukanma,MIA,WR,23,-2
average,15683,WR,5.210000000000001,NA,0.030000000000001137,5.210000000000001,5.210000000000001,-108.96000000000001,-100.21000000000001,-113.62700000000001,573,545,577,213,25,NA,NA,NA,NA,NA,NA,NA,NA,NA,C.J.,Saunders,CAR,WR,27,-1
average,15407,WR,5.18,NA,0.03999999999999915,5.18,5.18,-108.99000000000001,-100.24000000000001,-113.65700000000001,574,546,578,214,25,NA,197.5,5.5,0.25,NA,NA,NA,NA,NA,Dez,Fitzpatrick,PIT,WR,26,-1
average,15589,WR,5.140000000000001,NA,0.030000000000001137,5.140000000000001,5.140000000000001,-109.03,-100.28,-113.697,575,547,579,215,25,NA,NA,NA,NA,NA,NA,NA,NA,NA,Cody,White,PIT,WR,25,0
average,13895,WR,5.109999999999999,NA,0.02999999999999936,5.109999999999999,5.109999999999999,-109.06,-100.31,-113.727,576,548,580,216,25,NA,170.75,10.64,0.68,NA,NA,NA,NA,NA,Cam,Sims,LVR,WR,27,2
average,13412,WR,5.08,NA,0.02999999999999936,5.08,5.08,-109.09,-100.34,-113.757,577,549,581,217,25,NA,NA,NA,NA,NA,NA,NA,NA,NA,Keelan,Cole,LVR,WR,30,3
average,15535,WR,5.050000000000001,NA,0.03000000000000025,5.050000000000001,5.050000000000001,-109.12,-100.37,-113.787,578,550,582,218,25,NA,213,6,0.29,NA,NA,NA,NA,NA,Mason,Kinsey,TEN,WR,25,0
average,15792,WR,5.0200000000000005,NA,0.019999999999999574,5.0200000000000005,5.0200000000000005,-109.15,-100.4,-113.81700000000001,579,551,583,219,25,NA,206,3,0.04,NA,NA,NA,NA,NA,Michael,Woods,CLE,WR,23,-2
average,13316,WR,5.000000000000001,NA,0.020000000000000462,5.000000000000001,5.000000000000001,-109.17,-100.42,-113.837,580,552,584,220,25,NA,206.5,6.5,0.36,NA,NA,NA,NA,NA,Trent,Taylor,CIN,WR,29,3
average,15313,WR,4.98,NA,0.010000000000000675,4.98,4.98,-109.19,-100.44,-113.857,581,553,585,221,25,NA,NA,NA,NA,NA,NA,NA,NA,NA,Racey,McMath,TEN,WR,24,-1
average,15296,WR,4.97,NA,0.05999999999999961,4.97,4.97,-109.2,-100.45,-113.867,582,554,586,222,25,NA,173,19.06,0.92,NA,NA,NA,NA,NA,Anthony,Schwartz,CLE,WR,23,-1
average,13669,WR,4.91,NA,0.019999999999999574,4.91,4.91,-109.26,-100.51,-113.927,583,556,587,223,25,NA,208.5,3.5,0.05,NA,NA,NA,NA,NA,Malik,Turner,IND,WR,27,2
average,16005,WR,4.890000000000001,NA,0.11000000000000032,4.890000000000001,4.890000000000001,-109.28,-100.53,-113.947,584,557,588,224,25,NA,193,1.63,0.01,NA,NA,NA,NA,NA,Tim,Jones,JAC,WR,25,-1
average,16299,WR,4.78,NA,0.019999999999999574,4.78,4.78,-109.39,-100.64,-114.057,585,560,589,225,25,NA,149.67,31.01,0.99,NA,NA,NA,NA,NA,Derius,Davis,LAC,WR,23,-3
average,13884,WR,4.760000000000001,NA,8.881784197001252e-16,4.760000000000001,4.760000000000001,-109.41,-100.66,-114.077,586,561,590,226,25,NA,NA,NA,NA,NA,NA,NA,NA,NA,Vyncint,Smith,IND,WR,27,2
average,15478,WR,4.760000000000001,NA,0,4.760000000000001,4.760000000000001,-109.41,-100.66,-114.077,586,561,590,226,25,NA,189.33,2.49,0.01,NA,NA,NA,NA,NA,Mike,Strachan,IND,WR,26,-1
average,15304,WR,4.76,NA,0.0699999999999994,4.76,4.76,-109.41,-100.66,-114.077,586,561,590,227,25,NA,NA,NA,NA,NA,NA,NA,NA,NA,Frank,Darby,ATL,WR,26,-1
average,12257,WR,4.69,NA,0.010000000000000675,4.69,4.69,-109.48,-100.73,-114.147,587,562,591,228,25,NA,NA,NA,NA,NA,NA,NA,NA,NA,Chris,Conley,SFO,WR,31,5
average,15285,WR,4.68,NA,0.20999999999999908,4.68,4.68,-109.49000000000001,-100.74000000000001,-114.15700000000001,588,563,592,229,25,NA,162.25,20.08,0.93,NA,NA,NA,NA,NA,Tylan,Wallace,BAL,WR,24,-1
average,16141,WR,4.470000000000001,NA,0.39000000000000057,4.470000000000001,4.470000000000001,-109.7,-100.95,-114.367,590,565,593,230,25,NA,NA,NA,NA,NA,NA,NA,NA,NA,Josh,Ali,ATL,WR,24,2020
average,15467,WR,4.08,NA,0.009999999999999787,4.08,4.08,-110.09,-101.34,-114.757,592,567,594,231,25,NA,NA,NA,NA,NA,NA,NA,NA,NA,Jalen,Camp,HOU,WR,25,-1
average,13666,WR,4.07,NA,0.019999999999999574,4.07,4.07,-110.1,-101.35,-114.767,593,568,595,232,25,NA,NA,NA,NA,NA,NA,NA,NA,NA,Daurice,Fountain,CHI,WR,28,2
average,14549,WR,4.050000000000001,NA,0.5400000000000005,4.050000000000001,4.050000000000001,-110.12,-101.37,-114.787,594,569,596,233,25,NA,NA,NA,NA,NA,NA,NA,NA,NA,Nsimba,Webster,CHI,WR,27,1
average,14125,WR,3.5100000000000002,NA,0.020000000000000018,3.5100000000000002,3.5100000000000002,-110.66,-101.91,-115.327,596,573,598,234,25,NA,193.33,4.5,0.12,NA,NA,NA,NA,NA,Miles,Boykin,PIT,WR,27,1
average,13882,WR,3.49,NA,0.26000000000000023,3.49,3.49,-110.68,-101.93,-115.34700000000001,597,574,599,235,25,NA,NA,NA,NA,NA,NA,NA,NA,NA,Keith,Kirkwood,NOS,WR,30,2
average,16120,WR,3.23,NA,0.029999999999999805,3.23,3.23,-110.94,-102.19,-115.607,598,576,600,236,25,NA,NA,NA,NA,NA,NA,NA,NA,NA,Austin,Trammell,LAR,WR,25,-1
average,15497,WR,3.2,NA,0.08999999999999986,3.2,3.2,-110.97,-102.22,-115.637,599,577,601,237,25,NA,NA,NA,NA,NA,NA,NA,NA,NA,Kawaan,Baker,NOS,WR,25,-1
average,12913,WR,3.1100000000000003,NA,0.5899999999999999,3.1100000000000003,3.1100000000000003,-111.06,-102.31,-115.727,600,578,602,238,25,NA,NA,NA,NA,NA,NA,NA,NA,NA,Alex,Erickson,NYJ,WR,31,4
average,14850,WR,3.1100000000000003,NA,0,3.1100000000000003,3.1100000000000003,-111.06,-102.31,-115.727,600,578,602,238,25,320.5,143.67,23.7,0.97,NA,NA,NA,NA,NA,Quintez,Cephus,FA,WR,25,0
average,15326,WR,2.5200000000000005,NA,0.07000000000000028,2.5200000000000005,2.5200000000000005,-111.65,-102.9,-116.31700000000001,602,583,603,239,25,NA,186.75,4.26,0.11,NA,NA,NA,NA,NA,Dax,Milne,WAS,WR,24,-1
average,14101,WR,2.45,NA,0.11000000000000032,2.45,2.45,-111.72,-102.97,-116.387,603,584,604,240,25,NA,171.5,34.5,0.99,NA,NA,NA,NA,NA,N'Keal,Harry,MIN,WR,26,1
average,14110,WR,2.34,NA,0.03999999999999959,2.34,2.34,-111.83,-103.08,-116.497,604,585,605,241,25,NA,152.33,7.59,0.44,NA,NA,NA,NA,NA,David,Sills,NYG,WR,27,1
average,12197,WR,2.3000000000000003,NA,0.6900000000000002,2.3000000000000003,2.3000000000000003,-111.87,-103.12,-116.537,605,586,606,242,25,NA,187,5.72,0.27,NA,NA,NA,NA,NA,Breshad,Perriman,IND,WR,30,5
average,16423,WR,1.61,NA,1.4200000000000002,1.61,1.61,-112.56,-103.81,-117.227,606,593,607,243,25,NA,NA,NA,NA,NA,NA,NA,2.4480000000000004,NA,Jason,Brownlee,NYJ,WR,24,-3
average,15772,WR,0.19000000000000003,NA,0,0.19000000000000003,0.19000000000000003,-113.98,-105.23,-118.647,608,601,608,244,25,NA,197.33,13.89,0.82,NA,NA,NA,NA,NA,Britain,Covey,PHI,WR,26,-2
average,11244,TE,177.63333333333335,4.705670338361304,52.79333333333335,173.74,182.11,96.74333333333334,99.147,97.564,4,2,6,1,1,5.22,1,0,0.11,7.415,1.3932067326854258,-3.415,48.61066666666667,6.412555462181638,Travis,Kelce,KCC,TE,34,7
average,13671,TE,124.84,5.005876546619983,10.659999999999997,119.90200000000002,128.18200000000002,43.94999999999999,45.30900000000001,43.635999999999996,34,28,38,2,2,36.74,2.18,0.42,0.13,31.79,3.5337751296123328,2.210000000000001,25.234666666666666,4.307767042086759,Mark,Andrews,BAL,TE,28,2
average,14138,TE,114.18,5.263050446271626,1.4333333333333371,109.049,118.184,33.28999999999999,34.456,33.63799999999998,44,41,45,3,2,62.19,3.61,1.28,0.22,46.76833333333333,5.307618476198989,-2.768333333333331,19.653333333333336,2.922160540117916,T.J.,Hockenson,MIN,TE,26,1
average,13299,TE,112.74666666666667,11.413020342281586,4.99666666666667,101.884,122.179,31.856666666666655,27.290999999999997,37.63299999999998,46,51,43,4,3,69.72,4.52,0.96,0.6,49.92166666666667,6.06674381819074,-3.921666666666667,18.84466666666667,8.188329309992906,George,Kittle,SFO,TE,30,3
average,12263,TE,107.75,6.365335812036943,7.056666666666658,102.995,113.97500000000001,26.859999999999985,28.402,29.428999999999988,53,48,51,5,4,87.06,5.48,1.76,0.32,64.385,5.019982569690854,-11.385000000000005,12.646,7.1346267363238205,Darren,Waller,NYG,TE,31,5
average,15329,TE,100.69333333333334,2.99359872617111,3.4666666666666686,98.44300000000001,103.618,19.803333333333327,23.85000000000001,19.071999999999974,63,55,65,6,4,84.41,5.68,1.34,0.08,62.248333333333335,7.11099949999217,0.7516666666666652,11.33,4.621522115782491,Kyle,Pitts,ATL,TE,23,-1
average,13674,TE,97.22666666666667,11.017537534918285,9.00333333333333,86.768,106.388,16.33666666666666,12.174999999999997,21.841999999999985,65,72,61,7,5,90.73,6.09,1.16,0.59,62.40833333333333,6.453250903399169,2.5916666666666686,15.271333333333333,8.087449755983377,Dallas,Goedert,PHI,TE,28,2
average,13192,TE,88.22333333333334,6.767468753775909,0.7600000000000051,83.37300000000002,94.87500000000001,7.333333333333329,8.780000000000015,10.328999999999994,76,80,75,8,5,119.73,9.73,1.5,0.34,94.72833333333332,12.30255856406391,-18.728333333333325,5.442000000000001,3.422834303127552,David,Njoku,CLE,TE,27,3
average,13189,TE,87.46333333333334,1.1081666541334607,0.14000000000000057,86.39099999999999,88.33500000000001,6.5733333333333235,11.797999999999988,3.7889999999999873,77,73,85,9,5,118.13,9.71,1.75,0.04,86.06666666666666,10.773542695985485,-9.066666666666663,8.867333333333335,4.8415122522708645,Evan,Engram,JAC,TE,29,3
average,15331,TE,87.32333333333334,1.5157946210926256,5.213333333333338,86.137,88.792,6.433333333333323,11.543999999999997,4.245999999999981,78,74,82,10,6,112.12,9.12,1.81,0.05,95.785,14.23564862121381,-17.784999999999997,4.922000000000001,2.005840139858276,Pat,Freiermuth,PIT,TE,25,-1
average,15797,TE,82.11,7.896347256801722,0.8399999999999892,74.593,88.63300000000001,1.2199999999999847,0,4.086999999999989,90,96,84,11,7,133.92,12.24,2.56,0.48,130.40333333333334,12.127658013354802,-40.403333333333336,3.288666666666667,2.2639236343618623,Greg,Dulcich,DEN,TE,23,-2
average,13772,TE,81.27000000000001,4.11530071805209,0.37999999999999545,77.301,84.54600000000002,0.37999999999999545,2.7079999999999984,0,94,89,96,12,7,138.02,13.26,2.49,0.2,122.62166666666667,4.866738869327406,-28.62166666666667,3.8273333333333337,2.6831326633040136,Dalton,Schultz,HOU,TE,27,2
average,15889,TE,80.89000000000001,3.4802729777993027,3.1366666666666845,77.45700000000001,83.21700000000001,0,2.8640000000000043,-1.3290000000000077,96,87,104,13,7,139.41,13.23,2.78,0.16,134.98833333333334,8.37658724594264,-38.988333333333344,3.278666666666667,2.2080104669639193,Chigoziem,Okonkwo,TEN,TE,24,-2
average,14867,TE,77.75333333333333,9.034325283790329,0.04999999999999716,68.84400000000001,83.865,-3.1366666666666845,-5.748999999999995,-0.6810000000000258,105,114,99,14,7,148.99,15.35,3.44,0.58,128.635,11.470727599706425,-23.63499999999999,4.708666666666668,4.388207328232745,Cole,Kmet,CHI,TE,24,0
average,16213,TE,77.70333333333333,10.736341710905686,0.06333333333333258,71.421,88.25099999999999,-3.1866666666666816,-3.171999999999997,3.70499999999997,106,103,87,15,7,165.29,16.91,4.57,0.72,116.95666666666666,28.92340613105971,-10.956666666666663,11.260666666666667,12.814301420244842,Dalton,Kincaid,BUF,TE,24,-3
average,12678,TE,77.64,4.343305193052859,1.923333333333332,74.47700000000002,81.902,-3.250000000000014,-0.11599999999998545,-2.6440000000000197,107,97,109,16,8,158.85,16.74,2.94,0.23,145.34166666666667,8.082815962824402,-38.34166666666667,3.736666666666667,3.157006317524387,Tyler,Higbee,LAR,TE,30,4
average,14861,TE,75.71666666666667,7.286002561990577,2.4099999999999966,70.555,82.885,-5.173333333333346,-4.037999999999997,-1.6610000000000156,113,105,105,17,8,182.76,19.85,4.66,0.53,137.308,25.933499108296203,-24.307999999999993,3.6826666666666674,3.5423552742333593,Juwan,Johnson,NOS,TE,27,0
average,13236,TE,73.30666666666667,0.46704746368366107,3.1099999999999994,72.86,73.688,-7.583333333333343,-1.733000000000004,-10.858000000000018,121,100,129,18,9,163.38,17.77,3,0.05,152.51333333333332,21.564631279533216,-31.51333333333332,3.4920000000000004,3.0361150614999213,Gerald,Everett,LAC,TE,29,3
average,13424,TE,70.19666666666667,10.453450785904783,3.700000000000003,62.11,80.353,-10.693333333333342,-12.483000000000004,-4.193000000000026,131,138,112,19,10,171.37,18.52,6.32,0.78,148.11333333333334,28.949992899634516,-17.113333333333344,2.7006666666666668,1.625152574033863,Taysom,Hill,NOS,TE,33,3
average,16214,TE,66.49666666666667,2.568469064118424,0.4766666666666737,64.091,68.69,-14.393333333333345,-10.50200000000001,-15.856000000000023,143,132,143,20,10,207.34,22.08,6.8,0.35,131.612,31.215966043036374,11.388000000000005,6.598000000000001,6.749224745603504,Sam,LaPorta,DET,TE,22,-3
average,14141,TE,66.02,NA,2.999999999999993,66.02,66.02,-14.870000000000019,-8.573000000000008,-18.526000000000025,146,122,157,21,11,212.98,22.7,4.4,0.24,159.6475,19.758883287018023,-13.647500000000008,3.392666666666667,2.8982571007800924,Irv,Smith Jr.,CIN,TE,25,1
average,15840,TE,63.02,7.907287777740228,0.8000000000000043,57.385999999999996,70.796,-17.87000000000001,-17.207000000000008,-13.750000000000014,152,155,136,22,11,253.24,28.28,4.33,0.56,171.43,NA,-19.430000000000007,2.3760000000000003,NA,Jelani,Woods,IND,TE,25,-2
average,14137,TE,62.22,3.649753416328284,0.5999999999999943,58.786,65.31099999999999,-18.670000000000016,-15.807000000000002,-19.235000000000028,153,151,163,23,11,249.19,27.34,3.06,0.21,167.675,7.9750000000000085,-14.675000000000011,3.704,2.704,Noah,Fant,SEA,TE,26,1
average,14143,TE,61.620000000000005,2.8173036755025227,0.06333333333333968,59.226,64.266,-19.27000000000001,-15.367000000000004,-20.280000000000015,156,150,168,24,11,206.84,22.4,4.83,0.24,141.09199999999998,16.850167239526137,14.908000000000015,2.734,2.3609190300954133,Dawson,Knox,BUF,TE,27,1
average,13675,TE,61.556666666666665,4.78044279678497,0.9899999999999949,57.113,65.69,-19.33333333333335,-17.480000000000004,-18.856000000000023,157,157,158,25,11,280.92,32.02,4.71,0.41,173.29,37.17315429177352,-16.289999999999992,2.0593333333333335,1.462910645102959,Tyler,Conklin,NYJ,TE,28,2
average,12676,TE,60.56666666666667,6.351049781991427,1.8700000000000045,54.80500000000001,66.235,-20.323333333333345,-19.787999999999997,-18.31100000000002,160,161,154,26,11,224.79,23.86,4.91,0.5,173.19,16.747113184068468,-13.189999999999998,2.144,1.1440000000000003,Hunter,Henry,NEP,TE,29,4
average,15802,TE,58.696666666666665,2.990323282411675,1.0599999999999952,56.591,61.64,-22.19333333333335,-18.002000000000002,-22.90600000000002,164,159,180,27,12,287.16,32.86,3.49,0.17,171.32,NA,-7.319999999999993,1.5899999999999999,0.45000000000000007,Cade,Otton,TBB,TE,24,-2
average,13680,TE,57.63666666666667,3.4339530185099147,0.509999999999998,54.265,60.12400000000001,-23.253333333333345,-20.328000000000003,-24.42200000000001,171,163,183,28,12,237.84,25.32,4.4,0.26,166.17666666666665,28.881362310128118,4.823333333333352,3.1173333333333337,2.854108305972677,Hayden,Hurst,CAR,TE,30,2
average,13672,TE,57.12666666666667,10.832065053965161,0.796666666666674,48.93300000000001,67.69800000000001,-23.763333333333343,-25.659999999999997,-16.848000000000013,174,179,147,29,12,205.4,22.66,4.48,0.73,156.76,17.438111136244085,17.24000000000001,2.382666666666667,1.747550921210087,Mike,Gesicki,NEP,TE,28,2
average,11647,TE,56.33,7.292921225407552,0.6633333333333269,52.024,63.498999999999995,-24.560000000000016,-22.569000000000003,-21.047000000000025,177,170,176,30,12,292.34,33.84,5.46,0.58,218.82,NA,-41.81999999999999,1.484,0.4840000000000001,Logan,Thomas,WAS,TE,32,6
average,11247,TE,55.66666666666667,10.557146078999446,0.8200000000000074,46.660000000000004,65.56000000000002,-25.223333333333343,-27.933,-18.986000000000004,180,185,160,31,12,268.75,30.92,5.84,0.75,173.17000000000002,17.847904638920504,6.829999999999984,3.317,1.987,Zach,Ertz,ARI,TE,33,7
average,15794,TE,54.846666666666664,4.641824353994166,0.44666666666666544,51.986,59.42,-26.04333333333335,-22.607000000000006,-25.12600000000002,182,172,186,32,12,232.72,25.03,3.34,0.28,173.62666666666667,28.991448547612947,8.373333333333335,1.7720000000000002,0.7720000000000002,Trey,McBride,ARI,TE,24,-2
average,16212,TE,54.4,1.9287301521985916,7.083333333333329,53.06,56.300000000000004,-26.490000000000016,-21.533,-28.246000000000016,184,167,196,33,13,256.62,28.33,4.49,0.15,126.21333333333334,46.239481927124665,57.78666666666666,9.721000000000002,8.351000000000003,Michael,Mayer,LVR,TE,22,-3
average,15799,TE,47.31666666666667,6.298081718534094,1.0133333333333354,41.115,51.150000000000006,-33.573333333333345,-33.478,-33.396000000000015,200,204,208,34,13,271.81,30.77,6.56,0.57,182.495,22.825000000000003,17.504999999999995,2.5410000000000004,1.3710000000000002,Jake,Ferguson,DAL,TE,24,-2
average,12677,TE,46.303333333333335,7.418762250762143,0.5566666666666649,41.299,53.620000000000005,-34.58666666666668,-33.294000000000004,-30.926000000000016,202,203,203,35,13,315.7,37.86,4.5,0.53,NA,NA,NA,3.1440000000000006,NA,Austin,Hooper,LVR,TE,29,4
average,16215,TE,45.74666666666667,5.838367351694595,3.5116666666666703,41.373999999999995,51.45400000000001,-35.143333333333345,-33.21900000000001,-33.09200000000001,204,202,207,36,14,279.95,31.22,4.77,0.47,143.675,66.595,60.32499999999999,6.509,5.299000000000001,Luke,Musgrave,GBP,TE,23,-3
average,13427,TE,42.235,12.254160517962866,0.5649999999999977,34.4365,50.0335,-38.655000000000015,-40.1565,-34.512500000000024,210,216,211,37,14,333.2,40.76,5.45,0.82,NA,NA,NA,1.4880000000000002,NA,Robert,Tonyan,CHI,TE,29,3
average,15798,TE,41.67,5.223571575081556,5.073333333333338,36.52100000000001,45.251000000000005,-39.22000000000001,-38.071999999999996,-39.295000000000016,212,212,222,38,15,271.75,30.57,3.55,0.35,197.335,18.655,14.664999999999992,2.108,0.7480000000000001,Isaiah,Likely,BAL,TE,23,-2
average,15626,TE,36.596666666666664,18.257574683767096,1.0266666666666637,23.489000000000004,54.538999999999994,-44.29333333333335,-51.104,-30.007000000000026,221,241,201,39,15,370.75,59.67,11.33,0.98,NA,NA,NA,NA,NA,Brock,Wright,DET,TE,25,-1
average,14239,TE,35.57,10.052944842184306,1.25,27.919,45.37,-45.320000000000014,-46.67400000000001,-39.17600000000002,224,231,221,40,16,337.52,42.18,4.72,0.7,NA,NA,NA,0.7200000000000001,NA,Foster,Moreau,NOS,TE,26,1
average,13193,TE,34.32,5.223140817554128,0.12333333333333485,29.174,37.940000000000005,-46.570000000000014,-45.419000000000004,-46.606000000000016,230,226,243,41,16,338.33,42.06,4.32,0.42,NA,NA,NA,NA,NA,Jonnu,Smith,ATL,TE,28,3
average,15337,TE,34.196666666666665,5.655708031125131,0.22666666666666657,29.071,39.24999999999999,-46.69333333333335,-45.522000000000006,-45.29600000000003,231,227,240,42,16,354.49,45.81,4.72,0.46,NA,NA,NA,1.9680000000000002,NA,Noah,Gray,KCC,TE,24,-1
average,14341,TE,33.97,6.886123728194262,1.6599999999999966,29.601,40.761,-46.920000000000016,-44.992000000000004,-43.78500000000002,232,224,235,43,16,352.09,45,5.52,0.55,NA,NA,NA,NA,NA,Donald,Parham,LAC,TE,26,1
average,16221,TE,32.31,3.1604271863151654,0.6499999999999986,30.180000000000003,35.427,-48.58000000000001,-44.413,-49.11900000000002,238,222,255,44,16,334.51,40.38,4.11,0.23,70.63,NA,167.37,3.6240000000000006,NA,Luke,Schoonmaker,DAL,TE,25,-3
average,15332,TE,31.660000000000004,9.21646895508253,0.5266666666666708,24.532,40.615,-49.23000000000001,-50.06100000000001,-43.93100000000002,240,238,236,45,16,364.67,61.62,6.4,0.72,NA,NA,NA,NA,NA,Tommy,Tremble,CAR,TE,23,-1
average,12317,TE,31.133333333333333,11.905600922815001,1.1199999999999974,21.639999999999997,42.61000000000001,-49.75666666666668,-52.953,-41.936000000000014,241,249,228,46,16,364.77,53,12.22,0.92,NA,NA,NA,2.1840000000000006,NA,C.J.,Uzomah,NYJ,TE,30,5
average,14209,TE,30.013333333333335,13.00863303092732,0.523333333333337,21.816000000000003,42.839999999999996,-50.87666666666668,-52.777,-41.706000000000024,243,248,227,47,17,360.57,57.1,9.22,0.91,NA,NA,NA,NA,NA,Josh,Oliver,MIN,TE,26,1
average,13763,TE,29.49,5.764486100252127,0.14999999999999503,24.867,35.03699999999999,-51.40000000000002,-49.726,-49.50900000000003,247,236,257,48,17,353.26,47.15,6.87,0.54,NA,NA,NA,0.7200000000000001,NA,Will,Dissly,SEA,TE,27,2
average,15905,TE,29.340000000000003,9.949412042929978,0.875,19.637999999999998,36.900000000000006,-51.55000000000001,-54.955000000000005,-47.646000000000015,248,262,249,49,17,NA,81.4,5.31,0.71,NA,NA,NA,NA,NA,Teagan,Quitoriano,HOU,TE,23,-2
average,15419,TE,28.465000000000003,3.4436100243784846,0.038333333333333997,26.273500000000006,30.6565,-52.42500000000001,-48.3195,-53.88950000000002,250,232,271,50,17,376.25,55.71,4.9,0.28,NA,NA,NA,NA,NA,Kylen,Granson,IND,TE,25,-1
average,16222,TE,28.42666666666667,6.676536028011332,1.1466666666666683,21.842000000000002,32.93,-52.463333333333345,-52.751000000000005,-51.61600000000002,251,247,265,51,17,344.5,44.22,5.35,0.52,75.77,NA,175.23000000000002,3.2400000000000007,NA,Tucker,Kraft,GBP,TE,23,-3
average,13676,TE,27.28,2.690947788419536,0.9866666666666681,25.084000000000003,29.854,-53.610000000000014,-49.509,-54.69200000000002,254,235,275,52,17,337.21,48.81,10.89,0.56,NA,NA,NA,0.8160000000000002,NA,Durham,Smythe,MIA,TE,28,2
average,14875,TE,26.293333333333333,2.7159037783642703,0.20833333333333215,23.782000000000004,28.659999999999997,-54.59666666666668,-50.811,-55.886000000000024,257,240,280,53,17,367.3,52.7,5.97,0.3,NA,NA,NA,NA,NA,Harrison,Bryant,CLE,TE,25,0
average,14876,TE,26.085,0.12020815280171429,0.37166666666666615,26.0085,26.1615,-54.805000000000014,-48.584500000000006,-58.38450000000002,259,233,292,54,17,355,67.88,7.2,0.19,NA,NA,NA,NA,NA,Josiah,Deguara,GBP,TE,26,0
average,16269,TE,25.713333333333335,5.803320888364984,0.11333333333333684,20.414,30.854,-55.17666666666668,-54.179,-53.69200000000002,260,256,269,55,17,355.33,61.5,8.71,0.64,86.58,NA,173.42000000000002,2.6400000000000006,NA,Brenton,Strange,JAC,TE,23,-3
average,9925,TE,25.599999999999998,NA,0.8199999999999967,25.599999999999998,25.599999999999998,-55.29000000000002,-48.99300000000001,-58.946000000000026,261,234,295,56,18,363.67,61.5,20.27,0.98,NA,NA,NA,NA,NA,Jimmy,Graham,NOS,TE,37,10
average,13246,TE,24.78,3.326815293941039,0.245000000000001,21.551000000000002,27.365000000000002,-56.110000000000014,-53.042,-57.18100000000002,263,250,284,57,18,362.33,51.73,5.36,0.31,NA,NA,NA,NA,NA,Mo,Alie-Cox,IND,TE,30,3
average,13753,TE,24.535,6.1306157928873635,0.7600000000000016,20.6335,28.4365,-56.35500000000002,-53.959500000000006,-56.109500000000025,266,254,281,58,18,352.13,53.92,6.08,0.53,NA,NA,NA,NA,NA,Jordan,Akins,CLE,TE,31,2
average,13678,TE,23.775,6.399316369738256,0.3549999999999969,19.7025,27.8475,-57.115000000000016,-54.8905,-56.698500000000024,270,261,282,59,18,NA,72.4,4.8,0.5,NA,NA,NA,NA,NA,Ian,Thomas,CAR,TE,27,2
average,14871,TE,23.42,2.0930360723121813,0.18999999999999773,22.088,24.752000000000002,-57.47000000000001,-52.505,-59.79400000000002,271,245,301,60,18,372.6,57.55,8.23,0.42,NA,NA,NA,NA,NA,Colby,Parkinson,SEA,TE,24,0
average,15330,TE,23.230000000000004,NA,0.8750000000000036,23.230000000000004,23.230000000000004,-57.66000000000001,-51.363,-61.31600000000002,272,242,309,61,18,361.87,51.73,9.79,0.78,NA,NA,NA,NA,NA,Brevin,Jordan,HOU,TE,23,-1
average,14870,TE,22.355,4.306280297426077,0.36499999999999844,19.614499999999996,25.095500000000005,-58.53500000000001,-54.97850000000001,-59.45050000000002,278,263,298,62,18,352.62,47.28,5.98,0.45,NA,NA,NA,NA,NA,Adam,Trautman,DEN,TE,26,0
average,16216,TE,21.990000000000002,1.5414927829866758,0.26000000000000156,21.009,22.971000000000007,-58.90000000000001,-53.584,-61.57500000000002,280,252,310,63,18,348.42,45.19,5.3,0.18,72.24,NA,207.76,6.144000000000001,NA,Darnell,Washington,PIT,TE,22,-3
average,16333,TE,21.73,2.3617366491630714,0.18499999999999872,20.227,23.233,-59.16000000000001,-54.366,-61.31300000000002,282,259,308,64,18,358.2,62.2,10.07,0.51,NA,NA,NA,1.4160000000000001,NA,Elijah,Higgins,MIA,TE,23,-3
average,15026,TE,21.545,7.855956338982544,0.18500000000000227,16.5455,26.544500000000003,-59.34500000000001,-58.0475,-58.00150000000002,284,276,291,65,18,NA,111,1,0.41,NA,NA,NA,NA,NA,Stephen,Sullivan,CAR,TE,27,0
average,13880,TE,21.36,0.7636753236814702,0.00999999999999801,20.874000000000002,21.845999999999997,-59.530000000000015,-53.719,-62.700000000000024,285,253,317,66,18,371.33,67.89,15.23,0.67,NA,NA,NA,NA,NA,Dan,Arnold,PHI,TE,28,3
average,14868,TE,21.35,1.2020815280171302,0.15500000000000114,20.584999999999997,22.115000000000002,-59.54000000000001,-54.00800000000001,-62.43100000000002,286,255,314,67,18,NA,80,5.25,0.14,NA,NA,NA,NA,NA,Brycen,Hopkins,LAR,TE,26,0
average,15344,TE,21.35,4.45477272147525,0,18.515,24.185,-59.54000000000001,-56.078,-60.36100000000002,286,264,304,67,18,359,68.43,9.16,0.58,NA,NA,NA,NA,NA,John,Bates,WAS,TE,26,-1
average,16219,TE,21.195,12.169307704220481,0.019999999999999574,13.450500000000003,28.9395,-59.695000000000014,-61.1425,-55.606500000000025,287,297,279,68,18,NA,109.33,4.11,0.77,NA,NA,NA,NA,NA,Davis,Allen,LAR,TE,22,-3
average,16000,TE,21.175,1.7324116139070385,0.060000000000002274,20.0725,22.2775,-59.71500000000002,-54.5205,-62.26850000000002,288,260,313,69,18,366.8,54.93,4.53,0.14,NA,NA,NA,1.1520000000000001,NA,Peyton,Hendershot,DAL,TE,24,-2
average,15070,TE,21.115,9.312596308226832,0.7716666666666647,15.1885,27.0415,-59.77500000000002,-59.404500000000006,-57.50450000000002,289,286,286,70,18,NA,81.6,13.23,0.9,NA,NA,NA,NA,NA,Jody,Fortson,KCC,TE,28,1
average,13315,TE,20.343333333333334,6.4026270649892885,0.4783333333333317,16.157,26.66,-60.54666666666668,-58.43600000000001,-57.886000000000024,291,279,290,71,19,NA,86.8,13.64,0.85,NA,NA,NA,NA,NA,Eric,Saubert,MIA,TE,29,3
average,15334,TE,19.865000000000002,10.938941904955891,0.015000000000000568,12.9035,26.8265,-61.02500000000001,-61.6895,-57.719500000000025,292,302,288,72,19,NA,63.33,9.87,0.88,NA,NA,NA,NA,NA,Hunter,Long,LAR,TE,25,-1
average,15541,TE,19.85,9.687362902255702,0.15500000000000114,13.685000000000002,26.015000000000004,-61.04000000000001,-60.908,-58.53100000000002,293,295,293,73,19,NA,81.5,9.86,0.85,NA,NA,NA,NA,NA,Jack,Stoll,PHI,TE,25,-1
average,12213,TE,19.695,6.7952961672027214,0.23499999999999943,15.370500000000002,24.0195,-61.195000000000014,-59.222500000000004,-60.52650000000002,294,285,305,74,19,NA,NA,NA,0.7,NA,NA,NA,NA,NA,Blake,Bell,KCC,TE,32,5
average,13988,TE,19.46,11.653119753954304,0.14999999999999858,12.044000000000002,26.876,-61.430000000000014,-62.549,-57.670000000000016,296,308,287,75,19,NA,78.75,4.02,0.74,NA,NA,NA,NA,NA,Ross,Dwelley,SFO,TE,28,2
average,14873,TE,19.310000000000002,4.256782822743015,0.4750000000000014,16.601,22.019000000000002,-61.58000000000001,-57.992000000000004,-62.527000000000015,297,275,316,76,19,327.27,42.71,8.71,0.54,NA,NA,NA,0.43200000000000005,NA,Albert,Okwuegbunam,DEN,TE,25,0
average,15795,TE,18.835,4.009295449327726,0.021666666666668277,16.2835,21.3865,-62.055000000000014,-58.3095,-63.15950000000002,299,277,319,77,19,NA,82.29,11.62,0.68,NA,NA,NA,NA,NA,Charlie,Kolar,BAL,TE,24,-2
average,15873,TE,18.813333333333333,4.057897649440328,0.5499999999999972,15.634,22.744,-62.07666666666668,-58.959,-61.80200000000002,300,282,311,78,19,313.77,38.05,4.36,0.3,NA,NA,NA,1.3920000000000001,NA,Daniel,Bellinger,NYG,TE,23,-2
average,15929,TE,18.263333333333335,6.845877104749495,0.0400000000000027,13.271,24.98,-62.62666666666668,-61.322,-59.56600000000002,301,299,299,79,19,NA,85.6,22.81,0.95,NA,NA,NA,NA,NA,Ko,Kieft,TBB,TE,25,-2
average,15800,TE,18.223333333333333,4.3946141279221935,0.8633333333333333,14.813,22.490000000000002,-62.666666666666686,-59.78,-62.05600000000002,302,289,312,80,19,NA,88.4,10.67,0.66,NA,NA,NA,NA,NA,Connor,Heyward,PIT,TE,24,-2
average,16218,TE,17.36,4.723473298326137,0.00999999999999801,14.354,20.366,-63.530000000000015,-60.239000000000004,-64.18000000000002,304,294,323,81,19,NA,92,7.18,0.51,NA,NA,NA,NA,NA,Payne,Durham,TBB,TE,23,-3
average,15041,TE,17.35,2.899137802864843,0.45000000000000284,15.505,19.194999999999997,-63.54000000000001,-59.088,-65.35100000000003,305,283,327,82,19,NA,NA,NA,0.21,NA,NA,NA,NA,NA,Lawrence,Cager,NYG,TE,26,0
average,15534,TE,16.9,0,0.03500000000000014,16.9,16.9,-63.990000000000016,-57.693000000000005,-67.646000000000015,308,271,335,83,19,NA,NA,NA,0.01,NA,NA,NA,NA,NA,Miller,Forristall,CLE,TE,25,-1
average,12212,TE,16.865,7.544829355260462,0.14499999999999602,12.0635,21.6665,-64.02500000000002,-62.529500000000006,-62.87950000000002,309,307,318,84,19,351,NA,NA,0.77,NA,NA,NA,NA,NA,Tyler,Kroft,MIA,TE,31,5
average,15909,TE,16.720000000000002,2.80014285349873,0.0400000000000027,14.938,18.502000000000002,-64.17000000000002,-59.655,-66.04400000000001,310,287,328,85,19,349,63.63,6.52,0.36,NA,NA,NA,NA,NA,James,Mitchell,DET,TE,24,-2
average,12378,TE,16.68,NA,0.134999999999998,16.68,16.68,-64.21000000000001,-57.913000000000004,-67.86600000000001,311,274,338,86,19,NA,100,2.16,0.05,NA,NA,NA,NA,NA,Geoff,Swaim,ARI,TE,30,5
average,16217,TE,16.545,0.5020458146424469,0.09500000000000242,16.2255,16.864499999999996,-64.34500000000001,-58.36750000000001,-67.68150000000003,312,278,336,87,19,NA,95,9.75,0.39,NA,NA,NA,2.9760000000000004,NA,Cameron,Latu,SFO,TE,23,-3
average,15333,TE,16.45,0.7778174593052021,0.10999999999999943,15.955000000000002,16.945,-64.44000000000001,-58.638000000000005,-67.60100000000003,313,280,334,88,19,NA,71.33,3.9,0.07,NA,NA,NA,NA,NA,Tre',McKitty,LAC,TE,24,-1
average,8269,TE,16.34,5.883128419472076,0.46999999999999886,12.596,20.084,-64.55000000000001,-61.997,-64.46200000000002,314,304,325,89,19,NA,97.33,13.77,0.83,NA,NA,NA,NA,NA,Marcedes,Lewis,CHI,TE,39,14
average,16249,TE,15.870000000000001,3.4365389565666207,0.28500000000000014,13.683000000000002,18.057000000000002,-65.02000000000001,-60.910000000000004,-66.48900000000002,315,296,331,90,19,375,65.63,13.35,0.72,NA,NA,NA,1.5360000000000003,NA,Zack,Kuntz,NYJ,TE,24,-3
average,15796,TE,15.585,3.556747109368335,0.5199999999999996,13.3215,17.8485,-65.305,-61.2715,-66.69750000000002,316,298,332,91,20,355.29,59.07,14.01,0.74,NA,NA,NA,NA,NA,Jeremy,Ruckert,NYJ,TE,23,-2
average,16312,TE,15.065000000000001,0.7566042558696073,0.26500000000000057,14.583499999999999,15.546500000000002,-65.82500000000002,-60.0095,-68.99950000000001,319,292,346,92,20,NA,89.2,8.98,0.35,NA,NA,NA,NA,NA,Josh,Whyle,TEN,TE,24,-3
average,15916,TE,14.8,0,0.3000000000000007,14.8,14.8,-66.09000000000002,-59.793000000000006,-69.74600000000002,321,290,353,93,20,NA,NA,NA,0.01,NA,NA,NA,NA,NA,Andrew,Ogletree,IND,TE,25,-2
average,16113,TE,14.5,3.5355339059327378,0.3200000000000003,12.25,16.75,-66.39000000000001,-62.343,-67.79600000000002,323,305,337,94,20,NA,NA,NA,0.29,NA,NA,NA,NA,NA,Stone,Smartt,LAC,TE,25,-2
average,14240,TE,14.18,3.1395541084682708,0.030000000000001137,12.181999999999999,16.177999999999997,-66.71000000000001,-62.411,-68.36800000000002,324,306,343,95,20,NA,92.25,8.2,0.47,NA,NA,NA,NA,NA,Zach,Gentry,PIT,TE,27,1
average,16367,TE,14.149999999999999,3.8890872965260113,0.3299999999999983,11.674999999999999,16.624999999999996,-66.74000000000001,-62.918000000000006,-67.92100000000002,325,311,340,96,20,NA,NA,NA,0.36,NA,NA,NA,NA,NA,Brayden,Willis,SFO,TE,24,-3
average,15335,TE,13.82,6.052834046956847,0.10500000000000043,9.968000000000002,17.672,-67.07000000000002,-64.625,-66.87400000000002,328,323,333,97,20,NA,99.4,15.08,0.86,NA,NA,NA,NA,NA,Luke,Farrell,JAC,TE,26,-1
average,14146,TE,13.715,4.080006127446381,0.1750000000000007,11.1185,16.311500000000002,-67.17500000000001,-63.474500000000006,-68.23450000000003,329,317,342,98,20,NA,79.4,10.98,0.66,NA,NA,NA,NA,NA,Drew,Sample,CIN,TE,27,1
average,15103,TE,13.54,4.893178925810909,0.129999999999999,10.426,16.654,-67.35000000000002,-64.167,-67.89200000000002,330,322,339,99,20,NA,137,9.22,0.62,NA,NA,NA,NA,NA,Reggie,Gilliam,BUF,RB,26,0
average,14752,TE,13.41,3.804234482783626,0.4250000000000007,10.989,15.831,-67.48000000000002,-63.604,-68.71500000000002,331,320,344,100,20,NA,78.6,14.32,0.77,NA,NA,NA,NA,NA,Jesper,Horsted,LVR,TE,26,1
average,14231,TE,12.985,11.193500346183045,0.0799999999999983,5.861500000000001,20.108499999999996,-67.90500000000002,-68.7315,-64.43750000000003,332,347,324,101,20,NA,96.67,19.01,0.97,NA,NA,NA,NA,NA,Trevon,Wesco,TEN,TE,28,1
average,16220,TE,12.905000000000001,2.679934700697016,0.28000000000000114,11.199499999999999,14.610500000000002,-67.98500000000001,-63.3935,-69.93550000000002,333,316,354,102,20,NA,84.6,7.74,0.43,NA,NA,NA,NA,NA,Will,Mallory,IND,TE,24,-3
average,16406,TE,12.625,4.348706704297268,0.29499999999999993,9.8575,15.392500000000002,-68.26500000000001,-64.7355,-69.15350000000002,335,325,348,103,20,NA,NA,NA,0.44,NA,NA,NA,NA,NA,Curtis,Hodges,WAS,TE,24,-2
average,12955,TE,12.33,4.341635636485402,0.24499999999999922,9.567,15.093,-68.56000000000002,-65.02600000000001,-69.45300000000002,339,327,351,104,20,NA,84.4,5.39,0.42,NA,NA,NA,NA,NA,Chris,Manhertz,DEN,TE,31,4
average,14936,TE,12.085,5.395224740453357,0.40500000000000114,8.6515,15.518500000000001,-68.805,-65.9415,-69.02750000000002,340,334,347,105,20,NA,95,13.36,0.81,NA,NA,NA,NA,NA,Devin,Asiasi,CIN,TE,26,0
average,15803,TE,11.68,NA,0.6199999999999992,11.68,11.68,-69.21000000000001,-62.913000000000004,-72.86600000000001,341,310,359,106,20,330.1,51.21,11.85,0.87,NA,NA,NA,NA,NA,Cole,Turner,WAS,TE,23,-2
average,14370,TE,11.06,NA,0.46000000000000085,11.06,11.06,-69.83000000000001,-63.533,-73.48600000000002,342,318,362,107,21,NA,98.5,9.71,0.76,NA,NA,NA,NA,NA,Tanner,Hudson,CIN,TE,29,2
average,14357,TE,10.6,NA,0.6699999999999999,10.6,10.6,-70.29000000000002,-63.993,-73.94600000000003,345,321,363,108,21,NA,87,16.17,0.96,NA,NA,NA,NA,NA,Kendall,Blanton,KCC,TE,28,1
average,15341,TE,9.93,NA,0.5599999999999987,9.93,9.93,-70.96000000000001,-64.66300000000001,-74.61600000000001,346,324,364,109,21,NA,83.2,12.42,0.89,NA,NA,NA,NA,NA,Quintin,Morris,BUF,TE,24,-1
average,13940,TE,9.370000000000001,NA,0.11000000000000121,9.370000000000001,9.370000000000001,-71.52000000000001,-65.223,-75.17600000000002,349,328,366,110,21,NA,82.5,5.12,0.34,NA,NA,NA,NA,NA,Johnny,Mundt,MIN,TE,29,3
average,15990,TE,9.26,NA,0.17999999999999972,9.26,9.26,-71.63000000000001,-65.333,-75.28600000000002,350,329,368,111,21,NA,102,12.73,0.9,NA,NA,NA,NA,NA,Armani,Rogers,WAS,TE,26,-2
average,15054,TE,9.08,NA,0.08999999999999808,9.08,9.08,-71.81000000000002,-65.513,-75.46600000000002,352,330,369,112,21,NA,82,9.87,0.79,NA,NA,NA,NA,NA,Giovanni,Ricci,CAR,TE,27,0
average,14319,TE,8.990000000000002,NA,0.1700000000000017,8.990000000000002,8.990000000000002,-71.9,-65.60300000000001,-75.55600000000001,353,331,370,113,21,NA,95.67,3.4,0.13,NA,NA,NA,NA,NA,Andrew,Beck,HOU,RB,27,1
average,15563,TE,8.82,NA,0.120000000000001,8.82,8.82,-72.07000000000002,-65.773,-75.72600000000003,354,332,371,114,21,NA,89.33,7.93,0.62,NA,NA,NA,NA,NA,Mitchell,Wilcox,CIN,TE,27,0
average,15604,TE,8.7,NA,0.1999999999999993,8.7,8.7,-72.19000000000001,-65.893,-75.84600000000002,355,333,372,115,21,NA,84.75,2.86,0.09,NA,NA,NA,NA,NA,Shane,Zylstra,DET,TE,27,-1
average,15804,TE,8.5,NA,0.6999999999999993,8.5,8.5,-72.39000000000001,-66.093,-76.04600000000002,356,335,375,116,21,NA,77.4,10.44,0.82,NA,NA,NA,NA,NA,Grant,Calcaterra,PHI,TE,25,-2
average,13919,TE,7.800000000000001,NA,0.16999999999999993,7.800000000000001,7.800000000000001,-73.09000000000002,-66.793,-76.74600000000002,358,336,377,117,21,NA,NA,NA,NA,NA,NA,NA,NA,NA,Anthony,Firkser,NEP,TE,28,2
average,12309,TE,7.630000000000001,NA,0.1900000000000004,7.630000000000001,7.630000000000001,-73.26000000000002,-66.96300000000001,-76.91600000000003,359,337,379,118,21,NA,88.33,15.33,0.95,NA,NA,NA,NA,NA,MyCole,Pruitt,ATL,TE,31,5
average,13065,TE,7.44,NA,0.29000000000000004,7.44,7.44,-73.45000000000002,-67.153,-77.10600000000002,360,338,382,119,21,NA,NA,NA,NA,NA,NA,NA,NA,NA,Eric,Tomlinson,HOU,TE,31,5
average,14294,TE,7.15,NA,0.6899999999999995,7.15,7.15,-73.74000000000001,-67.443,-77.396000000000015,361,339,383,120,21,NA,96.75,7.66,0.6,NA,NA,NA,NA,NA,Tommy,Sweeney,NYG,TE,28,1
average,14363,TE,6.460000000000001,NA,0.35000000000000053,6.460000000000001,6.460000000000001,-74.43,-68.13300000000001,-78.08600000000001,363,345,384,121,21,NA,96,24.59,0.99,NA,NA,NA,NA,NA,Kevin,Rader,TEN,TE,28,2
average,15564,TE,6.11,NA,0.4800000000000004,6.11,6.11,-74.78000000000002,-68.483,-78.43600000000002,366,346,386,122,22,NA,90.5,5.5,0.4,NA,NA,NA,NA,NA,Parker,Hesse,ATL,TE,28,1
average,15214,TE,5.63,NA,0.04999999999999982,5.63,5.63,-75.26000000000002,-68.96300000000001,-78.91600000000003,371,349,388,123,22,NA,NA,NA,NA,NA,NA,NA,NA,NA,Dominique,Dafney,TBB,TE,26,0
average,15991,TE,5.58,NA,0.23000000000000043,5.58,5.58,-75.31000000000002,-69.013,-78.96600000000002,372,350,389,124,22,NA,213,5,0.32,NA,NA,NA,NA,NA,Tanner,Conner,MIA,TE,25,-2
average,13391,TE,5.35,NA,0.13999999999999968,5.35,5.35,-75.54000000000002,-69.24300000000001,-79.19600000000003,373,351,392,125,22,NA,102.75,21.72,0.99,NA,NA,NA,NA,NA,Jacob,Hollister,LVR,TE,30,3
average,15620,TE,5.21,NA,0.20999999999999996,5.21,5.21,-75.68000000000002,-69.38300000000001,-79.33600000000003,374,352,394,126,22,NA,96.33,1.25,0.02,NA,NA,NA,NA,NA,Chris,Myarick,NYG,TE,28,1
average,14984,TE,5,NA,0.27999999999999936,5,5,-75.89000000000001,-69.593,-79.54600000000002,376,355,395,127,22,NA,92.5,16.5,0.97,NA,NA,NA,NA,NA,Charlie,Woerner,SFO,TE,26,0
average,13366,TE,4.720000000000001,NA,0.009999999999999787,4.720000000000001,4.720000000000001,-76.17000000000002,-69.873,-79.82600000000002,378,356,396,128,22,NA,111.5,6.5,0.49,NA,NA,NA,NA,NA,Mason,Schreck,HOU,TE,30,3
average,14939,TE,4.710000000000001,NA,0.2500000000000009,4.710000000000001,4.710000000000001,-76.18,-69.88300000000001,-79.83600000000001,379,357,397,129,22,NA,NA,NA,NA,NA,NA,NA,NA,NA,Dalton,Keene,HOU,TE,24,0
average,13994,TE,4.46,NA,0.05999999999999961,4.46,4.46,-76.43000000000002,-70.13300000000001,-80.08600000000003,380,358,398,130,22,NA,100.6,7.79,0.61,NA,NA,NA,NA,NA,Pharaoh,Brown,IND,TE,29,3
average,15080,TE,4.4,NA,0.15000000000000036,4.4,4.4,-76.49000000000001,-70.193,-80.146000000000015,381,359,399,131,22,NA,NA,NA,NA,NA,NA,NA,NA,NA,Noah,Togiai,ARI,TE,26,0
average,15097,TE,4.25,NA,0.10999999999999943,4.25,4.25,-76.64000000000001,-70.343,-80.29600000000002,383,360,400,132,22,NA,107.67,11.09,0.85,NA,NA,NA,NA,NA,Sean,McKeon,DAL,TE,26,0
average,15244,TE,4.140000000000001,NA,0.22000000000000064,4.140000000000001,4.140000000000001,-76.75000000000001,-70.453,-80.40600000000002,384,361,402,133,22,NA,80,1,0.01,NA,NA,NA,NA,NA,Feleipe,Franks,ATL,TE,26,-1
average,14996,TE,3.92,NA,0.13999999999999968,3.92,3.92,-76.97000000000001,-70.673,-80.62600000000002,386,362,404,134,22,NA,NA,NA,NA,NA,NA,NA,NA,NA,Tyler,Davis,GBP,TE,26,0
average,16036,TE,3.7800000000000002,NA,1.1799999999999997,3.7800000000000002,3.7800000000000002,-77.11000000000001,-70.813,-80.76600000000002,387,363,405,135,22,NA,NA,NA,NA,NA,NA,NA,NA,NA,Jake,Tonges,CHI,TE,24,-2
average,14060,TE,2.6000000000000005,NA,0.10000000000000053,2.6000000000000005,2.6000000000000005,-78.29000000000002,-71.99300000000001,-81.94600000000003,393,369,411,136,22,NA,NA,NA,NA,NA,NA,NA,NA,NA,Tyree,Jackson,PHI,TE,26,1
average,12680,TE,2.5,NA,0.8599999999999999,2.5,2.5,-78.39000000000001,-72.093,-82.04600000000002,394,370,412,137,22,NA,NA,NA,NA,NA,NA,NA,NA,NA,Nick,Vannett,HOU,TE,30,4
average,15374,TE,1.6400000000000001,NA,1.4400000000000002,1.6400000000000001,1.6400000000000001,-79.25000000000001,-72.953,-82.90600000000002,398,373,413,138,23,NA,NA,NA,NA,NA,NA,NA,NA,NA,Sammis,Reyes,JAC,TE,28,-1
average,15455,TE,0.2,NA,0,0.2,0.2,-80.69000000000001,-74.393,-84.34600000000002,401,376,416,139,23,NA,NA,NA,NA,NA,NA,NA,NA,NA,NA,NA,NA,NA,NA,NA
average,0516,DST,127.1,14.756354563373707,1.1666666666666572,117.8,141.64999999999998,6.23333333333332,3.1899999999999835,9,79,86,76,1,1,167.6,2.58,1.45,0.54,114.0375,22.346955469369874,-35.037499999999994,2.575,0.07499999999999996,Dallas,Cowboys,DAL,DST,NA,50
average,0518,DST,125.93333333333334,12.549634788842784,5.066666666666663,117.04,138.28,5.066666666666663,2.4299999999999926,5.630000000000024,81,91,80,2,2,175.16,3.64,1.56,0.45,108.7475,22.57765640517191,-27.747500000000002,2.81,0.31000000000000005,Philadelphia,Eagles,PHI,DST,NA,50
average,0504,DST,120.86666666666667,10.767698608956948,1.4000000000000057,114.61000000000001,131.44,0,0,-1.2099999999999795,96,96,102,3,3,187.3,5.85,1.86,0.44,133.805,13.73843058722502,-37.80500000000001,1.745,0.545,New England,Patriots,NEP,DST,NA,50
average,0520,DST,119.46666666666667,13.400124377532215,0.9333333333333371,109.97000000000001,132.64999999999998,-1.4000000000000057,-4.640000000000001,0,99,109,96,4,4,233.46,15.45,3.01,0.91,171.56333333333333,20.319436234524044,-72.56333333333333,NA,NA,Washington,Commanders,WAS,DST,NA,50
average,0507,DST,118.53333333333333,12.39287429668086,0.3333333333333286,110.05,130.75,-2.333333333333343,-4.5600000000000165,-1.8999999999999773,102,108,108,5,4,236.67,15.26,2.52,0.75,174.75,24.419999999999987,-72.75,1,NA,Cleveland,Browns,CLE,DST,NA,50
average,0512,DST,118.2,8.839117603018979,0.4333333333333371,109.68,125.25,-2.6666666666666714,-4.930000000000007,-7.399999999999977,103,110,119,6,5,208.3,10.4,2.29,0.46,160.69333333333333,16.081594724681043,-57.69333333333333,1.13,NA,Kansas City,Chiefs,KCC,DST,NA,50
average,0531,DST,117.76666666666667,14.279122288618906,0.4333333333333371,104.38,129.94,-3.1000000000000085,-10.230000000000018,-2.7099999999999795,104,131,110,7,5,194.29,7.51,1.61,0.56,143.52,18.334846604212427,-39.52000000000001,1.275,0.07500000000000007,Baltimore,Ravens,BAL,DST,NA,50
average,0510,DST,117.33333333333333,13.742027992015341,0.09999999999999432,108.21000000000001,130.89,-3.5333333333333456,-6.400000000000006,-1.759999999999991,108,116,107,8,5,214.24,11.09,2.53,0.85,160.78666666666666,29.875990732061464,-52.78666666666666,1.11,NA,Pittsburgh,Steelers,PIT,DST,NA,50
average,0502,DST,117.23333333333333,5.695904961753954,0.5666666666666771,112.44,122.61,-3.63333333333334,-2.170000000000016,-10.039999999999978,109,102,127,9,6,263.51,19.32,2.22,0.24,211.19,NA,-102.19,NA,NA,Indianapolis,Colts,IND,DST,NA,50
average,0515,DST,116.66666666666666,11.600574698407542,0.03333333333333144,106.17999999999999,127.05999999999999,-4.200000000000017,-8.430000000000021,-5.589999999999989,110,120,117,10,6,293.23,22,4.04,0.99,180.315,21.715000000000003,-70.315,NA,NA,Seattle,Seahawks,SEA,DST,NA,50
average,0522,DST,116.63333333333333,11.281105146807791,0.8999999999999915,105.62,125.14999999999999,-4.2333333333333485,-8.990000000000009,-7.499999999999986,111,124,120,11,7,307.83,24.75,2.48,0.66,183.77,22.97,-72.77000000000001,NA,NA,Detroit,Lions,DET,DST,NA,50
average,0529,DST,115.73333333333333,12.789188142072714,0.06666666666666288,108.23,128.3,-5.13333333333334,-6.38000000000001,-4.349999999999966,112,115,114,12,7,212.14,11.15,2.52,0.8,167.11333333333332,14.256940609946982,-55.113333333333316,1.17,NA,New Orleans,Saints,NOS,DST,NA,50
average,0530,DST,115.66666666666667,8.902995750495084,0.3333333333333428,109.39999999999999,124.43,-5.200000000000003,-5.210000000000022,-8.21999999999997,114,112,122,13,7,159.07,1.47,0.9,0.11,100.3475,19.698826583073416,13.652500000000003,3.855,0.44499999999999984,San Francisco,49ers,SFO,DST,NA,50
average,0514,DST,115.33333333333333,10.059986746180797,0.5999999999999943,105.89,123.89,-5.533333333333346,-8.720000000000013,-8.759999999999977,115,123,124,14,8,241.82,16.96,2.54,0.62,181.535,25.835000000000008,-66.535,NA,NA,Los Angeles,Chargers,LAC,DST,NA,50
average,0532,DST,114.73333333333333,10.551935051607048,0.2666666666666657,105.32,124.31,-6.13333333333334,-9.29000000000002,-8.339999999999975,116,126,123,15,8,307.9,28.77,2.93,0.78,NA,NA,NA,NA,NA,Houston,Texans,HOU,DST,NA,50
average,0509,DST,114.46666666666667,12.853533885019061,1.9666666666666686,102.10000000000001,124.77999999999999,-6.400000000000006,-12.510000000000005,-7.86999999999999,118,139,121,16,9,259.25,18.83,3.58,0.98,166.05,4.6499999999999915,-48.05000000000001,1.31,NA,Jacksonville,Jaguars,JAC,DST,NA,50
average,0503,DST,112.5,8.49646985518103,0.09999999999999432,107.28,120.87,-8.366666666666674,-7.3300000000000125,-11.779999999999973,123,117,131,17,9,221.67,13.11,3.54,0.82,158.03,27.99166125831048,-35.03,1.2,0.19999999999999996,Miami,Dolphins,MIA,DST,NA,50
average,0501,DST,112.4,6.300000000000004,0.03333333333334565,106.72999999999999,118.07000000000001,-8.466666666666669,-7.880000000000024,-14.57999999999997,124,118,137,18,9,173.31,3.75,1.53,0.12,127.965,24.03227049198639,-3.9650000000000034,1.9900000000000002,0.19000000000000006,Buffalo,Bills,BUF,DST,NA,50
average,0525,DST,112.36666666666666,7.94627795469887,0.2666666666666657,104.54,117.23,-8.500000000000014,-10.070000000000007,-15.419999999999973,125,130,139,19,9,227.74,14.92,4.53,0.97,180.95,27.64999999999999,-55.94999999999999,NA,NA,Tampa Bay,Buccaneers,TBB,DST,NA,50
average,0517,DST,112.1,11.096395811253311,1.7999999999999972,101.17,118.9,-8.76666666666668,-13.440000000000012,-13.749999999999972,126,140,135,20,10,295.98,22.64,2.84,0.79,210.16,NA,-84.16,NA,NA,New York,Giants,NYG,DST,NA,50
average,0506,DST,110.3,10.54324428247776,0.09999999999999432,100.23999999999998,118.95999999999998,-10.566666666666677,-14.370000000000033,-13.689999999999998,129,146,134,21,10,219.95,12.81,2.84,0.73,181.99666666666667,17.69681766746653,-52.99666666666667,1,NA,Cincinnati,Bengals,CIN,DST,NA,50
average,0523,DST,110.2,6.894200461257269,0.86666666666666,105.57000000000001,116.99999999999999,-10.666666666666671,-9.040000000000006,-15.649999999999991,130,125,141,22,11,247.98,17.53,3.17,0.63,185.44,18.11,-55.44,NA,NA,Green Bay,Packers,GBP,DST,NA,50
average,0528,DST,109.33333333333334,5.918051481132399,0.5000000000000142,103.52,112.79,-11.533333333333331,-11.090000000000018,-19.85999999999997,134,134,167,23,12,277.76,22.32,4.12,0.86,NA,NA,NA,NA,NA,Los Angeles,Rams,LAR,DST,NA,50
average,0524,DST,108.83333333333333,3.906831623366093,0.5333333333333314,105.1,112.03,-12.033333333333346,-9.51000000000002,-20.619999999999976,137,127,173,24,12,323.05,27.31,1.5,0.04,207.83,NA,-70.83000000000001,NA,NA,Minnesota,Vikings,MIN,DST,NA,50
average,0511,DST,108.3,7.977468270071653,0.5333333333333314,100.48,114.16,-12.566666666666677,-14.13000000000001,-18.48999999999998,138,144,156,25,13,199.25,9.19,4.22,0.92,157.565,26.175370579993704,-19.564999999999998,1.215,0.11499999999999999,Denver,Broncos,DEN,DST,NA,50
average,0505,DST,107.76666666666667,6.507175526550163,1.6666666666666572,103.29,114.18,-13.100000000000009,-11.320000000000007,-18.46999999999997,139,135,155,26,14,187.77,5.43,1.76,0.16,135.46666666666667,40.808849802735466,3.5333333333333314,1.6,0.20000000000000007,New York,Jets,NYJ,DST,NA,50
average,0508,DST,106.10000000000001,6.255397669213365,1.4210854715202004e-14,100.58,111.83,-14.766666666666666,-14.030000000000015,-20.81999999999998,144,142,175,27,14,303.23,23.83,2.72,0.43,NA,NA,NA,NA,NA,Tennessee,Titans,TEN,DST,NA,50
average,0519,DST,106.1,9.402659198333204,1.36666666666666,98.74000000000001,115.21000000000001,-14.76666666666668,-15.870000000000005,-17.43999999999997,145,152,152,28,15,303,28.76,1.82,0.35,NA,NA,NA,NA,NA,Arizona,Cardinals,ARI,DST,NA,50
average,0526,DST,104.73333333333333,9.91581228812513,0.9333333333333371,96.97,114.34,-16.13333333333334,-17.640000000000015,-18.309999999999974,148,158,153,29,16,311.29,28.57,2.8,0.69,NA,NA,NA,NA,NA,Atlanta,Falcons,ATL,DST,NA,50
average,0527,DST,103.8,3.6496575181789264,2.8999999999999915,100.20000000000002,106.14000000000001,-17.066666666666677,-14.409999999999997,-26.509999999999962,150,147,189,30,17,285.17,21.58,3.07,0.4,209.28,NA,-59.28,NA,NA,Carolina,Panthers,CAR,DST,NA,50
average,0521,DST,100.9,8.970507232035436,3.3000000000000114,93.09,109.2,-19.96666666666667,-21.52000000000001,-23.449999999999974,159,166,181,31,18,326.1,29.11,2.02,0.38,211.36,NA,-52.360000000000014,NA,NA,Chicago,Bears,CHI,DST,NA,50
average,0513,DST,97.6,13.076696830622016,0,88.9,110.5,-23.26666666666668,-25.710000000000008,-22.149999999999977,172,180,177,32,18,308.33,30.94,1.59,0.49,NA,NA,NA,NA,NA,Las Vegas,Raiders,LVR,DST,NA,50
robust,13116,QB,360.59749999999997,2.7428099999999493,7.81899999999996,357.975,364.75199999999995,98.55899999999997,103.5,94.24019999999996,3,1,8,1,1,26.15,1.75,0.9,0.02,15.855,4.188761750207333,-12.855,41.394666666666666,8.326462447455638,Patrick,Mahomes,KCC,QB,28,3
robust,14783,QB,352.7785,27.18791879999995,16.65100000000001,331.0652,371.2862,90.74000000000001,76.59019999999998,100.77440000000001,7,7,4,2,2,27.37,2.36,0.93,0.74,22.291666666666668,3.977195061290752,-15.291666666666668,35.886,5.132852877948745,Jalen,Hurts,PHI,QB,25,0
robust,13589,QB,336.1275,16.293774000000013,21.78800000000001,323.136,347.211,74.089,68.661,76.69920000000002,16,16,15,3,3,27.22,2.19,0.9,0.44,19.905,3.4689467661909528,-3.905000000000001,36.45266666666667,7.76959035099163,Josh,Allen,BUF,QB,27,2
robust,13593,QB,314.3395,2.4907679999999255,0.5679999999999836,310.00800000000004,323.1822,52.30099999999999,55.533000000000015,52.67040000000003,27,20,31,4,3,38.84,4.57,1.27,0.02,38.79666666666667,7.677396838917618,-11.796666666666667,29.647333333333336,10.684494726263642,Lamar,Jackson,BAL,QB,26,2
robust,14777,QB,313.7715,10.751815200000014,22.194500000000005,296.4638,324.4448,51.733000000000004,41.98879999999997,53.93299999999999,28,34,29,5,4,42.62,5.53,1.12,0.22,37.513333333333335,6.432639858996892,-9.513333333333335,26.07,7.995027621382348,Joe,Burrow,CIN,QB,27,0
robust,15238,QB,291.577,5.33439480000002,1.100999999999999,283.98900000000003,296.4882,29.5385,29.51400000000001,25.976400000000012,47,47,56,6,4,46.31,5.97,1.39,0.08,49.755,8.874483553048782,-2.7550000000000026,22.699333333333335,8.523149704709457,Justin,Fields,CHI,QB,24,-1
robust,13113,QB,290.476,4.851067200000071,6.261499999999955,286.0272,297.3312,28.4375,31.55219999999997,26.81940000000003,49,44,54,7,5,84.2,10.56,2.5,0.14,79.43833333333333,14.540222850959182,-30.438333333333333,14.904666666666667,8.51951740938939,Deshaun,Watson,CLE,QB,28,3
robust,14779,QB,284.21450000000004,3.350675999999986,10.978500000000054,279.62600000000003,292.89020000000005,22.176000000000045,25.15100000000001,22.378400000000056,58,53,60,8,6,45.78,6.12,1.18,0.04,47.303333333333335,10.476259934834673,10.696666666666665,23.880000000000003,11.620166378613806,Justin,Herbert,LAC,QB,25,0
robust,10700,QB,273.236,5.266195199999946,4.36749999999995,269.4552,277.95120000000003,11.197499999999991,14.980199999999968,7.439400000000035,72,65,77,9,7,99.06,12.97,1.97,0.1,101.15666666666667,17.50055300713539,-29.156666666666666,14.342000000000002,9.341928851509559,Kirk,Cousins,MIN,QB,35,8
robust,14059,QB,268.86850000000004,4.2372708000000054,5.097500000000082,256.0172,275.3942,6.830000000000041,1.5421999999999798,4.882400000000018,75,93,81,10,8,96.95,12.52,2.51,0.11,114.06666666666666,15.440660247829076,-39.06666666666666,11.944666666666668,7.658984498976061,Daniel,Jones,NYG,QB,26,1
robust,7836,QB,263.77099999999996,10.95344880000005,1.2539999999999623,252.3872,272.2412,1.732499999999959,-2.0878000000000156,1.7293999999999983,88,101,93,11,8,117.31,15.08,2.67,0.39,98.97833333333334,15.350263208022055,-10.978333333333339,13.068,8.321062111693836,Aaron,Rodgers,NYJ,QB,40,15
robust,15237,QB,262.517,9.42933600000002,0.4784999999999968,256.136,269.9492,0.4784999999999968,1.6610000000000014,-0.5625999999999749,93,92,98,12,9,60.76,8.17,0.81,0.15,58.17666666666667,9.685196034269119,34.82333333333333,21.074,10.51375949252534,Trevor,Lawrence,JAC,QB,24,-1
robust,10703,QB,262.0385,1.5448691999999602,0.14949999999998909,257.3342,272.7692,0,2.859199999999987,2.2574000000000183,95,88,91,13,9,131.4,16.79,2.33,0.06,128.05,11.745234494608159,-33.05000000000001,10.236666666666668,6.896425805363886,Russell,Wilson,DEN,QB,35,8
robust,12620,QB,261.889,12.083189999999966,7.542500000000018,254.47500000000002,269.4294,-0.14949999999998909,0,-1.082400000000007,96,96,100,14,10,88.42,10.88,2.1,0.36,84.38666666666667,11.465292068770959,11.61333333333333,16.318,9.719055235292508,Dak,Prescott,DAL,QB,30,4
robust,11150,QB,254.3465,0.3113460000000118,3.0749999999999886,249.101,267.6824,-7.692000000000007,-5.374000000000024,-2.829400000000021,122,113,111,15,11,103.64,13.61,2.29,0.04,116.59333333333333,20.07946020744139,5.406666666666666,12.434666666666669,7.848053913055276,Geno,Smith,SEA,QB,33,7
robust,12611,QB,251.2715,31.552693199999972,9.983000000000004,231.89280000000002,270.5118,-10.766999999999996,-22.5822,0,134,171,96,16,12,126.59,16.13,1.92,0.86,116.485,12.787488351249175,17.515,11.523333333333333,7.233562208360568,Jared,Goff,DET,QB,29,4
robust,14778,QB,241.2885,5.654636399999947,3.065499999999986,224.358,249.9126,-20.75,-30.11700000000002,-20.599199999999996,160,190,172,17,13,92.66,11.97,2.29,0.15,90.055,12.954049238236923,69.945,13.425333333333334,7.748947684829357,Tua,Tagovailoa,MIA,QB,25,0
robust,16152,QB,238.223,9.097233599999994,12.355000000000018,229.7536,251.4076,-23.815499999999986,-24.721400000000017,-19.10419999999999,172,177,161,18,14,125.77,15.87,3.9,0.47,111.28999999999999,30.772198491495534,60.71000000000001,25.46333333333334,27.172550283123762,Anthony,Richardson,IND,QB,21,-3
robust,15692,QB,225.868,0.9755508000000229,4.203499999999991,224.83780000000002,227.599,-36.170500000000004,-29.637200000000007,-42.912800000000004,208,189,232,19,15,169.6,22.73,2.24,0.05,141.12166666666667,20.54497295906931,66.87833333333333,6.534666666666667,3.8258354497924882,Kenny,Pickett,PIT,QB,25,-2
robust,11644,QB,221.6645,5.067526799999925,5.45750000000001,215.584,225.89619999999996,-40.373999999999995,-38.89100000000002,-44.61560000000003,212,214,238,20,16,157.45,20.64,2.34,0.12,140.91666666666666,16.736358292319416,71.08333333333334,9.424000000000001,6.316136371759771,Derek,Carr,NOS,QB,32,6
robust,15698,QB,216.207,26.399175600000017,4.428999999999974,194.3914,234.45940000000002,-45.831500000000005,-60.08360000000002,-36.05239999999998,223,293,215,21,17,195.77,23.92,4.55,0.87,146.01666666666665,22.601832275774065,76.98333333333335,10.995333333333335,8.717208472645103,Brock,Purdy,SFO,QB,24,-2
robust,9431,QB,211.77800000000002,4.169071199999975,2.484499999999997,191.198,221.2508,-50.26049999999998,-63.277000000000015,-49.260999999999996,240,315,256,22,17,156.71,20.47,2.15,0.08,143.57166666666666,18.03700678851369,96.42833333333334,7.290000000000001,4.699368751935379,Matthew,Stafford,LAR,QB,35,11
robust,16148,QB,209.29350000000002,15.742246799999991,5.685500000000019,194.51520000000002,220.85820000000004,-52.744999999999976,-59.9598,-49.653599999999955,250,291,259,23,18,190.4,24.66,2.75,0.59,130.31,46.30446976264818,119.69,26.805000000000003,20.115000000000006,Bryce,Young,CAR,QB,22,-3
robust,14782,QB,203.608,19.125539999999965,3.638500000000022,191.23000000000002,217.21480000000003,-58.430499999999995,-63.245000000000005,-53.29699999999997,274,314,268,24,19,176.66,23.08,3.06,0.67,146.178,25.690265393724527,127.822,8.171333333333333,5.681029562402303,Jordan,Love,GBP,QB,25,0
robust,11760,QB,199.96949999999998,3.997089600000039,4.740000000000009,197.2714,202.5004,-62.06900000000002,-57.20360000000002,-68.01139999999998,296,270,341,25,20,230.82,27.82,2.97,0.16,163.56333333333333,36.73010784386866,132.43666666666667,7.65,2.0700000000000003,Jimmy,Garoppolo,LVR,QB,32,6
robust,14056,QB,195.22949999999997,35.706938400000006,0.20999999999997954,171.7584,221.5734,-66.80900000000003,-82.71660000000003,-48.9384,323,405,254,26,20,201.21,24.87,5.03,0.95,147.124,20.777450854231365,175.876,10.278000000000002,5.298000000000001,Kyler,Murray,ARI,QB,26,1
robust,10697,QB,195.0195,9.17136360000001,15.626499999999993,186.9964,201.5314,-67.019,-67.47860000000003,-68.9804,324,340,345,27,21,205.99,25.85,3.18,0.35,163.315,40.365,160.685,8.581000000000001,2.891000000000001,Ryan,Tannehill,TEN,QB,35,8
robust,15693,QB,179.393,2.203143599999985,0.08650000000000091,176.2086,185.53259999999997,-82.6455,-78.26640000000003,-84.97920000000002,406,389,419,28,21,229.68,27.41,3.52,0.14,151.18333333333334,37.493343705546216,254.81666666666666,6.598000000000001,0.6980000000000004,Sam,Howell,WAS,QB,23,-2
robust,15241,QB,179.3065,12.142493999999996,0.42199999999999704,171.079,188.9044,-82.732,-83.396000000000015,-81.60739999999998,407,410,409,29,21,236.41,28.05,2.59,0.45,160.695,40.455000000000005,246.305,6.449000000000001,1.399000000000001,Mac,Jones,NEP,QB,25,-1
robust,16150,QB,178.8845,12.58727399999997,7.731499999999983,170.419,188.6692,-83.154,-84.05600000000001,-81.8426,408,414,410,30,22,226,27.26,2.84,0.5,142.746,51.64686034987994,265.254,22.795,17.765,C.J.,Stroud,HOU,QB,22,-3
robust,15697,QB,171.15300000000002,11.098743600000027,13.613500000000016,162.48860000000002,182.90060000000003,-90.88549999999998,-91.9864,-87.61119999999997,443,464,421,31,23,257.21,29.45,2.39,0.35,123.46,NA,319.54,4.715,0.20500000000000007,Desmond,Ridder,ATL,QB,24,-2
robust,13590,QB,157.5395,27.05151959999997,94.0485,131.09640000000002,177.81539999999998,-104.499,-123.3786,-92.69640000000001,522,610,452,32,24,289.35,31.05,2.03,0.79,132.01,NA,389.99,4.497,2.007,Baker,Mayfield,TBB,QB,28,2
robust,15242,QB,63.491,30.2480052,15.762999999999998,43.800200000000004,85.3082,-198.5475,-210.6748,-185.2036,608,611,609,33,25,346.76,36.68,2.59,0.86,159.61,NA,448.39,4.2490000000000006,3.119,Kyle,Trask,TBB,QB,25,-1
robust,9899,QB,47.728,2.5708284000000026,1.5414999999999992,21.4206,58.8066,-214.3105,-233.05440000000002,-211.7052,609,614,611,34,25,340.38,35.91,3.44,0.15,151.12,NA,457.88,2.6,1.3600000000000003,Colt,McCoy,ARI,QB,37,10
robust,12616,QB,46.1865,21.402813599999988,6.526499999999999,13.581000000000007,66.7224,-215.852,-240.894,-203.7894,610,623,610,35,26,338.33,35.19,2.59,0.69,NA,NA,NA,4.424,2.8240000000000007,Jacoby,Brissett,WAS,QB,31,4
robust,15240,QB,39.660000000000004,7.353696000000001,3.298000000000009,35.196000000000005,44.124,-222.3785,-219.27900000000002,-226.3878,611,613,614,36,27,315.13,33.6,4.59,0.48,149.385,0.8149999999999977,461.615,4.125000000000001,2.7150000000000007,Trey,Lance,SFO,QB,23,-1
robust,9714,QB,36.361999999999995,0.32320679999999996,2.603999999999992,36.1658,36.5582,-225.6765,-218.30920000000003,-233.9536,612,612,615,37,27,337.75,56.11,18.72,0.96,NA,NA,NA,NA,NA,Brian,Hoyer,LVR,QB,38,11
robust,12476,QB,33.758,22.9565784,1.528500000000001,18.163600000000002,48.3316,-228.2805,-236.31140000000002,-222.18019999999999,613,619,612,38,28,357.68,39.18,3.77,0.8,NA,NA,NA,3.9840000000000004,NA,Taylor,Heinicke,ATL,QB,30,5
robust,16149,QB,32.2295,16.528024800000004,9.858000000000004,10.807000000000002,46.6432,-229.809,-243.668,-223.8686,614,631,613,39,29,344.46,36.6,3.37,0.63,60.55,NA,553.45,7.953,6.783,Will,Levis,TEN,QB,24,-3
robust,13592,QB,22.371499999999997,2.6330975999999944,0.3464999999999989,18.540999999999997,24.828399999999995,-239.667,-235.93400000000003,-245.6834,615,617,619,40,30,350.83,39.21,5.83,0.38,NA,NA,NA,1.484,0.4840000000000001,Sam,Darnold,SFO,QB,26,2
robust,13598,QB,22.025,3.4470450000000015,0.8269999999999982,19.9325,24.1175,-240.0135,-234.54250000000002,-246.3943,616,616,620,41,30,375.8,40.81,3.53,0.19,NA,NA,NA,3.224,1.3840000000000003,Mike,White,MIA,QB,28,2
robust,16160,QB,21.198,0.1156427999999991,0.4435000000000002,21.1278,21.2682,-240.8405,-233.34720000000002,-249.2436,617,615,621,42,30,336.5,42.95,7.81,0.52,102.52,NA,514.48,3.4800000000000004,NA,Clayton,Tune,ARI,QB,24,-3
robust,14067,QB,20.7545,17.5806708,0.5975000000000001,6.896000000000003,32.6522,-241.284,-247.579,-237.8596,618,648,616,43,30,354.67,37.59,4.32,0.7,NA,NA,NA,1.9700000000000002,0.7900000000000003,Gardner,Minshew,IND,QB,27,1
robust,12381,QB,20.157,9.967519799999998,0.2785000000000011,14.106300000000001,26.2077,-241.8815,-240.36870000000002,-244.3041,619,621,618,44,30,NA,63.29,8.19,0.78,NA,NA,NA,1.6800000000000002,NA,Trevor,Siemian,CIN,QB,32,5
robust,15696,QB,19.8785,13.1032188,1.476499999999998,5.649200000000002,30.246199999999998,-242.16,-248.82580000000002,-240.2656,620,651,617,45,30,367.22,41.78,4.06,0.6,NA,NA,NA,4.5840000000000005,NA,Bailey,Zappe,NEP,QB,24,-2
robust,13115,QB,18.402,NA,1.1400000000000006,18.402,18.402,-243.6365,-236.07300000000004,-252.1098,621,618,625,46,30,NA,53.9,6.01,0.71,NA,NA,NA,1.0560000000000003,NA,Mitchell,Trubisky,PIT,QB,29,3
robust,12141,QB,17.262,6.0223212,0.5839999999999996,13.606200000000001,20.9178,-244.7765,-240.86880000000002,-249.594,622,622,623,47,31,NA,48.54,4.07,0.32,NA,NA,NA,1.8240000000000003,NA,Marcus,Mariota,PHI,QB,30,5
robust,10413,QB,16.678,7.528642799999998,0.26200000000000045,12.107800000000003,21.2482,-245.3605,-242.36720000000003,-249.2636,623,627,622,48,31,NA,56.11,3.41,0.3,NA,NA,NA,NA,NA,Tyrod,Taylor,NYG,QB,34,9
robust,14069,QB,16.416,NA,1.4909999999999997,16.416,16.416,-245.6225,-238.05900000000003,-254.0958,624,620,630,49,31,NA,75.2,7.93,0.89,NA,NA,NA,NA,NA,Easton,Stick,LAC,QB,28,1
robust,14789,QB,14.925,7.9838010000000015,0.27500000000000036,10.0785,19.771500000000003,-247.1135,-244.39650000000003,-250.7403,625,633,624,50,31,369,42.57,2.95,0.26,NA,NA,NA,1.368,NA,Tyler,Huntley,BAL,QB,25,0
robust,14063,QB,14.65,2.950374,0.10800000000000054,12.859,16.441,-247.3885,-241.616,-254.0708,626,625,629,51,31,366.2,44.53,5.7,0.38,NA,NA,NA,1.4640000000000002,NA,Jarrett,Stidham,DEN,QB,27,1
robust,14070,QB,14.542,5.453002799999998,0.1540000000000017,11.231800000000002,17.852199999999996,-247.4965,-243.24320000000003,-252.6596,627,628,626,52,31,NA,72.6,8.26,0.66,NA,NA,NA,NA,NA,David,Blough,ARI,QB,28,1
robust,11640,QB,14.387999999999998,2.0875007999999977,0.21599999999999753,13.120800000000001,15.655199999999997,-247.6505,-241.35420000000002,-254.8566,628,624,632,53,31,NA,53.6,6.99,0.52,NA,NA,NA,0.3360000000000001,NA,Teddy,Bridgewater,DET,QB,31,6
robust,12140,QB,14.172,3.0126432,0.6170000000000009,12.3432,16.0008,-247.8665,-242.13180000000003,-254.511,629,626,631,54,31,352.77,41.39,5.3,0.33,NA,NA,NA,1.6080000000000003,NA,Jameis,Winston,NOS,QB,29,5
robust,10313,QB,13.555,6.664287,0.6159999999999961,9.509500000000001,17.6005,-248.4835,-244.96550000000002,-252.91129999999998,630,636,627,55,31,356.5,44.71,5.14,0.5,NA,NA,NA,1.4880000000000002,NA,Andy,Dalton,CAR,QB,36,9
robust,15252,QB,12.939000000000004,6.907433400000003,0.2570000000000032,8.745900000000002,17.132100000000005,-249.0995,-245.72910000000002,-253.37969999999999,631,640,628,56,31,NA,48.71,6.93,0.63,NA,NA,NA,NA,NA,Davis,Mills,HOU,QB,25,-1
robust,13416,QB,12.682,3.4663187999999985,1.0340000000000007,10.577800000000002,14.7862,-249.3565,-243.89720000000003,-255.7256,632,632,633,57,31,NA,58.5,9.53,0.7,NA,NA,NA,NA,NA,P.J.,Walker,CHI,QB,28,3
robust,10262,QB,11.648,1.1149151999999996,0.26599999999999824,10.971200000000001,12.3248,-250.3905,-243.5038,-258.187,633,630,639,58,31,NA,71.6,6.09,0.34,NA,NA,NA,1.0560000000000003,NA,Blaine,Gabbert,KCC,QB,34,9
robust,13119,QB,11.382000000000001,2.7012972,0.3979999999999997,9.7422,13.021799999999999,-250.6565,-244.73280000000003,-257.49,634,635,637,59,32,NA,60.14,6.49,0.48,NA,NA,NA,NA,NA,Joshua,Dobbs,CLE,QB,28,3
robust,14065,QB,10.984000000000002,NA,0.2660000000000018,10.984000000000002,10.984000000000002,-251.0545,-243.491,-259.5278,635,629,641,60,32,NA,68.6,3.44,0.27,NA,NA,NA,NA,NA,Brett,Rypien,LAR,QB,27,1
robust,13968,QB,10.718,5.275090799999999,0.1120000000000001,7.5158000000000005,13.9202,-251.3205,-246.9592,-256.59159999999997,636,644,635,61,32,NA,59.89,9.33,0.75,NA,NA,NA,NA,NA,Nick,Mullens,MIN,QB,28,3
robust,13124,QB,10.606,3.9526116000000004,0.07899999999999885,8.2066,13.0054,-251.4325,-246.2684,-257.5064,637,641,638,62,32,NA,60.25,4.79,0.31,NA,NA,NA,1.1960000000000002,0.19600000000000006,Cooper,Rush,DAL,QB,30,3
robust,14057,QB,10.527000000000001,1.789498200000001,0.08099999999999952,9.4407,11.613300000000002,-251.5115,-245.03430000000003,-258.8985,638,637,640,63,32,NA,60,4.32,0.2,NA,NA,NA,1.8480000000000003,NA,Drew,Lock,SEA,QB,27,1
robust,16313,QB,10.446000000000002,6.7102476,0.386000000000001,6.372600000000001,14.519400000000001,-251.5925,-248.10240000000002,-255.9924,639,649,634,64,32,NA,60.4,12.47,0.9,NA,NA,NA,0.9840000000000001,NA,Sean,Clifford,GBP,QB,25,-3
robust,16155,QB,10.06,0,0.15700000000000003,10.06,10.06,-251.9785,-244.41500000000002,-260.4518,640,634,643,65,32,NA,NA,NA,0.01,NA,NA,NA,NA,NA,Max,Duggan,LAC,QB,22,-3
robust,16153,QB,9.903,6.0534558,0.745000000000001,6.228300000000001,13.5777,-252.1355,-248.24670000000003,-256.9341,641,650,636,66,32,NA,53.18,4.8,0.44,73.21,NA,567.79,3.6720000000000006,NA,Stetson,Bennett,LAR,QB,26,-3
robust,11151,QB,9.158,NA,0.0779999999999994,9.158,9.158,-252.8805,-245.31700000000004,-261.3538,642,638,646,67,32,NA,NA,NA,NA,NA,NA,NA,NA,NA,Matt,Barkley,BUF,QB,33,7
robust,16156,QB,9.08,0,0.04399999999999871,9.08,9.08,-252.9585,-245.395,-261.4318,643,639,647,68,32,NA,70,2.94,0.07,NA,NA,NA,3.2880000000000007,NA,Jake,Haener,NOS,QB,24,-3
robust,13125,QB,9.036000000000001,2.514489600000001,0.47300000000000253,7.509600000000001,10.562400000000002,-253.0025,-246.96540000000002,-259.94939999999997,644,645,642,69,32,NA,69.29,5.99,0.41,NA,NA,NA,NA,NA,C.J.,Beathard,JAC,QB,30,3
robust,16159,QB,8.562999999999999,1.6560642000000012,1.009999999999998,7.557699999999999,9.5683,-253.4755,-246.9173,-260.9435,645,642,645,70,32,NA,56.45,6.26,0.4,110.69,NA,534.31,1.6080000000000003,NA,Aidan,O'Connell,LVR,QB,25,-3
robust,16154,QB,7.553000000000001,3.5389661999999986,0.009000000000002117,5.404700000000002,9.7013,-254.4855,-249.07030000000003,-260.8105,646,652,644,71,32,NA,61.75,11.67,0.83,NA,NA,NA,1.9920000000000002,NA,Jaren,Hall,MIN,QB,25,-3
robust,15239,QB,7.543999999999999,NA,0.0820000000000034,7.543999999999999,7.543999999999999,-254.4945,-246.931,-262.9678,647,643,651,72,32,361.5,49.43,6.97,0.84,NA,NA,NA,1.5600000000000003,NA,Zach,Wilson,NYJ,QB,24,-1
robust,16151,QB,7.461999999999995,NA,0.28599999999999515,7.461999999999995,7.461999999999995,-254.5765,-247.01300000000003,-263.0498,648,646,652,73,32,NA,57.38,6.06,0.73,59.21,NA,588.79,10.608,NA,Hendon,Hooker,DET,QB,25,-3
robust,16158,QB,7.176,2.9414784000000003,0.08399999999999874,5.3904,8.9616,-254.8625,-249.08460000000002,-261.5502,649,653,649,74,32,NA,53.75,11.52,0.81,99.52,NA,549.48,2.5200000000000005,NA,Dorian,Thompson-Robinson,CLE,QB,24,-3
robust,12815,QB,7.092000000000001,NA,1.0010000000000003,7.092000000000001,7.092000000000001,-254.9465,-247.383,-263.4198,650,647,653,75,32,NA,NA,NA,NA,NA,NA,NA,NA,NA,Nate,Sudfeld,DET,QB,30,4
robust,15702,QB,6.091000000000001,4.905923399999999,0.8030000000000008,3.1129000000000024,9.0691,-255.9475,-251.36210000000003,-261.4427,651,656,648,76,33,NA,63.33,15.84,0.94,NA,NA,NA,NA,NA,Tanner,McKee,PHI,QB,23,-3
robust,10948,QB,5.288,NA,0.5350000000000001,5.288,5.288,-256.7505,-249.187,-265.2238,652,654,654,77,33,NA,62.71,4.53,0.53,NA,NA,NA,NA,NA,Case,Keenum,HOU,QB,35,8
robust,13879,QB,4.753,6.0000822000000005,0.17299999999999915,1.1107,8.395299999999999,-257.2855,-253.36430000000001,-262.1165,653,658,650,78,33,NA,66,4.69,0.43,NA,NA,NA,NA,NA,Kyle,Allen,BUF,QB,27,2
robust,15694,QB,4.580000000000001,0.9488640000000008,2.7659999999999973,4.0040000000000004,5.1560000000000015,-257.4585,-250.47100000000003,-265.3558,654,655,655,79,33,357.75,51.83,11.3,0.77,NA,NA,NA,NA,NA,Malik,Willis,TEN,QB,24,-2
robust,15691,QB,1.8140000000000036,NA,1.0320000000000036,1.8140000000000036,1.8140000000000036,-260.2245,-252.66100000000003,-268.6978,655,657,656,80,33,NA,65.57,3.2,0.23,NA,NA,NA,NA,NA,Matt,Corral,CAR,QB,24,-2
robust,15248,QB,0.782,NA,0.05400000000000005,0.782,0.782,-261.2565,-253.693,-269.7298,656,659,657,81,33,NA,NA,NA,NA,NA,NA,NA,NA,NA,Shane,Buechele,KCC,QB,25,-1
robust,13595,QB,0.728,NA,0.652,0.728,0.728,-261.3105,-253.747,-269.7838,657,660,658,82,34,NA,74.6,10.09,0.96,NA,NA,NA,NA,NA,Mason,Rudolph,PIT,QB,28,2
robust,14062,QB,0.07599999999999996,NA,0,0.07599999999999996,0.07599999999999996,-261.9625,-254.39900000000003,-270.4358,658,661,659,83,34,NA,NA,NA,NA,NA,NA,NA,NA,NA,Will,Grier,DAL,QB,28,1
robust,13404,RB,215.22250000000003,0.04447800000000168,2.730000000000018,200.77200000000002,220.79700000000003,102.26750000000001,89.792,105.06000000000003,1,4,2,1,1,8.6,4.21,2.97,0.01,5.911666666666667,2.204642198231319,-4.911666666666667,50.142,5.531134422521298,Austin,Ekeler,LAC,RB,28,3
robust,13130,RB,212.4925,22.9803,4.917500000000018,197.55,229.02300000000002,99.5375,86.57,113.28600000000003,2,5,1,2,1,3.05,1.5,0.92,0.5,2.9033333333333333,1.6517330965450268,-0.9033333333333333,56.70466666666667,7.6236502776265604,Christian,McCaffrey,SFO,RB,27,3
robust,12626,RB,207.575,4.596060000000033,3.5299999999999727,186.52,217.39000000000001,94.61999999999998,75.53999999999999,101.65300000000002,5,10,3,3,2,11.47,5.53,2.21,0.03,16.143333333333334,4.910236473146912,-11.143333333333334,39.82466666666667,6.449154225340115,Derrick,Henry,TEN,RB,29,4
robust,16161,RB,204.04500000000002,1.11195,2.7224999999999966,201.22500000000002,210.297,91.09,90.245,94.56,6,3,7,4,2,8.47,4.15,1.68,0.01,8.405,1.3290692231783867,-2.4049999999999994,64.65400000000001,26.192945462471386,Bijan,Robinson,ATL,RB,21,-3
robust,13610,RB,201.32250000000002,18.665934000000004,2.4850000000000136,182.25,215.63100000000003,88.3675,71.26999999999998,99.89400000000003,8,13,5,5,2,5.81,2.86,0.89,0.33,11.65,4.818464485704965,-3.6500000000000004,46.376000000000005,5.355608150963498,Nick,Chubb,CLE,RB,28,2
robust,14073,RB,198.8375,16.16034000000005,0.6550000000000011,186.65500000000003,209.56000000000003,85.8825,75.67500000000001,93.82300000000004,9,9,9,6,3,18.93,8.42,2.68,0.36,20.905,4.509389278679172,-11.905000000000001,32.814,7.30948005446808,Josh,Jacobs,LVR,RB,25,1
robust,14085,RB,198.1825,3.157937999999993,2.7549999999999955,181.14000000000004,205.91699999999997,85.22749999999999,70.160000000000025,90.17999999999998,11,15,10,7,3,15.47,7.14,1.69,0.01,17.058333333333334,3.3894808681500996,-6.058333333333334,35.49133333333334,6.066059969663631,Tony,Pollard,DAL,RB,26,1
robust,13604,RB,195.4275,9.058685999999977,2.2524999999999977,185.06000000000003,202.799,82.4725,74.08000000000001,87.06200000000001,12,12,12,8,3,14.52,6.67,1.32,0.08,10.688333333333333,3.2431795955341247,1.3116666666666674,45.79066666666667,5.253089334435077,Saquon,Barkley,NYG,RB,26,2
robust,14802,RB,193.175,10.155810000000033,18.954999999999984,185.25500000000002,200.01500000000001,80.22,74.275,84.27800000000002,14,11,14,9,4,14.26,6.62,3.11,0.19,16.451666666666668,5.239037496419441,-2.451666666666668,36.622,11.407774308192929,Jonathan,Taylor,IND,RB,24,0
robust,13131,RB,174.22000000000003,12.379710000000033,2.805000000000007,164.435,187.637,61.265000000000015,53.454999999999984,71.9,19,21,18,10,4,35.09,14.12,3.81,0.29,36.575,5.0349867593337985,-17.575000000000003,27.86066666666667,9.240639275624943,Joe,Mixon,CIN,RB,27,3
robust,13319,RB,171.41500000000002,13.86230999999999,0.21999999999999886,162.435,181.299,58.46000000000001,51.454999999999984,65.56200000000001,20,23,22,11,5,42.22,16.72,3.4,0.33,39.8,3.0407619659113947,-19.799999999999997,25.827333333333335,7.190300936369465,Aaron,Jones,GBP,RB,29,3
robust,15708,RB,171.19500000000002,15.715560000000034,4.195000000000022,161.06,182.28200000000004,58.24000000000001,50.079999999999984,66.54500000000004,21,24,21,12,5,35.35,14.09,3.94,0.44,32.02,5.453222289007971,-11.020000000000003,23.877333333333333,7.0271407809688515,Breece,Hall,NYJ,RB,22,-2
robust,15253,RB,167,0.5189100000000337,0.7150000000000034,154.85500000000002,171.865,54.04499999999999,43.875,56.128000000000014,23,29,27,13,5,33.06,13.4,2.83,0.01,31.888333333333335,4.299288377808073,-8.888333333333335,24.65266666666667,5.641612141538581,Travis,Etienne,JAC,RB,24,-1
robust,15259,RB,166.285,4.744319999999983,0.7949999999999875,158.22,182.646,53.329999999999984,47.23999999999998,66.90899999999999,24,26,20,14,5,27.38,11.41,2.75,0.06,29.55,6.454011672337343,-5.550000000000001,25.756666666666668,5.429157904827925,Rhamondre,Stevenson,NEP,RB,25,-1
robust,15254,RB,165.49,19.199670000000026,3.2150000000000034,153.295,178.54899999999998,52.535,42.31499999999997,62.81199999999998,26,32,23,15,6,30.58,12.69,2.84,0.5,28.381666666666668,3.421755965712472,-2.3816666666666677,26.874666666666666,3.341385474453505,Najee,Harris,PIT,RB,25,-1
robust,14223,RB,162.275,13.343399999999999,0.3400000000000034,153.8,171.35000000000002,49.31999999999999,42.81999999999999,55.61300000000003,30,31,28,16,6,56.01,21.35,6.09,0.51,61.236666666666665,15.70123632782534,-31.236666666666665,17.152,6.342484896841828,Alexander,Mattison,MIN,RB,25,1
robust,15711,RB,161.935,16.36790399999999,0.2874999999999943,151.05,172.23600000000002,48.97999999999999,40.06999999999999,56.499000000000024,31,37,26,17,6,41.86,16.44,3.29,0.41,42.471666666666664,5.934740703874282,-11.471666666666664,19.256,2.9770822404943167,Kenneth,Walker III,SEA,RB,23,-2
robust,15717,RB,161.6475,0.2075640000000219,2.877500000000026,158.00500000000002,163.126,48.692499999999995,47.025000000000006,47.38900000000001,32,27,34,18,6,55.42,21.49,3.46,0.02,48.26,13.659059264824938,-16.259999999999998,15.504666666666667,2.048808651116274,Dameon,Pierce,HOU,RB,23,-2
robust,13146,RB,158.76999999999998,5.856270000000025,3.082499999999982,154.095,165.23700000000002,45.81499999999997,43.11499999999998,49.50000000000003,33,30,33,19,7,59.07,22.79,3.73,0.11,63.778333333333336,7.973222720804651,-30.778333333333336,16.413333333333334,8.187231250890353,James,Conner,ARI,RB,28,3
robust,16162,RB,155.6875,0.37065,0.4825000000000159,146.07000000000002,159.525,42.73249999999999,35.09,43.78800000000001,35,40,37,20,7,43.67,17.09,4.25,0.03,37.57333333333333,10.382632400097556,-2.5733333333333306,35.367333333333335,20.80415986180542,Jahmyr,Gibbs,DET,RB,21,-3
robust,14079,RB,155.20499999999998,14.51465400000003,5.457499999999982,138.841,166.921,42.24999999999997,27.86099999999999,51.184,36,49,32,21,8,45.03,17.36,3.82,0.39,47.155,4.313647914855052,-11.155000000000001,20.831333333333337,5.567476108814682,Miles,Sanders,CAR,RB,26,1
robust,14800,RB,149.7475,3.4841099999999914,0.8100000000000023,147.23499999999999,152.896,36.79249999999999,36.25499999999997,37.15899999999999,39,39,44,22,8,48.33,18.99,4.38,0.09,56.605000000000004,11.848647953810314,-17.605000000000004,16.11466666666667,2.821943223304743,J.K.,Dobbins,BAL,RB,25,0
robust,15749,RB,148.9375,2.4462900000000083,0.24500000000000455,133.51000000000002,155.785,35.98249999999999,22.53,40.048,41,58,40,23,8,67.94,26.36,3.99,0.06,68.51333333333334,10.215347386272391,-27.513333333333335,10.274666666666667,2.5939937462444966,Isiah,Pacheco,KCC,RB,24,-2
robust,14799,RB,148.6925,13.995743999999997,2.2549999999999955,127.151,162.206,35.73749999999998,16.170999999999978,46.468999999999994,42,62,36,24,8,49.45,19.56,4.08,0.39,57.913333333333334,7.92033388746263,-15.913333333333334,16.01,1.9368531178176636,Cam,Akers,LAR,RB,24,0
robust,14071,RB,146.4375,10.600590000000008,5.052500000000009,136.98000000000002,154.035,33.48249999999999,26,38.298,44,52,41,25,9,67.02,25.95,3.62,0.23,75.22666666666666,18.753543368891354,-31.22666666666666,12.588666666666667,6.152169554085959,David,Montgomery,DET,RB,26,1
robust,15256,RB,141.385,6.716178000000001,3.072499999999991,132.92700000000002,147.147,28.42999999999998,21.947000000000003,31.409999999999997,50,59,47,26,9,69.76,27.15,4.62,0.18,71.41666666666667,13.381357263828745,-21.41666666666667,14.097333333333335,5.753122128220661,Javonte,Williams,DEN,RB,23,-1
robust,15721,RB,138.3125,2.816940000000008,0.2074999999999818,116.48500000000001,147.76000000000002,25.357499999999987,5.5049999999999955,32.023000000000025,54,84,46,27,9,69,26.35,2.91,0.03,74.65,12.32273238098326,-20.650000000000006,10.377333333333334,3.633952974685036,Rachaad,White,TBB,RB,24,-2
robust,15715,RB,138.10500000000002,11.549453999999988,3.7825000000000273,125.88100000000001,147.121,25.150000000000006,14.900999999999996,31.384000000000015,55,66,48,28,10,76.19,28.9,4.46,0.32,82.93333333333334,10.019101201649221,-27.933333333333337,9.563333333333334,3.451785367345749,James,Cook,BUF,RB,24,-2
robust,13132,RB,134.3225,7.902258000000018,5.939999999999998,121.212,142.317,21.36749999999998,10.231999999999985,26.580000000000013,59,77,55,29,11,74.38,28.46,4.71,0.21,75.425,5.096762861529529,-16.424999999999997,15.404666666666667,9.508955264497896,Alvin,Kamara,NOS,RB,28,3
robust,14805,RB,128.3825,0.16308599999997808,0.15499999999997272,119.81400000000001,131.739,15.42749999999998,8.833999999999989,16.00200000000001,65,79,67,30,11,88.31,33.41,3.26,0.02,92.725,9.204306510179535,-27.724999999999994,6.408666666666668,3.391002342802036,AJ,Dillon,GBP,RB,25,0
robust,15716,RB,128.22750000000002,3.0393300000000165,0.8275000000000148,126.355,130.14399999999998,15.272500000000008,15.374999999999986,14.406999999999982,66,64,69,31,11,84.45,32.17,4.31,0.08,92.07833333333333,25.102055305403887,-26.078333333333333,6.499333333333333,2.6298442708435967,Brian,Robinson,WAS,RB,24,-2
robust,14797,RB,127.4,1.0378200000000042,13.45750000000001,126.57000000000001,128.54999999999998,14.444999999999993,15.58999999999999,12.812999999999988,68,63,73,32,12,77.27,29.27,4.15,0.04,69.14166666666667,10.10563278023147,-1.1416666666666657,10.839333333333334,4.518949828838064,D'Andre,Swift,PHI,RB,24,0
robust,13133,RB,113.9425,1.0674719999999982,0.012499999999988631,111.19500000000001,115.398,0.987499999999983,0.2149999999999892,-0.33899999999999864,91,95,97,33,12,106.07,39.49,5.09,0.07,113.36666666666666,11.771477769969616,-22.36666666666666,6.4,4.83421141449151,Samaje,Perine,DEN,RB,28,3
robust,13608,RB,113.93,0.6375180000000101,0.9749999999999943,110.263,122.845,0.9749999999999943,-0.717000000000013,7.108000000000004,92,99,78,34,12,86.9,32.72,4.8,0.05,93.526,8.641332304685431,-1.5259999999999962,8.06,5.0976334378480646,Rashaad,Penny,PHI,RB,27,2
robust,15271,RB,112.95500000000001,1.1860799999999958,1.4749999999999943,110.98000000000002,116.93800000000002,0,0,1.2010000000000218,95,96,94,35,12,90.73,34.08,5.15,0.07,100.55166666666666,10.991564063205724,-5.551666666666662,5.996666666666667,3.2131016513988824,Khalil,Herbert,CHI,RB,25,-1
robust,14017,RB,111.48000000000002,NA,0.6950000000000074,111.48000000000002,111.48000000000002,-1.4749999999999943,0.5,-4.256999999999977,101,94,113,36,12,124.86,45.51,5.22,0.15,138.51,7.882696239231858,-37.50999999999999,3.5260000000000007,2.4260000000000006,Jeffery,Wilson,MIA,RB,28,2
robust,13139,RB,110.78500000000001,3.8102820000000106,4.094999999999999,107.457,115.737,-2.1700000000000017,-3.5230000000000246,0,104,104,96,37,13,100.38,37.53,4.36,0.1,97.58166666666666,10.743910549185008,6.4183333333333366,7.324666666666667,5.63238879655476,Jamaal,Williams,NOS,RB,28,3
robust,14852,RB,106.69000000000001,6.686525999999986,4.39500000000001,101.04500000000002,111.35900000000001,-6.265000000000001,-9.935000000000002,-4.377999999999986,119,128,115,38,14,97.51,36.32,4.22,0.16,108.825,20.249506784116985,10.174999999999997,6.4573333333333345,3.796709218374367,Antonio,Gibson,WAS,RB,25,0
robust,15263,RB,102.295,0.5782140000000008,0.9949999999999903,101.039,104.99900000000001,-10.66000000000001,-9.941000000000017,-10.737999999999985,133,129,128,39,14,111.2,41.15,3.47,0.02,124.97,14.874692153677222,8.030000000000001,3.7420000000000004,2.555048857980346,Elijah,Mitchell,SFO,RB,25,-1
robust,16169,RB,101.30000000000001,17.049899999999997,2.0374999999999943,90.05,113.99,-11.655000000000001,-20.93000000000002,-1.7469999999999999,135,164,106,40,14,109.46,40.67,5.36,0.58,113.31833333333333,28.368657245081042,21.681666666666672,10.344000000000001,10.325036497110638,Zach,Charbonnet,SEA,RB,22,-3
robust,12447,RB,99.26250000000002,5.485620000000025,1.1125000000000114,95.67,103.27499999999999,-13.692499999999995,-15.310000000000016,-12.462000000000003,141,149,132,41,14,133.17,48.27,5.49,0.19,129.66833333333332,11.774515441787354,11.331666666666678,5.1000000000000005,5.224582917962608,Raheem,Mostert,MIA,RB,31,5
robust,15712,RB,98.15,0.8895600000000126,6.33250000000001,97.22000000000001,98.84,-14.805000000000007,-13.760000000000005,-16.89699999999999,145,141,148,42,15,117.26,43.14,5.58,0.08,121.905,28.018057718787954,23.095,2.174666666666667,0.9554912639870424,Tyler,Allgeier,ATL,RB,23,-2
robust,14075,RB,91.8175,18.47319599999999,1.0349999999999966,80.09600000000002,104.351,-21.137500000000017,-30.884,-11.385999999999996,164,194,130,43,15,103.76,38.69,4.08,0.55,109.142,9.469965997827027,54.858000000000004,5.836666666666668,5.058789929968981,Damien,Harris,BUF,RB,26,1
robust,13134,RB,90.7825,8.020866000000016,2.267499999999984,83.034,96.75900000000001,-22.172500000000014,-27.946000000000012,-18.97799999999998,166,186,159,44,16,129.21,46.53,6.23,0.31,129.85,18.132270495813074,36.150000000000006,4.0873333333333335,3.3036627484589824,D'Onta,Foreman,CHI,RB,27,3
robust,14080,RB,88.51500000000001,8.421167999999989,0.5450000000000159,82.86800000000002,95.018,-24.439999999999998,-28.111999999999995,-20.718999999999994,175,187,174,45,16,131.78,47.85,4.96,0.24,137.72666666666666,9.909272873873688,37.27333333333334,4.585333333333334,4.552508856541511,Devin,Singletary,HOU,RB,26,1
robust,13850,RB,87.97,4.8184499999999995,2.0474999999999994,79.897,92.875,-24.985000000000014,-31.083000000000013,-22.861999999999995,176,195,179,46,16,153.74,53.09,7.01,0.25,151.272,14.836084928309084,24.72800000000001,3.2040000000000006,2.711246699705999,Gus,Edwards,BAL,RB,28,2
robust,15261,RB,85.9225,1.452948000000006,1.8875000000000028,82.31700000000001,87.852,-27.032500000000013,-28.66300000000001,-27.88499999999999,182,188,194,47,16,161.54,55.88,5.7,0.1,152.92000000000002,18.74330920622076,29.079999999999984,2.5573333333333337,1.7253601234396132,Chuba,Hubbard,CAR,RB,24,-1
robust,15742,RB,84.035,9.236598000000006,1.6599999999999966,78.077,89.777,-28.920000000000016,-32.90300000000002,-25.959999999999994,188,201,187,48,16,134.76,49.24,4.19,0.23,137.715,5.9213110879263935,50.285,4.604000000000001,4.2811749166165445,Jaylen,Warren,PIT,RB,25,-2
robust,15255,RB,82.375,3.558240000000008,0.36249999999999716,79.64,86.03,-30.580000000000013,-31.340000000000018,-29.706999999999994,192,196,199,49,17,154.85,53.68,6.14,0.17,148.78199999999998,15.722983686310934,43.21800000000002,2.6966666666666668,1.9152081407048747,Kenneth,Gainwell,PHI,RB,24,-1
robust,11761,RB,82.0125,19.64445,3.8299999999999983,69.325,95.92000000000002,-30.94250000000001,-41.655000000000015,-19.81699999999998,195,218,166,50,17,132.79,48.82,5.01,0.63,126.07666666666667,8.715018964727244,68.92333333333333,6.244666666666667,5.057624299565514,Jerick,McKinnon,KCC,RB,31,6
robust,16167,RB,78.1825,24.477726000000008,0.34499999999999886,49.26400000000001,98.44900000000001,-34.77250000000001,-61.71600000000001,-17.287999999999982,201,303,150,51,17,120.93,44.15,7.22,0.82,115.02833333333334,29.38138209630188,85.97166666666666,9.943333333333335,9.26331234254549,Devon,Achane,MIA,RB,22,-3
robust,16164,RB,77.8375,2.520420000000025,6.642499999999998,75.02000000000001,82.715,-35.11750000000001,-35.96000000000001,-33.02199999999999,203,209,206,52,18,151.55,52.26,9.26,0.34,127.45400000000001,25.52206229911682,75.54599999999999,5.268666666666667,4.936470083864471,Tank,Bigsby,JAC,RB,22,-3
robust,16168,RB,71.19500000000001,29.659412999999997,1.3250000000000028,53.19050000000001,89.1995,-41.760000000000005,-57.78950000000001,-26.537499999999994,215,272,190,53,18,254.88,74.32,9.44,0.94,152.86,61.396866369546906,62.139999999999986,3.0480000000000005,NA,Israel,Abanikanda,NYJ,RB,21,-3
robust,16175,RB,69.87,46.538813999999974,0.7775000000000034,41.53900000000001,98.329,-43.08500000000001,-69.441,-17.408,217,353,151,54,18,156.51,53.81,10.36,0.99,131.036,28.44953257964004,85.964,5.614000000000002,6.17880829934058,Roschon,Johnson,CHI,RB,22,-3
robust,11225,RB,69.0925,5.4856200000000035,0.7750000000000057,65.223,72.63,-43.86250000000001,-45.75700000000002,-43.107,219,228,233,55,19,193.16,62.13,10.35,0.52,148.565,19.215981846716378,70.435,2.5753333333333335,2.150544943858546,Cordarrelle,Patterson,ATL,RB,32,7
robust,13726,RB,68.3175,5.144622000000019,1.8049999999999926,64.46,71.723,-44.63750000000002,-46.520000000000024,-44.013999999999996,221,230,237,56,19,235.74,69.93,8.67,0.4,174.65333333333334,13.71734992222947,46.346666666666664,2.123,1.0930000000000004,Chase,Edmonds,TBB,RB,27,2
robust,15713,RB,66.5125,11.193630000000006,1.5075000000000074,56.705000000000005,81.14000000000001,-46.44250000000001,-54.27500000000001,-34.59699999999998,227,257,212,57,19,170.19,57.81,6.83,0.5,157.54666666666665,6.309386305779312,69.45333333333335,4.337000000000001,3.0070000000000006,Jerome,Ford,CLE,RB,24,-2
robust,14803,RB,65.005,19.511015999999994,0.8899999999999864,49.516,86.32600000000001,-47.95000000000002,-61.46400000000002,-29.410999999999987,232,301,198,58,19,175.4,57.7,7.61,0.74,153.774,23.15184882466193,78.226,2.949333333333334,2.6153522813486445,Clyde,Edwards-Helaire,KCC,RB,24,0
robust,16165,RB,64.11500000000001,5.530097999999995,0.3100000000000094,56.67300000000001,78.093,-48.84,-54.30700000000001,-37.64399999999999,236,258,220,59,19,208.49,65.42,9.45,0.47,138.11333333333334,39.443843907791525,97.88666666666666,5.158000000000001,3.8180000000000014,Tyjae,Spears,TEN,RB,22,-3
robust,14807,RB,63.805,21.957305999999992,0.884999999999998,48.281000000000006,82.841,-49.15000000000001,-62.69900000000001,-32.896,237,309,205,60,19,208.82,64.88,7.19,0.77,178.86333333333334,12.861706297723051,58.136666666666656,3.701,2.6109999999999998,Joshua,Kelley,LAC,RB,26,0
robust,15258,RB,62.92,7.235087999999998,2.094999999999999,58.528,67.312,-50.03500000000001,-52.45200000000002,-48.425,239,243,252,61,20,212.48,65.01,8.53,0.47,161.68,19.654909056009387,77.32,2.384,1.7595847995100056,Michael,Carter,NYJ,RB,24,-1
robust,16181,RB,60.825,3.3358499999999998,2.1400000000000006,54.824999999999996,73.185,-52.13000000000001,-56.15500000000002,-42.55199999999999,249,266,230,62,20,233.05,69.51,10.68,0.48,133.8,48.17999999999999,115.19999999999999,4.037000000000001,2.947000000000001,Chase,Brown,CIN,RB,23,-3
robust,15727,RB,58.685,0.3187589999999998,1.0074999999999932,58.491499999999995,58.8785,-54.27000000000001,-52.48850000000002,-56.85849999999999,254,244,283,63,20,273.64,78.88,9.68,0.27,NA,NA,NA,1.8240000000000003,NA,Zonovan,Knight,NYJ,RB,22,-2
robust,13606,RB,57.67750000000001,1.0971240000000135,0.7475000000000094,53.184,68.295,-55.2775,-57.79600000000002,-47.44199999999999,258,273,248,64,20,288.88,82.44,8.3,0.22,NA,NA,NA,1.8480000000000003,NA,Ronald,Jones,DAL,RB,26,2
robust,15734,RB,56.93,4.744320000000004,1.0949999999999918,51.268,60.88,-56.02500000000001,-59.71200000000002,-54.85699999999999,262,288,277,65,20,283.47,82.56,13.6,0.68,222.3,NA,39.69999999999999,4.6080000000000005,NA,Keaontay,Ingram,ARI,RB,24,-2
robust,16171,RB,55.83500000000001,29.177568000000008,1.542500000000004,32.18200000000001,75.83200000000002,-57.120000000000005,-78.798,-39.90499999999997,267,392,223,66,21,147.33,51.91,7.07,0.87,128.906,29.574275037606586,138.094,7.2780000000000005,8.27802118061235,Kendre,Miller,NOS,RB,21,-3
robust,15723,RB,54.292500000000004,6.390006000000003,0.605000000000004,42.181,79.57600000000001,-58.66250000000001,-68.79900000000002,-36.16099999999999,275,348,216,67,21,252.38,75.64,13.15,0.69,181.41333333333333,18.952045330840214,93.58666666666667,3.104,2.104,Ty,Chandler,MIN,RB,25,-2
robust,15710,RB,53.6875,3.113460000000002,0.43250000000000455,47.910000000000004,65.685,-59.26750000000001,-63.070000000000014,-50.05199999999999,277,313,261,68,21,260.25,75.09,8.4,0.28,207.44,NA,69.56,0.9680000000000001,0.03199999999999992,Kyren,Williams,LAR,RB,23,-2
robust,16173,RB,53.254999999999995,24.974396999999993,1.1949999999999932,38.094500000000004,68.41549999999998,-59.70000000000002,-72.88550000000001,-47.321500000000015,282,372,245,69,21,304.9,87.21,10.11,0.9,77.48,NA,204.51999999999998,3.9600000000000004,NA,Eric,Gray,NYG,RB,24,-3
robust,15733,RB,52.06,NA,1.3175000000000026,52.06,52.06,-60.89500000000001,-58.920000000000016,-63.67699999999999,289,281,322,70,21,212.47,65.57,6.21,0.25,192.345,17.224999999999994,96.655,1.8440000000000003,0.8440000000000003,Pierre,Strong Jr.,NEP,RB,25,-2
robust,13136,RB,50.7425,1.6753380000000038,1.2274999999999991,39.183,79.17,-62.21250000000001,-71.79700000000003,-36.56699999999999,298,368,218,71,21,343.6,103.46,13.8,0.61,NA,NA,NA,1.1760000000000002,NA,Corey,Clement,ARI,RB,29,3
robust,15972,RB,49.515,27.405860999999998,1.6799999999999926,32.87850000000001,66.1515,-63.44000000000001,-78.10150000000002,-49.585499999999996,302,388,258,72,22,292.15,83.64,9.21,0.9,209.8,NA,92.19999999999999,1.4400000000000002,NA,Jordan,Mason,SFO,RB,24,-2
robust,15714,RB,47.83500000000001,7.509369000000001,2.2675000000000054,43.276500000000006,52.3935,-65.12,-67.70350000000002,-63.34349999999999,314,341,320,73,22,181.81,59.23,7.52,0.4,150.494,14.534598171260189,163.506,3.1833333333333336,2.246246251465369,Zamir,White,LVR,RB,24,-2
robust,11390,RB,45.5675,23.187864000000012,2.0774999999999935,26.831000000000003,61.43600000000001,-67.38750000000002,-84.14900000000002,-54.30099999999999,327,415,273,74,22,282.77,80.44,8.15,0.83,198.25,NA,128.75,1.7240000000000002,0.7240000000000002,Latavius,Murray,BUF,RB,33,7
robust,15709,RB,43.49000000000001,0.6078660000000001,0.12750000000000483,43.121,43.85900000000001,-69.465,-67.85900000000001,-71.87799999999999,340,342,357,75,22,256.18,73.68,8.08,0.2,NA,NA,NA,0.8160000000000002,NA,Isaiah,Spiller,LAC,RB,22,-2
robust,15738,RB,43.362500000000004,15.048389999999998,1.1649999999999991,26.590000000000003,55.435,-69.5925,-84.39000000000001,-60.30199999999999,341,416,303,76,22,260.23,76.64,13.76,0.86,174.965,45.935,166.035,7.536000000000001,NA,Malik,Davis,DAL,RB,25,-2
robust,14798,RB,42.197500000000005,24.878028,3.1875,25.477000000000004,57.922,-70.75750000000001,-85.50300000000001,-57.815,346,422,289,77,23,266.27,76.93,10.24,0.9,187.815,12.824999999999989,158.185,2.7200000000000006,1.7200000000000006,Zack,Moss,IND,RB,26,0
robust,15719,RB,39.010000000000005,11.994233999999999,0.30750000000000455,31.729,46.291,-73.94500000000001,-79.25100000000002,-69.446,359,395,350,78,23,324.78,93.14,11.65,0.75,NA,NA,NA,1.0800000000000003,NA,Kevin,Harris,NEP,RB,23,-2
robust,14076,RB,38.7025,10.15581,0.17499999999999716,28.384000000000004,46.465,-74.25250000000001,-82.59600000000002,-69.27199999999999,361,403,349,79,23,307.63,90.28,13.96,0.8,135.87,NA,225.13,3.1680000000000006,NA,Trayveon,Williams,CIN,RB,26,1
robust,16163,RB,38.5275,19.155191999999992,0.2150000000000034,25.723000000000003,50.608,-74.42750000000001,-85.25700000000002,-65.12899999999999,362,418,326,80,23,232.35,69.56,6.63,0.69,140.325,58.075,221.675,3.3200000000000007,2.3200000000000007,Zach,Evans,LAR,RB,22,-3
robust,13378,RB,38.3125,0.7413,0.8275000000000006,36.35000000000001,42.69500000000001,-74.64250000000001,-74.63000000000001,-73.04199999999999,363,377,360,81,23,284.58,81.56,8.28,0.21,224.87,NA,138.13,1.3040000000000003,0.30400000000000016,Matt,Breida,NYG,RB,28,3
robust,14821,RB,37.485,19.377582,0.6499999999999986,23.007000000000005,56.307,-75.47000000000001,-87.97300000000001,-59.42999999999999,367,441,297,82,23,298.03,84.71,8.57,0.77,NA,NA,NA,1.008,NA,JaMycal,Hasty,JAC,RB,27,0
robust,12630,RB,36.835,7.012698000000006,0.11999999999999744,23.907000000000004,44.42700000000001,-76.12,-87.07300000000001,-71.30999999999999,375,431,355,83,23,325.81,93.9,9.39,0.52,NA,NA,NA,2.5920000000000005,NA,Kenyan,Drake,IND,RB,29,4
robust,12155,RB,36.715,2.4314640000000005,0.48499999999999943,28.724000000000004,55.13,-76.24000000000001,-82.25600000000001,-60.60699999999999,376,402,306,84,23,334.52,101.69,14.21,0.64,NA,NA,NA,1.3920000000000001,NA,Ameer,Abdullah,LVR,RB,30,5
robust,15277,RB,36.230000000000004,16.264122,0.39750000000000085,26.357000000000003,46.103,-76.72500000000001,-84.62300000000002,-69.63399999999999,381,417,352,85,23,320.05,95.04,12.68,0.85,174.515,15.24499999999999,206.485,2.994,1.8540000000000005,Deon,Jackson,IND,RB,24,-1
robust,14810,RB,35.8325,5.782139999999997,0.8725000000000023,31.107,39.81,-77.1225,-79.87300000000002,-75.92699999999999,385,397,374,86,23,315.13,92.42,12.01,0.63,221.63,NA,163.37,2.7600000000000002,NA,Ke'Shawn,Vaughn,TBB,RB,26,0
robust,15414,RB,34.96,12.364884000000002,0.27250000000000085,27.454000000000004,42.46600000000001,-77.995,-83.52600000000001,-73.27099999999999,390,411,361,87,23,332.21,98.17,11.01,0.73,NA,NA,NA,1.1280000000000001,NA,Kene,Nwangwu,MIN,RB,25,-1
robust,12261,RB,34.6875,14.677739999999996,1.5300000000000011,23.590000000000003,49.285,-78.26750000000001,-87.39000000000001,-66.452,391,437,330,88,24,329.65,101.5,16.39,0.92,NA,NA,NA,1.5120000000000002,NA,Ty,Montgomery,NEP,RB,30,5
robust,15973,RB,33.1575,8.406341999999997,0.0049999999999954525,27.897000000000002,38.67,-79.79750000000001,-83.08300000000001,-77.067,398,408,380,89,24,316.32,100.08,16.06,0.83,NA,NA,NA,0.43200000000000005,NA,Raheem,Blackshear,CAR,RB,25,-2
robust,16176,RB,33.1525,1.5715560000000033,1.0625,23.884999999999998,37.304,-79.80250000000001,-87.09500000000003,-78.43299999999999,399,433,385,90,24,290.47,83.91,9.89,0.34,149.31,64.65,249.69,4.152,NA,Deuce,Vaughn,DAL,RB,22,-3
robust,12151,RB,32.09,NA,0.485000000000003,32.09,32.09,-80.86500000000001,-78.89000000000001,-83.64699999999999,401,394,414,91,24,319.07,91.34,8.11,0.54,210.66,NA,190.34,2.7840000000000003,NA,Melvin,Gordon,BAL,RB,30,5
robust,15720,RB,31.605,4.440387000000001,0.03500000000000014,28.909499999999998,34.3005,-81.35000000000001,-82.07050000000002,-81.4365,403,401,407,92,24,319.77,90.47,8.06,0.32,NA,NA,NA,NA,NA,Hassan,Haskins,TEN,RB,24,-2
robust,13617,RB,31.57,NA,2.245000000000001,31.57,31.57,-81.38500000000002,-79.410000000000025,-84.167,404,396,415,93,24,353.67,117,11.8,0.84,NA,NA,NA,NA,NA,Royce,Freeman,LAR,RB,27,2
robust,14727,RB,29.325,11.823734999999996,1.7099999999999973,22.1475,36.5025,-83.63000000000001,-88.83250000000001,-79.2345,410,448,393,94,24,349.1,109.27,9.75,0.67,NA,NA,NA,NA,NA,Craig,Reynolds,DET,RB,27,1
robust,11367,RB,27.615000000000002,11.542040999999998,0.07000000000000028,20.608500000000003,34.6215,-85.34,-90.37150000000001,-81.1155,417,460,406,95,25,373,118.1,13.48,0.81,NA,NA,NA,NA,NA,Kyle,Juszczyk,SFO,RB,32,7
robust,14828,RB,27.545,18.317522999999998,0.370000000000001,16.425500000000003,38.6645,-85.41000000000001,-94.55450000000002,-77.07249999999999,418,496,381,96,25,315,104.33,13.6,0.9,NA,NA,NA,NA,NA,Tony,Jones,DEN,RB,26,0
robust,14815,RB,27.175,6.931155,0.34750000000000014,22.9675,31.3825,-85.78000000000002,-88.01250000000002,-84.3545,421,442,417,97,25,333.97,95.98,7.55,0.38,NA,NA,NA,2.9520000000000004,NA,DeeJay,Dallas,SEA,RB,25,0
robust,16174,RB,26.8275,0.6226919999999972,0.32250000000000156,24.363,28.008,-86.12750000000001,-86.61700000000002,-87.729,422,427,422,98,25,320.33,96.5,13.49,0.56,84.23,NA,337.77,4.272000000000001,NA,Chris,Rodriguez,WAS,RB,23,-3
robust,15462,RB,26.505,12.594687,0.884999999999998,18.859499999999997,34.1505,-86.45000000000002,-92.12050000000002,-81.5865,423,467,408,99,25,350.67,120.17,15.36,0.87,NA,NA,NA,NA,NA,Gary,Brightwell,NYG,RB,24,-1
robust,16180,RB,25.62,2.846591999999997,0.0849999999999973,23.892000000000003,27.348,-87.33500000000001,-87.08800000000002,-88.389,425,432,426,100,25,279.35,80.79,10.86,0.47,143.495,57.945,281.505,6.024,NA,Evan,Hull,IND,RB,23,-3
robust,14083,RB,25.535000000000004,1.11195,0.32500000000000284,21.831,27.375000000000004,-87.42000000000002,-89.14900000000002,-88.362,426,454,425,101,25,377.71,117.21,11.95,0.49,NA,NA,NA,NA,NA,Travis,Homer,CHI,RB,25,1
robust,16179,RB,25.21,2.9800260000000023,0.134999999999998,23.401,27.019000000000002,-87.745,-87.57900000000002,-88.71799999999999,428,439,428,102,25,268.49,77.72,8.66,0.3,77.61,NA,350.39,3.3800000000000003,2.3800000000000003,DeWayne,McBride,MIN,RB,22,-3
robust,13814,RB,25.075000000000003,2.260964999999998,1.0950000000000024,23.702500000000004,26.4475,-87.88000000000001,-87.27750000000002,-89.28949999999999,429,435,432,103,25,274.24,78.32,8.36,0.25,NA,NA,NA,1.2720000000000002,NA,Boston,Scott,PHI,RB,28,2
robust,16166,RB,23.98,NA,0.4800000000000004,23.98,23.98,-88.97500000000001,-87.00000000000001,-91.75699999999999,430,430,447,104,25,297.01,84.52,8.47,0.57,155.555,73.84500000000001,274.445,3.8160000000000007,NA,Sean,Tucker,TBB,RB,22,-3
robust,15743,RB,23.5,0,0.375,23.5,23.5,-89.45500000000001,-87.48000000000002,-92.237,433,438,450,105,25,NA,NA,NA,0.01,NA,NA,NA,NA,NA,Sincere,McCormick,LVR,RB,23,-2
robust,14331,RB,23.125,1.742055000000001,0.4499999999999993,22.0675,24.1825,-89.83000000000001,-88.91250000000002,-91.55449999999999,437,450,445,106,25,271.09,78.92,10.82,0.42,206.1,NA,230.9,1.2920000000000003,0.29200000000000015,D'Ernest,Johnson,JAC,RB,27,1
robust,11886,RB,22.675,6.857024999999999,0.08500000000000085,18.512500000000003,26.8375,-90.28000000000002,-92.46750000000002,-88.89949999999999,438,472,430,107,25,313,101,15.98,0.81,NA,NA,NA,NA,NA,Damien,Williams,LVR,RB,31,6
robust,14817,RB,22.59,NA,0.05999999999999872,22.59,22.59,-90.36500000000001,-88.39000000000001,-93.14699999999999,439,443,457,108,25,NA,134,11.94,0.85,NA,NA,NA,NA,NA,Patrick,Taylor,GBP,RB,25,0
robust,14827,RB,22.53,NA,0.06499999999999773,22.53,22.53,-90.42500000000001,-88.45000000000002,-93.207,440,444,459,109,25,360,NA,NA,NA,NA,NA,NA,NA,NA,J.J.,Taylor,NEP,RB,25,0
robust,14804,RB,22.465000000000003,0.4966709999999986,0.1650000000000027,22.163500000000003,22.7665,-90.49000000000001,-88.81650000000002,-92.97049999999999,441,447,455,110,25,371,112.6,10.56,0.35,NA,NA,NA,NA,NA,Anthony,McFarland,PIT,RB,24,0
robust,15275,RB,22.3,NA,0.41499999999999915,22.3,22.3,-90.65500000000002,-88.68000000000002,-93.437,442,446,460,111,25,323.92,92.1,8.35,0.55,NA,NA,NA,1.8960000000000004,NA,Chris,Evans,CIN,RB,26,-1
robust,16170,RB,22.3,0.444780000000001,0,22.03,22.57,-90.65500000000002,-88.95000000000002,-93.167,442,452,458,111,25,316.88,91.29,12.16,0.48,91.71,NA,350.29,3.9360000000000004,NA,Kenny,McIntosh,SEA,RB,23,-3
robust,15725,RB,21.885,6.842198999999997,0.02500000000000213,17.731500000000004,26.0385,-91.07000000000001,-93.2485,-89.6985,445,482,434,112,25,353.5,120.63,8.69,0.46,NA,NA,NA,NA,NA,Snoop,Conner,JAC,RB,24,-2
robust,15746,RB,21.86,NA,0.1999999999999993,21.86,21.86,-91.09500000000001,-89.12000000000002,-93.877,446,453,461,113,25,301.08,85.92,10.1,0.72,NA,NA,NA,1.3440000000000003,NA,Tyrion,Davis-Price,SFO,RB,23,-2
robust,16391,RB,21.66,7.620564000000001,0.03500000000000014,17.034,26.286,-91.29500000000002,-93.94600000000003,-89.451,448,492,433,114,25,NA,NA,NA,0.35,NA,NA,NA,NA,NA,Hunter,Luepke,DAL,RB,23,-3
robust,13148,RB,21.625,6.634634999999999,0.514999999999997,17.5975,25.652500000000003,-91.33000000000001,-93.38250000000002,-90.08449999999999,449,483,438,115,25,NA,124,8.04,0.41,NA,NA,NA,NA,NA,Dare,Ogunbowale,HOU,RB,29,3
robust,14813,RB,21.110000000000003,NA,0.18000000000000327,21.110000000000003,21.110000000000003,-91.84500000000001,-89.87000000000002,-94.627,453,458,465,116,25,282.23,82.54,13.53,0.92,155.3,NA,297.7,2.2080000000000006,NA,James,Robinson,NYG,RB,25,0
robust,13619,RB,20.93,6.330701999999999,0.1999999999999993,17.087,24.773,-92.025,-93.89300000000001,-90.964,454,489,442,117,25,NA,128,7.07,0.31,NA,NA,NA,NA,NA,John,Kelly,CLE,RB,27,2
robust,14823,RB,20.73,5.589401999999999,0.05000000000000071,17.337,24.122999999999998,-92.22500000000001,-93.64300000000001,-91.614,455,487,446,118,26,300.5,107.29,17.08,0.82,NA,NA,NA,2.1600000000000006,NA,Rico,Dowdle,DAL,RB,25,0
robust,10932,RB,20.68,8.332212,0.8999999999999986,15.622000000000002,25.738,-92.275,-95.35800000000002,-89.999,456,502,437,119,26,337.8,117.22,14.51,0.78,NA,NA,NA,NA,NA,Brandon,Bolden,LVR,RB,33,8
robust,15040,RB,19.78,9.221772,0.4750000000000014,14.182,25.378,-93.17500000000001,-96.79800000000002,-90.359,459,511,440,120,26,NA,NA,NA,0.48,NA,NA,NA,NA,NA,Ty'Son,Williams,ARI,RB,27,0
robust,16359,RB,19.305,7.405587,0.3949999999999996,14.809500000000002,23.800500000000003,-93.65,-96.17050000000002,-91.9365,461,508,448,121,26,343,110.67,8.99,0.51,NA,NA,NA,2.5440000000000005,NA,Lew,Nichols,GBP,RB,22,-3
robust,12635,RB,18.91,NA,0.6400000000000006,18.91,18.91,-94.04500000000002,-92.07000000000002,-96.827,463,466,472,122,26,NA,122.5,9.5,0.68,NA,NA,NA,NA,NA,Jonathan,Williams,WAS,RB,29,4
robust,15270,RB,18.27,NA,0.7049999999999983,18.27,18.27,-94.68500000000002,-92.71000000000002,-97.467,469,475,476,123,26,343,116.5,15.14,0.96,NA,NA,NA,NA,NA,Demetric,Felton,CLE,RB,25,-1
robust,15270,RB,18.27,NA,0.7049999999999983,18.27,18.27,-94.68500000000002,-92.71000000000002,-97.467,469,475,476,123,26,343,151.75,30.09,0.99,NA,NA,NA,NA,NA,Demetric,Felton,CLE,RB,25,-1
robust,15953,RB,17.565,8.799230999999999,0.495000000000001,12.223500000000001,22.9065,-95.39000000000001,-98.75650000000002,-92.8305,471,526,454,124,26,NA,110.5,10.5,0.63,NA,NA,NA,NA,NA,Brittain,Brown,LVR,RB,26,-2
robust,16380,RB,17.07,NA,0.14999999999999858,17.07,17.07,-95.88500000000002,-93.910000000000025,-98.667,474,490,478,125,26,284.57,84.08,15.38,0.97,147.95,61.38000000000001,326.05,2.984,1.984,Deneric,Prince,KCC,RB,23,-3
robust,15960,RB,16.92,9.458988,0.3099999999999987,11.178,22.662,-96.03500000000001,-99.80200000000002,-93.07499999999999,475,539,456,126,26,NA,135.8,10.85,0.67,NA,NA,NA,NA,NA,Zander,Horvath,LAC,RB,25,-2
robust,15718,RB,16.610000000000003,NA,0.490000000000002,16.610000000000003,16.610000000000003,-96.34500000000001,-94.37000000000002,-99.127,476,495,481,127,26,355.5,118.6,8.55,0.59,NA,NA,NA,NA,NA,Tyler,Badie,DEN,RB,23,-2
robust,14811,RB,16.12,NA,0.4400000000000013,16.12,16.12,-96.83500000000001,-94.86000000000001,-99.61699999999999,477,497,484,128,26,330.58,95.08,7.69,0.49,NA,NA,NA,NA,NA,Salvon,Ahmed,MIA,RB,25,0
robust,16172,RB,15.68,NA,0.23999999999999844,15.68,15.68,-97.275,-95.30000000000001,-100.05699999999999,480,501,485,129,26,384.33,117.36,7.43,0.44,NA,NA,NA,3.7680000000000007,NA,Mohamed,Ibrahim,DET,RB,25,-3
robust,14081,RB,15.440000000000001,NA,1.240000000000002,15.440000000000001,15.440000000000001,-97.51500000000001,-95.54000000000002,-100.297,483,504,486,130,26,341.59,99.02,6.98,0.37,NA,NA,NA,NA,NA,Myles,Gaskin,MIA,RB,26,1
robust,14086,RB,14.2,NA,1.2199999999999989,14.2,14.2,-98.75500000000001,-96.78000000000002,-101.53699999999999,487,510,489,131,27,358,111.58,13.94,0.94,NA,NA,NA,NA,NA,Justice,Hill,BAL,RB,26,1
robust,15046,RB,12.98,NA,0.34999999999999964,12.98,12.98,-99.97500000000001,-98.00000000000001,-102.75699999999999,492,519,495,132,27,NA,NA,NA,NA,NA,NA,NA,NA,NA,Kirk,Merritt,NOS,WR,26,0
robust,15103,RB,12.63,NA,1.4700000000000006,12.63,12.63,-100.32500000000002,-98.35000000000002,-103.107,494,524,497,133,27,NA,137,9.22,0.65,NA,NA,NA,NA,NA,Reggie,Gilliam,BUF,RB,26,0
robust,16178,RB,11.16,NA,0.15000000000000036,11.16,11.16,-101.79500000000002,-99.82000000000002,-104.577,500,540,501,134,27,320.8,110.25,13.6,0.93,NA,NA,NA,2.6880000000000006,NA,Keaton,Mitchell,BAL,RB,NA,-3
robust,14420,RB,11.01,NA,0.5899999999999981,11.01,11.01,-101.94500000000001,-99.97000000000001,-104.72699999999999,501,543,502,135,27,NA,120.4,11.79,0.84,NA,NA,NA,NA,NA,Alec,Ingold,MIA,RB,27,1
robust,13868,RB,10.420000000000002,NA,0.0400000000000027,10.420000000000002,10.420000000000002,-102.53500000000001,-100.56000000000002,-105.317,506,558,505,136,27,363.6,114.07,10.15,0.73,NA,NA,NA,NA,NA,Mike,Boone,HOU,RB,28,2
robust,14808,RB,10.379999999999999,NA,0.16999999999999993,10.379999999999999,10.379999999999999,-102.57500000000002,-100.60000000000002,-105.357,507,559,506,137,27,NA,131.17,5.05,0.13,NA,NA,NA,NA,NA,Darrynton,Evans,BUF,RB,25,0
robust,15272,RB,10.209999999999999,NA,0.46999999999999886,10.209999999999999,10.209999999999999,-102.74500000000002,-100.77000000000002,-105.527,508,564,508,138,27,NA,129,12.25,0.86,NA,NA,NA,NA,NA,Larry,Rountree,LAC,RB,25,-1
robust,15257,RB,9.74,NA,0.1999999999999993,9.74,9.74,-103.21500000000002,-101.24000000000002,-105.997,510,566,511,139,27,355.67,117,8.51,0.58,NA,NA,NA,NA,NA,Trey,Sermon,PHI,RB,24,-1
robust,15748,RB,9.540000000000001,NA,0.09999999999999964,9.540000000000001,9.540000000000001,-103.415,-101.44000000000001,-106.19699999999999,512,570,512,140,27,NA,122.09,9.82,0.7,NA,NA,NA,NA,NA,Trestan,Ebner,CHI,RB,24,-2
robust,12923,RB,9.440000000000001,NA,0.6300000000000008,9.440000000000001,9.440000000000001,-103.51500000000001,-101.54000000000002,-106.297,513,572,514,141,27,NA,127,13.37,0.91,NA,NA,NA,NA,NA,C.J.,Ham,MIN,RB,30,4
robust,15965,RB,8.81,NA,0.14000000000000057,8.81,8.81,-104.14500000000001,-102.17000000000002,-106.92699999999999,517,575,518,142,27,NA,126.43,5.07,0.14,NA,NA,NA,NA,NA,Julius,Chestnut,TEN,RB,23,-2
robust,14098,RB,8.67,NA,0.2599999999999998,8.67,8.67,-104.28500000000001,-102.31000000000002,-107.067,519,579,520,143,27,NA,NA,NA,NA,NA,NA,NA,NA,NA,Damarea,Crockett,NYJ,RB,26,1
robust,15480,RB,8.41,NA,0.019999999999999574,8.41,8.41,-104.54500000000002,-102.57000000000002,-107.327,523,580,521,144,27,NA,NA,NA,NA,NA,NA,NA,NA,NA,Jake,Funk,IND,RB,25,-1
robust,15262,RB,8.39,NA,0.07000000000000028,8.39,8.39,-104.56500000000001,-102.59000000000002,-107.347,524,581,522,145,27,NA,137.33,11.03,0.8,NA,NA,NA,NA,NA,Jermar,Jefferson,DET,RB,23,-1
robust,14806,RB,8.32,NA,0.8300000000000001,8.32,8.32,-104.63500000000002,-102.66000000000003,-107.417,525,582,524,146,27,NA,NA,NA,NA,NA,NA,NA,NA,NA,Lamical,Perine,KCC,RB,25,0
robust,15042,RB,7.49,NA,0.02999999999999936,7.49,7.49,-105.46500000000002,-103.49000000000002,-108.247,531,587,526,147,27,NA,139,9,0.64,NA,NA,NA,NA,NA,Jonathan,Ward,TEN,RB,26,0
robust,14097,RB,7.460000000000001,NA,0.11000000000000032,7.460000000000001,7.460000000000001,-105.495,-103.52000000000001,-108.27699999999999,532,588,527,148,27,NA,NA,NA,NA,NA,NA,NA,NA,NA,Qadree,Ollison,JAC,RB,27,1
robust,13455,RB,7.3500000000000005,NA,0.08000000000000007,7.3500000000000005,7.3500000000000005,-105.60500000000002,-103.63000000000002,-108.387,533,589,528,149,27,NA,129.89,10.95,0.79,NA,NA,NA,NA,NA,Patrick,Ricard,BAL,RB,29,3
robust,15054,RB,7.3500000000000005,NA,0,7.3500000000000005,7.3500000000000005,-105.60500000000002,-103.63000000000002,-108.387,533,589,528,149,27,NA,82,9.87,0.71,NA,NA,NA,NA,NA,Giovanni,Ricci,CAR,TE,27,0
robust,14612,RB,7.2700000000000005,NA,0.04999999999999982,7.2700000000000005,7.2700000000000005,-105.68500000000002,-103.71000000000002,-108.467,534,590,529,150,27,NA,NA,NA,NA,NA,NA,NA,NA,NA,Patrick,Laird,TBB,RB,28,1
robust,15276,RB,7.220000000000001,NA,0.040000000000000036,7.220000000000001,7.220000000000001,-105.73500000000001,-103.76000000000002,-108.517,535,591,530,151,27,NA,NA,NA,NA,NA,NA,NA,NA,NA,Spencer,Brown,CAR,RB,25,-1
robust,14011,RB,7.180000000000001,NA,0.20000000000000018,7.180000000000001,7.180000000000001,-105.775,-103.80000000000001,-108.55699999999999,536,592,532,152,28,NA,NA,NA,NA,NA,NA,NA,NA,NA,Godwin,Igwebuike,ATL,RB,29,2
robust,13906,RB,6.98,NA,0.0600000000000005,6.98,6.98,-105.97500000000001,-104.00000000000001,-108.75699999999999,537,594,534,153,28,NA,NA,NA,NA,NA,NA,NA,NA,NA,Jason,Cabinda,DET,LB,27,2
robust,15454,RB,6.92,NA,0.03999999999999915,6.92,6.92,-106.03500000000001,-104.06000000000002,-108.817,538,595,536,154,28,NA,123.33,8.18,0.54,NA,NA,NA,NA,NA,Avery,Williams,ATL,RB,25,-1
robust,15503,RB,6.880000000000001,NA,0.08999999999999986,6.880000000000001,6.880000000000001,-106.07500000000002,-104.10000000000002,-108.857,540,596,537,155,28,NA,NA,NA,NA,NA,NA,NA,NA,NA,Nate,McCrary,GBP,RB,24,-1
robust,15260,RB,6.790000000000001,NA,0.010000000000000675,6.790000000000001,6.790000000000001,-106.165,-104.19000000000001,-108.94699999999999,541,597,538,156,28,NA,124,18.83,0.99,NA,NA,NA,NA,NA,Jaret,Patterson,WAS,RB,24,-1
robust,15726,RB,6.78,NA,0.22999999999999954,6.78,6.78,-106.17500000000001,-104.20000000000002,-108.957,542,598,539,157,28,NA,128,7.35,0.43,NA,NA,NA,NA,NA,Ronnie,Rivers,LAR,RB,24,-2
robust,15488,RB,6.550000000000001,NA,0.6800000000000006,6.550000000000001,6.550000000000001,-106.40500000000002,-104.43000000000002,-109.187,545,599,540,158,28,NA,NA,NA,NA,NA,NA,NA,NA,NA,Gerrid,Doaks,HOU,RB,25,-1
robust,16390,RB,5.87,NA,0.9299999999999997,5.87,5.87,-107.08500000000001,-105.11000000000001,-109.86699999999999,551,600,545,159,28,NA,111,20.41,0.99,NA,NA,NA,NA,NA,Jaleel,McLaughlin,DEN,RB,24,-3
robust,12325,RB,4.94,NA,0.040000000000000036,4.94,4.94,-108.01500000000001,-106.04000000000002,-110.797,558,602,548,160,28,NA,143.33,9.29,0.66,NA,NA,NA,NA,NA,Michael,Burton,DEN,RB,31,5
robust,15650,RB,4.9,NA,0.47000000000000064,4.9,4.9,-108.055,-106.08000000000001,-110.83699999999999,560,603,549,161,28,NA,149.5,7.5,0.45,NA,NA,NA,NA,NA,Adam,Prentice,NOS,RB,26,-1
robust,14973,RB,4.43,NA,0.6399999999999997,4.43,4.43,-108.525,-106.55000000000001,-111.30699999999999,567,604,554,162,28,NA,NA,NA,NA,NA,NA,NA,NA,NA,Jason,Huntley,IND,RB,25,0
robust,14552,RB,3.79,NA,0.21999999999999975,3.79,3.79,-109.165,-107.19000000000001,-111.94699999999999,575,605,558,163,28,NA,147.5,6.5,0.29,NA,NA,NA,NA,NA,Khari,Blasingame,CHI,RB,27,1
robust,12040,RB,3.5700000000000003,NA,0.5699999999999998,3.5700000000000003,3.5700000000000003,-109.38500000000002,-107.41000000000003,-112.167,584,606,560,164,28,NA,133.67,10.21,0.74,NA,NA,NA,NA,NA,Keith,Smith,ATL,RB,31,6
robust,14359,RB,3.0000000000000004,NA,1.1200000000000003,3.0000000000000004,3.0000000000000004,-109.95500000000001,-107.98000000000002,-112.737,591,607,567,165,28,NA,145.33,7.13,0.4,NA,NA,NA,NA,NA,Jakob,Johnson,LVR,RB,29,1
robust,15730,RB,1.8800000000000001,NA,1.1500000000000001,1.8800000000000001,1.8800000000000001,-111.07500000000002,-109.10000000000002,-113.857,598,608,585,166,28,NA,NA,NA,NA,NA,NA,NA,NA,NA,Tyler,Goodson,GBP,RB,23,-2
robust,16388,RB,0.73,NA,0,0.73,0.73,-112.22500000000001,-110.25000000000001,-115.00699999999999,605,609,597,167,28,NA,NA,NA,NA,NA,NA,NA,NA,NA,Khalan,Laborn,SFO,RB,24,-3
robust,14836,WR,200.09500000000003,0.9785159999999948,5.50750000000005,191.06400000000002,203.93400000000003,85.81750000000002,85.64400000000002,85.09700000000002,10,6,13,1,1,1.72,1.19,0.46,0.01,2.015,0.5560500576986452,7.984999999999999,52.647999999999996,10.83599532422687,Justin,Jefferson,MIN,WR,24,0
robust,15281,WR,194.58749999999998,15.937949999999999,5.789999999999964,175.78000000000003,207.77499999999998,80.30999999999997,70.36000000000003,88.93799999999997,13,14,11,2,2,3.79,2.12,0.68,0.52,4.306666666666667,0.7076643900104687,8.693333333333333,48.33266666666667,10.933499632881603,Ja'Marr,Chase,CIN,WR,23,-1
robust,13164,WR,188.7975,7.249913999999979,3.5325000000000273,181.53,194.301,74.52000000000001,76.11,75.46399999999998,15,8,17,3,2,9.42,4.34,1.64,0.16,9.04,2.8192197502145877,5.960000000000001,42.334,7.060203396503532,Cooper,Kupp,LAR,WR,30,3
robust,12801,WR,185.265,5.3521859999999775,8.342499999999973,166.455,194.499,70.98749999999998,61.03500000000001,75.66199999999999,17,18,16,4,3,8.02,3.45,0.99,0.08,9.128333333333334,1.7412200384277174,7.871666666666666,45.48866666666667,5.468527244352194,Tyreek,Hill,MIA,WR,29,4
robust,11675,WR,176.9225,7.665042000000023,8.357500000000016,170.017,187.432,62.64500000000001,64.597,68.59499999999998,18,17,19,5,4,15.1,7.61,2.03,0.23,16.993333333333332,2.306358360899036,1.0066666666666677,39.67866666666667,6.581274716108493,Davante,Adams,LVR,WR,31,6
robust,12186,WR,168.565,4.366256999999989,1.5199999999999818,163.6945,176.9875,54.287499999999994,58.2745,58.15050000000001,22,19,25,6,5,12.23,5.82,1.32,0.06,13.678333333333333,2.291029002192877,8.321666666666667,43.094,6.31813411274774,Stefon,Diggs,BUF,WR,30,5
robust,14104,WR,167.04500000000002,0.14825999999999157,1.9975000000000023,154.592,171.89,52.76750000000001,49.17200000000001,53.05299999999998,25,25,30,7,5,13.05,6.36,1.65,0.01,15.138333333333334,1.2288397870439502,9.861666666666666,34.70733333333334,3.813222725668611,A.J.,Brown,PHI,WR,26,1
robust,14832,WR,165.0475,4.670190000000008,12.41500000000002,157.915,179.056,50.77000000000001,52.49499999999999,60.21900000000001,29,22,24,8,6,13.7,6.72,1.54,0.08,15.155000000000001,2.2397749142864036,13.844999999999999,36.942,4.576858602433184,CeeDee,Lamb,DAL,WR,24,0
robust,15753,WR,152.6325,4.062323999999971,1.142499999999984,146.174,165.47899999999998,38.35499999999999,40.754000000000005,46.64199999999998,37,36,35,9,6,18.99,9.64,1.78,0.07,22.111666666666665,4.8374904536225065,14.888333333333335,31.218000000000004,4.9000933324444595,Garrett,Wilson,NYJ,WR,23,-2
robust,15287,WR,151.49,5.189100000000042,1.1050000000000182,147.55,156.69400000000002,37.212500000000006,42.13000000000001,37.85700000000001,38,33,42,10,7,17.45,8.72,1.61,0.1,20.64,3.706746102266335,17.36,31.41,3.895749820851776,Amon-Ra,St. Brown,DET,WR,24,-1
robust,15284,WR,150.385,5.337360000000033,1.9974999999999739,144.96,159.306,36.10749999999999,39.540000000000006,40.46900000000001,40,38,39,11,7,20.87,10.8,0.94,0.08,23.773333333333333,1.4136909924811087,16.226666666666667,27.216,3.5421545232621736,Jaylen,Waddle,MIA,WR,25,-1
robust,14136,WR,148.38750000000002,0.8895599999999915,5.071249999999992,146.645,149.39000000000001,34.110000000000014,41.22500000000001,30.55300000000001,43,35,49,12,8,34.64,16.32,3.6,0.05,39.94166666666666,3.6750574447513356,3.058333333333337,20.107333333333333,5.603765480063881,Deebo,Samuel,SFO,WR,27,1
robust,12175,WR,143.31625000000003,9.71844300000001,0.6087500000000432,137.40050000000002,149.258,29.03875000000002,31.98050000000002,30.421000000000006,48,43,50,13,8,32.14,15.18,2.98,0.38,42.325,5.83798409841388,5.674999999999997,18.877333333333336,3.0802966668091503,Amari,Cooper,CLE,WR,29,5
robust,14835,WR,142.70749999999998,2.6612670000000236,0.014999999999986358,135.5345,146.46050000000002,28.42999999999998,30.114500000000007,27.62350000000002,50,46,53,14,8,27.53,13.68,2.02,0.04,33.22833333333333,3.7043416719063895,16.77166666666667,22.735333333333333,2.8374572341368527,Tee,Higgins,CIN,WR,24,0
robust,15789,WR,142.6925,0.2075640000000219,2.7924999999999898,138.751,144.28600000000003,28.414999999999992,33.331,25.449000000000026,51,42,57,15,9,47.94,21.84,4.86,0.05,59.685,9.843235833132653,-8.685000000000002,9.640666666666666,3.9920154753652395,Christian,Watson,GBP,WR,24,-2
robust,15282,WR,139.9,2.0311619999999646,2.1125000000000114,136.041,142.143,25.622500000000002,30.620999999999995,23.305999999999997,53,45,58,16,9,34.17,16.05,1.98,0.03,31.368333333333332,4.259528208094831,21.631666666666668,22.171333333333333,2.884115731997513,DeVonta,Smith,PHI,WR,25,-1
robust,14833,WR,137.7875,0.44478000000001683,0.07874999999998522,133.195,139.72,23.50999999999999,27.77499999999999,20.882999999999996,56,50,62,17,9,47.6,21.58,3.98,0.04,58.26833333333333,6.7327963894820275,-2.268333333333331,12.731333333333334,5.5390243023679036,Jerry,Jeudy,DEN,WR,24,0
robust,14102,WR,137.70875,8.903013000000035,2.548749999999984,123.46100000000001,146.51450000000003,23.431250000000006,18.04100000000001,27.677500000000023,57,60,52,18,9,35.72,16.59,2.4,0.3,37.88666666666667,5.21654632449052,19.11333333333333,23.250666666666667,6.0467347294956575,DK,Metcalf,SEA,WR,26,1
robust,13635,WR,135.16000000000003,2.7428099999999915,1.1100000000000136,130.271,138.065,20.88250000000002,24.850999999999985,19.227999999999994,60,54,64,19,10,44.74,20.32,4.57,0.12,54.06,6.969086501591631,5.939999999999998,15.282,6.839838789523236,D.J.,Moore,CHI,WR,26,2
robust,15754,WR,134.05,5.2039260000000285,0.5074999999999932,129.051,141.99299999999997,19.772500000000008,23.630999999999986,23.155999999999963,61,56,59,20,10,26.97,13.32,1.81,0.1,31.871666666666666,7.21936843190286,29.128333333333334,24.39666666666667,2.273211140411045,Chris,Olave,NOS,WR,23,-2
robust,13629,WR,133.54250000000002,7.1906099999999915,4.465000000000003,128.53500000000003,139.578,19.265000000000015,23.115000000000023,20.741,62,57,63,21,11,44.29,20.39,4.41,0.33,39.660000000000004,3.6883645879079436,22.339999999999996,24.346000000000004,11.38156134573226,Calvin,Ridley,JAC,WR,29,2
robust,13154,WR,129.07750000000001,2.61678899999998,0.5200000000000102,116.21150000000002,135.0035,14.800000000000011,10.791500000000013,16.1665,67,75,66,22,11,60.49,27.01,4.71,0.12,65.77,10.316921375423323,1.230000000000004,10.867333333333335,6.266439783126906,Mike,Williams,LAC,WR,29,3
robust,11671,WR,128.5575,0.4892579999999764,0.34250000000000114,118.53,132.597,14.280000000000001,13.11,13.760000000000005,69,69,70,23,11,67.79,30.43,4.42,0.05,78.13666666666667,7.422321439789274,-9.13666666666667,11.341333333333335,8.211721919846587,Mike,Evans,TBB,WR,30,6
robust,11232,WR,128.215,0.7857780000000438,1.0150000000000006,120.31500000000001,131.54700000000003,13.9375,14.89500000000001,12.710000000000022,70,67,74,24,11,54,24.11,4.78,0.07,55.425,5.250500769767902,14.575000000000003,16.631333333333334,5.914404187142514,DeAndre,Hopkins,TEN,WR,31,7
robust,11222,WR,127.2,5.997117000000023,1.8149999999999835,123.00450000000001,132.2835,12.9225,17.584500000000006,13.4465,71,61,72,25,11,47.71,21.69,2.95,0.18,50.07333333333333,5.842561272440557,20.92666666666667,20.111333333333334,7.096090253716402,Keenan,Allen,LAC,WR,31,7
robust,13633,WR,125.38500000000002,8.006040000000008,0.05500000000000682,119.74,132.28600000000003,11.107500000000016,14.319999999999993,13.449000000000026,73,68,71,26,11,63.8,28.69,3.99,0.35,74.34333333333333,8.353499599303008,-1.3433333333333337,10.358,6.370742081317269,Christian,Kirk,JAC,WR,27,2
robust,14109,WR,125.33000000000001,9.488639999999986,5.240000000000009,118.34000000000002,134.28799999999998,11.052500000000009,12.920000000000016,15.45099999999998,74,70,68,27,12,49.09,21.99,2.81,0.37,54.01,7.107770395841443,19.990000000000002,15.086666666666668,6.014079776287938,Terry,McLaurin,WAS,WR,28,1
robust,14840,WR,120.09,3.4248060000000033,0.7775000000000034,116.035,122.92899999999999,5.8125,10.614999999999995,4.0919999999999845,80,76,83,28,12,57.08,26.01,4.27,0.13,74.36166666666666,8.05059090308835,5.638333333333335,9.153333333333334,3.700246238052574,Brandon,Aiyuk,SFO,WR,25,0
robust,15751,WR,119.3125,0.13343399999998398,0.6875,114.06400000000001,121.381,5.034999999999997,8.644000000000005,2.543999999999997,82,81,88,29,13,58.05,26.19,3.5,0.03,66.48,7.073000306329227,15.519999999999996,11.032666666666668,2.952612553127974,Drake,London,ATL,WR,22,-2
robust,14105,WR,118.625,2.298029999999996,0.9950000000000045,114.045,121.245,4.347499999999997,8.625,2.4080000000000013,83,82,90,30,13,73.95,33.31,4.49,0.11,93.29166666666667,14.138537662085927,-10.291666666666671,9.144000000000002,6.649718189517509,Marquise,Brown,ARI,WR,26,1
robust,14845,WR,117.63,NA,0.8999999999999773,117.63,117.63,3.352499999999992,12.209999999999994,-1.2070000000000078,84,71,101,31,13,80.72,35.95,5.43,0.24,97.195,12.841638978988106,-13.194999999999993,6.154666666666667,3.8787287722769292,Gabriel,Davis,BUF,WR,24,0
robust,15762,WR,116.73000000000002,0.8450819999999898,0.2225000000000108,115.515,117.51300000000002,2.452500000000015,10.094999999999999,-1.3239999999999839,85,78,103,32,13,80.57,36.03,4.48,0.06,86.14833333333333,11.75924376347769,-1.1483333333333263,6.758666666666667,3.366153624275372,George,Pickens,PIT,WR,22,-2
robust,12187,WR,116.50750000000001,3.3210240000000133,0.2524999999999977,113.424,121.299,2.230000000000004,8.004000000000005,2.4620000000000033,86,83,89,33,13,62.43,28.11,5.08,0.16,72.25,10.716852771841802,13.75,12.391333333333334,5.02878284367986,Tyler,Lockett,SEA,WR,31,5
robust,11674,WR,116.25500000000001,3.8102819999999897,0.26178571428572184,107.97500000000002,120.863,1.9775000000000063,2.555000000000021,2.0259999999999962,87,90,92,34,13,95.76,41.45,3.46,0.11,102.27666666666667,6.842203998387918,-15.27666666666667,7.831333333333334,6.05082833631525,Brandin,Cooks,DAL,WR,30,6
robust,15755,WR,115.99321428571429,0.9340379999999932,1.7157142857142844,109.50657142857145,118.837,1.7157142857142844,4.086571428571446,0,89,85,96,35,13,76.23,34.28,4.4,0.06,92.86333333333333,10.889081177440492,-3.8633333333333297,5.510000000000001,3.268465491123728,Jahan,Dotson,WAS,WR,23,-2
robust,13163,WR,114.2775,13.209965999999994,0.3299999999999983,105.42,122.619,0,0,3.7819999999999965,95,96,86,36,13,67.91,30.65,3.66,0.54,74.805,10.659671273855805,20.194999999999993,12.199333333333334,6.685203628578232,Chris,Godwin,TBB,WR,27,3
robust,14208,WR,113.9475,16.87198799999999,5.780000000000015,101.307,125.112,-0.3299999999999983,-4.1129999999999995,6.2749999999999915,97,106,79,37,14,73.23,32.89,3.76,0.65,89.05333333333333,9.735492911107388,7.9466666666666725,10.023333333333335,6.616717883932757,Diontae,Johnson,PIT,WR,27,1
robust,16186,WR,108.16749999999999,0.02965200000001517,1.7699999999999818,105.205,109.318,-6.110000000000014,-0.2150000000000034,-9.519000000000005,118,98,126,38,15,88.36,39.55,5.98,0.09,99.14833333333333,28.90677049681537,18.851666666666674,14.262666666666666,14.830000704278097,Jordan,Addison,MIN,WR,21,-3
robust,15752,WR,106.39750000000001,8.569428000000002,2.4187499999999886,96.84700000000002,113.27200000000002,-7.8799999999999955,-8.572999999999979,-5.5649999999999835,123,121,116,39,15,88.58,39.07,5.39,0.43,109.2,18.034319135100905,13.799999999999997,3.8713333333333333,2.051215141216434,Treylon,Burks,TEN,WR,23,-2
robust,13630,WR,103.97875000000002,13.936440000000008,0.0062500000000085265,93.04,118.88350000000001,-10.298749999999984,-12.379999999999995,0.04650000000000887,129,137,95,40,15,97.07,42.62,4.77,0.6,114.15,19.38965531754841,14.849999999999994,7.105333333333334,5.771045274086451,Courtland,Sutton,DEN,WR,28,2
robust,16185,WR,103.97250000000001,4.062324000000014,1.8575000000000017,100.274,109.64300000000001,-10.304999999999993,-5.146000000000001,-9.193999999999988,131,111,125,41,16,89.78,39.86,5.48,0.25,95.11333333333333,25.873935834262934,35.88666666666667,18.77666666666667,20.849435377380264,Jaxon,Smith-Njigba,SEA,WR,21,-3
robust,16190,WR,102.11500000000001,1.6901640000000007,0.730000000000004,100.97399999999999,103.44,-12.162499999999994,-4.446000000000012,-15.397000000000006,137,107,138,42,16,108.08,46.73,7.06,0.22,114.65833333333333,29.81394775194247,22.34166666666667,11.35266666666667,11.922110588687262,Zay,Flowers,BAL,WR,23,-3
robust,12652,WR,101.385,0.1779119999999646,0.8575000000000017,97.13000000000001,103.08800000000001,-12.892499999999998,-8.289999999999992,-15.748999999999995,139,119,142,43,16,114.8,50.16,6.41,0.11,108.37166666666667,7.133812483907573,30.62833333333333,7.932666666666667,6.211499085477587,Michael,Thomas,NOS,WR,30,4
robust,14842,WR,100.5275,18.176676000000008,3.194999999999993,88.135,112.084,-13.75,-17.284999999999997,-6.753,142,156,118,44,16,77.09,34.16,4.45,0.7,87.85166666666666,18.065212810506523,54.14833333333334,8.366,3.9540888541693997,Michael,Pittman,IND,WR,26,0
robust,14127,WR,97.33250000000001,1.7346420000000025,0.96875,94.37700000000001,103.33200000000001,-16.944999999999993,-11.042999999999992,-15.504999999999995,149,133,140,45,17,120.63,51.77,6.25,0.15,133.06833333333333,16.821988999190584,15.931666666666672,2.922,2.2449843355058556,Jakobi,Meyers,LVR,WR,27,1
robust,13668,WR,96.36375000000001,1.0822979999999847,1.0487500000000125,93.643,102.3865,-17.913749999999993,-11.777000000000001,-16.450500000000005,150,136,145,46,17,138.52,58.73,7.65,0.22,142.325,26.96619782245914,7.675000000000011,3.5493333333333332,3.295631586745636,D.J.,Chark,CAR,WR,27,2
robust,15290,WR,95.315,3.7064999999999997,0.25,90.76400000000001,98.45,-18.962500000000006,-14.655999999999992,-20.387,153,148,169,47,17,126.2,53.95,6.68,0.28,139.63,12.469457085214257,13.370000000000005,3.0000000000000004,1.9972647963318904,Nico,Collins,HOU,WR,24,-1
robust,13156,WR,95.065,8.502710999999998,0.5541071428571342,88.87349999999999,102.90450000000001,-19.212500000000006,-16.54650000000001,-15.93249999999999,155,154,144,48,17,112.95,48.64,6.45,0.48,117.49333333333334,13.863836249593962,37.50666666666666,5.196000000000001,4.779872243759939,JuJu,Smith-Schuster,NEP,WR,27,3
robust,16188,WR,94.51089285714286,4.966710000000012,1.2233928571428407,91.185,98.3342142857143,-19.76660714285714,-14.235,-20.502785714285707,158,145,170,49,17,101.97,46.17,5.5,0.28,119.59333333333333,30.092235248020746,38.406666666666666,13.73266666666667,16.041240212513358,Quentin,Johnston,LAC,WR,22,-3
robust,13632,WR,93.28750000000002,2.6686799999999744,0.020000000000024443,91.375,95.02000000000001,-20.98999999999998,-14.045000000000002,-23.816999999999993,161,143,182,50,17,125.87,54.03,6.12,0.21,129.86833333333334,8.549410148594404,31.13166666666666,3.7993333333333337,3.376522997930795,Allen,Lazard,NYJ,WR,28,2
robust,13793,WR,93.2675,11.371542000000002,0.11499999999999488,81.6,102.00299999999999,-21.010000000000005,-23.820000000000007,-16.834000000000017,162,174,146,51,17,181.21,71.71,9.75,0.68,171.26,23.708670706445496,-9.259999999999991,3.894,2.5140000000000002,Marquez,Valdes-Scantling,KCC,WR,29,2
robust,15289,WR,93.1525,4.833276000000008,0.6099999999999994,75.015,101.934,-21.125,-30.405,-16.903000000000006,163,192,149,52,17,111.66,49.2,8.03,0.4,110.58500000000001,13.072806061949109,52.41499999999999,4.590666666666667,2.4735751903312386,Kadarius,Toney,KCC,WR,24,-1
robust,11679,WR,92.5425,6.449309999999991,1.2937500000000028,81.84800000000001,99.06500000000001,-21.735,-23.57199999999999,-19.77199999999999,165,173,165,53,18,127.14,54.47,6.7,0.4,112.262,7.920155048987366,52.738,6.1673333333333344,5.136528096768177,Odell,Beckham,BAL,WR,31,6
robust,12650,WR,91.24875,2.6909189999999965,0.4712499999999977,89.1665,94.049,-23.028750000000002,-16.253500000000003,-24.787999999999997,168,153,185,54,18,138.73,59.28,5.13,0.13,147.77833333333334,16.551474674145776,20.221666666666664,3.8880000000000003,3.804911913128433,Tyler,Boyd,CIN,WR,29,4
robust,14974,WR,90.7775,7.012697999999984,0.5150000000000006,85.27300000000001,98.27799999999999,-23.5,-20.14699999999999,-20.55900000000001,171,162,171,55,18,133.94,57.07,7.58,0.46,147.67000000000002,21.79317691388752,23.329999999999984,2.208,1.3415692304163809,Darnell,Mooney,CHI,WR,26,0
robust,11938,WR,90.2625,2.298029999999996,0.09749999999999659,87.21000000000001,92.295,-24.015,-18.209999999999994,-26.542,173,160,191,56,18,153.62,64.04,8.25,0.31,136.33833333333334,6.97446393798278,36.66166666666666,4.562,3.975153833501291,Adam,Thielen,CAR,WR,33,6
robust,15283,WR,90.165,10.037202000000015,1.252500000000012,83.12300000000002,96.62300000000002,-24.112499999999997,-22.296999999999983,-22.213999999999984,174,168,178,57,18,158.15,65.42,8.26,0.6,147.732,19.31127277006879,26.268,2.0973333333333333,1.3721276260691724,Rondale,Moore,ARI,WR,23,-1
robust,15766,WR,88.9125,9.562770000000004,1.3712499999999892,81.195,99.68999999999998,-25.36500000000001,-24.22500000000001,-19.14700000000002,178,175,162,58,18,127.88,54.2,8.99,0.61,132.23333333333335,12.595639016033374,45.76666666666665,4.204666666666667,1.8399683572158398,Skyy,Moore,KCC,WR,23,-2
robust,13646,WR,87.54125,18.250806,0.386250000000004,73.931,105.2015,-26.73625,-31.489000000000004,-13.635500000000008,181,197,133,59,18,148.64,61.47,6.35,0.76,156.882,21.654786445495134,24.117999999999995,3.135333333333334,2.68973670747818,Michael,Gallup,DAL,WR,27,2
robust,15293,WR,87.155,0.667169999999983,0.2362499999999983,73.503,92.655,-27.122500000000002,-31.917,-26.182000000000002,185,198,188,60,18,106.8,46.38,6.83,0.13,124.76833333333333,24.05914892971533,60.23166666666667,2.7233333333333336,2.0667903188814836,Rashod,Bateman,BAL,WR,24,-1
robust,15779,WR,86.91875,11.089847999999984,0.9987500000000011,79.1435,94.052,-27.35875,-26.2765,-24.784999999999997,186,182,184,61,19,154.36,64.19,8.62,0.65,145.38,16.936135332477715,40.620000000000005,2.4546666666666668,0.8803049976507513,Romeo,Doubs,GBP,WR,23,-2
robust,13176,WR,85.92,4.818450000000021,0.667500000000004,82.925,89.027,-28.3575,-22.495000000000005,-29.810000000000002,187,169,200,62,19,154.6,64.04,7.08,0.37,145.90833333333333,21.822340553254648,41.09166666666667,3.684666666666667,3.5217746788925743,Zay,Jones,JAC,WR,28,3
robust,15756,WR,85.2525,20.341271999999996,0.914999999999992,68.413,99.328,-29.025000000000006,-37.007000000000005,-19.509,189,210,164,63,19,122.66,52.82,9.79,0.84,117.56833333333333,22.642004782164395,71.43166666666667,4.360666666666667,2.662780668566018,Jameson,Williams,DET,WR,22,-2
robust,13157,WR,84.3375,0.44477999999999573,0.12750000000001194,83.90500000000002,84.67,-29.939999999999998,-21.514999999999986,-34.167,190,165,210,64,19,177.65,70.93,7.6,0.17,170.9375,24.94712846702,19.0625,2.0010000000000003,0.9510000000000002,Curtis,Samuel,WAS,WR,27,3
robust,15288,WR,84.21,5.648706000000003,0.6249999999999858,79.571,90.785,-30.06750000000001,-25.849000000000004,-28.052000000000007,191,181,195,65,19,103.58,45.31,5.86,0.34,115.378,9.218109133656425,75.622,4.858,2.8604675608485177,Elijah,Moore,CLE,WR,23,-1
robust,14857,WR,83.58500000000001,5.2928819999999686,0.1487658227848101,72.71499999999999,89.743,-30.692499999999995,-32.70500000000001,-29.09400000000001,193,200,197,66,19,152.79,63.62,8.12,0.43,145.234,18.55609182990858,47.76599999999999,2.31,1.5981447577321235,Donovan,Peoples-Jones,CLE,WR,24,0
robust,16197,WR,83.4362341772152,4.699841999999981,0.37123417721520013,75.13944303797469,88.38300000000001,-30.841265822784806,-30.280556962025315,-30.453999999999994,194,191,202,67,19,194.14,76.29,14.24,0.65,140.222,35.46061217745684,53.77799999999999,6.356666666666667,7.300202432505251,Jonathan,Mingo,CAR,WR,22,-3
robust,12176,WR,83.065,12.972749999999978,0.5299999999999869,74.57900000000001,91.175,-31.212500000000006,-30.840999999999994,-27.662000000000006,196,193,192,68,19,197.63,77.52,9.01,0.7,179.405,21.805000000000007,16.595,3.1690000000000005,1.9190000000000005,DeVante,Parker,NEP,WR,30,5
robust,14977,WR,82.53500000000001,0.607866000000016,1.1625000000000085,80.931,86.11500000000001,-31.742499999999993,-24.489000000000004,-32.721999999999994,197,176,204,69,19,169.64,69.26,7.7,0.19,156.50666666666666,5.4098757430790965,40.49333333333334,3.644000000000001,2.0440000000000005,K.J.,Osborn,MIN,WR,26,0
robust,14858,WR,81.3725,2.483355000000017,0.8512499999999932,77.70049999999999,83.7125,-32.905,-27.71950000000001,-35.1245,198,183,214,70,20,181.14,72.84,11.37,0.45,176.83499999999998,18.265,21.16500000000002,2.9290000000000003,1.6790000000000003,Van,Jefferson,LAR,WR,27,0
robust,14123,WR,80.52125000000001,1.11195,1.2125000000000057,79.7715,81.225,-33.756249999999994,-25.6485,-37.61200000000001,200,178,219,71,20,198.29,77.49,7.64,0.22,183.70333333333332,20.577337588284408,16.29666666666668,2.5200000000000005,1.3200000000000005,Hunter,Renfrow,LVR,WR,28,1
robust,14849,WR,79.30875,6.30105,0.4762499999999932,69.9165,85.275,-34.96875,-35.5035,-33.562,202,206,209,72,20,186.35,74.18,7.75,0.43,170.18333333333334,19.261938866295072,31.816666666666663,5.987,4.357000000000001,Isaiah,Hodgins,NYG,WR,25,0
robust,16080,WR,78.83250000000001,5.5745760000000075,0.5875000000000057,71.009,83.924,-35.44499999999999,-34.411,-34.913,204,205,213,73,20,156.7,64.96,7.73,0.42,176.85500000000002,19.445000000000007,27.144999999999982,5.096,3.9760000000000004,Rashid,Shaheed,NOS,WR,25,-2
robust,16184,WR,78.245,0.9711030000000016,2.875,77.6555,78.8345,-36.0325,-27.764499999999998,-40.0025,207,184,224,74,21,211.9,81.26,14.28,0.54,141.825,59.37499999999999,65.17500000000001,5.276000000000001,4.276000000000001,Jayden,Reed,GBP,WR,23,-3
robust,15759,WR,75.37,3.083807999999997,1.9350000000000023,73.498,77.242,-38.9075,-31.921999999999997,-41.595,209,199,226,75,21,196.98,77.3,8.12,0.34,166.67666666666668,18.996631865207636,42.32333333333332,2.4400000000000004,1.1600000000000001,John,Metchie,HOU,WR,23,-2
robust,14113,WR,73.435,5.3373599999999914,0.07750000000000057,69.766,76.84,-40.8425,-35.653999999999996,-41.997,213,207,229,76,21,212.68,81.96,6.75,0.38,190.36333333333334,19.861655408237134,22.636666666666656,2.2990000000000004,0.6290000000000002,Mecole,Hardman,NYJ,WR,25,1
robust,14841,WR,73.3575,0.3261719999999983,0.9899999999999949,69.70200000000001,82.545,-40.92,-35.71799999999999,-36.292,214,208,217,77,21,189.93,74.11,8.24,0.21,175.30666666666667,25.49349764591399,38.69333333333333,2.1790000000000003,0.7490000000000002,Chase,Claypool,CHI,WR,25,0
robust,10738,WR,72.3675,4.195757999999997,1.5,67.136,75.947,-41.91,-38.284000000000006,-42.89,216,213,231,78,21,258.49,97.03,10.66,0.5,NA,NA,NA,2.3520000000000003,NA,Marvin,Jones,DET,WR,33,8
robust,15768,WR,70.8675,6.716178000000001,0.9662500000000023,60.778000000000006,77.25700000000002,-43.41,-44.641999999999996,-41.579999999999984,218,223,225,79,22,166.55,67.76,7.96,0.47,172.20333333333332,9.140686820778592,45.79666666666668,1.613,0.403,Alec,Pierce,IND,WR,23,-2
robust,13809,WR,69.90125,6.323289000000001,1.2312499999999886,66.0515,73.769,-44.37625,-39.3685,-45.068,220,215,239,80,22,249.09,93.69,8.37,0.48,NA,NA,NA,1.2720000000000002,NA,Russell,Gage,TBB,WR,27,2
robust,13724,WR,68.67000000000002,36.81295800000001,0.2612500000000182,46.32300000000001,91.01700000000001,-45.60749999999999,-59.096999999999994,-27.819999999999993,222,284,193,81,22,257.1,95.61,10.2,0.96,187.61666666666667,13.369079582712072,34.383333333333326,2.5450000000000004,1.2950000000000004,Richie,James,KCC,WR,28,2
robust,13153,WR,68.40875,2.7724620000000066,0.7787500000000023,63.2905,71.41299999999998,-45.868750000000006,-42.1295,-47.42400000000002,224,219,247,82,22,227.14,86.83,6.92,0.26,NA,NA,NA,2.1120000000000005,NA,Corey,Davis,NYJ,WR,28,3
robust,13289,WR,67.63,0.25204200000000254,0.01999999999999602,67.47699999999999,67.783,-46.64750000000001,-37.94300000000001,-51.054,229,211,263,83,22,260.28,97.64,8.18,0.21,NA,NA,NA,2.1840000000000006,NA,Mack,Hollins,ATL,WR,30,3
robust,11228,WR,67.61,1.2602099999999914,1.332499999999996,65.035,73.08099999999999,-46.667500000000004,-40.385000000000005,-45.756000000000014,230,217,241,84,22,224.9,86.51,9.25,0.31,181.22,NA,48.78,3.416000000000001,2.416000000000001,Robert,Woods,HOU,WR,31,7
robust,14112,WR,66.2775,8.450819999999982,0.35249999999999204,61.089000000000006,71.43,-48,-44.330999999999996,-47.407,233,221,246,85,22,207.68,81.69,9.19,0.58,176.375,4.5049999999999955,56.625,2.7320000000000007,1.6120000000000005,Parris,Campbell,NYG,WR,26,1
robust,15319,WR,65.92500000000001,11.082435000000002,2.7125000000000057,59.197500000000005,72.6525,-48.35249999999999,-46.2225,-46.1845,235,229,242,86,23,212.89,82.83,11.68,0.73,192.115,10.905000000000001,42.88499999999999,2.048,1.0480000000000003,Josh,Palmer,LAC,WR,24,-1
robust,16194,WR,63.212500000000006,2.2535520000000044,0.22124999999999773,61.652,65.081,-51.065,-43.768,-53.756,243,220,270,87,23,203.4,78.39,14.31,0.57,136.72333333333333,40.99361766042232,106.27666666666667,6.771000000000001,4.941000000000001,Rashee,Rice,KCC,WR,23,-3
robust,14122,WR,62.99125000000001,8.258081999999968,0.45624999999999716,51.97550000000001,70.31299999999999,-51.286249999999995,-53.44449999999999,-48.524000000000015,245,251,253,88,23,197.98,76.66,11.6,0.66,192.925,18.125,52.07499999999999,3.0680000000000005,2.0680000000000005,Darius,Slayton,NYG,WR,26,1
robust,11678,WR,62.53500000000001,1.6012079999999973,2.647500000000008,60.328,66.718,-51.74249999999999,-45.092,-52.119,246,225,267,89,23,223.83,85.82,8.85,0.31,206.85,NA,39.150000000000006,2.3720000000000003,1.3720000000000003,Allen,Robinson,PIT,WR,30,6
robust,15757,WR,59.8875,12.6021,1.3125,49.199999999999996,75.435,-54.39,-56.220000000000006,-43.402,255,267,234,90,24,206.79,80.51,13.06,0.79,175.22333333333333,16.21410154430053,79.77666666666667,1.605,0.43500000000000005,Wan'Dale,Robinson,NYG,WR,22,-2
robust,14108,WR,58.575,8.080170000000004,0.42499999999999716,34.495000000000005,70.85500000000002,-55.7025,-70.925,-47.981999999999985,261,364,250,91,24,295.78,108.95,12.75,0.68,NA,NA,NA,2.2560000000000002,NA,Greg,Dortch,ARI,WR,25,1
robust,15787,WR,58.150000000000006,1.0378200000000042,0.0049999999999954525,54.790000000000006,59.83,-56.1275,-50.629999999999995,-59.007000000000005,263,239,296,92,24,214.09,82.53,7.4,0.2,NA,NA,NA,0.7680000000000001,NA,Tyquan,Thornton,NEP,WR,23,-2
robust,16189,WR,58.14500000000001,15.248541,1.1300000000000097,48.88850000000001,67.4015,-56.13249999999999,-56.531499999999994,-51.435500000000005,264,269,264,93,24,213.25,81.52,18.25,0.87,136.68666666666667,45.8422020510456,127.31333333333333,7.6370000000000005,6.187000000000001,Marvin,Mims,DEN,WR,21,-3
robust,15109,WR,57.015,8.524949999999999,0.730300751879696,49.294999999999995,68.807,-57.2625,-56.12500000000001,-50.03,268,265,260,94,24,296.76,108.92,6.74,0.49,NA,NA,NA,0.8160000000000002,NA,Nick,Westbrook-Ikhine,TEN,WR,26,0
robust,15491,WR,56.284699248120305,0.8441902105263165,0.35469924812029774,52.75693984962407,64.63693984962407,-57.9928007518797,-52.663060150375934,-54.20006015037593,271,246,272,95,24,345.3,126.7,10.23,0.35,NA,NA,NA,0.6720000000000002,NA,Ben,Skowronek,LAR,WR,26,-1
robust,13418,WR,55.93000000000001,0.6968220000000035,1.0600000000000094,55.507,56.35300000000001,-58.3475,-49.913000000000004,-62.483999999999995,273,237,315,96,24,267.12,99.24,7.32,0.16,NA,NA,NA,1.1280000000000001,NA,Kendrick,Bourne,NEP,WR,28,3
robust,15761,WR,54.87,21.42356999999999,0.18999999999999062,41.865,67.87499999999999,-59.407500000000006,-63.555,-50.96200000000002,279,319,262,97,24,241.7,91.8,11.03,0.86,174.77,NA,104.22999999999999,4.776000000000001,NA,Khalil,Shakir,BUF,WR,23,-2
robust,15308,WR,54.68000000000001,2.5352459999999906,2.5400000000000063,48.971000000000004,67.061,-59.5975,-56.449,-51.775999999999996,281,268,266,98,25,221.75,85.43,10.37,0.42,193.035,15.89500000000001,87.965,1.3160000000000003,0.31600000000000017,Terrace,Marshall,CAR,WR,23,-1
robust,16206,WR,52.14,30.170909999999996,2.6625000000000014,33.825,70.455,-62.1375,-71.595,-48.382000000000005,297,366,251,99,25,283.73,105.8,16.43,0.96,72.33,NA,224.67000000000002,4.848000000000001,NA,Michael,Wilson,ARI,WR,23,-3
robust,16183,WR,49.4775,11.697713999999989,0.5349999999999895,24.872000000000003,63.31099999999999,-64.80000000000001,-80.548,-55.52600000000001,311,398,278,100,25,215.99,82.94,12.12,0.76,130.43333333333334,37.05206636912741,180.56666666666666,5.55,4.29,Jalin,Hyatt,NYG,WR,22,-3
robust,12658,WR,48.94250000000001,16.916466000000014,0.7175000000000011,33.891000000000005,71.646,-65.335,-71.529,-47.191,315,365,244,101,26,262.55,99.64,13.17,0.85,NA,NA,NA,2.4240000000000004,NA,Sterling,Shepard,NYG,WR,30,4
robust,13638,WR,48.22500000000001,17.917220999999994,0.27000000000001023,37.34850000000001,59.1015,-66.0525,-68.07149999999999,-59.7355,318,344,300,102,26,290.41,107.28,10.56,0.83,NA,NA,NA,NA,NA,Braxton,Berrios,MIA,WR,28,2
robust,13168,WR,47.955,12.001647000000004,1.2870948781474354,40.6695,55.240500000000004,-66.3225,-64.7505,-63.5965,320,326,321,103,26,264.31,98.12,8.16,0.65,NA,NA,NA,1.3920000000000001,NA,Josh,Reynolds,DET,WR,28,3
robust,15301,WR,46.66790512185256,6.639645465365558,0.9929051218525586,37.41945843866923,64.265,-67.60959487814745,-68.00054156133078,-54.572,330,343,274,104,26,304.02,111.29,12.44,0.64,NA,NA,NA,0.7680000000000001,NA,Tutu,Atwell,LAR,WR,24,-1
robust,16187,WR,45.675000000000004,2.765049000000003,0.04500000000000881,43.996500000000005,47.353500000000004,-68.60249999999999,-61.4235,-71.48349999999999,335,300,356,105,26,230.61,87.96,7.1,0.27,144.635,72.19500000000001,190.365,5.936000000000001,4.936000000000001,Josh,Downs,IND,WR,22,-3
robust,12773,WR,45.629999999999995,19.674101999999998,1.4749999999999943,33.687,57.573,-68.64750000000001,-71.733,-61.264,336,367,307,106,26,348.53,128.59,8.7,0.82,NA,NA,NA,NA,NA,Chris,Moore,TEN,WR,30,4
robust,14337,WR,44.155,26.308737,1.7250000000000014,28.184500000000003,60.1255,-70.1225,-77.2355,-58.7115,343,385,294,107,27,349.67,146.22,11.73,0.91,NA,NA,NA,NA,NA,Jalen,Guyton,LAC,WR,26,1
robust,16193,WR,42.43,NA,3.405000000000001,42.43,42.43,-71.8475,-62.99,-76.40700000000001,348,312,376,108,27,284.72,106.53,12.39,0.78,77.55,NA,270.45,3.1920000000000006,NA,Kayshon,Boutte,NEP,WR,21,-3
robust,14992,WR,39.025,5.048253000000002,0.3299999999999983,35.9605,42.089499999999994,-75.2525,-69.45949999999999,-76.7475,366,354,378,109,27,286.76,104.87,6.86,0.37,NA,NA,NA,NA,NA,Quez,Watkins,PHI,WR,25,0
robust,11239,WR,38.695,3.3210240000000026,0.30999999999999517,27.724,63.99399999999999,-75.58250000000001,-77.696,-54.84300000000001,368,386,276,110,27,356,147.44,18.99,0.75,NA,NA,NA,NA,NA,Marquise,Goodwin,CLE,WR,33,7
robust,14860,WR,38.385000000000005,9.392271000000001,0.13000000000000256,32.6835,44.0865,-75.8925,-72.7365,-74.7505,371,371,365,111,27,325.19,120.17,13.56,0.75,NA,NA,NA,0.504,NA,Jauan,Jennings,SFO,WR,26,0
robust,12785,WR,38.255,14.299677000000004,0.6100000000000065,29.5745,46.935500000000005,-76.02250000000001,-75.8455,-71.9015,373,381,358,112,28,338.08,130.27,18.32,0.86,NA,NA,NA,NA,NA,Demarcus,Robinson,LAR,WR,29,4
robust,13893,WR,37.644999999999996,24.514791,0.7149999999999963,22.7635,52.5265,-76.63250000000001,-82.6565,-66.3105,380,404,329,113,28,343.28,129.91,13.69,0.91,NA,NA,NA,1.7520000000000002,NA,Trent,Sherfield,BUF,WR,27,2
robust,14838,WR,36.93,11.015718,1.1762500000000031,30.243000000000002,43.617,-77.3475,-75.17699999999999,-75.22,387,378,367,114,28,287.58,105.48,5.43,0.53,NA,NA,NA,0.9840000000000001,NA,Laviska,Shenault,CAR,WR,25,0
robust,14592,WR,35.75375,17.872742999999993,0.29374999999999574,20.140500000000003,58.989,-78.52375,-85.2795,-59.848000000000006,392,419,302,115,28,346.37,128.15,11.35,0.84,NA,NA,NA,NA,NA,Olamide,Zaccheaus,PHI,WR,26,1
robust,15763,WR,35.46,4.951883999999994,0.4399999999999977,32.45400000000001,38.465999999999994,-78.8175,-72.966,-80.37100000000001,395,374,401,116,28,260.69,97.18,20.8,0.81,170.305,20.055000000000007,224.695,4.2490000000000006,3.119,Justyn,Ross,KCC,WR,24,-2
robust,13313,WR,35.02,13.076532,1.5750000000000028,27.082,42.958000000000006,-79.2575,-78.338,-75.87899999999999,396,390,373,117,28,273.24,101.25,9.36,0.71,NA,NA,NA,1.9440000000000004,NA,Isaiah,McKenzie,IND,WR,28,3
robust,16211,WR,33.445,10.519046999999997,0.6012500000000003,27.0595,39.8305,-80.83250000000001,-78.3605,-79.0065,400,391,390,118,28,269.62,99.92,12.43,0.74,77.75,NA,322.25,4.92,NA,Puka,Nacua,LAR,WR,22,-3
robust,16203,WR,32.84375,22.898757000000003,1.8037500000000009,13.239500000000001,61.574000000000005,-81.43375,-92.1805,-57.263,405,468,285,119,29,361.57,133.2,11.99,0.88,78.12,NA,326.88,3.2880000000000007,NA,Charlie,Jones,CIN,WR,25,-3
robust,13377,WR,31.04,NA,0.9899999999999949,31.04,31.04,-83.23750000000001,-74.38,-87.797,409,375,423,120,29,245,96.89,18.04,0.9,182.56,14.22999999999999,226.44,5.136000000000001,NA,Tim,Patrick,DEN,WR,30,3
robust,13066,WR,30.050000000000004,0.07412999999999842,0.17500000000000426,30.005000000000006,30.095,-84.22749999999999,-75.41499999999999,-88.742,411,379,429,121,29,339.3,125.59,13.67,0.47,NA,NA,NA,NA,NA,Kalif,Raymond,DET,WR,29,4
robust,13308,WR,29.875,16.345664999999997,0.019999999999999574,19.9525,39.7975,-84.4025,-85.4675,-79.0395,412,421,391,122,29,351.64,135.57,20.57,0.91,NA,NA,NA,NA,NA,Jamal,Agnew,JAC,WR,28,3
robust,16191,WR,29.855,17.012834999999995,0.14499999999999957,19.527500000000003,40.1825,-84.4225,-85.8925,-78.65450000000001,413,424,387,123,29,281.9,104.6,8.59,0.79,67.22,NA,345.78,8.184000000000001,NA,Cedric,Tillman,CLE,WR,23,-3
robust,13172,WR,29.71,NA,0.5899999999999963,29.71,29.71,-84.5675,-75.71000000000001,-89.12700000000001,414,380,431,124,29,343.34,122.68,8.01,0.49,NA,NA,NA,2.088,NA,Noah,Brown,HOU,WR,26,3
robust,12930,WR,29.120000000000005,NA,0.11000000000000298,29.120000000000005,29.120000000000005,-85.1575,-76.3,-89.717,415,382,435,125,29,311.81,115.58,10.56,0.67,NA,NA,NA,NA,NA,Chosen,Anderson,MIA,WR,30,4
robust,15297,WR,29.01,NA,0.22000000000000242,29.01,29.01,-85.2675,-76.41,-89.827,416,383,436,126,29,NA,165.5,5.02,0.18,NA,NA,NA,NA,NA,Amari,Rodgers,IND,WR,24,-1
robust,15901,WR,28.79,6.701352000000002,0.07000000000000028,24.722,32.858000000000004,-85.48750000000001,-80.69800000000001,-85.979,419,399,420,127,29,307.16,113.08,11.77,0.62,NA,NA,NA,NA,NA,Kyle,Philips,TEN,WR,24,-2
robust,16201,WR,28.72,NA,1.1999999999999957,28.72,28.72,-85.5575,-76.7,-90.117,420,384,439,128,29,306.83,112.45,13.12,0.79,85.1,NA,334.9,4.344000000000001,NA,Xavier,Hutchinson,HOU,WR,23,-3
robust,10973,WR,27.520000000000003,NA,0.970000000000006,27.520000000000003,27.520000000000003,-86.7575,-77.9,-91.31700000000001,424,387,444,129,30,NA,NA,NA,NA,NA,NA,NA,NA,NA,Cole,Beasley,NYG,WR,34,8
robust,15325,WR,26.549999999999997,NA,1.2649999999999935,26.549999999999997,26.549999999999997,-87.7275,-78.87,-92.287,427,393,451,130,30,NA,NA,NA,NA,NA,NA,NA,NA,NA,Cade,Johnson,SEA,WR,25,-1
robust,14551,WR,25.285000000000004,14.373807000000003,0.4350000000000023,16.5595,34.0105,-88.9925,-88.8605,-84.82650000000001,431,449,418,131,30,370.83,137.5,10.38,0.78,NA,NA,NA,NA,NA,Trenton,Irwin,CIN,WR,28,1
robust,15841,WR,24.85,4.907406000000001,0.1600000000000037,21.871,27.829,-89.42750000000001,-83.549,-91.00800000000001,432,412,443,132,30,327.5,137.83,21.12,0.81,NA,NA,NA,NA,NA,Samori,Toure,GBP,WR,25,-2
robust,16195,WR,24.689999999999998,22.402085999999997,0.11999999999999744,11.091000000000003,38.288999999999994,-89.5875,-94.329,-80.548,434,493,403,133,30,347.2,144.75,17.13,0.93,87.41,NA,346.59000000000003,1.032,NA,Dontayvion,Wicks,GBP,WR,22,-3
robust,10308,WR,24.57,3.573065999999997,0.029999999999997584,22.401000000000003,26.739,-89.70750000000001,-83.019,-92.098,435,407,449,134,30,347.86,134.32,18.74,0.75,NA,NA,NA,NA,NA,Randall,Cobb,NYJ,WR,33,9
robust,15758,WR,24.540000000000003,NA,1.2750000000000021,24.540000000000003,24.540000000000003,-89.7375,-80.88,-94.297,436,400,463,135,30,302.35,110.17,9.9,0.63,NA,NA,NA,NA,NA,David,Bell,CLE,WR,23,-2
robust,15034,WR,23.265,11.616171000000001,0.09499999999999886,16.2135,30.3165,-91.0125,-89.2065,-88.5205,444,456,427,136,30,349.48,126.5,9.99,0.7,NA,NA,NA,NA,NA,Marquez,Callaway,DEN,WR,25,0
robust,14847,WR,23.17,8.406342000000002,0.5650000000000013,18.067,28.273000000000003,-91.1075,-87.35300000000001,-90.564,447,436,441,137,30,295.11,107.17,8.04,0.55,NA,NA,NA,1.9680000000000002,NA,Devin,Duvernay,BAL,WR,26,0
robust,15292,WR,22.605,0.8376690000000019,0.019999999999999574,22.0965,23.113500000000002,-91.6725,-83.3235,-95.7235,450,409,468,138,30,346.45,132.18,13.51,0.5,NA,NA,NA,NA,NA,Dyami,Brown,WAS,WR,24,-1
robust,13652,WR,22.585,5.641292999999999,0.02499999999999858,19.160500000000003,26.0095,-91.6925,-86.2595,-92.8275,451,426,453,139,30,338.08,130.41,14.25,0.66,NA,NA,NA,NA,NA,Cedrick,Wilson,MIA,WR,28,2
robust,16196,WR,22.560000000000002,NA,0.9600000000000009,22.560000000000002,22.560000000000002,-91.7175,-82.86,-96.277,452,406,469,140,31,333.43,121.88,12.33,0.77,82.57,NA,369.43,2.5440000000000005,NA,A.T.,Perry,NOS,WR,24,-3
robust,16205,WR,21.6,NA,0.4400000000000013,21.6,21.6,-92.67750000000001,-83.82,-97.237,457,413,474,141,31,341.7,125.52,11.83,0.75,76.66,NA,380.34000000000003,4.200000000000001,NA,Tyler,Scott,CHI,WR,22,-3
robust,13963,WR,21.16,4.507103999999998,0.06499999999999773,18.424,23.896,-93.1175,-86.99600000000001,-94.941,458,429,466,142,31,NA,163.6,8.4,0.4,NA,NA,NA,NA,NA,KhaDarel,Hodge,ATL,WR,28,2
robust,16342,WR,21.095000000000002,15.678494999999998,0.8550000000000004,11.577500000000002,30.6125,-93.1825,-93.8425,-88.2245,460,488,424,143,31,328.88,124.9,13.25,0.84,99.58,NA,360.42,2.2800000000000002,NA,Demario,Douglas,NEP,WR,23,-3
robust,13348,WR,20.240000000000002,6.819959999999999,0.16000000000000014,16.1,24.38,-94.0375,-89.32,-94.45700000000001,462,457,464,144,31,NA,NA,NA,0.47,NA,NA,NA,NA,NA,David,Moore,TBB,WR,28,3
robust,14843,WR,20.080000000000002,NA,0.0400000000000027,20.080000000000002,20.080000000000002,-94.1975,-85.34,-98.757,464,420,479,145,31,NA,NA,NA,NA,NA,NA,NA,NA,NA,Lynn,Bowden,NOS,WR,26,0
robust,13488,WR,20.04,4.07715,0.09999999999999787,17.565,22.514999999999997,-94.23750000000001,-87.855,-96.322,465,440,470,146,31,346.25,146.89,17.57,0.73,NA,NA,NA,NA,NA,Zach,Pascal,ARI,WR,29,3
robust,15777,WR,19.94,2.8910699999999987,0.120000000000001,18.185000000000002,21.695,-94.3375,-87.235,-97.142,466,434,473,147,31,342,127.24,10.88,0.45,NA,NA,NA,1.5360000000000003,NA,Calvin,Austin III,PIT,WR,24,-2
robust,13776,WR,19.82,5.915574000000001,0.03999999999999915,16.229,23.411,-94.45750000000001,-89.191,-95.426,467,455,467,148,31,348.37,128.43,10.31,0.55,NA,NA,NA,NA,NA,Justin,Watson,KCC,WR,28,2
robust,15306,WR,19.78,NA,0.3000000000000007,19.78,19.78,-94.4975,-85.64,-99.057,468,423,480,149,31,NA,NA,NA,NA,NA,NA,NA,NA,NA,Tre,Nixon,NEP,WR,25,-1
robust,16199,WR,19.48,NA,0.7199999999999989,19.48,19.48,-94.7975,-85.94,-99.357,470,425,482,150,31,363.69,135.38,7.74,0.46,94.69,NA,375.31,2.04,NA,Trey,Palmer,TBB,WR,22,-3
robust,14558,WR,18.76,9.844463999999999,0.240000000000002,12.784000000000004,24.736000000000004,-95.5175,-92.636,-94.101,472,474,462,151,31,311.58,112.33,12.88,0.74,NA,NA,NA,NA,NA,Deonte,Harty,BUF,WR,26,1
robust,14613,WR,18.52,NA,1.1999999999999993,18.52,18.52,-95.75750000000001,-86.9,-100.31700000000001,473,428,487,152,31,NA,202,3,0.04,NA,NA,NA,NA,NA,Steven,Sims,HOU,WR,26,1
robust,15788,WR,17.32,8.361863999999999,0.23999999999999844,12.244000000000002,22.396,-96.95750000000001,-93.176,-96.441,478,479,471,153,31,355.25,128.26,8.7,0.57,NA,NA,NA,NA,NA,Jalen,Tolbert,DAL,WR,24,-2
robust,13637,WR,17.080000000000002,6.849612000000001,0.2650000000000041,12.922,21.238000000000003,-97.1975,-92.498,-97.599,479,473,477,154,31,NA,150.6,7.86,0.48,NA,NA,NA,NA,NA,Equanimeous,St. Brown,CHI,WR,27,2
robust,16192,WR,16.814999999999998,7.539020999999998,0.04499999999999815,12.2385,21.391499999999997,-97.4625,-93.1815,-97.44550000000001,481,481,475,155,31,358.08,131.54,7.12,0.47,NA,NA,NA,0.7200000000000001,NA,Parker,Washington,JAC,WR,21,-3
robust,13864,WR,16.77,NA,0.3000000000000007,16.77,16.77,-97.50750000000001,-88.65,-102.06700000000001,482,445,491,156,31,NA,NA,NA,NA,NA,NA,NA,NA,NA,Greg,Ward,PHI,WR,28,3
robust,15302,WR,16.47,NA,0.8899999999999988,16.47,16.47,-97.8075,-88.95,-102.367,484,451,494,157,32,NA,161,5.51,0.26,NA,NA,NA,NA,NA,D'Wayne,Eskridge,SEA,WR,26,-1
robust,12181,WR,15.58,1.8384240000000003,0.025000000000000355,14.464,16.696,-98.6975,-90.956,-102.141,485,461,492,158,32,308.29,112.31,9.08,0.33,NA,NA,NA,NA,NA,Nelson,Agholor,BAL,WR,30,5
robust,13910,WR,15.555,6.145376999999999,0.26500000000000057,11.8245,19.2855,-98.7225,-93.5955,-99.5515,486,485,483,159,32,NA,171.25,21.31,0.84,NA,NA,NA,NA,NA,Brandon,Powell,MIN,WR,27,2
robust,15298,WR,15.29,NA,0.13999999999999702,15.29,15.29,-98.98750000000001,-90.13,-103.547,488,459,498,160,32,344,161.33,9.66,0.61,NA,NA,NA,NA,NA,Shi,Smith,CAR,WR,25,-1
robust,13645,WR,15.150000000000002,5.455968,0.37000000000000277,11.838000000000001,18.462,-99.1275,-93.582,-100.375,489,484,488,161,32,362.5,139.6,9.67,0.51,NA,NA,NA,NA,NA,Tre'Quan,Smith,NOS,WR,27,2
robust,15183,WR,14.78,3.5878919999999996,0.3650000000000002,12.602,16.958000000000002,-99.4975,-92.818,-101.879,490,476,490,162,32,352,165.8,19.29,0.77,NA,NA,NA,NA,NA,Kendall,Hinton,DEN,WR,26,0
robust,15767,WR,14.415,2.3499209999999997,0.3249999999999975,12.9885,15.8415,-99.86250000000001,-92.4315,-102.9955,491,471,496,163,32,365.86,141.7,9.04,0.36,NA,NA,NA,NA,NA,Velus,Jones,CHI,WR,26,-2
robust,16037,WR,14.090000000000002,NA,0.2500000000000018,14.090000000000002,14.090000000000002,-100.1875,-91.33,-104.747,493,462,503,164,32,NA,NA,NA,NA,NA,NA,NA,NA,NA,Andre,Baccellia,ARI,WR,26,0
robust,15977,WR,13.84,NA,0.4599999999999991,13.84,13.84,-100.4375,-91.58,-104.997,495,463,504,165,32,NA,NA,NA,NA,NA,NA,NA,NA,NA,Deven,Thompkins,TBB,WR,24,-2
robust,12464,WR,13.38,NA,0.27000000000000135,13.38,13.38,-100.89750000000001,-92.04,-105.45700000000001,496,465,507,166,32,NA,188,2.92,0.03,NA,NA,NA,NA,NA,Damiere,Byrd,CAR,WR,30,5
robust,12394,WR,13.11,NA,0.05000000000000071,13.11,13.11,-101.1675,-92.31,-105.727,497,469,509,167,32,362.18,136.83,11.33,0.71,NA,NA,NA,NA,NA,DeAndre,Carter,LVR,WR,30,5
robust,15786,WR,13.059999999999999,NA,0.46999999999999886,13.059999999999999,13.059999999999999,-101.2175,-92.36,-105.777,498,470,510,168,32,342.25,147,26.78,0.97,NA,NA,NA,NA,NA,Jalen,Nailor,MIN,WR,24,-2
robust,16287,WR,12.59,NA,0.28999999999999737,12.59,12.59,-101.6875,-92.83,-106.247,499,477,513,169,32,383.5,153,29.03,0.98,93.77,NA,405.23,0.8160000000000002,NA,Tre,Tucker,LVR,WR,22,-3
robust,12184,WR,12.300000000000002,NA,0.0600000000000005,12.300000000000002,12.300000000000002,-101.9775,-93.12,-106.537,502,478,515,170,32,329.37,123.16,18.97,0.92,NA,NA,NA,NA,NA,Jamison,Crowder,NYG,WR,30,5
robust,14280,WR,12.240000000000002,NA,0.2400000000000002,12.240000000000002,12.240000000000002,-102.0375,-93.18,-106.59700000000001,503,480,516,171,32,339.13,139.54,22.18,0.96,NA,NA,NA,NA,NA,Scotty,Miller,ATL,WR,26,1
robust,15981,WR,12.000000000000002,7.709520000000001,0.22000000000000064,7.320000000000001,16.680000000000003,-102.2775,-98.1,-102.157,504,521,493,172,32,NA,172.67,27.38,0.89,NA,NA,NA,NA,NA,KaVontae,Turpin,DAL,WR,27,-2
robust,14846,WR,11.780000000000001,NA,0.3000000000000007,11.780000000000001,11.780000000000001,-102.4975,-93.64,-107.057,505,486,519,173,32,336.58,133,23.08,0.97,NA,NA,NA,1.5360000000000003,NA,Denzel,Mims,DET,WR,26,0
robust,12188,WR,11.48,NA,0.4299999999999997,11.48,11.48,-102.7975,-93.94,-107.357,509,491,523,174,32,NA,178.75,6.18,0.31,NA,NA,NA,NA,NA,Phillip,Dorsett,LVR,WR,30,5
robust,14321,WR,11.05,NA,0.5999999999999996,11.05,11.05,-103.2275,-94.37,-107.787,511,494,525,175,33,NA,NA,NA,NA,NA,NA,NA,NA,NA,Cody,Thompson,SEA,WR,27,1
robust,14315,WR,10.450000000000001,NA,0.15000000000000036,10.450000000000001,10.450000000000001,-103.8275,-94.97,-108.387,514,498,528,176,33,352.5,144.4,17.4,0.88,NA,NA,NA,NA,NA,Ashton,Dulin,IND,WR,26,1
robust,14316,WR,10.3,NA,0.09000000000000163,10.3,10.3,-103.9775,-95.12,-108.537,515,499,531,177,33,NA,NA,NA,NA,NA,NA,NA,NA,NA,Penny,Hart,ATL,WR,27,1
robust,14844,WR,10.209999999999999,NA,0.16999999999999815,10.209999999999999,10.209999999999999,-104.06750000000001,-95.21000000000001,-108.62700000000001,516,500,533,178,33,NA,168.4,29.33,0.99,NA,NA,NA,NA,NA,Bryan,Edwards,NOS,WR,25,0
robust,12814,WR,10.040000000000001,NA,0.16000000000000014,10.040000000000001,10.040000000000001,-104.2375,-95.38,-108.797,518,503,535,179,33,NA,NA,NA,NA,NA,NA,NA,NA,NA,Jakeem,Grant,CLE,WR,31,4
robust,14555,WR,9.88,3.8844119999999993,0.02000000000000135,7.522000000000001,12.238,-104.39750000000001,-97.898,-106.599,520,518,517,180,33,NA,203,5,0.21,NA,NA,NA,NA,NA,Gunner,Olszewski,PIT,WR,27,1
robust,15941,WR,9.86,8.109822,0.40999999999999837,4.937000000000001,14.783,-104.4175,-100.483,-104.054,521,555,500,181,33,NA,199,2,0.25,NA,NA,NA,NA,NA,Dareke,Young,SEA,WR,24,-2
robust,13631,WR,9.450000000000001,9.132816,0.13000000000000078,3.9060000000000006,14.994000000000002,-104.8275,-101.514,-103.843,526,571,499,182,33,NA,NA,NA,0.63,NA,NA,NA,NA,NA,James,Washington,NOS,WR,27,2
robust,15303,WR,9.32,NA,0.009999999999999787,9.32,9.32,-104.95750000000001,-96.1,-109.517,527,505,541,183,33,NA,NA,NA,NA,NA,NA,NA,NA,NA,Simi,Fehoko,DAL,WR,26,-1
robust,16207,WR,9.31,NA,0.009999999999999787,9.31,9.31,-104.9675,-96.11,-109.527,528,506,542,184,33,380.8,149.9,15.71,0.85,NA,NA,NA,3.0480000000000005,NA,Andrei,Iosivas,CIN,WR,24,-3
robust,15900,WR,9.3,NA,0.2400000000000002,9.3,9.3,-104.9775,-96.12,-109.537,529,507,543,185,33,NA,176.33,27.13,0.98,NA,NA,NA,NA,NA,Montrell,Washington,DEN,WR,25,-2
robust,14839,WR,9.06,NA,0.8500000000000014,9.06,9.06,-105.2175,-96.36,-109.777,530,509,544,186,33,345,159,21.25,0.95,NA,NA,NA,NA,NA,Jalen,Reagor,MIN,WR,24,0
robust,13634,WR,8.209999999999999,NA,0.11999999999999922,8.209999999999999,8.209999999999999,-106.06750000000001,-97.21000000000001,-110.62700000000001,539,512,546,187,33,NA,163.75,3.7,0.08,NA,NA,NA,NA,NA,Dante,Pettis,CHI,WR,28,2
robust,15993,WR,8.209999999999999,NA,0,8.209999999999999,8.209999999999999,-106.06750000000001,-97.21000000000001,-110.62700000000001,539,512,546,187,33,NA,NA,NA,NA,NA,NA,NA,NA,NA,Lance,McCutcheon,LAR,WR,24,-2
robust,15270,WR,8.09,NA,0.10999999999999943,8.09,8.09,-106.1875,-97.33,-110.747,543,513,547,188,33,343,116.5,15.14,0.85,NA,NA,NA,NA,NA,Demetric,Felton,CLE,RB,25,-1
robust,15270,WR,8.09,NA,0.10999999999999943,8.09,8.09,-106.1875,-97.33,-110.747,543,513,547,188,33,343,151.75,30.09,0.99,NA,NA,NA,NA,NA,Demetric,Felton,CLE,RB,25,-1
robust,16210,WR,8.09,NA,0,8.09,8.09,-106.1875,-97.33,-110.747,543,513,547,188,33,327.6,131.5,18.28,0.9,94.14,NA,448.86,1.1520000000000001,NA,Justin,Shorter,BUF,WR,23,-3
robust,16202,WR,7.98,NA,0.14000000000000057,7.98,7.98,-106.2975,-97.44,-110.857,544,514,550,189,33,NA,NA,NA,NA,NA,NA,NA,NA,NA,Ronnie,Bell,SFO,WR,23,-3
robust,14330,WR,7.84,NA,0.0699999999999994,7.84,7.84,-106.4375,-97.58,-110.997,546,515,551,190,33,NA,NA,NA,NA,NA,NA,NA,NA,NA,NA,NA,NA,NA,NA,NA
robust,13641,WR,7.7700000000000005,NA,0.17999999999999972,7.7700000000000005,7.7700000000000005,-106.50750000000001,-97.65,-111.06700000000001,547,516,552,191,33,NA,159,7.18,0.41,NA,NA,NA,NA,NA,Ray-Ray,McCloud,SFO,WR,27,2
robust,13863,WR,7.590000000000001,NA,0.20999999999999996,7.590000000000001,7.590000000000001,-106.6875,-97.83,-111.247,548,517,553,192,33,NA,164.8,11.37,0.72,NA,NA,NA,NA,NA,Byron,Pringle,WAS,WR,30,2
robust,15765,WR,7.380000000000001,NA,0.1800000000000006,7.380000000000001,7.380000000000001,-106.89750000000001,-98.04,-111.45700000000001,549,520,555,193,33,NA,NA,NA,NA,NA,NA,NA,NA,NA,Kevin,Austin,JAC,WR,23,-2
robust,15996,WR,7.2,NA,0.010000000000000675,7.2,7.2,-107.0775,-98.22,-111.637,550,522,556,194,33,NA,NA,NA,NA,NA,NA,NA,NA,NA,Jalen,Virgil,DEN,WR,25,-2
robust,16379,WR,7.1899999999999995,NA,0.48999999999999844,7.1899999999999995,7.1899999999999995,-107.0875,-98.23,-111.647,552,523,557,195,33,355.67,135.33,9.43,0.6,NA,NA,NA,NA,NA,Bryce,Ford-Wheaton,NYG,WR,23,-3
robust,9200,WR,6.700000000000001,NA,0.07000000000000117,6.700000000000001,6.700000000000001,-107.5775,-98.72,-112.137,553,525,559,196,33,NA,215.5,6.5,0.36,NA,NA,NA,NA,NA,Matt,Slater,NEP,WR,38,12
robust,16066,WR,6.63,NA,0.1200000000000001,6.63,6.63,-107.64750000000001,-98.79,-112.20700000000001,554,527,561,197,33,NA,NA,NA,NA,NA,NA,NA,NA,NA,Maurice,Alexander,DET,WR,26,-1
robust,14862,WR,6.51,NA,0.03000000000000025,6.51,6.51,-107.7675,-98.91,-112.327,555,528,562,198,33,NA,NA,NA,NA,NA,NA,NA,NA,NA,Joe,Reed,CHI,WR,25,0
robust,14499,WR,6.4799999999999995,NA,0.10999999999999854,6.4799999999999995,6.4799999999999995,-107.7975,-98.94,-112.357,556,529,563,199,33,NA,NA,NA,NA,NA,NA,NA,NA,NA,Trinity,Benson,DET,WR,26,1
robust,13862,WR,6.370000000000001,NA,0.13000000000000078,6.370000000000001,6.370000000000001,-107.9075,-99.05,-112.467,557,530,564,200,33,NA,177.75,3.9,0.09,NA,NA,NA,NA,NA,River,Cracraft,MIA,WR,29,3
robust,14972,WR,6.24,NA,0.040000000000000036,6.24,6.24,-108.03750000000001,-99.18,-112.59700000000001,559,531,565,201,33,NA,NA,NA,NA,NA,NA,NA,NA,NA,Isaiah,Coulter,BUF,WR,25,0
robust,14998,WR,6.2,NA,0.11000000000000032,6.2,6.2,-108.0775,-99.22,-112.637,561,532,566,202,33,NA,200,4,0.09,NA,NA,NA,NA,NA,Dezmon,Patmon,BUF,WR,25,0
robust,15529,WR,6.2,NA,0,6.2,6.2,-108.0775,-99.22,-112.637,561,532,566,202,33,NA,NA,NA,NA,NA,NA,NA,NA,NA,Easop,Winston,SEA,WR,27,0
robust,14131,WR,6.09,NA,0.07999999999999918,6.09,6.09,-108.1875,-99.33,-112.747,562,533,568,203,33,NA,NA,NA,NA,NA,NA,NA,NA,NA,Stanley,Morgan,CIN,WR,26,1
robust,15321,WR,6.010000000000001,NA,8.881784197001252e-16,6.010000000000001,6.010000000000001,-108.2675,-99.41,-112.827,563,534,569,204,33,NA,NA,NA,NA,NA,NA,NA,NA,NA,Jaelon,Darden,CLE,WR,24,-1
robust,15983,WR,6.01,NA,0.10999999999999943,6.01,6.01,-108.2675,-99.41,-112.827,563,534,569,205,33,NA,208.5,2.5,0.02,NA,NA,NA,NA,NA,Dennis,Houston,DAL,WR,24,-2
robust,14124,WR,5.9,NA,0.05000000000000071,5.9,5.9,-108.3775,-99.52,-112.937,564,535,570,206,33,NA,NA,NA,NA,NA,NA,NA,NA,NA,KeeSean,Johnson,BUF,WR,27,1
robust,15286,WR,5.9,NA,0,5.9,5.9,-108.3775,-99.52,-112.937,564,535,570,206,33,NA,NA,NA,NA,NA,NA,NA,NA,NA,Seth,Williams,JAC,WR,23,-1
robust,14121,WR,5.85,NA,0.03999999999999915,5.85,5.85,-108.42750000000001,-99.57000000000001,-112.98700000000001,565,536,571,207,33,NA,NA,NA,NA,NA,NA,NA,NA,NA,Andy,Isabella,BUF,WR,27,1
robust,15425,WR,5.8100000000000005,NA,0.1200000000000001,5.8100000000000005,5.8100000000000005,-108.4675,-99.61,-113.027,566,537,572,208,33,NA,118,5,0.17,NA,NA,NA,NA,NA,Jacob,Harris,JAC,WR,26,-1
robust,14848,WR,5.69,NA,0.1299999999999999,5.69,5.69,-108.5875,-99.73,-113.147,568,538,573,209,33,NA,175,1.41,0.01,NA,NA,NA,NA,NA,James,Proche,BAL,WR,27,0
robust,15782,WR,5.5600000000000005,NA,0.05000000000000071,5.5600000000000005,5.5600000000000005,-108.7175,-99.86,-113.277,569,541,574,210,33,371,148.78,10.59,0.67,NA,NA,NA,NA,NA,Danny,Gray,SFO,WR,24,-2
robust,15987,WR,5.51,NA,0.08999999999999897,5.51,5.51,-108.7675,-99.91,-113.327,570,542,575,211,34,NA,NA,NA,NA,NA,NA,NA,NA,NA,Brandon,Johnson,DEN,WR,25,-2
robust,15780,WR,5.420000000000001,NA,0.20999999999999996,5.420000000000001,5.420000000000001,-108.8575,-100,-113.417,571,544,576,212,34,NA,NA,NA,NA,NA,NA,NA,NA,NA,Erik,Ezukanma,MIA,WR,23,-2
robust,15683,WR,5.210000000000001,NA,0.030000000000001137,5.210000000000001,5.210000000000001,-109.0675,-100.21000000000001,-113.62700000000001,572,545,577,213,34,NA,NA,NA,NA,NA,NA,NA,NA,NA,C.J.,Saunders,CAR,WR,27,-1
robust,15407,WR,5.18,NA,0.03999999999999915,5.18,5.18,-109.0975,-100.24000000000001,-113.65700000000001,573,546,578,214,34,NA,197.5,5.5,0.25,NA,NA,NA,NA,NA,Dez,Fitzpatrick,PIT,WR,26,-1
robust,15589,WR,5.140000000000001,NA,0.030000000000001137,5.140000000000001,5.140000000000001,-109.1375,-100.28,-113.697,574,547,579,215,34,NA,NA,NA,NA,NA,NA,NA,NA,NA,Cody,White,PIT,WR,25,0
robust,13895,WR,5.109999999999999,NA,0.02999999999999936,5.109999999999999,5.109999999999999,-109.1675,-100.31,-113.727,576,548,580,216,34,NA,170.75,10.64,0.68,NA,NA,NA,NA,NA,Cam,Sims,LVR,WR,27,2
robust,13412,WR,5.08,NA,0.02999999999999936,5.08,5.08,-109.1975,-100.34,-113.757,577,549,581,217,34,NA,NA,NA,NA,NA,NA,NA,NA,NA,Keelan,Cole,LVR,WR,30,3
robust,15535,WR,5.050000000000001,NA,0.03000000000000025,5.050000000000001,5.050000000000001,-109.2275,-100.37,-113.787,578,550,582,218,34,NA,213,6,0.29,NA,NA,NA,NA,NA,Mason,Kinsey,TEN,WR,25,0
robust,15792,WR,5.0200000000000005,NA,0.019999999999999574,5.0200000000000005,5.0200000000000005,-109.25750000000001,-100.4,-113.81700000000001,579,551,583,219,34,NA,206,3,0.04,NA,NA,NA,NA,NA,Michael,Woods,CLE,WR,23,-2
robust,13316,WR,5.000000000000001,NA,0.020000000000000462,5.000000000000001,5.000000000000001,-109.2775,-100.42,-113.837,580,552,584,220,34,NA,206.5,6.5,0.36,NA,NA,NA,NA,NA,Trent,Taylor,CIN,WR,29,3
robust,15313,WR,4.98,NA,0.010000000000000675,4.98,4.98,-109.2975,-100.44,-113.857,581,553,585,221,34,NA,NA,NA,NA,NA,NA,NA,NA,NA,Racey,McMath,TEN,WR,24,-1
robust,15296,WR,4.97,NA,0.05999999999999961,4.97,4.97,-109.3075,-100.45,-113.867,582,554,586,222,34,NA,173,19.06,0.92,NA,NA,NA,NA,NA,Anthony,Schwartz,CLE,WR,23,-1
robust,13669,WR,4.91,NA,0.019999999999999574,4.91,4.91,-109.3675,-100.51,-113.927,583,556,587,223,34,NA,208.5,3.5,0.05,NA,NA,NA,NA,NA,Malik,Turner,IND,WR,27,2
robust,16005,WR,4.890000000000001,NA,0.11000000000000032,4.890000000000001,4.890000000000001,-109.3875,-100.53,-113.947,585,557,588,224,34,NA,193,1.63,0.01,NA,NA,NA,NA,NA,Tim,Jones,JAC,WR,25,-1
robust,16299,WR,4.78,NA,0.019999999999999574,4.78,4.78,-109.4975,-100.64,-114.057,586,560,589,225,34,NA,149.67,31.01,0.99,NA,NA,NA,NA,NA,Derius,Davis,LAC,WR,23,-3
robust,13884,WR,4.760000000000001,NA,8.881784197001252e-16,4.760000000000001,4.760000000000001,-109.5175,-100.66,-114.077,587,561,590,226,34,NA,NA,NA,NA,NA,NA,NA,NA,NA,Vyncint,Smith,IND,WR,27,2
robust,15478,WR,4.760000000000001,NA,0,4.760000000000001,4.760000000000001,-109.5175,-100.66,-114.077,587,561,590,226,34,NA,189.33,2.49,0.01,NA,NA,NA,NA,NA,Mike,Strachan,IND,WR,26,-1
robust,15304,WR,4.76,NA,0.0699999999999994,4.76,4.76,-109.5175,-100.66,-114.077,587,561,590,227,34,NA,NA,NA,NA,NA,NA,NA,NA,NA,Frank,Darby,ATL,WR,26,-1
robust,12257,WR,4.69,NA,0.010000000000000675,4.69,4.69,-109.5875,-100.73,-114.147,588,562,591,228,34,NA,NA,NA,NA,NA,NA,NA,NA,NA,Chris,Conley,SFO,WR,31,5
robust,15285,WR,4.68,NA,0.20999999999999908,4.68,4.68,-109.5975,-100.74000000000001,-114.15700000000001,589,563,592,229,34,NA,162.25,20.08,0.93,NA,NA,NA,NA,NA,Tylan,Wallace,BAL,WR,24,-1
robust,16141,WR,4.470000000000001,NA,0.39000000000000057,4.470000000000001,4.470000000000001,-109.8075,-100.95,-114.367,590,565,593,230,34,NA,NA,NA,NA,NA,NA,NA,NA,NA,Josh,Ali,ATL,WR,24,2020
robust,15467,WR,4.08,NA,0.009999999999999787,4.08,4.08,-110.1975,-101.34,-114.757,592,567,594,231,34,NA,NA,NA,NA,NA,NA,NA,NA,NA,Jalen,Camp,HOU,WR,25,-1
robust,13666,WR,4.07,NA,0.019999999999999574,4.07,4.07,-110.20750000000001,-101.35,-114.767,593,568,595,232,34,NA,NA,NA,NA,NA,NA,NA,NA,NA,Daurice,Fountain,CHI,WR,28,2
robust,14549,WR,4.050000000000001,NA,0.5400000000000005,4.050000000000001,4.050000000000001,-110.2275,-101.37,-114.787,594,569,596,233,34,NA,NA,NA,NA,NA,NA,NA,NA,NA,Nsimba,Webster,CHI,WR,27,1
robust,14125,WR,3.5100000000000002,NA,0.020000000000000018,3.5100000000000002,3.5100000000000002,-110.7675,-101.91,-115.327,595,573,598,234,34,NA,193.33,4.5,0.12,NA,NA,NA,NA,NA,Miles,Boykin,PIT,WR,27,1
robust,13882,WR,3.49,NA,0.26000000000000023,3.49,3.49,-110.78750000000001,-101.93,-115.34700000000001,596,574,599,235,34,NA,NA,NA,NA,NA,NA,NA,NA,NA,Keith,Kirkwood,NOS,WR,30,2
robust,16120,WR,3.23,NA,0.029999999999999805,3.23,3.23,-111.0475,-102.19,-115.607,597,576,600,236,34,NA,NA,NA,NA,NA,NA,NA,NA,NA,Austin,Trammell,LAR,WR,25,-1
robust,15497,WR,3.2,NA,0.08999999999999986,3.2,3.2,-111.0775,-102.22,-115.637,599,577,601,237,34,NA,NA,NA,NA,NA,NA,NA,NA,NA,Kawaan,Baker,NOS,WR,25,-1
robust,12913,WR,3.1100000000000003,NA,0.5899999999999999,3.1100000000000003,3.1100000000000003,-111.1675,-102.31,-115.727,600,578,602,238,34,NA,NA,NA,NA,NA,NA,NA,NA,NA,Alex,Erickson,NYJ,WR,31,4
robust,14850,WR,3.1100000000000003,NA,0,3.1100000000000003,3.1100000000000003,-111.1675,-102.31,-115.727,600,578,602,238,34,320.5,143.67,23.7,0.97,NA,NA,NA,NA,NA,Quintez,Cephus,FA,WR,25,0
robust,15326,WR,2.5200000000000005,NA,0.07000000000000028,2.5200000000000005,2.5200000000000005,-111.75750000000001,-102.9,-116.31700000000001,601,583,603,239,34,NA,186.75,4.26,0.11,NA,NA,NA,NA,NA,Dax,Milne,WAS,WR,24,-1
robust,14101,WR,2.45,NA,0.11000000000000032,2.45,2.45,-111.8275,-102.97,-116.387,602,584,604,240,34,NA,171.5,34.5,0.99,NA,NA,NA,NA,NA,N'Keal,Harry,MIN,WR,26,1
robust,14110,WR,2.34,NA,0.03999999999999959,2.34,2.34,-111.9375,-103.08,-116.497,603,585,605,241,34,NA,152.33,7.59,0.44,NA,NA,NA,NA,NA,David,Sills,NYG,WR,27,1
robust,12197,WR,2.3000000000000003,NA,0.6900000000000002,2.3000000000000003,2.3000000000000003,-111.9775,-103.12,-116.537,604,586,606,242,34,NA,187,5.72,0.27,NA,NA,NA,NA,NA,Breshad,Perriman,IND,WR,30,5
robust,16423,WR,1.61,NA,1.4200000000000002,1.61,1.61,-112.6675,-103.81,-117.227,606,593,607,243,34,NA,NA,NA,NA,NA,NA,NA,2.4480000000000004,NA,Jason,Brownlee,NYJ,WR,24,-3
robust,15772,WR,0.19000000000000003,NA,0,0.19000000000000003,0.19000000000000003,-114.0875,-105.23,-118.647,607,601,608,244,34,NA,197.33,13.89,0.82,NA,NA,NA,NA,NA,Britain,Covey,PHI,WR,26,-2
robust,11244,TE,177.425,5.040840000000008,52.015,173.74,182.11,96.14,99.147,97.564,4,2,6,1,1,5.22,1,0,0.12,7.415,1.3932067326854258,-3.415,48.61066666666667,6.412555462181638,Travis,Kelce,KCC,TE,34,7
robust,13671,TE,125.41000000000001,1.74946800000001,10.8275,119.90200000000002,128.18200000000002,44.125,45.30900000000001,43.635999999999996,34,28,38,2,2,36.74,2.18,0.42,0.03,31.79,3.5337751296123328,2.210000000000001,25.234666666666666,4.307767042086759,Mark,Andrews,BAL,TE,28,2
robust,14138,TE,114.58250000000001,3.943715999999995,1.325000000000017,109.049,118.184,33.2975,34.456,33.63799999999998,45,41,45,3,3,62.19,3.61,1.28,0.11,46.76833333333333,5.307618476198989,-1.7683333333333309,19.653333333333336,2.922160540117916,T.J.,Hockenson,MIN,TE,26,1
robust,13299,TE,113.2575,12.17214600000001,6.032499999999985,101.884,122.179,31.972499999999982,27.290999999999997,37.63299999999998,46,51,43,4,4,69.72,4.52,0.96,0.64,49.92166666666667,6.06674381819074,-3.921666666666667,18.84466666666667,8.188329309992906,George,Kittle,SFO,TE,30,3
robust,12263,TE,107.22500000000001,4.373670000000004,6.772499999999994,102.995,113.97500000000001,25.939999999999998,28.402,29.428999999999988,52,48,51,5,5,87.06,5.48,1.76,0.17,64.385,5.019982569690854,-12.385000000000005,12.646,7.1346267363238205,Darren,Waller,NYG,TE,31,5
robust,15329,TE,100.45250000000001,2.120117999999989,2.762500000000017,98.44300000000001,103.618,19.167500000000004,23.85000000000001,19.071999999999974,63,55,65,6,6,84.41,5.68,1.34,0.06,62.248333333333335,7.11099949999217,0.7516666666666652,11.33,4.621522115782491,Kyle,Pitts,ATL,TE,23,-1
robust,13674,TE,97.69,12.038712000000006,10.109999999999985,86.768,106.388,16.404999999999987,12.174999999999997,21.841999999999985,64,72,61,7,7,90.73,6.09,1.16,0.64,62.40833333333333,6.453250903399169,1.5916666666666686,15.271333333333333,8.087449755983377,Dallas,Goedert,PHI,TE,28,2
robust,13192,TE,87.58000000000001,3.7509779999999804,0.045000000000015916,83.37300000000002,94.87500000000001,6.295000000000002,8.780000000000015,10.328999999999994,76,80,75,8,7,119.73,9.73,1.5,0.11,94.72833333333332,12.30255856406391,-18.728333333333325,5.442000000000001,3.422834303127552,David,Njoku,CLE,TE,27,3
robust,13189,TE,87.535,0.9636899999999873,0.3125,86.39099999999999,88.33500000000001,6.249999999999986,11.797999999999988,3.7889999999999873,77,73,85,9,7,118.13,9.71,1.75,0.03,86.06666666666666,10.773542695985485,-9.066666666666663,8.867333333333335,4.8415122522708645,Evan,Engram,JAC,TE,29,3
robust,15331,TE,87.2225,1.2898620000000067,4.757499999999993,86.137,88.792,5.937499999999986,11.543999999999997,4.245999999999981,78,74,82,10,8,112.12,9.12,1.81,0.04,95.785,14.23564862121381,-17.784999999999997,4.922000000000001,2.005840139858276,Pat,Freiermuth,PIT,TE,25,-1
robust,15797,TE,82.465,8.406342000000002,0.9474999999999909,74.593,88.63300000000001,1.1799999999999926,0,4.086999999999989,90,96,84,11,8,133.92,12.24,2.56,0.5,130.40333333333334,12.127658013354802,-40.403333333333336,3.288666666666667,2.2639236343618623,Greg,Dulcich,DEN,TE,23,-2
robust,13772,TE,81.51750000000001,3.765804000000009,0.2325000000000017,77.301,84.54600000000002,0.2325000000000017,2.7079999999999984,0,94,89,96,12,8,138.02,13.26,2.49,0.17,122.62166666666667,4.866738869327406,-28.62166666666667,3.8273333333333337,2.6831326633040136,Dalton,Schultz,HOU,TE,27,2
robust,15889,TE,81.28500000000001,1.2305579999999974,2.532500000000013,77.45700000000001,83.21700000000001,0,2.8640000000000043,-1.3290000000000077,95,87,104,13,9,139.41,13.23,2.78,0.07,134.98833333333334,8.37658724594264,-39.988333333333344,3.278666666666667,2.2080104669639193,Chigoziem,Okonkwo,TEN,TE,24,-2
robust,14867,TE,78.7525,3.4841099999999914,1.5049999999999955,68.84400000000001,83.865,-2.532500000000013,-5.748999999999995,-0.6810000000000258,106,114,99,14,9,148.99,15.35,3.44,0.21,128.635,11.470727599706425,-22.63499999999999,4.708666666666668,4.388207328232745,Cole,Kmet,CHI,TE,24,0
robust,12678,TE,77.2475,2.624201999999994,1.0674999999999955,74.47700000000002,81.902,-4.0375000000000085,-0.11599999999998545,-2.6440000000000197,110,97,109,15,10,158.85,16.74,2.94,0.12,145.34166666666667,8.082815962824402,-35.34166666666667,3.736666666666667,3.157006317524387,Tyler,Higbee,LAR,TE,30,4
robust,16213,TE,76.18,0.3113459999999907,1.1800000000000068,71.421,88.25099999999999,-5.105000000000004,-3.171999999999997,3.70499999999997,114,103,87,16,10,165.29,16.91,4.57,0.08,116.95666666666666,28.92340613105971,-2.9566666666666634,11.260666666666667,12.814301420244842,Dalton,Kincaid,BUF,TE,24,-3
robust,14861,TE,75,3.7806299999999955,1.6699999999999875,70.555,82.885,-6.285000000000011,-4.037999999999997,-1.6610000000000156,120,105,105,17,10,182.76,19.85,4.66,0.29,137.308,25.933499108296203,-17.307999999999993,3.6826666666666674,3.5423552742333593,Juwan,Johnson,NOS,TE,27,0
robust,13236,TE,73.33000000000001,0.47443200000001096,3.8725000000000023,72.86,73.688,-7.954999999999998,-1.733000000000004,-10.858000000000018,125,100,129,18,11,163.38,17.77,3,0.05,152.51333333333332,21.564631279533216,-27.51333333333332,3.4920000000000004,3.0361150614999213,Gerald,Everett,LAC,TE,29,3
robust,13424,TE,69.45750000000001,8.450820000000014,2.885000000000005,62.11,80.353,-11.8275,-12.483000000000004,-4.193000000000026,136,138,112,19,12,171.37,18.52,6.32,0.69,148.11333333333334,28.949992899634516,-12.113333333333344,2.7006666666666668,1.625152574033863,Taysom,Hill,NOS,TE,33,3
robust,16214,TE,66.5725,3.1134599999999915,0.5525000000000091,64.091,68.69,-14.712500000000006,-10.50200000000001,-15.856000000000023,144,132,143,20,12,207.34,22.08,6.8,0.42,131.612,31.215966043036374,12.388000000000005,6.598000000000001,6.749224745603504,Sam,LaPorta,DET,TE,22,-3
robust,14141,TE,66.02,NA,3.677499999999995,66.02,66.02,-15.265000000000015,-8.573000000000008,-18.526000000000025,148,122,157,21,13,212.98,22.7,4.4,0.24,159.6475,19.758883287018023,-11.647500000000008,3.392666666666667,2.8982571007800924,Irv,Smith Jr.,CIN,TE,25,1
robust,14137,TE,62.3425,4.28471399999998,0.08750000000000568,58.786,65.31099999999999,-18.94250000000001,-15.807000000000002,-19.235000000000028,152,151,163,22,13,249.19,27.34,3.06,0.25,167.675,7.9750000000000085,-15.675000000000011,3.704,2.704,Noah,Fant,SEA,TE,26,1
robust,15840,TE,62.254999999999995,4.240235999999999,0.5874999999999986,57.385999999999996,70.796,-19.030000000000015,-17.207000000000008,-13.750000000000014,154,155,136,23,13,253.24,28.28,4.33,0.32,171.43,NA,-17.430000000000007,2.3760000000000003,NA,Jelani,Woods,IND,TE,25,-2
robust,13675,TE,61.6675,6.078659999999991,0.13749999999999574,57.113,65.69,-19.617500000000014,-17.480000000000004,-18.856000000000023,156,157,158,24,13,280.92,32.02,4.71,0.48,173.29,37.17315429177352,-17.289999999999992,2.0593333333333335,1.462910645102959,Tyler,Conklin,NYJ,TE,28,2
robust,14143,TE,61.53,3.3506760000000075,0.9299999999999926,59.226,64.266,-19.75500000000001,-15.367000000000004,-20.280000000000015,157,150,168,25,14,206.84,22.4,4.83,0.28,141.09199999999998,16.850167239526137,15.908000000000015,2.734,2.3609190300954133,Dawson,Knox,BUF,TE,27,1
robust,12676,TE,60.60000000000001,9.117990000000008,2.2025000000000077,54.80500000000001,66.235,-20.685000000000002,-19.787999999999997,-18.31100000000002,159,161,154,26,14,224.79,23.86,4.91,0.66,173.19,16.747113184068468,-14.189999999999998,2.144,1.1440000000000003,Hunter,Henry,NEP,TE,29,4
robust,15802,TE,58.3975,1.497425999999997,0.4450000000000003,56.591,61.64,-22.88750000000001,-18.002000000000002,-22.90600000000002,167,159,180,27,14,287.16,32.86,3.49,0.09,171.32,NA,-4.319999999999993,1.5899999999999999,0.45000000000000007,Cade,Otton,TBB,TE,24,-2
robust,13680,TE,57.9525,2.016335999999999,1.6749999999999972,54.265,60.12400000000001,-23.33250000000001,-20.328000000000003,-24.42200000000001,170,163,183,28,15,237.84,25.32,4.4,0.15,166.17666666666665,28.881362310128118,3.823333333333352,3.1173333333333337,2.854108305972677,Hayden,Hurst,CAR,TE,30,2
robust,13672,TE,56.2775,7.902257999999997,0.9274999999999949,48.93300000000001,67.69800000000001,-25.007500000000007,-25.659999999999997,-16.848000000000013,177,179,147,29,15,205.4,22.66,4.48,0.56,156.76,17.438111136244085,20.24000000000001,2.382666666666667,1.747550921210087,Mike,Gesicki,NEP,TE,28,2
robust,11247,TE,55.35000000000001,12.75036,0.04250000000000398,46.660000000000004,65.56000000000002,-25.935000000000002,-27.933,-18.986000000000004,179,185,160,30,15,268.75,30.92,5.84,0.84,173.17000000000002,17.847904638920504,5.829999999999984,3.317,1.987,Zach,Ertz,ARI,TE,33,7
robust,11647,TE,55.307500000000005,0.3558240000000029,1.0725000000000051,52.024,63.498999999999995,-25.977500000000006,-22.569000000000003,-21.047000000000025,180,170,176,31,15,292.34,33.84,5.46,0.11,218.82,NA,-38.81999999999999,1.484,0.4840000000000001,Logan,Thomas,WAS,TE,32,6
robust,15794,TE,54.235,0.6819960000000013,0.03499999999999659,51.986,59.42,-27.05000000000001,-22.607000000000006,-25.12600000000002,183,172,186,32,15,232.72,25.03,3.34,0.06,173.62666666666667,28.991448547612947,9.373333333333335,1.7720000000000002,0.7720000000000002,Trey,McBride,ARI,TE,24,-2
robust,16212,TE,54.2,0.889560000000002,6.037500000000001,53.06,56.300000000000004,-27.085000000000008,-21.533,-28.246000000000016,184,167,196,33,16,256.62,28.33,4.49,0.1,126.21333333333334,46.239481927124665,57.78666666666666,9.721000000000002,8.351000000000003,Michael,Mayer,LVR,TE,22,-3
robust,15799,TE,48.1625,0.7413,2.6850000000000023,41.115,51.150000000000006,-33.12250000000001,-33.478,-33.396000000000015,199,204,208,34,17,271.81,30.77,6.56,0.2,182.495,22.825000000000003,16.504999999999995,2.5410000000000004,1.3710000000000002,Jake,Ferguson,DAL,TE,24,-2
robust,12677,TE,45.4775,2.802114000000001,0.20750000000000313,41.299,53.620000000000005,-35.80750000000001,-33.294000000000004,-30.926000000000016,205,203,203,35,17,315.7,37.86,4.5,0.22,NA,NA,NA,3.1440000000000006,NA,Austin,Hooper,LVR,TE,29,4
robust,16215,TE,45.269999999999996,4.062323999999992,3.0349999999999966,41.373999999999995,51.45400000000001,-36.015000000000015,-33.21900000000001,-33.09200000000001,206,202,207,36,18,279.95,31.22,4.77,0.34,143.675,66.595,62.32499999999999,6.509,5.299000000000001,Luke,Musgrave,GBP,TE,23,-3
robust,13427,TE,42.235,12.846728999999998,0.0049999999999954525,34.4365,50.0335,-39.05000000000001,-40.1565,-34.512500000000024,210,216,211,37,18,333.2,40.76,5.45,0.83,NA,NA,NA,1.4880000000000002,NA,Robert,Tonyan,CHI,TE,29,3
robust,15798,TE,42.230000000000004,2.209074000000003,7.3600000000000065,36.52100000000001,45.251000000000005,-39.05500000000001,-38.071999999999996,-39.295000000000016,211,212,222,38,19,271.75,30.57,3.55,0.12,197.335,18.655,13.664999999999992,2.108,0.7480000000000001,Isaiah,Likely,BAL,TE,23,-2
robust,15626,TE,34.87,10.215114,0.0049999999999954525,23.489000000000004,54.538999999999994,-46.41500000000001,-51.104,-30.007000000000026,225,241,201,39,19,370.75,59.67,11.33,0.88,NA,NA,NA,NA,NA,Brock,Wright,DET,TE,25,-1
robust,13193,TE,34.865,2.372160000000002,0.0625,29.174,37.940000000000005,-46.42000000000001,-45.419000000000004,-46.606000000000016,226,226,243,40,19,338.33,42.06,4.32,0.18,NA,NA,NA,NA,NA,Jonnu,Smith,ATL,TE,28,3
robust,14239,TE,34.8025,7.546434,0.5800000000000054,27.919,45.37,-46.48250000000001,-46.67400000000001,-39.17600000000002,228,231,221,41,19,337.52,42.18,4.72,0.55,NA,NA,NA,0.7200000000000001,NA,Foster,Moreau,NOS,TE,26,1
robust,15337,TE,34.2225,8.1543,1.1174999999999926,29.071,39.24999999999999,-47.062500000000014,-45.522000000000006,-45.29600000000003,231,227,240,42,19,354.49,45.81,4.72,0.59,NA,NA,NA,1.9680000000000002,NA,Noah,Gray,KCC,TE,24,-1
robust,14341,TE,33.105000000000004,1.4974260000000021,1.1475000000000009,29.601,40.761,-48.18000000000001,-44.992000000000004,-43.78500000000002,234,224,235,43,19,352.09,45,5.52,0.19,NA,NA,NA,NA,NA,Donald,Parham,LAC,TE,26,1
robust,16221,TE,31.957500000000003,1.186080000000001,0.9500000000000028,30.180000000000003,35.427,-49.32750000000001,-44.413,-49.11900000000002,238,222,255,44,20,334.51,40.38,4.11,0.1,70.63,NA,167.37,3.6240000000000006,NA,Luke,Schoonmaker,DAL,TE,25,-3
robust,15332,TE,31.0075,7.442651999999999,0.5825000000000031,24.532,40.615,-50.27750000000001,-50.06100000000001,-43.93100000000002,241,238,236,45,20,364.67,61.62,6.4,0.63,NA,NA,NA,NA,NA,Tommy,Tremble,CAR,TE,23,-1
robust,12317,TE,30.424999999999997,10.971240000000003,0.3199999999999932,21.639999999999997,42.61000000000001,-50.860000000000014,-52.953,-41.936000000000014,242,249,228,46,20,364.77,53,12.22,0.91,NA,NA,NA,2.1840000000000006,NA,C.J.,Uzomah,NYJ,TE,30,5
robust,15905,TE,30.105000000000004,7.412999999999999,0.9350000000000023,19.637999999999998,36.900000000000006,-51.18000000000001,-54.955000000000005,-47.646000000000015,244,262,249,47,20,NA,81.4,5.31,0.57,NA,NA,NA,NA,NA,Teagan,Quitoriano,HOU,TE,23,-2
robust,16222,TE,29.17,2.5204199999999988,0.010000000000001563,21.842000000000002,32.93,-52.11500000000001,-52.751000000000005,-51.61600000000002,247,247,265,48,20,344.5,44.22,5.35,0.26,75.77,NA,171.23000000000002,3.2400000000000007,NA,Tucker,Kraft,GBP,TE,23,-3
robust,13763,TE,29.16,5.441142000000002,0.6949999999999967,24.867,35.03699999999999,-52.125000000000014,-49.726,-49.50900000000003,248,236,257,49,20,353.26,47.15,6.87,0.52,NA,NA,NA,0.7200000000000001,NA,Will,Dissly,SEA,TE,27,2
robust,15419,TE,28.465000000000003,3.6101309999999978,0.10500000000000398,26.273500000000006,30.6565,-52.82000000000001,-48.3195,-53.88950000000002,251,232,271,50,20,376.25,55.71,4.9,0.3,NA,NA,NA,NA,NA,Kylen,Granson,IND,TE,25,-1
robust,14209,TE,28.36,2.6093760000000024,1.2149999999999963,21.816000000000003,42.839999999999996,-52.92500000000001,-52.777,-41.706000000000024,252,248,227,51,21,360.57,57.1,9.22,0.49,NA,NA,NA,NA,NA,Josh,Oliver,MIN,TE,26,1
robust,13676,TE,27.145000000000003,2.7279839999999997,0.8000000000000043,25.084000000000003,29.854,-54.14000000000001,-49.509,-54.69200000000002,253,235,275,52,21,337.21,48.81,10.89,0.57,NA,NA,NA,0.8160000000000002,NA,Durham,Smythe,MIA,TE,28,2
robust,14875,TE,26.345,3.558239999999998,0.259999999999998,23.782000000000004,28.659999999999997,-54.94000000000001,-50.811,-55.886000000000024,256,240,280,53,21,367.3,52.7,5.97,0.38,NA,NA,NA,NA,NA,Harrison,Bryant,CLE,TE,25,0
robust,14876,TE,26.085,0.12602100000000127,0.3149999999999977,26.0085,26.1615,-55.20000000000001,-48.584500000000006,-58.38450000000002,257,233,292,54,21,355,67.88,7.2,0.19,NA,NA,NA,NA,NA,Josiah,Deguara,GBP,TE,26,0
robust,16269,TE,25.770000000000003,8.094995999999995,0.17000000000000526,20.414,30.854,-55.51500000000001,-54.179,-53.69200000000002,259,256,269,55,21,355.33,61.5,8.71,0.75,86.58,NA,172.42000000000002,2.6400000000000006,NA,Brenton,Strange,JAC,TE,23,-3
robust,9925,TE,25.599999999999998,NA,0.5899999999999999,25.599999999999998,25.599999999999998,-55.68500000000002,-48.99300000000001,-58.946000000000026,260,234,295,56,21,363.67,61.5,20.27,0.98,NA,NA,NA,NA,NA,Jimmy,Graham,NOS,TE,37,10
robust,13246,TE,25.009999999999998,2.7428100000000017,0.47499999999999787,21.551000000000002,27.365000000000002,-56.27500000000001,-53.042,-57.18100000000002,265,250,284,57,21,362.33,51.73,5.36,0.27,NA,NA,NA,NA,NA,Mo,Alie-Cox,IND,TE,30,3
robust,13753,TE,24.535,6.427070999999995,0.7600000000000016,20.6335,28.4365,-56.750000000000014,-53.959500000000006,-56.109500000000025,266,254,281,58,22,352.13,53.92,6.08,0.55,NA,NA,NA,NA,NA,Jordan,Akins,CLE,TE,31,2
robust,13678,TE,23.775,6.7087650000000005,0.3549999999999969,19.7025,27.8475,-57.51000000000001,-54.8905,-56.698500000000024,269,261,282,59,22,NA,72.4,4.8,0.51,NA,NA,NA,NA,NA,Ian,Thomas,CAR,TE,27,2
robust,14871,TE,23.42,2.1942480000000004,0.18999999999999773,22.088,24.752000000000002,-57.86500000000001,-52.505,-59.79400000000002,270,245,301,60,22,372.6,57.55,8.23,0.43,NA,NA,NA,NA,NA,Colby,Parkinson,SEA,TE,24,0
robust,15330,TE,23.230000000000004,NA,0.8750000000000036,23.230000000000004,23.230000000000004,-58.05500000000001,-51.363,-61.31600000000002,272,242,309,61,22,361.87,51.73,9.79,0.78,NA,NA,NA,NA,NA,Brevin,Jordan,HOU,TE,23,-1
robust,14870,TE,22.355,4.514517000000002,0.36499999999999844,19.614499999999996,25.095500000000005,-58.93000000000001,-54.97850000000001,-59.45050000000002,276,263,298,62,22,352.62,47.28,5.98,0.46,NA,NA,NA,NA,NA,Adam,Trautman,DEN,TE,26,0
robust,16216,TE,21.990000000000002,1.6160340000000024,0.26000000000000156,21.009,22.971000000000007,-59.29500000000001,-53.584,-61.57500000000002,278,252,310,63,22,348.42,45.19,5.3,0.19,72.24,NA,205.76,6.144000000000001,NA,Darnell,Washington,PIT,TE,22,-3
robust,16333,TE,21.73,2.4759420000000025,0.18499999999999872,20.227,23.233,-59.55500000000001,-54.366,-61.31300000000002,280,259,308,64,22,358.2,62.2,10.07,0.52,NA,NA,NA,1.4160000000000001,NA,Elijah,Higgins,MIA,TE,23,-3
robust,15026,TE,21.545,8.235843000000001,0.18500000000000227,16.5455,26.544500000000003,-59.74000000000001,-58.0475,-58.00150000000002,283,276,291,65,22,NA,111,1,0.44,NA,NA,NA,NA,NA,Stephen,Sullivan,CAR,TE,27,0
robust,13880,TE,21.36,0.80060399999999865,0.00999999999999801,20.874000000000002,21.845999999999997,-59.92500000000001,-53.719,-62.700000000000024,284,253,317,66,22,371.33,67.89,15.23,0.67,NA,NA,NA,NA,NA,Dan,Arnold,PHI,TE,28,3
robust,14868,TE,21.35,1.2602099999999994,0.15500000000000114,20.584999999999997,22.115000000000002,-59.93500000000001,-54.00800000000001,-62.43100000000002,285,255,314,67,22,NA,80,5.25,0.15,NA,NA,NA,NA,NA,Brycen,Hopkins,LAR,TE,26,0
robust,15344,TE,21.35,4.67019,0,18.515,24.185,-59.93500000000001,-56.078,-60.36100000000002,285,264,304,67,22,359,68.43,9.16,0.6,NA,NA,NA,NA,NA,John,Bates,WAS,TE,26,-1
robust,16219,TE,21.195,12.757773,0.019999999999999574,13.450500000000003,28.9395,-60.09000000000001,-61.1425,-55.606500000000025,286,297,279,68,22,NA,109.33,4.11,0.8,NA,NA,NA,NA,NA,Davis,Allen,LAR,TE,22,-3
robust,16000,TE,21.175,1.8161849999999968,0.060000000000002274,20.0725,22.2775,-60.110000000000014,-54.5205,-62.26850000000002,287,260,313,69,22,366.8,54.93,4.53,0.14,NA,NA,NA,1.1520000000000001,NA,Peyton,Hendershot,DAL,TE,24,-2
robust,15070,TE,21.115,9.762920999999999,1.2499999999999964,15.1885,27.0415,-60.170000000000016,-59.404500000000006,-57.50450000000002,288,286,286,70,23,NA,81.6,13.23,0.91,NA,NA,NA,NA,NA,Jody,Fortson,KCC,TE,28,1
robust,15334,TE,19.865000000000002,11.467911,0.015000000000000568,12.9035,26.8265,-61.42000000000001,-61.6895,-57.719500000000025,290,302,288,71,23,NA,63.33,9.87,0.89,NA,NA,NA,NA,NA,Hunter,Long,LAR,TE,25,-1
robust,15541,TE,19.85,10.15581,0.15500000000000114,13.685000000000002,26.015000000000004,-61.43500000000001,-60.908,-58.53100000000002,291,295,293,72,23,NA,81.5,9.86,0.86,NA,NA,NA,NA,NA,Jack,Stoll,PHI,TE,25,-1
robust,12213,TE,19.695,7.123892999999999,0.11249999999999716,15.370500000000002,24.0195,-61.59000000000001,-59.222500000000004,-60.52650000000002,292,285,305,73,23,NA,NA,NA,0.74,NA,NA,NA,NA,NA,Blake,Bell,KCC,TE,32,5
robust,13315,TE,19.582500000000003,1.8829019999999992,0.12250000000000227,16.157,26.66,-61.70250000000001,-58.43600000000001,-57.886000000000024,293,279,290,74,23,NA,86.8,13.64,0.65,NA,NA,NA,NA,NA,Eric,Saubert,MIA,TE,29,3
robust,13988,TE,19.46,12.216624000000003,0.14999999999999858,12.044000000000002,26.876,-61.82500000000001,-62.549,-57.670000000000016,294,308,287,75,23,NA,78.75,4.02,0.76,NA,NA,NA,NA,NA,Ross,Dwelley,SFO,TE,28,2
robust,14873,TE,19.310000000000002,4.462625999999999,0.4750000000000014,16.601,22.019000000000002,-61.97500000000001,-57.992000000000004,-62.527000000000015,295,275,316,76,23,327.27,42.71,8.71,0.56,NA,NA,NA,0.43200000000000005,NA,Albert,Okwuegbunam,DEN,TE,25,0
robust,15795,TE,18.835,4.203171000000001,0.28999999999999915,16.2835,21.3865,-62.45000000000001,-58.3095,-63.15950000000002,299,277,319,77,23,NA,82.29,11.62,0.69,NA,NA,NA,NA,NA,Charlie,Kolar,BAL,TE,24,-2
robust,15873,TE,18.545,3.4692840000000023,0.6275000000000013,15.634,22.744,-62.74000000000001,-58.959,-61.80200000000002,300,282,311,78,23,313.77,38.05,4.36,0.26,NA,NA,NA,1.3920000000000001,NA,Daniel,Bellinger,NYG,TE,23,-2
robust,15800,TE,17.9175,3.6027179999999994,0.2699999999999996,14.813,22.490000000000002,-63.36750000000001,-59.78,-62.05600000000002,301,289,312,79,23,NA,88.4,10.67,0.62,NA,NA,NA,NA,NA,Connor,Heyward,PIT,TE,24,-2
robust,15929,TE,17.6475,4.166106,0.2875000000000014,13.271,24.98,-63.63750000000001,-61.322,-59.56600000000002,303,299,299,80,23,NA,85.6,22.81,0.93,NA,NA,NA,NA,NA,Ko,Kieft,TBB,TE,25,-2
robust,16218,TE,17.36,4.951884,0.00999999999999801,14.354,20.366,-63.92500000000001,-60.239000000000004,-64.18000000000002,304,294,323,81,23,NA,92,7.18,0.52,NA,NA,NA,NA,NA,Payne,Durham,TBB,TE,23,-3
robust,15041,TE,17.35,3.0393299999999983,0.45000000000000284,15.505,19.194999999999997,-63.93500000000001,-59.088,-65.35100000000003,305,283,327,82,23,NA,NA,NA,0.23,NA,NA,NA,NA,NA,Lawrence,Cager,NYG,TE,26,0
robust,15534,TE,16.9,0,0.03500000000000014,16.9,16.9,-64.38500000000002,-57.693000000000005,-67.646000000000015,306,271,335,83,23,NA,NA,NA,0.01,NA,NA,NA,NA,NA,Miller,Forristall,CLE,TE,25,-1
robust,12212,TE,16.865,7.9096709999999995,0.14499999999999602,12.0635,21.6665,-64.42000000000002,-62.529500000000006,-62.87950000000002,307,307,318,84,23,351,NA,NA,0.81,NA,NA,NA,NA,NA,Tyler,Kroft,MIA,TE,31,5
robust,15909,TE,16.720000000000002,2.9355480000000016,0.0400000000000027,14.938,18.502000000000002,-64.56500000000001,-59.655,-66.04400000000001,308,287,328,85,23,349,63.63,6.52,0.38,NA,NA,NA,NA,NA,James,Mitchell,DET,TE,24,-2
robust,12378,TE,16.68,NA,0.134999999999998,16.68,16.68,-64.60500000000002,-57.913000000000004,-67.86600000000001,309,274,338,86,23,NA,100,2.16,0.05,NA,NA,NA,NA,NA,Geoff,Swaim,ARI,TE,30,5
robust,16217,TE,16.545,0.526322999999998,0.09500000000000242,16.2255,16.864499999999996,-64.74000000000001,-58.36750000000001,-67.68150000000003,310,278,336,87,23,NA,95,9.75,0.4,NA,NA,NA,2.9760000000000004,NA,Cameron,Latu,SFO,TE,23,-3
robust,15333,TE,16.45,0.8154299999999997,0.10999999999999943,15.955000000000002,16.945,-64.83500000000001,-58.638000000000005,-67.60100000000003,312,280,334,88,24,NA,71.33,3.9,0.08,NA,NA,NA,NA,NA,Tre',McKitty,LAC,TE,24,-1
robust,8269,TE,16.34,6.167616,0.46999999999999886,12.596,20.084,-64.94500000000001,-61.997,-64.46200000000002,313,304,325,89,24,NA,97.33,13.77,0.84,NA,NA,NA,NA,NA,Marcedes,Lewis,CHI,TE,39,14
robust,16249,TE,15.870000000000001,3.6027179999999994,0.28500000000000014,13.683000000000002,18.057000000000002,-65.415,-60.910000000000004,-66.48900000000002,316,296,331,90,24,375,65.63,13.35,0.73,NA,NA,NA,1.5360000000000003,NA,Zack,Kuntz,NYJ,TE,24,-3
robust,15796,TE,15.585,3.7287390000000005,0.5199999999999996,13.3215,17.8485,-65.70000000000002,-61.2715,-66.69750000000002,317,298,332,91,24,355.29,59.07,14.01,0.75,NA,NA,NA,NA,NA,Jeremy,Ruckert,NYJ,TE,23,-2
robust,16312,TE,15.065000000000001,0.7931910000000015,0.26500000000000057,14.583499999999999,15.546500000000002,-66.22000000000001,-60.0095,-68.99950000000001,319,292,346,92,24,NA,89.2,8.98,0.36,NA,NA,NA,NA,NA,Josh,Whyle,TEN,TE,24,-3
robust,15916,TE,14.8,0,0.3000000000000007,14.8,14.8,-66.48500000000001,-59.793000000000006,-69.74600000000002,321,290,353,93,24,NA,NA,NA,0.01,NA,NA,NA,NA,NA,Andrew,Ogletree,IND,TE,25,-2
robust,16113,TE,14.5,3.7064999999999997,0.3200000000000003,12.25,16.75,-66.78500000000001,-62.343,-67.79600000000002,322,305,337,94,24,NA,NA,NA,0.33,NA,NA,NA,NA,NA,Stone,Smartt,LAC,TE,25,-2
robust,14240,TE,14.18,3.2913719999999995,0.030000000000001137,12.181999999999999,16.177999999999997,-67.10500000000002,-62.411,-68.36800000000002,325,306,343,95,24,NA,92.25,8.2,0.48,NA,NA,NA,NA,NA,Zach,Gentry,PIT,TE,27,1
robust,16367,TE,14.149999999999999,4.07715,0.3299999999999983,11.674999999999999,16.624999999999996,-67.13500000000002,-62.918000000000006,-67.92100000000002,326,311,340,96,24,NA,NA,NA,0.4,NA,NA,NA,NA,NA,Brayden,Willis,SFO,TE,24,-3
robust,15335,TE,13.82,6.345528,0.10500000000000043,9.968000000000002,17.672,-67.465,-64.625,-66.87400000000002,328,323,333,97,24,NA,99.4,15.08,0.87,NA,NA,NA,NA,NA,Luke,Farrell,JAC,TE,26,-1
robust,14146,TE,13.715,4.2773010000000005,0.1750000000000007,11.1185,16.311500000000002,-67.57000000000001,-63.474500000000006,-68.23450000000003,329,317,342,98,24,NA,79.4,10.98,0.67,NA,NA,NA,NA,NA,Drew,Sample,CIN,TE,27,1
robust,15103,TE,13.54,5.129796,0.129999999999999,10.426,16.654,-67.745,-64.167,-67.89200000000002,331,322,339,99,24,NA,137,9.22,0.63,NA,NA,NA,NA,NA,Reggie,Gilliam,BUF,RB,26,0
robust,14752,TE,13.41,3.9881940000000005,0.4250000000000007,10.989,15.831,-67.87500000000001,-63.604,-68.71500000000002,332,320,344,100,24,NA,78.6,14.32,0.79,NA,NA,NA,NA,NA,Jesper,Horsted,LVR,TE,26,1
robust,14231,TE,12.985,11.734778999999998,0.0799999999999983,5.861500000000001,20.108499999999996,-68.30000000000001,-68.7315,-64.43750000000003,333,347,324,101,24,NA,96.67,19.01,0.97,NA,NA,NA,NA,NA,Trevon,Wesco,TEN,TE,28,1
robust,16220,TE,12.905000000000001,2.8095270000000006,0.28000000000000114,11.199499999999999,14.610500000000002,-68.38000000000001,-63.3935,-69.93550000000002,334,316,354,102,25,NA,84.6,7.74,0.44,NA,NA,NA,NA,NA,Will,Mallory,IND,TE,24,-3
robust,16406,TE,12.625,4.558995,0.29499999999999993,9.8575,15.392500000000002,-68.66000000000001,-64.7355,-69.15350000000002,337,325,348,103,25,NA,NA,NA,0.46,NA,NA,NA,NA,NA,Curtis,Hodges,WAS,TE,24,-2
robust,12955,TE,12.33,4.551582,0.24499999999999922,9.567,15.093,-68.95500000000001,-65.02600000000001,-69.45300000000002,338,327,351,104,25,NA,84.4,5.39,0.43,NA,NA,NA,NA,NA,Chris,Manhertz,DEN,TE,31,4
robust,14936,TE,12.085,5.656118999999999,0.40500000000000114,8.6515,15.518500000000001,-69.20000000000002,-65.9415,-69.02750000000002,339,334,347,105,25,NA,95,13.36,0.81,NA,NA,NA,NA,NA,Devin,Asiasi,CIN,TE,26,0
robust,15803,TE,11.68,NA,0.6199999999999992,11.68,11.68,-69.60500000000002,-62.913000000000004,-72.86600000000001,342,310,359,106,25,330.1,51.21,11.85,0.87,NA,NA,NA,NA,NA,Cole,Turner,WAS,TE,23,-2
robust,14370,TE,11.06,NA,0.46000000000000085,11.06,11.06,-70.22500000000001,-63.533,-73.48600000000002,344,318,362,107,25,NA,98.5,9.71,0.76,NA,NA,NA,NA,NA,Tanner,Hudson,CIN,TE,29,2
robust,14357,TE,10.6,NA,0.6699999999999999,10.6,10.6,-70.68500000000002,-63.993,-73.94600000000003,345,321,363,108,25,NA,87,16.17,0.96,NA,NA,NA,NA,NA,Kendall,Blanton,KCC,TE,28,1
robust,15341,TE,9.93,NA,0.5599999999999987,9.93,9.93,-71.35500000000002,-64.66300000000001,-74.61600000000001,347,324,364,109,25,NA,83.2,12.42,0.89,NA,NA,NA,NA,NA,Quintin,Morris,BUF,TE,24,-1
robust,13940,TE,9.370000000000001,NA,0.11000000000000121,9.370000000000001,9.370000000000001,-71.915,-65.223,-75.17600000000002,349,328,366,110,25,NA,82.5,5.12,0.34,NA,NA,NA,NA,NA,Johnny,Mundt,MIN,TE,29,3
robust,15990,TE,9.26,NA,0.17999999999999972,9.26,9.26,-72.025,-65.333,-75.28600000000002,350,329,368,111,25,NA,102,12.73,0.9,NA,NA,NA,NA,NA,Armani,Rogers,WAS,TE,26,-2
robust,15054,TE,9.08,NA,0.08999999999999808,9.08,9.08,-72.20500000000001,-65.513,-75.46600000000002,351,330,369,112,25,NA,82,9.87,0.79,NA,NA,NA,NA,NA,Giovanni,Ricci,CAR,TE,27,0
robust,14319,TE,8.990000000000002,NA,0.1700000000000017,8.990000000000002,8.990000000000002,-72.29500000000002,-65.60300000000001,-75.55600000000001,352,331,370,113,26,NA,95.67,3.4,0.13,NA,NA,NA,NA,NA,Andrew,Beck,HOU,RB,27,1
robust,15563,TE,8.82,NA,0.120000000000001,8.82,8.82,-72.465,-65.773,-75.72600000000003,353,332,371,114,26,NA,89.33,7.93,0.62,NA,NA,NA,NA,NA,Mitchell,Wilcox,CIN,TE,27,0
robust,15604,TE,8.7,NA,0.1999999999999993,8.7,8.7,-72.58500000000001,-65.893,-75.84600000000002,354,333,372,115,26,NA,84.75,2.86,0.09,NA,NA,NA,NA,NA,Shane,Zylstra,DET,TE,27,-1
robust,15804,TE,8.5,NA,0.6999999999999993,8.5,8.5,-72.78500000000001,-66.093,-76.04600000000002,355,335,375,116,26,NA,77.4,10.44,0.82,NA,NA,NA,NA,NA,Grant,Calcaterra,PHI,TE,25,-2
robust,13919,TE,7.800000000000001,NA,0.16999999999999993,7.800000000000001,7.800000000000001,-73.48500000000001,-66.793,-76.74600000000002,356,336,377,117,26,NA,NA,NA,NA,NA,NA,NA,NA,NA,Anthony,Firkser,NEP,TE,28,2
robust,12309,TE,7.630000000000001,NA,0.1900000000000004,7.630000000000001,7.630000000000001,-73.65500000000002,-66.96300000000001,-76.91600000000003,357,337,379,118,26,NA,88.33,15.33,0.95,NA,NA,NA,NA,NA,MyCole,Pruitt,ATL,TE,31,5
robust,13065,TE,7.44,NA,0.29000000000000004,7.44,7.44,-73.84500000000001,-67.153,-77.10600000000002,358,338,382,119,26,NA,NA,NA,NA,NA,NA,NA,NA,NA,Eric,Tomlinson,HOU,TE,31,5
robust,14294,TE,7.15,NA,0.6899999999999995,7.15,7.15,-74.135,-67.443,-77.396000000000015,360,339,383,120,26,NA,96.75,7.66,0.6,NA,NA,NA,NA,NA,Tommy,Sweeney,NYG,TE,28,1
robust,14363,TE,6.460000000000001,NA,0.35000000000000053,6.460000000000001,6.460000000000001,-74.82500000000002,-68.13300000000001,-78.08600000000001,364,345,384,121,26,NA,96,24.59,0.99,NA,NA,NA,NA,NA,Kevin,Rader,TEN,TE,28,2
robust,15564,TE,6.11,NA,0.4800000000000004,6.11,6.11,-75.17500000000001,-68.483,-78.43600000000002,365,346,386,122,26,NA,90.5,5.5,0.4,NA,NA,NA,NA,NA,Parker,Hesse,ATL,TE,28,1
robust,15214,TE,5.63,NA,0.04999999999999982,5.63,5.63,-75.65500000000002,-68.96300000000001,-78.91600000000003,369,349,388,123,26,NA,NA,NA,NA,NA,NA,NA,NA,NA,Dominique,Dafney,TBB,TE,26,0
robust,15991,TE,5.58,NA,0.23000000000000043,5.58,5.58,-75.70500000000001,-69.013,-78.96600000000002,370,350,389,124,26,NA,213,5,0.32,NA,NA,NA,NA,NA,Tanner,Conner,MIA,TE,25,-2
robust,13391,TE,5.35,NA,0.13999999999999968,5.35,5.35,-75.93500000000002,-69.24300000000001,-79.19600000000003,372,351,392,125,26,NA,102.75,21.72,0.99,NA,NA,NA,NA,NA,Jacob,Hollister,LVR,TE,30,3
robust,15620,TE,5.21,NA,0.20999999999999996,5.21,5.21,-76.07500000000002,-69.38300000000001,-79.33600000000003,374,352,394,126,27,NA,96.33,1.25,0.02,NA,NA,NA,NA,NA,Chris,Myarick,NYG,TE,28,1
robust,14984,TE,5,NA,0.27999999999999936,5,5,-76.28500000000001,-69.593,-79.54600000000002,377,355,395,127,27,NA,92.5,16.5,0.97,NA,NA,NA,NA,NA,Charlie,Woerner,SFO,TE,26,0
robust,13366,TE,4.720000000000001,NA,0.009999999999999787,4.720000000000001,4.720000000000001,-76.56500000000001,-69.873,-79.82600000000002,378,356,396,128,27,NA,111.5,6.5,0.49,NA,NA,NA,NA,NA,Mason,Schreck,HOU,TE,30,3
robust,14939,TE,4.710000000000001,NA,0.2500000000000009,4.710000000000001,4.710000000000001,-76.57500000000002,-69.88300000000001,-79.83600000000001,379,357,397,129,27,NA,NA,NA,NA,NA,NA,NA,NA,NA,Dalton,Keene,HOU,TE,24,0
robust,13994,TE,4.46,NA,0.05999999999999961,4.46,4.46,-76.82500000000002,-70.13300000000001,-80.08600000000003,382,358,398,130,27,NA,100.6,7.79,0.61,NA,NA,NA,NA,NA,Pharaoh,Brown,IND,TE,29,3
robust,15080,TE,4.4,NA,0.15000000000000036,4.4,4.4,-76.885,-70.193,-80.146000000000015,383,359,399,131,27,NA,NA,NA,NA,NA,NA,NA,NA,NA,Noah,Togiai,ARI,TE,26,0
robust,15097,TE,4.25,NA,0.10999999999999943,4.25,4.25,-77.03500000000001,-70.343,-80.29600000000002,384,360,400,132,27,NA,107.67,11.09,0.85,NA,NA,NA,NA,NA,Sean,McKeon,DAL,TE,26,0
robust,15244,TE,4.140000000000001,NA,0.22000000000000064,4.140000000000001,4.140000000000001,-77.14500000000001,-70.453,-80.40600000000002,386,361,402,133,27,NA,80,1,0.01,NA,NA,NA,NA,NA,Feleipe,Franks,ATL,TE,26,-1
robust,14996,TE,3.92,NA,0.13999999999999968,3.92,3.92,-77.36500000000001,-70.673,-80.62600000000002,388,362,404,134,27,NA,NA,NA,NA,NA,NA,NA,NA,NA,Tyler,Davis,GBP,TE,26,0
robust,16036,TE,3.7800000000000002,NA,1.1799999999999997,3.7800000000000002,3.7800000000000002,-77.50500000000001,-70.813,-80.76600000000002,389,363,405,135,27,NA,NA,NA,NA,NA,NA,NA,NA,NA,Jake,Tonges,CHI,TE,24,-2
robust,14060,TE,2.6000000000000005,NA,0.10000000000000053,2.6000000000000005,2.6000000000000005,-78.68500000000002,-71.99300000000001,-81.94600000000003,393,369,411,136,27,NA,NA,NA,NA,NA,NA,NA,NA,NA,Tyree,Jackson,PHI,TE,26,1
robust,12680,TE,2.5,NA,0.8599999999999999,2.5,2.5,-78.78500000000001,-72.093,-82.04600000000002,394,370,412,137,27,NA,NA,NA,NA,NA,NA,NA,NA,NA,Nick,Vannett,HOU,TE,30,4
robust,15374,TE,1.6400000000000001,NA,1.4400000000000002,1.6400000000000001,1.6400000000000001,-79.64500000000001,-72.953,-82.90600000000002,397,373,413,138,28,NA,NA,NA,NA,NA,NA,NA,NA,NA,Sammis,Reyes,JAC,TE,28,-1
robust,15455,TE,0.2,NA,0,0.2,0.2,-81.08500000000001,-74.393,-84.34600000000002,402,376,416,139,28,NA,NA,NA,NA,NA,NA,NA,NA,NA,NA,NA,NA,NA,NA,NA
robust,0516,DST,125.225,2.9652,0.5249999999999915,117.8,141.64999999999998,5.899999999999977,3.1899999999999835,9,79,86,76,1,1,167.6,2.58,1.45,0.03,114.0375,22.346955469369874,-35.037499999999994,2.575,0.07499999999999996,Dallas,Cowboys,DAL,DST,NA,50
robust,0518,DST,124.7,6.523439999999987,5.374999999999986,117.04,138.28,5.374999999999986,2.4299999999999926,5.630000000000024,81,91,80,2,2,175.16,3.64,1.56,0.14,108.7475,22.57765640517191,-27.747500000000002,2.81,0.31000000000000005,Philadelphia,Eagles,PHI,DST,NA,50
robust,0504,DST,119.32500000000002,0.14825999999999157,0.6000000000000227,114.61000000000001,131.44,0,0,-1.2099999999999795,95,96,102,3,3,187.3,5.85,1.86,0.02,133.805,13.73843058722502,-38.80500000000001,1.745,0.545,New England,Patriots,NEP,DST,NA,50
robust,0512,DST,118.725,8.1543,0.5249999999999915,109.68,125.25,-0.6000000000000227,-4.930000000000007,-7.399999999999977,98,110,119,4,4,208.3,10.4,2.29,0.42,160.69333333333333,16.081594724681043,-62.69333333333333,1.13,NA,Kansas City,Chiefs,KCC,DST,NA,50
robust,0531,DST,118.2,17.19815999999999,0.04999999999999716,104.38,129.94,-1.1250000000000142,-10.230000000000018,-2.7099999999999795,99,131,110,5,4,194.29,7.51,1.61,0.76,143.52,18.334846604212427,-44.52000000000001,1.275,0.07500000000000007,Baltimore,Ravens,BAL,DST,NA,50
robust,0520,DST,118.15,6.968220000000004,0.625,109.97000000000001,132.64999999999998,-1.1750000000000114,-4.640000000000001,0,100,109,96,6,5,233.46,15.45,3.01,0.55,171.56333333333333,20.319436234524044,-71.56333333333333,NA,NA,Washington,Commanders,WAS,DST,NA,50
robust,0522,DST,117.525,8.154299999999978,0.32500000000001705,105.62,125.14999999999999,-1.8000000000000114,-8.990000000000009,-7.499999999999986,102,124,120,7,5,307.83,24.75,2.48,0.47,183.77,22.97,-81.77000000000001,NA,NA,Detroit,Lions,DET,DST,NA,50
robust,0507,DST,117.19999999999999,5.1891,0.17499999999998295,110.05,130.75,-2.1250000000000284,-4.5600000000000165,-1.8999999999999773,103,108,108,8,6,236.67,15.26,2.52,0.32,174.75,24.419999999999987,-71.75,1,NA,Cleveland,Browns,CLE,DST,NA,50
robust,0502,DST,117.025,6.523440000000008,0.32500000000001705,112.44,122.61,-2.3000000000000114,-2.170000000000016,-10.039999999999978,105,102,127,9,6,263.51,19.32,2.22,0.31,211.19,NA,-106.19,NA,NA,Indianapolis,Colts,IND,DST,NA,50
robust,0515,DST,116.69999999999999,16.901639999999986,0.9499999999999886,106.17999999999999,127.05999999999999,-2.6250000000000284,-8.430000000000021,-5.589999999999989,107,120,117,10,7,293.23,22,4.04,0.99,180.315,21.715000000000003,-73.315,NA,NA,Seattle,Seahawks,SEA,DST,NA,50
robust,0510,DST,115.75,4.596059999999992,0.09999999999999432,108.21000000000001,130.89,-3.575000000000017,-6.400000000000006,-1.759999999999991,108,116,107,11,7,214.24,11.09,2.53,0.28,160.78666666666666,29.875990732061464,-52.78666666666666,1.11,NA,Pittsburgh,Steelers,PIT,DST,NA,50
robust,0514,DST,115.65,12.009060000000012,0.45000000000000284,105.89,123.89,-3.6750000000000114,-8.720000000000013,-8.759999999999977,109,123,124,12,8,241.82,16.96,2.54,0.72,181.535,25.835000000000008,-72.535,NA,NA,Los Angeles,Chargers,LAC,DST,NA,50
robust,0509,DST,115.2,12.157319999999983,0.42499999999999716,102.10000000000001,124.77999999999999,-4.125000000000014,-12.510000000000005,-7.86999999999999,111,139,121,13,8,259.25,18.83,3.58,0.95,166.05,4.6499999999999915,-55.05000000000001,1.31,NA,Jacksonville,Jaguars,JAC,DST,NA,50
robust,0530,DST,114.775,4.4478,0.10000000000000853,109.39999999999999,124.43,-4.550000000000011,-5.210000000000022,-8.21999999999997,112,112,122,14,9,159.07,1.47,0.9,0.01,100.3475,19.698826583073416,11.652500000000003,3.855,0.44499999999999984,San Francisco,49ers,SFO,DST,NA,50
robust,0532,DST,114.675,15.122520000000003,0.75,105.32,124.31,-4.65000000000002,-9.29000000000002,-8.339999999999975,113,126,123,15,10,307.9,28.77,2.93,0.94,NA,NA,NA,NA,NA,Houston,Texans,HOU,DST,NA,50
robust,0529,DST,113.925,0.44477999999999573,0.3499999999999943,108.23,128.3,-5.40000000000002,-6.38000000000001,-4.349999999999966,115,115,114,16,10,212.14,11.15,2.52,0.09,167.11333333333332,14.256940609946982,-52.113333333333316,1.17,NA,New Orleans,Saints,NOS,DST,NA,50
robust,0517,DST,113.575,1.4826,0.15000000000000568,101.17,118.9,-5.750000000000014,-13.440000000000012,-13.749999999999972,116,140,135,17,11,295.98,22.64,2.84,0.18,210.16,NA,-94.16,NA,NA,New York,Giants,NYG,DST,NA,50
robust,0525,DST,113.425,1.0378200000000042,1.0249999999999915,104.54,117.23,-5.90000000000002,-10.070000000000007,-15.419999999999973,117,130,139,18,12,227.74,14.92,4.53,0.71,180.95,27.64999999999999,-63.94999999999999,NA,NA,Tampa Bay,Buccaneers,TBB,DST,NA,50
robust,0501,DST,112.4,9.340379999999996,1.0250000000000057,106.72999999999999,118.07000000000001,-6.925000000000011,-7.880000000000024,-14.57999999999997,121,118,137,19,13,173.31,3.75,1.53,0.25,127.965,24.03227049198639,-6.965000000000003,1.9900000000000002,0.19000000000000006,Buffalo,Bills,BUF,DST,NA,50
robust,0503,DST,111.375,1.1860799999999958,0.575000000000017,107.28,120.87,-7.950000000000017,-7.3300000000000125,-11.779999999999973,124,117,131,20,14,221.67,13.11,3.54,0.39,158.03,27.99166125831048,-34.03,1.2,0.19999999999999996,Miami,Dolphins,MIA,DST,NA,50
robust,0506,DST,110.79999999999998,10.971239999999987,0.6249999999999716,100.23999999999998,118.95999999999998,-8.525000000000034,-14.370000000000033,-13.689999999999998,126,146,134,21,15,219.95,12.81,2.84,0.77,181.99666666666667,17.69681766746653,-55.99666666666667,1,NA,Cincinnati,Bengals,CIN,DST,NA,50
robust,0528,DST,110.17500000000001,0.14826000000001263,0.7500000000000142,103.52,112.79,-9.150000000000006,-11.090000000000018,-19.85999999999997,127,134,167,22,16,277.76,22.32,4.12,0.51,NA,NA,NA,NA,NA,Los Angeles,Rams,LAR,DST,NA,50
robust,0523,DST,109.425,2.520419999999983,0.4000000000000057,105.57000000000001,116.99999999999999,-9.90000000000002,-9.040000000000006,-15.649999999999991,128,125,141,23,16,247.98,17.53,3.17,0.37,185.44,18.11,-57.44,NA,NA,Green Bay,Packers,GBP,DST,NA,50
robust,0524,DST,109.02499999999999,4.003020000000004,0.024999999999991473,105.1,112.03,-10.300000000000026,-9.51000000000002,-20.619999999999976,130,127,173,24,16,323.05,27.31,1.5,0.05,207.83,NA,-77.83000000000001,NA,NA,Minnesota,Vikings,MIN,DST,NA,50
robust,0511,DST,109,5.040840000000008,1.9249999999999972,100.48,114.16,-10.325000000000017,-14.13000000000001,-18.48999999999998,132,144,156,25,17,199.25,9.19,4.22,0.83,157.565,26.175370579993704,-25.564999999999998,1.215,0.11499999999999999,Denver,Broncos,DEN,DST,NA,50
robust,0505,DST,107.075,2.816940000000008,1.0499999999999972,103.29,114.18,-12.250000000000014,-11.320000000000007,-18.46999999999997,138,135,155,26,18,187.77,5.43,1.76,0.06,135.46666666666667,40.808849802735466,2.5333333333333314,1.6,0.20000000000000007,New York,Jets,NYJ,DST,NA,50
robust,0508,DST,106.025,8.599080000000017,0.5500000000000114,100.58,111.83,-13.300000000000011,-14.030000000000015,-20.81999999999998,140,142,175,27,19,303.23,23.83,2.72,0.57,NA,NA,NA,NA,NA,Tennessee,Titans,TEN,DST,NA,50
robust,0519,DST,105.475,8.006039999999986,1.2249999999999943,98.74000000000001,115.21000000000001,-13.850000000000023,-15.870000000000005,-17.43999999999997,143,152,152,28,20,303,28.76,1.82,0.26,NA,NA,NA,NA,NA,Arizona,Cardinals,ARI,DST,NA,50
robust,0527,DST,104.25,0.8895600000000126,0.17499999999999716,100.20000000000002,106.14000000000001,-15.075000000000017,-14.409999999999997,-26.509999999999962,146,147,189,29,21,285.17,21.58,3.07,0.23,209.28,NA,-63.28,NA,NA,Carolina,Panthers,CAR,DST,NA,50
robust,0526,DST,104.075,8.450819999999982,3.3500000000000085,96.97,114.34,-15.250000000000014,-17.640000000000015,-18.309999999999974,147,158,153,30,22,311.29,28.57,2.8,0.6,NA,NA,NA,NA,NA,Atlanta,Falcons,ATL,DST,NA,50
robust,0521,DST,100.725,11.712540000000008,4.625,93.09,109.2,-18.600000000000023,-21.52000000000001,-23.449999999999974,151,166,181,31,23,326.1,29.11,2.02,0.53,211.36,NA,-60.360000000000014,NA,NA,Chicago,Bears,CHI,DST,NA,50
robust,0513,DST,96.1,4.447799999999979,0,88.9,110.5,-23.225000000000023,-25.710000000000008,-22.149999999999977,169,180,177,32,23,308.33,30.94,1.59,0.08,NA,NA,NA,NA,NA,Las Vegas,Raiders,LVR,DST,NA,50
weighted,13116,QB,361.6389153046062,5.324514062334682,10.365884101040137,357.89959347613194,365.2258415030514,102.88803863298659,104.13768222113447,93.12240738672506,1,1,5,1,1,26.15,1.75,0.9,0.07,15.855,4.188761750207333,-14.855,41.394666666666666,8.326462447455638,Patrick,Mahomes,KCC,QB,28,3
weighted,14783,QB,351.27303120356606,31.600602051226797,22.008662704309017,329.08042927600746,372.56117619805696,92.52215453194646,75.31851802101,100.4577420817306,4,8,3,2,2,27.37,2.36,0.93,0.82,22.291666666666668,3.977195061290752,-18.291666666666668,35.886,5.132852877948745,Jalen,Hurts,PHI,QB,25,0
weighted,13589,QB,329.26436849925705,11.14400287149998,18.603090638930155,321.75707010782327,337.09062507518735,70.51349182763744,67.9951588528258,64.98719095886099,16,16,18,3,3,27.22,2.19,0.9,0.22,19.905,3.4689467661909528,-3.905000000000001,36.45266666666667,7.76959035099163,Josh,Allen,BUF,QB,27,2
weighted,13593,QB,310.6612778603269,1.1879393923933643,1.3827488855869206,309.86100747342283,311.49554886588294,51.91040118870728,56.09909621842536,39.39211474955658,24,20,39,4,3,38.84,4.57,1.27,0.01,38.79666666666667,7.677396838917618,-14.796666666666667,29.647333333333336,10.684494726263642,Lamar,Jackson,BAL,QB,26,2
weighted,14777,QB,309.27852897473997,21.98394982708978,17.158558692422048,294.4687633028062,324.717508476369,50.52765230312036,40.70685204780875,52.61407436004265,25,36,24,5,4,42.62,5.53,1.12,0.63,37.513333333333335,6.432639858996892,-12.513333333333335,26.07,7.995027621382348,Joe,Burrow,CIN,QB,27,0
weighted,13113,QB,292.1199702823179,8.881261171703036,4.12964338781569,285.8828013360182,298.10294412726773,33.369093610698314,32.12089008102072,25.99951001094138,42,43,56,6,5,84.2,10.56,2.5,0.25,79.43833333333333,14.540222850959182,-37.43833333333333,14.904666666666667,8.51951740938939,Deshaun,Watson,CLE,QB,28,3
weighted,15238,QB,287.99032689450223,7.2761287784095465,7.435141158989609,283.0886707747146,293.1002368035328,29.239450222882624,29.326759519717143,20.99680268720647,51,48,61,7,5,46.31,5.97,1.39,0.11,49.755,8.874483553048782,1.2449999999999974,22.699333333333335,8.523149704709457,Justin,Fields,CHI,QB,24,-1
weighted,14779,QB,280.5551857355126,1.5980613254815907,6.629985141159011,279.43289259708615,281.63173994646695,21.804309063893015,25.67098134208868,9.528305830140596,59,52,74,8,6,45.78,6.12,1.18,0.01,47.303333333333335,10.476259934834673,11.696666666666665,23.880000000000003,11.620166378613806,Justin,Herbert,LAC,QB,25,0
weighted,10700,QB,273.9252005943536,6.675088014401005,7.9290787518573325,269.2373920869436,278.42195800648153,15.174323922734004,15.475480831946129,6.318523890155177,70,63,79,9,7,99.06,12.97,1.97,0.17,101.15666666666667,17.50055300713539,-31.156666666666666,14.342000000000002,9.341928851509559,Kirk,Cousins,MIN,QB,35,8
weighted,10703,QB,265.9961218424963,12.126881297349271,0.8411887072808213,257.47960532744526,274.16554870880907,7.245245170876672,3.7176940724477845,2.0621145924827147,80,85,92,10,7,131.4,16.79,2.33,0.42,128.05,11.745234494608159,-48.05000000000001,10.236666666666668,6.896425805363886,Russell,Wilson,DEN,QB,35,8
weighted,14059,QB,265.15493313521546,15.224008998946365,2.959093610698403,254.46335292710762,275.41077922452826,6.40405646359585,0.7014416721101497,3.3073451082019005,84,90,90,11,7,96.95,12.52,2.51,0.54,114.06666666666666,15.440660247829076,-30.066666666666663,11.944666666666668,7.658984498976061,Daniel,Jones,NYG,QB,26,1
weighted,7836,QB,262.19583952451705,15.598775592975258,3.444962852897447,251.2410666777517,272.7041518668413,3.444962852897447,-2.520844577245782,0.6007177505149457,90,102,95,12,7,117.31,15.08,2.67,0.57,98.97833333333334,15.350263208022055,-8.978333333333339,13.068,8.321062111693836,Aaron,Rodgers,NYJ,QB,40,15
weighted,15237,QB,258.7508766716196,4.497199128346451,1.1067013372957035,255.59256500772898,261.7804717077566,0,1.8306537527315072,-10.322962408569765,96,88,123,13,7,60.76,8.17,0.81,0.04,58.17666666666667,9.685196034269119,37.82333333333333,21.074,10.51375949252534,Trevor,Lawrence,JAC,QB,24,-1
weighted,12620,QB,257.6441753343239,5.762920266670345,5.9809806835066865,253.76191125499747,261.69138289103915,-1.1067013372957035,0,-10.4120512252872,101,96,124,14,8,88.42,10.88,2.1,0.13,84.38666666666667,11.465292068770959,16.61333333333333,16.318,9.719055235292508,Dak,Prescott,DAL,QB,30,4
weighted,12611,QB,251.66319465081722,30.341951980714725,2.4805349182763905,230.3545227172405,272.10343411632635,-7.08768202080239,-23.407388537756958,0,123,172,96,15,8,126.59,16.13,1.92,0.85,116.485,12.787488351249175,6.515000000000001,11.523333333333333,7.233562208360568,Jared,Goff,DET,QB,29,4
weighted,11150,QB,249.18265973254083,0.1484924240491806,7.744531946508147,249.08262593417783,249.28694360823536,-9.56821693907878,-4.679285320819645,-22.816490508090993,130,113,177,16,9,103.64,13.61,2.29,0.03,116.59333333333333,20.07946020744139,13.406666666666666,12.434666666666669,7.848053913055276,Geno,Smith,SEA,QB,33,7
weighted,16152,QB,241.43812778603268,17.012989155348333,7.522050520059423,229.49017517074824,252.8991429699094,-17.312748885586927,-24.271736084249227,-19.20429114641695,156,174,161,17,9,125.77,15.87,3.9,0.67,111.28999999999999,30.772198491495534,44.71000000000001,25.46333333333334,27.172550283123762,Anthony,Richardson,IND,QB,21,-3
weighted,14778,QB,233.91607726597326,17.380684681565345,7.2542199108469845,222.20735934329292,246.1222566210727,-24.83479940564635,-31.55455191170455,-25.98117749525366,184,194,188,18,10,92.66,11.97,2.29,0.59,90.055,12.954049238236923,93.945,13.425333333333334,7.748947684829357,Tua,Tagovailoa,MIA,QB,25,0
weighted,15692,QB,226.66185735512627,1.7041273426595767,7.951456166419035,225.46507573406083,227.8098642791971,-32.089019316493335,-28.29683552093664,-44.29356983712927,205,182,232,19,11,169.6,22.73,2.24,0.06,141.12166666666667,20.54497295906931,63.87833333333333,6.534666666666667,3.8258354497924882,Kenny,Pickett,PIT,QB,25,-2
weighted,11644,QB,218.71040118870724,5.685138520739855,4.234264487369927,214.88053576566617,222.702983858154,-40.04047548291237,-38.881375489331305,-49.400450258172356,218,209,246,20,11,157.45,20.64,2.34,0.16,140.91666666666666,16.736358292319416,77.08333333333334,9.424000000000001,6.316136371759771,Derek,Carr,NOS,QB,32,6
weighted,15698,QB,214.4761367013373,31.4803938984251,6.864947994056479,192.3679550541027,235.68330195429618,-44.2747399702823,-61.39395620089476,-36.42013216203017,237,252,214,21,11,195.77,23.92,4.55,0.93,146.01666666666665,22.601832275774065,90.98333333333335,10.995333333333335,8.717208472645103,Brock,Purdy,SFO,QB,24,-2
weighted,16148,QB,207.61118870728083,20.697015485330247,4.5219762258544165,193.07600279500417,221.55399479340184,-51.139687964338776,-60.6859084599933,-50.54943932292451,262,249,250,22,12,190.4,24.66,2.75,0.68,130.31,46.30446976264818,131.69,26.805000000000003,20.115000000000006,Bryce,Young,CAR,QB,22,-3
weighted,9431,QB,203.08921248142642,21.623325368684625,3.2889598811292444,188.52238603408858,218.27493114208312,-55.66166419019319,-65.23952522090889,-53.828502974243236,283,258,258,23,12,156.71,20.47,2.15,0.67,143.57166666666666,18.03700678851369,139.42833333333334,7.290000000000001,4.699368751935379,Matthew,Stafford,LAR,QB,35,11
weighted,11760,QB,199.80025260029717,4.108290398693842,2.1584249628529335,197.03265084558714,202.6854398278451,-58.95062407132244,-56.72926040941033,-69.41799428848125,294,244,277,24,12,230.82,27.82,2.97,0.17,163.56333333333333,36.73010784386866,130.43666666666667,7.65,2.0700000000000003,Jimmy,Garoppolo,LVR,QB,32,6
weighted,14056,QB,197.64182763744424,39.13836033867539,1.395586924219856,170.1555775436789,224.00787877740999,-61.10904903417537,-83.60633371131857,-48.09555533891637,303,276,241,25,12,201.21,24.87,5.03,0.97,147.124,20.777450854231365,155.876,10.278000000000002,5.298000000000001,Kyler,Murray,ARI,QB,26,1
weighted,14782,QB,196.24624071322438,9.121677477306445,2.351218424962866,190.1013073852107,202.65225022017242,-62.50463595839523,-63.66060386978677,-69.45118389615394,309,256,278,26,13,176.66,23.08,3.06,0.34,146.178,25.690265393724527,162.822,8.171333333333333,5.681029562402303,Jordan,Love,GBP,QB,25,0
weighted,10697,QB,193.89502228826152,11.419774516162745,12.539569093610709,186.201946842725,201.91494891905305,-64.85585438335809,-67.55996441227248,-70.18848519727331,320,260,279,27,14,205.99,25.85,3.18,0.49,163.315,40.365,156.685,8.581000000000001,2.891000000000001,Ryan,Tannehill,TEN,QB,35,8
weighted,15693,QB,181.3554531946508,7.32562625309262,7.091723625557222,176.210781993722,186.29045391389283,-77.3954234769688,-77.55112926127546,-85.81298020243352,358,270,285,28,14,229.68,27.41,3.52,0.31,151.18333333333334,37.493343705546216,206.81666666666666,6.598000000000001,0.6980000000000004,Sam,Howell,WAS,QB,23,-2
weighted,15241,QB,174.26372956909358,5.791204537917821,0.3541158989598614,170.36241143293609,178.3308007211792,-84.48714710252602,-83.39949982206139,-93.77263339514715,368,275,290,29,14,236.41,28.05,2.59,0.19,160.695,40.455000000000005,207.305,6.449000000000001,1.399000000000001,Mac,Jones,NEP,QB,25,-1
weighted,16150,QB,173.90961367013372,6.003336572273774,0.5768647845468138,169.69356555277028,177.95383723252414,-84.84126300148588,-84.06834570222719,-94.14959688380222,371,277,291,30,14,226,27.26,2.84,0.22,142.746,51.64686034987994,228.254,22.795,17.765,C.J.,Stroud,HOU,QB,22,-3
weighted,15697,QB,173.3327488855869,16.0371817973109,19.06925705794947,162.07009031058064,184.1363991087924,-85.4181277860327,-91.69182094441683,-87.96703500753395,377,289,288,31,15,257.21,29.45,2.39,0.56,123.46,NA,253.54000000000002,4.715,0.20500000000000007,Desmond,Ridder,ATL,QB,24,-2
weighted,13590,QB,154.26349182763744,36.70591301139366,89.95745913818722,128.48551093572488,178.99089408013282,-104.48738484398217,-125.2764003192726,-93.11254003619354,413,291,289,32,16,289.35,31.05,2.03,0.93,132.01,NA,280.99,4.497,2.007,Baker,Mayfield,TBB,QB,28,2
weighted,15242,QB,64.30603268945022,32.61176474832357,26.55895988112927,42.336705163249334,87.20875815150008,-194.4448439821694,-211.42520609174812,-184.89467596482626,414,292,292,33,17,346.76,36.68,2.59,0.91,159.61,NA,254.39,4.2490000000000006,3.119,Kyle,Trask,TBB,QB,25,-1
weighted,9899,QB,37.74707280832095,29.37321569048918,1.1670728083209525,17.95943478927531,58.37541660046211,-221.00380386329866,-235.80247646572215,-213.72801751586425,415,294,293,34,17,340.38,35.91,3.44,0.88,151.12,NA,263.88,2.6,1.3600000000000003,Colt,McCoy,ARI,QB,37,10
weighted,9714,QB,36.58,NA,1.8799999999999955,NA,NA,-222.17087667161962,NA,NA,416,NA,NA,35,17,337.75,56.11,18.72,0.99,NA,NA,NA,NA,NA,Brian,Hoyer,LVR,QB,38,11
weighted,15240,QB,34.7,NA,1.9535512630014864,NA,NA,-224.05087667161962,NA,NA,417,NA,NA,36,17,315.13,33.6,4.59,0.55,149.385,0.8149999999999977,267.615,4.125000000000001,2.7150000000000007,Trey,Lance,SFO,QB,23,-1
weighted,12476,QB,32.746448736998516,23.70221930537307,1.8185884101040095,16.779149112578445,49.39214165737819,-226.0044279346211,-236.98276214241903,-222.71129245894815,418,295,295,37,17,357.68,39.18,3.77,0.81,NA,NA,NA,3.9840000000000004,NA,Taylor,Heinicke,ATL,QB,30,5
weighted,12616,QB,30.927860326894507,31.544033508731882,4.0478603268945115,9.677823446065762,53.080735063712446,-227.8230163447251,-244.0840878089317,-219.02269905261392,419,296,294,38,18,338.33,35.19,2.59,0.88,NA,NA,NA,4.424,2.8240000000000007,Jacoby,Brissett,WAS,QB,31,4
weighted,12381,QB,26.879999999999995,NA,4.924502228826146,NA,NA,-231.8708766716196,NA,NA,420,NA,NA,39,18,NA,63.29,8.19,0.91,NA,NA,NA,1.6800000000000002,NA,Trevor,Siemian,CIN,QB,32,5
weighted,16149,QB,21.95549777117385,20.272751416618313,0.8354977711738485,8.298502537518614,36.19272975289477,-236.79537890044577,-245.46340871747887,-235.9107043634316,421,297,296,40,18,344.46,36.6,3.37,0.7,60.55,NA,360.45,7.953,6.783,Will,Levis,TEN,QB,24,-3
weighted,16160,QB,21.12,NA,0.5530609212481465,NA,NA,-237.6308766716196,NA,NA,422,NA,NA,41,18,336.5,42.95,7.81,0.89,102.52,NA,319.48,3.4800000000000004,NA,Clayton,Tune,ARI,QB,24,-3
weighted,13592,QB,20.566939078751854,3.6840263299819123,0.8669390787518552,18.085148176507566,23.154172375744043,-238.18393759286775,-235.6767630784899,-248.9492617405823,423,293,298,42,18,350.83,39.21,5.83,0.45,NA,NA,NA,1.484,0.4840000000000001,Sam,Darnold,SFO,QB,26,2
weighted,13598,QB,19.7,NA,1.4800000000000004,NA,NA,-239.05087667161962,NA,NA,424,NA,NA,43,18,375.8,40.81,3.53,0.29,NA,NA,NA,3.224,1.3840000000000003,Mike,White,MIA,QB,28,2
weighted,14070,QB,18.22,NA,1.0595690936106976,NA,NA,-240.5308766716196,NA,NA,425,NA,NA,44,18,NA,72.6,8.26,0.92,NA,NA,NA,NA,NA,David,Blough,ARI,QB,28,1
weighted,15696,QB,17.1604309063893,19.325228329828338,2.1404309063893034,4.14174657657425,30.73223244320244,-241.5904457652303,-249.6201646784232,-241.37120167312392,426,299,297,45,19,367.22,41.78,4.06,0.76,NA,NA,NA,4.5840000000000005,NA,Bailey,Zappe,NEP,QB,24,-2
weighted,13416,QB,15.019999999999998,NA,1.6067756315007404,NA,NA,-243.7308766716196,NA,NA,427,NA,NA,46,19,NA,58.5,9.53,0.95,NA,NA,NA,NA,NA,P.J.,Walker,CHI,QB,28,3
weighted,14067,QB,13.413224368499257,11.851109652686535,0.2132243684992563,5.429574556289222,21.736070828689094,-245.33765230312036,-248.33233669870825,-250.36736328763726,428,298,299,47,19,354.67,37.59,4.32,0.59,NA,NA,NA,1.9700000000000002,0.7900000000000003,Gardner,Minshew,IND,QB,27,1
weighted,12141,QB,13.200000000000001,NA,0.22000000000000064,NA,NA,-245.55087667161962,NA,NA,429,NA,NA,48,19,NA,48.54,4.07,0.46,NA,NA,NA,1.8240000000000003,NA,Marcus,Mariota,PHI,QB,30,5
weighted,11640,QB,12.98,NA,0.3200000000000003,NA,NA,-245.77087667161962,NA,NA,430,NA,NA,49,19,NA,53.6,6.99,0.85,NA,NA,NA,0.3360000000000001,NA,Teddy,Bridgewater,DET,QB,31,6
weighted,14063,QB,12.66,NA,0.2599999999999998,NA,NA,-246.0908766716196,NA,NA,431,NA,NA,50,19,366.2,44.53,5.7,0.68,NA,NA,NA,1.4640000000000002,NA,Jarrett,Stidham,DEN,QB,27,1
weighted,10262,QB,12.4,NA,0.26000000000000156,NA,NA,-246.3508766716196,NA,NA,432,NA,NA,51,19,NA,71.6,6.09,0.74,NA,NA,NA,1.0560000000000003,NA,Blaine,Gabbert,KCC,QB,34,9
weighted,12140,QB,12.139999999999999,NA,0.5399999999999974,NA,NA,-246.61087667161962,NA,NA,433,NA,NA,52,19,352.77,41.39,5.3,0.64,NA,NA,NA,1.6080000000000003,NA,Jameis,Winston,NOS,QB,29,5
weighted,10413,QB,11.600000000000001,NA,1.540000000000001,NA,NA,-247.1508766716196,NA,NA,434,NA,NA,53,19,NA,56.11,3.41,0.26,NA,NA,NA,NA,NA,Tyrod,Taylor,NYG,QB,34,9
weighted,16155,QB,10.06,NA,0.120000000000001,NA,NA,-248.6908766716196,NA,NA,435,NA,NA,54,19,NA,NA,NA,NA,NA,NA,NA,NA,NA,Max,Duggan,LAC,QB,22,-3
weighted,16154,QB,9.94,NA,0.2599999999999998,NA,NA,-248.8108766716196,NA,NA,436,NA,NA,55,19,NA,61.75,11.67,0.99,NA,NA,NA,1.9920000000000002,NA,Jaren,Hall,MIN,QB,25,-3
weighted,16159,QB,9.68,NA,0.11999999999999922,NA,NA,-249.0708766716196,NA,NA,437,NA,NA,56,19,NA,56.45,6.26,0.77,110.69,NA,326.31,1.6080000000000003,NA,Aidan,O'Connell,LVR,QB,25,-3
weighted,13119,QB,9.56,NA,0.02000000000000135,NA,NA,-249.1908766716196,NA,NA,438,NA,NA,57,19,NA,60.14,6.49,0.79,NA,NA,NA,NA,NA,Joshua,Dobbs,CLE,QB,28,3
weighted,14789,QB,9.54,NA,0.1399999999999988,NA,NA,-249.21087667161962,NA,NA,439,NA,NA,58,19,369,42.57,2.95,0.21,NA,NA,NA,1.368,NA,Tyler,Huntley,BAL,QB,25,0
weighted,15702,QB,9.4,NA,0.08000000000000007,NA,NA,-249.3508766716196,NA,NA,440,NA,NA,59,19,NA,63.33,15.84,0.99,NA,NA,NA,NA,NA,Tanner,McKee,PHI,QB,23,-3
weighted,14057,QB,9.32,NA,0.16000000000000014,NA,NA,-249.43087667161961,NA,NA,441,NA,NA,60,19,NA,60,4.32,0.51,NA,NA,NA,1.8480000000000003,NA,Drew,Lock,SEA,QB,27,1
weighted,16158,QB,9.16,NA,0.08000000000000007,NA,NA,-249.5908766716196,NA,NA,442,NA,NA,61,19,NA,53.75,11.52,0.98,99.52,NA,342.48,2.5200000000000005,NA,Dorian,Thompson-Robinson,CLE,QB,24,-3
weighted,16156,QB,9.08,NA,0.019999999999999574,NA,NA,-249.6708766716196,NA,NA,443,NA,NA,62,19,NA,70,2.94,0.21,NA,NA,NA,3.2880000000000007,NA,Jake,Haener,NOS,QB,24,-3
weighted,10313,QB,9.06,NA,0.2599999999999998,NA,NA,-249.6908766716196,NA,NA,444,NA,NA,63,19,356.5,44.71,5.14,0.61,NA,NA,NA,1.4880000000000002,NA,Andy,Dalton,CAR,QB,36,9
weighted,13879,QB,8.8,NA,0.5199999999999996,NA,NA,-249.9508766716196,NA,NA,445,NA,NA,64,19,NA,66,4.69,0.56,NA,NA,NA,NA,NA,Kyle,Allen,BUF,QB,27,2
weighted,15252,QB,8.280000000000001,NA,0.34000000000000163,NA,NA,-250.4708766716196,NA,NA,446,NA,NA,65,19,NA,48.71,6.93,0.83,NA,NA,NA,NA,NA,Davis,Mills,HOU,QB,25,-1
weighted,13124,QB,7.9399999999999995,NA,0.5999999999999996,NA,NA,-250.8108766716196,NA,NA,447,NA,NA,66,19,NA,60.25,4.79,0.58,NA,NA,NA,1.1960000000000002,0.19600000000000006,Cooper,Rush,DAL,QB,30,3
weighted,13125,QB,7.34,NA,0.17999999999999972,NA,NA,-251.4108766716196,NA,NA,448,NA,NA,67,19,NA,69.29,5.99,0.71,NA,NA,NA,NA,NA,C.J.,Beathard,JAC,QB,30,3
weighted,13968,QB,7.16,NA,1.2399999999999993,NA,NA,-251.5908766716196,NA,NA,449,NA,NA,68,19,NA,59.89,9.33,0.94,NA,NA,NA,NA,NA,Nick,Mullens,MIN,QB,28,3
weighted,16313,QB,5.920000000000001,NA,0.10000000000000053,NA,NA,-252.83087667161962,NA,NA,450,NA,NA,69,19,NA,60.4,12.47,0.99,NA,NA,NA,0.9840000000000001,NA,Sean,Clifford,GBP,QB,25,-3
weighted,16153,QB,5.82,NA,1.8799999999999994,NA,NA,-252.93087667161961,NA,NA,451,NA,NA,70,19,NA,53.18,4.8,0.58,73.21,NA,377.79,3.6720000000000006,NA,Stetson,Bennett,LAR,QB,26,-3
weighted,15694,QB,3.940000000000001,NA,0,NA,NA,-254.8108766716196,NA,NA,452,NA,NA,71,19,357.75,51.83,11.3,0.98,NA,NA,NA,NA,NA,Malik,Willis,TEN,QB,24,-2
weighted,13404,RB,209.92295690936106,15.733125881400678,6.000222882615134,198.8738319845864,220.52177602163275,98.22548291233284,88.02662194453491,105.2105931934685,2,4,1,1,1,8.6,4.21,2.97,0.37,5.911666666666667,2.204642198231319,-3.911666666666667,50.142,5.531134422521298,Austin,Ekeler,LAC,RB,28,3
weighted,13130,RB,203.92273402674593,10.960155108391485,2.389375928677566,196.22559082072308,211.30618104877786,92.2252600297177,85.3783807806716,95.99499822061361,5,5,4,2,1,3.05,1.5,0.92,0.1,2.9033333333333333,1.6517330965450268,2.0966666666666667,56.70466666666667,7.6236502776265604,Christian,McCaffrey,SFO,RB,27,3
weighted,16161,RB,201.53335809806836,0.5303300858899105,1.3656017830609244,201.16091568487371,201.89062166365056,89.83588410104014,90.31370564482224,86.57943883548631,6,3,11,3,1,8.47,4.15,1.68,0.01,8.405,1.3290692231783867,-2.4049999999999994,64.65400000000001,26.192945462471386,Bijan,Robinson,ATL,RB,21,-3
weighted,12626,RB,200.16775631500744,24.253762594698582,7.854903417533421,183.8289025823819,217.20078934510954,88.47028231797921,72.9816925423304,101.88960651694529,7,12,2,4,2,11.47,5.53,2.21,0.61,16.143333333333334,4.910236473146912,-9.143333333333334,39.82466666666667,6.449154225340115,Derrick,Henry,TEN,RB,29,4
weighted,14073,RB,192.31285289747402,10.288403666264252,0.5358841010401534,185.3819397251795,199.53823571345026,80.61537890044579,74.53472968512803,84.22705288528601,10,9,12,5,2,18.93,8.42,2.68,0.17,20.905,4.509389278679172,-10.905000000000001,32.814,7.30948005446808,Josh,Jacobs,LVR,RB,25,1
weighted,13610,RB,191.77696879643386,17.32411613907041,0.7600297176820447,180.10635898741566,203.94342096079254,80.07949479940564,69.25914894736418,88.63223813262829,11,13,8,6,2,5.81,2.86,0.89,0.27,11.65,4.818464485704965,-0.6500000000000004,46.376000000000005,5.355608150963498,Nick,Chubb,CLE,RB,28,2
weighted,14085,RB,191.01693907875182,17.960512242138286,0.6684992570579311,178.91761299103499,203.63032213894408,79.31946508172359,68.0704029509835,88.31913931077983,12,15,10,7,2,15.47,7.14,1.69,0.36,17.058333333333334,3.3894808681500996,-5.058333333333334,35.49133333333334,6.066059969663631,Tony,Pollard,DAL,RB,26,1
weighted,13604,RB,190.3484398216939,9.61665222413704,1.3798662704309095,183.87006049913686,197.10206224762362,78.65096582466566,73.02285045908538,81.79087941945937,13,11,13,8,2,14.52,6.67,1.32,0.09,10.688333333333333,3.2431795955341247,2.3116666666666674,45.79066666666667,5.253089334435077,Saquon,Barkley,NYG,RB,26,2
weighted,14802,RB,188.96857355126298,6.7528697603315155,21.28662704309062,184.41941748284978,193.71100694594156,77.27109955423475,73.5722074427983,78.39982411777731,14,10,14,9,3,14.26,6.62,3.11,0.11,16.451666666666668,5.239037496419441,-2.451666666666668,36.622,11.407774308192929,Jonathan,Taylor,IND,RB,24,0
weighted,13131,RB,167.68194650817236,5.904341622907687,1.6111441307578218,163.70441214469062,171.82847204173953,55.98447251114413,52.85720210463914,56.51728921357528,19,22,19,10,3,35.09,14.12,3.81,0.12,36.575,5.0349867593337985,-17.575000000000003,27.86066666666667,9.240639275624943,Joe,Mixon,CIN,RB,27,3
weighted,13319,RB,166.07080237741454,6.611448404094214,0.8889301634472417,161.61691659315656,170.71391779524123,54.37332838038631,50.76970655310508,55.40273496707698,21,23,22,11,3,42.22,16.72,3.4,0.12,39.8,3.0407619659113947,-18.799999999999997,25.827333333333335,7.190300936369465,Aaron,Jones,GBP,RB,29,3
weighted,15708,RB,165.1818722139673,7.495331880577418,3.113595839524521,160.132547153739,170.44572498711844,53.48439821693907,49.28533711368753,55.13454215895419,22,24,23,12,4,35.35,14.09,3.94,0.16,32.02,5.453222289007971,-10.020000000000003,23.877333333333333,7.0271407809688515,Breece,Hall,NYJ,RB,22,-2
weighted,15253,RB,162.06827637444277,13.116830791010461,1.781426448736994,153.23195751904325,171.28001872745722,50.37080237741455,42.38474747899177,55.96883589929297,26,30,21,13,4,33.06,13.4,2.83,0.26,31.888333333333335,4.299288377808073,-5.888333333333335,24.65266666666667,5.641612141538581,Travis,Etienne,JAC,RB,24,-1
weighted,15717,RB,160.28684992570578,3.9244426355853257,0.8225111441307433,157.5307760680654,162.93060031101402,48.589375928677555,46.683566028013914,47.61941748284977,28,27,29,14,4,55.42,21.49,3.46,0.07,48.26,13.659059264824938,-20.259999999999998,15.504666666666667,2.048808651116274,Dameon,Pierce,HOU,RB,23,-2
weighted,15259,RB,159.46433878157504,2.2627416997969436,1.1336552748885538,157.940014235091,161.05342641120555,47.76686478454681,47.092804195039534,45.7422435830413,29,26,33,15,4,27.38,11.41,2.75,0.02,29.55,6.454011672337343,-0.5500000000000007,25.756666666666668,5.429157904827925,Rhamondre,Stevenson,NEP,RB,25,-1
weighted,15254,RB,158.33068350668648,9.1570328163658,1.030980683506698,152.16193260763396,164.7615225078475,46.63320950965826,41.31472256758248,49.45033967968325,31,35,28,16,4,30.58,12.69,2.84,0.15,28.381666666666668,3.421755965712472,2.6183333333333323,26.874666666666666,3.341385474453505,Najee,Harris,PIT,RB,25,-1
weighted,14223,RB,157.29970282317979,6.363961030678926,1.3890044576523053,153.01254003619349,161.76901178151562,45.60222882615156,42.165329996142006,46.45782895335137,32,32,32,17,4,56.01,21.35,6.09,0.24,61.236666666666665,15.70123632782534,-29.236666666666665,17.152,6.342484896841828,Alexander,Mattison,MIN,RB,25,1
weighted,15711,RB,155.91069836552748,8.83883476483184,0.2797176820208165,149.95630560582433,162.1180719187717,44.213224368499255,39.10909556577285,46.806889090607456,33,38,31,18,4,41.86,16.44,3.29,0.17,42.471666666666664,5.934740703874282,-9.471666666666664,19.256,2.9770822404943167,Kenneth,Walker III,SEA,RB,23,-2
weighted,13146,RB,155.63098068350666,2.7930717856868745,3.678677563150046,153.74939257144047,157.59251072633185,43.93350668647844,42.90218253138899,42.2813278981676,34,28,37,19,5,59.07,22.79,3.73,0.05,63.778333333333336,7.973222720804651,-29.778333333333336,16.413333333333334,8.187231250890353,James,Conner,ARI,RB,28,3
weighted,14079,RB,151.95230312035662,22.06173157302027,0.04390787518573802,137.09013879213748,167.44590750925417,40.25482912332839,26.242928752086,52.13472468108992,36,50,25,20,5,45.03,17.36,3.82,0.64,47.155,4.313647914855052,-11.155000000000001,20.831333333333337,5.567476108814682,Miles,Sanders,CAR,RB,26,1
weighted,16162,RB,151.90839524517088,10.571246378738875,3.7595839524517203,144.7869415045659,159.33241401485097,40.210921248142654,33.93973146451442,44.02123118668672,37,40,35,21,5,43.67,17.09,4.25,0.26,37.57333333333333,10.382632400097556,-0.5733333333333306,35.367333333333335,20.80415986180542,Jahmyr,Gibbs,DET,RB,21,-3
weighted,14800,RB,148.14881129271916,1.6617009357883823,3.0849925705794874,147.02938545389495,149.31579752072906,36.451337295690934,36.18217541384347,34.004614692564815,41,39,43,22,5,48.33,18.99,4.38,0.06,56.605000000000004,11.848647953810314,-15.605000000000004,16.11466666666667,2.821943223304743,J.K.,Dobbins,BAL,RB,25,0
weighted,14071,RB,145.06381872213967,13.399673503485065,1.764635958395246,136.03695929842965,154.4741970288579,33.366344725111446,25.18974925837817,39.16301420069365,43,53,40,23,6,67.02,25.95,3.62,0.33,75.22666666666666,18.753543368891354,-32.22666666666666,12.588666666666667,6.152169554085959,David,Montgomery,DET,RB,26,1
weighted,15749,RB,143.29918276374443,17.500892834367047,0.058246656760786664,131.50948509953216,155.589782399168,31.6017087667162,20.662275059480677,40.27859957100375,46,59,38,24,6,67.94,26.36,3.99,0.51,68.51333333333334,10.215347386272391,-22.513333333333335,10.274666666666667,2.5939937462444966,Isiah,Pacheco,KCC,RB,24,-2
weighted,14799,RB,143.24093610698364,27.541809127216023,3.7170133729569272,124.68704826774852,162.58311209889263,31.543462109955414,13.839838227697044,47.27192927072838,47,67,30,25,6,49.45,19.56,4.08,0.76,57.913333333333334,7.92033388746263,-10.913333333333334,16.01,1.9368531178176636,Cam,Akers,LAR,RB,24,0
weighted,15256,RB,139.5239227340267,11.172287142747436,3.6869242199108214,131.99757028576192,147.3700429053274,27.826448736998486,21.150360245710445,32.05886007716316,54,58,48,26,6,69.76,27.15,4.62,0.31,71.41666666666667,13.381357263828745,-17.41666666666667,14.097333333333335,5.753122128220661,Javonte,Williams,DEN,RB,23,-1
weighted,15715,RB,135.8369985141159,16.687720036002514,4.973328380386334,124.59510498379629,147.55651978264098,24.139524517087665,13.74789494374481,32.24533695447673,58,68,47,27,7,76.19,28.9,4.46,0.52,82.93333333333334,10.019101201649221,-24.933333333333337,9.563333333333334,3.451785367345749,James,Cook,BUF,RB,24,-2
weighted,13132,RB,130.86367013372956,16.581654018824548,1.6047548291233227,119.6932293165264,142.50870291961573,19.16619613670133,8.84601927647492,27.19752009145148,63,80,55,28,7,74.38,28.46,4.71,0.53,75.425,5.096762861529529,-12.424999999999997,15.404666666666667,9.508955264497896,Alvin,Kamara,NOS,RB,28,3
weighted,15721,RB,129.25891530460623,23.228457761978085,1.6343982169390756,113.61077113210627,145.57189300253202,17.561441307578008,2.763561092054786,30.260710174367773,64,86,50,29,7,69,26.35,2.91,0.62,74.65,12.32273238098326,-10.650000000000006,10.377333333333334,3.633952974685036,Rachaad,White,TBB,RB,24,-2
weighted,14797,RB,127.62451708766716,1.5556349186103962,0.4266716196136713,126.5320193422962,128.6724902133749,15.927043090638932,15.684809302244716,13.361307385210665,66,62,69,30,7,77.27,29.27,4.15,0.04,69.14166666666667,10.10563278023147,-3.1416666666666657,10.839333333333334,4.518949828838064,D'Andre,Swift,PHI,RB,24,0
weighted,15716,RB,127.19784546805349,1.4495689014324302,2.220505200594374,126.17983620532145,128.1743658806448,15.500371471025261,15.332626165269971,12.863183052480565,68,64,70,31,7,84.45,32.17,4.31,0.05,92.07833333333333,25.102055305403887,-24.078333333333333,6.499333333333333,2.6298442708435967,Brian,Robinson,WAS,RB,24,-2
weighted,14805,RB,124.97734026745911,9.369164850721752,7.401337295690922,118.66568394217376,131.55715623389798,13.279866270430887,7.818473902122278,16.245973405733736,73,82,67,32,8,88.31,33.41,3.26,0.18,92.725,9.204306510179535,-19.724999999999994,6.408666666666668,3.391002342802036,AJ,Dillon,GBP,RB,25,0
weighted,13608,RB,117.57600297176819,9.581296885077714,4.845022288261504,110.84721004005148,124.03056472328646,5.8785289747399645,0,8.719381895122211,85,96,77,33,9,86.9,32.72,4.8,0.26,93.526,8.641332304685431,-8.525999999999996,8.06,5.0976334378480646,Rashaad,Penny,PHI,RB,27,2
weighted,13133,RB,112.73098068350669,2.793071785686854,1.0335066864784608,110.84939257144049,114.69251072633186,1.0335066864784608,0.002182531389010478,-0.618672101832388,94,95,97,34,9,106.07,39.49,5.09,0.11,113.36666666666666,11.771477769969616,-19.36666666666666,6.4,4.83421141449151,Samaje,Perine,DEN,RB,28,3
weighted,13139,RB,111.69747399702823,6.505382386916238,0.4063893016344764,107.31504092588669,116.26610093221598,0,-3.5321691141647875,0.9549181040517283,96,106,94,35,9,100.38,37.53,4.36,0.16,97.58166666666666,10.743910549185008,-1.5816666666666634,7.324666666666667,5.63238879655476,Jamaal,Williams,NOS,RB,28,3
weighted,15271,RB,111.29108469539375,0.5656854249492359,3.1728083209509634,110.91000355877276,111.68835660280139,-0.4063893016344764,0.06279351872127847,-3.622826225362857,98,94,108,36,9,90.73,34.08,5.15,0.07,100.55166666666666,10.991564063205724,-2.5516666666666623,5.996666666666667,3.2131016513988824,Khalil,Herbert,CHI,RB,25,-1
weighted,16169,RB,108.11827637444279,10.67731239591686,4.2158246656760525,100.61976912212378,115.31118282816425,-3.57919762258544,-10.227440917927694,0,110,132,96,37,9,109.46,40.67,5.36,0.35,113.31833333333333,28.368657245081042,-3.318333333333328,10.344000000000001,10.325036497110638,Zach,Charbonnet,SEA,RB,22,-3
weighted,14852,RB,103.90245170876673,4.914392129246506,0.6534175334324175,100.45115201316294,107.2130940831617,-7.795022288261492,-10.39605802688854,-8.098088745002542,124,134,113,38,10,97.51,36.32,4.22,0.11,108.825,20.249506784116985,15.174999999999997,6.4573333333333345,3.796709218374367,Antonio,Gibson,WAS,RB,25,0
weighted,15263,RB,103.24903417533432,3.1112698372208123,3.818202080237768,101.06403868459236,105.34498042674984,-8.44843982169391,-9.783171355459118,-9.966202401414407,126,128,122,39,10,111.2,41.15,3.47,0.05,124.97,14.874692153677222,1.0300000000000011,3.7420000000000004,2.555048857980346,Elijah,Mitchell,SFO,RB,25,-1
weighted,12447,RB,99.43083209509655,5.975052301026327,1.4107726597325154,95.40566258953722,103.62701661708967,-12.266641901931678,-15.441547450514264,-11.684166211074583,136,148,128,40,10,133.17,48.27,5.49,0.2,129.66833333333332,11.774515441787354,6.331666666666678,5.1000000000000005,5.224582917962608,Raheem,Mostert,MIA,RB,31,5
weighted,15712,RB,98.02005943536403,1.272792206135783,5.3947251114413035,97.12619764369688,98.87749199276129,-13.677414561664193,-13.721012396354595,-16.433690835402956,142,141,147,41,11,117.26,43.14,5.58,0.09,121.905,28.018057718787954,20.095,2.174666666666667,0.9554912639870424,Tyler,Allgeier,ATL,RB,23,-2
weighted,14075,RB,92.62533432392273,19.056527752977445,1.0141158989598722,79.24223694312823,105.4630051138428,-19.072139673105497,-31.604973096923246,-9.848177714321452,161,195,121,42,11,103.76,38.69,4.08,0.56,109.142,9.469965997827027,51.858000000000004,5.836666666666668,5.058789929968981,Damien,Harris,BUF,RB,26,1
weighted,13850,RB,91.61121842496286,2.298097038856279,0.4112184249628541,89.99730130111936,93.15936054248567,-20.08625557206537,-20.849908738932115,-22.151822285678577,167,164,174,43,11,153.74,53.09,7.01,0.18,151.272,14.836084928309084,15.728000000000009,3.2040000000000006,2.711246699705999,Gus,Edwards,BAL,RB,28,2
weighted,16168,RB,91.2,NA,1.3550520059435343,NA,NA,-20.497473997028223,NA,NA,170,NA,NA,44,11,254.88,74.32,9.44,0.67,152.86,61.396866369546906,17.139999999999986,3.0480000000000005,NA,Israel,Abanikanda,NYJ,RB,21,-3
weighted,13134,RB,89.84494799405647,10.783378413094846,0.9453937592867732,82.27195225909854,97.10930716089436,-21.852526002971757,-28.57525778095294,-18.20187566726989,172,185,156,45,11,129.21,46.53,6.23,0.42,129.85,18.132270495813074,42.150000000000006,4.0873333333333335,3.3036627484589824,D'Onta,Foreman,CHI,RB,27,3
weighted,14080,RB,88.8995542347697,9.545941546018389,4.093090638930164,82.46881005429026,95.60351767227344,-22.79791976225853,-28.37839998576122,-19.70766515589081,177,183,164,46,11,131.78,47.85,4.96,0.27,137.72666666666666,9.909272873873688,39.27333333333334,4.585333333333334,4.552508856541511,Devin,Singletary,HOU,RB,26,1
weighted,15261,RB,84.80646359583953,4.3487067042972605,1.0513372956909564,81.87690235806556,87.86049138403568,-26.891010401188694,-28.970307681985915,-27.450691444128566,190,186,191,47,11,161.54,55.88,5.7,0.17,152.92000000000002,18.74330920622076,37.079999999999984,2.5573333333333337,1.7253601234396132,Chuba,Hubbard,CAR,RB,24,-1
weighted,15742,RB,83.75512630014858,9.192388155425116,0.726002971768196,77.56255783005729,90.21079479552257,-27.94234769687965,-33.28465220999419,-25.100388032641675,193,199,185,48,12,134.76,49.24,4.19,0.23,137.715,5.9213110879263935,55.285,4.604000000000001,4.2811749166165445,Jaylen,Warren,PIT,RB,25,-2
weighted,15255,RB,83.02912332838038,5.020458146424482,0.5834323922733944,79.50333515013767,86.4112184158918,-28.668350668647847,-31.343874889913806,-28.899964412272453,195,192,196,49,12,154.85,53.68,6.14,0.21,148.78199999999998,15.722983686310934,46.21800000000002,2.6966666666666668,1.9152081407048747,Kenneth,Gainwell,PHI,RB,24,-1
weighted,11761,RB,82.44569093610698,20.895005384062483,2.394353640416057,68.36950645216865,97.11992201597631,-29.25178306092124,-42.47770358788283,-18.191260812187934,197,215,155,50,12,132.79,48.82,5.01,0.67,126.07666666666667,8.715018964727244,70.92333333333333,6.244666666666667,5.057624299565514,Jerick,McKinnon,KCC,RB,31,6
weighted,16164,RB,80.05133729569093,4.843681451127845,6.667310549777113,76.64969658851312,83.31434452800829,-31.646136701337298,-34.197513451538356,-31.996838300155957,203,201,204,51,13,151.55,52.26,9.26,0.42,127.45400000000001,25.52206229911682,75.54599999999999,5.268666666666667,4.936470083864471,Tank,Bigsby,JAC,RB,22,-3
weighted,16167,RB,73.38402674591381,38.64338559184482,0.3024517087667107,46.24538957113014,99.41663189133617,-38.31344725111441,-64.60182046892135,-15.894550936828082,215,257,144,52,13,120.93,44.15,7.22,0.96,115.02833333333334,29.38138209630188,99.97166666666666,9.943333333333335,9.26331234254549,Devon,Achane,MIA,RB,22,-3
weighted,15713,RB,73.0815750371471,13.859292911256329,1.8903417533432503,63.74508718993251,82.81473676863403,-38.61589895988112,-47.10212285011897,-32.496446059530214,216,225,207,53,13,170.19,57.81,6.83,0.57,157.54666666666665,6.309386305779312,58.45333333333335,4.337000000000001,3.0070000000000006,Jerome,Ford,CLE,RB,24,-2
weighted,11225,RB,71.19123328380385,2.6162950903902273,0.5380386329866269,69.35385071204358,72.95373354067601,-40.50624071322437,-41.4933593280079,-42.35744928748824,221,213,227,54,13,193.16,62.13,10.35,0.42,148.565,19.215981846716378,72.435,2.5753333333333335,2.150544943858546,Cordarrelle,Patterson,ATL,RB,32,7
weighted,16175,RB,70.65319465081723,44.618437892871135,0.5531946508172325,39.31837295404047,100.71096930179893,-41.044279346211,-71.52883708601101,-14.600213526365323,225,265,137,55,13,156.51,53.81,10.36,0.98,131.036,28.44953257964004,93.964,5.614000000000002,6.17880829934058,Roschon,Johnson,CHI,RB,22,-3
weighted,16173,RB,70.1,NA,0.9942050520059382,NA,NA,-41.59747399702823,NA,NA,228,NA,NA,56,13,304.9,87.21,10.11,0.72,77.48,NA,150.51999999999998,3.9600000000000004,NA,Eric,Gray,NYG,RB,24,-3
weighted,14803,RB,69.10579494799406,28.920667350529794,0.6405646359583983,48.795268681779,88.5885680577429,-42.59167904903417,-62.05194135827248,-26.722614770421345,230,253,189,57,13,175.4,57.7,7.61,0.88,153.774,23.15184882466193,76.226,2.949333333333334,2.6153522813486445,Clyde,Edwards-Helaire,KCC,RB,24,0
weighted,16165,RB,68.46523031203566,16.82914139223983,0.4652303120356578,56.64639106665869,79.80239412651053,-43.23224368499257,-54.20081897339279,-35.508788701653714,231,239,213,58,13,208.49,65.42,9.45,0.75,138.11333333333334,39.443843907791525,92.88666666666666,5.158000000000001,3.8180000000000014,Tyjae,Spears,TEN,RB,22,-3
weighted,15972,RB,68,NA,0.20000000000000284,NA,NA,-43.697473997028226,NA,NA,233,NA,NA,59,13,292.15,83.64,9.21,0.65,209.8,NA,23.19999999999999,1.4400000000000002,NA,Jordan,Mason,SFO,RB,24,-2
weighted,15258,RB,67.8,NA,1.5512630014858928,NA,NA,-43.89747399702823,NA,NA,235,NA,NA,60,13,212.48,65.01,8.53,0.59,161.68,19.654909056009387,73.32,2.384,1.7595847995100056,Michael,Carter,NYJ,RB,24,-1
weighted,13726,RB,66.2487369985141,3.2526911934581135,0.6766716196136571,64.05752046294334,68.53305046610798,-45.44873699851412,-46.789689577108135,-46.77813236205627,240,224,239,61,13,235.74,69.93,8.67,0.32,174.65333333333334,13.71734992222947,65.34666666666666,2.123,1.0930000000000004,Chase,Edmonds,TBB,RB,27,2
weighted,14807,RB,65.57206537890045,27.152900397563418,0.5447251114413234,47.280170821092256,84.64111693446665,-46.12540861812778,-63.56703921895922,-30.670065893697597,242,255,200,62,13,208.82,64.88,7.19,0.85,178.86333333333334,12.861706297723051,63.136666666666656,3.701,2.6109999999999998,Joshua,Kelley,LAC,RB,26,0
weighted,16181,RB,65.02734026745912,14.424978336205564,2.039301634472494,54.89690662856459,74.74490925129474,-46.6701337295691,-55.95030341148689,-40.566273576869506,245,243,223,63,14,233.05,69.51,10.68,0.75,133.8,48.17999999999999,111.19999999999999,4.037000000000001,2.947000000000001,Chase,Brown,CIN,RB,23,-3
weighted,15723,RB,62.98803863298663,29.38028675830105,0.655497771173863,42.35472894200287,82.78044016624004,-48.709435364041596,-68.49248109804861,-32.53074266192421,250,261,208,64,14,252.38,75.64,13.15,0.97,181.41333333333333,18.952045330840214,68.58666666666667,3.104,2.104,Ty,Chandler,MIN,RB,25,-2
weighted,13136,RB,62.33254086181277,30.6177236253775,0.27867756315005465,40.83019887337483,82.95855738142461,-49.36493313521546,-70.01701116667664,-32.35262544673964,253,262,206,65,14,343.6,103.46,13.8,0.98,NA,NA,NA,1.1760000000000002,NA,Corey,Clement,ARI,RB,29,3
weighted,13606,RB,62.05386329866271,11.349063838044083,2.418202080237755,54.08359565629715,69.6993036021216,-49.643610698365514,-56.76361438375433,-45.611879226042646,256,245,236,66,14,288.88,82.44,8.3,0.58,NA,NA,NA,1.8480000000000003,NA,Ronald,Jones,DAL,RB,26,2
weighted,15734,RB,59.63566121842496,2.2627416997969534,0.7356612184249585,58.046573588794445,61.15998576490898,-52.06181277860327,-52.800636451257034,-54.15119706325527,265,234,261,67,14,283.47,82.56,13.6,0.61,222.3,NA,42.69999999999999,4.6080000000000005,NA,Keaontay,Ingram,ARI,RB,24,-2
weighted,15727,RB,58.9,NA,1.545096582466563,NA,NA,-52.79747399702823,NA,NA,268,NA,NA,68,14,273.64,78.88,9.68,0.7,NA,NA,NA,1.8240000000000003,NA,Zonovan,Knight,NYJ,RB,22,-2
weighted,15710,RB,57.354903417533436,13.965358928434311,3.264413075780091,47.946962857202394,67.16255363165929,-54.34257057949479,-62.900247182849085,-48.148629196504956,276,254,243,69,14,260.25,75.09,8.4,0.66,207.44,NA,68.56,0.9680000000000001,0.03199999999999992,Kyren,Williams,LAR,RB,23,-2
weighted,16171,RB,54.090490341753345,34.294678887547555,1.190490341753339,30.005880955165814,77.19353424940172,-57.60698365527488,-80.84132908488567,-38.11764857876253,288,273,217,70,15,147.33,51.91,7.07,0.94,128.906,29.574275037606586,159.094,7.2780000000000005,8.27802118061235,Kendre,Miller,NOS,RB,21,-3
weighted,15714,RB,52.900000000000006,NA,5.700000000000003,NA,NA,-58.79747399702822,NA,NA,293,NA,NA,71,15,181.81,59.23,7.52,0.45,150.494,14.534598171260189,142.506,3.1833333333333336,2.246246251465369,Zamir,White,LVR,RB,24,-2
weighted,15277,RB,47.2,NA,0.10000000000000142,NA,NA,-64.49747399702822,NA,NA,315,NA,NA,72,15,320.05,95.04,12.68,0.89,174.515,15.24499999999999,140.485,2.994,1.8540000000000005,Deon,Jackson,IND,RB,24,-1
weighted,15719,RB,47.1,NA,2.7413075780089216,NA,NA,-64.59747399702823,NA,NA,317,NA,NA,73,15,324.78,93.14,11.65,0.83,NA,NA,NA,1.0800000000000003,NA,Kevin,Harris,NEP,RB,23,-2
weighted,12155,RB,44.35869242199108,19.586857838867363,0.1552005943536372,30.60315262800192,57.553626777493356,-67.33878157503715,-80.24405741204956,-57.75755605067089,331,272,269,74,15,334.52,101.69,14.21,0.93,NA,NA,NA,1.3920000000000001,NA,Ameer,Abdullah,LVR,RB,30,5
weighted,11390,RB,44.20349182763744,27.18825573662275,0.303491827637437,25.109610777858254,62.51920395648446,-67.49398216939079,-85.73759926219323,-52.79197887167979,332,280,255,75,15,282.77,80.44,8.15,0.88,198.25,NA,133.75,1.7240000000000002,0.7240000000000002,Latavius,Murray,BUF,RB,33,7
weighted,15709,RB,43.900000000000006,NA,0.2513372956909379,NA,NA,-67.79747399702822,NA,NA,333,NA,NA,76,15,256.18,73.68,8.08,0.53,NA,NA,NA,0.8160000000000002,NA,Isaiah,Spiller,LAC,RB,22,-2
weighted,14076,RB,43.64866270430907,4.843681451127851,0.34866270430906354,40.385655471991726,47.0503034114869,-68.04881129271917,-70.46155456805975,-68.26087941667734,334,263,276,77,15,307.63,90.28,13.96,0.7,135.87,NA,198.13,3.1680000000000006,NA,Trayveon,Williams,CIN,RB,26,1
weighted,15414,RB,43.300000000000004,NA,1.3232540861812865,NA,NA,-68.39747399702821,NA,NA,336,NA,NA,78,16,332.21,98.17,11.01,0.79,NA,NA,NA,1.1280000000000001,NA,Kene,Nwangwu,MIN,RB,25,-1
weighted,14798,RB,41.97674591381872,25.491199461775032,1.3644130757800852,24.07468058626242,59.149214632802725,-69.72072808320951,-86.77252945378906,-56.161968195361524,341,283,264,79,16,266.27,76.93,10.24,0.9,187.815,12.824999999999989,153.185,2.7200000000000006,1.7200000000000006,Zack,Moss,IND,RB,26,0
weighted,14821,RB,40.61233283803863,26.162950903902253,0.5445022288261541,22.238507120435774,58.237335406760074,-71.08514115898959,-88.60870291961571,-57.073847421404174,343,288,266,80,16,298.03,84.71,8.57,0.87,NA,NA,NA,1.008,NA,JaMycal,Hasty,JAC,RB,27,0
weighted,15738,RB,40.06783060921248,22.662772337028844,0.16783060921247994,24.80076757333351,55.98353639973064,-71.62964338781575,-86.04644246671796,-59.32764642843361,344,281,271,81,16,260.23,76.64,13.76,0.95,174.965,45.935,169.035,7.536000000000001,NA,Malik,Davis,DAL,RB,25,-2
weighted,14828,RB,39.9,NA,1.5168647845468115,NA,NA,-71.79747399702822,NA,NA,345,NA,NA,82,16,315,104.33,13.6,0.93,NA,NA,NA,NA,NA,Tony,Jones,DEN,RB,26,0
weighted,16163,RB,38.38313521545319,19.55150249980803,0.17659732540861484,24.652424915677003,51.55425199991665,-73.31433878157503,-86.19478512437448,-63.7569308282476,346,282,274,83,16,232.35,69.56,6.63,0.7,140.325,58.075,205.675,3.3200000000000007,2.3200000000000007,Zach,Evans,LAR,RB,22,-3
weighted,14810,RB,38.20653789004457,2.757716446627534,0.9065378900445751,36.34876734901719,40.14323843865677,-73.49093610698365,-74.49844269103428,-75.16794438950748,347,267,281,84,16,315.13,92.42,12.01,0.54,221.63,NA,125.37,2.7600000000000002,NA,Ke'Shawn,Vaughn,TBB,RB,26,0
weighted,14727,RB,37.3,NA,0.7431649331352119,NA,NA,-74.39747399702823,NA,NA,348,NA,NA,85,16,349.1,109.27,9.75,0.7,NA,NA,NA,NA,NA,Craig,Reynolds,DET,RB,27,1
weighted,12261,RB,36.556835066864785,20.187898602875926,0.012407132243687613,22.9570020037027,50.73447626247456,-75.14063893016345,-87.89020803634878,-64.57670656568969,350,285,275,86,16,329.65,101.5,16.39,0.95,NA,NA,NA,1.5120000000000002,NA,Ty,Montgomery,NEP,RB,30,5
weighted,13378,RB,36.5444279346211,0.35355339059327373,0.46463595839524174,36.30625222423298,36.79272287675087,-75.15304606240713,-74.5409578158185,-78.51845995141338,351,268,283,87,16,284.58,81.56,8.28,0.2,224.87,NA,126.13,1.3040000000000003,0.30400000000000016,Matt,Breida,NYG,RB,28,3
weighted,15973,RB,36.079791976225856,4.454772721475247,0.6797919762258573,33.078778025335446,39.208308247060934,-75.61768202080236,-77.76843201471604,-76.10287458110332,352,271,282,88,16,316.32,100.08,16.06,0.77,NA,NA,NA,0.43200000000000005,NA,Raheem,Blackshear,CAR,RB,25,-2
weighted,11367,RB,35.4,NA,0.3999999999999986,NA,NA,-76.29747399702822,NA,NA,354,NA,NA,89,16,373,118.1,13.48,0.92,NA,NA,NA,NA,NA,Kyle,Juszczyk,SFO,RB,32,7
weighted,15462,RB,35,NA,0.3999999999999986,NA,NA,-76.69747399702823,NA,NA,355,NA,NA,90,16,350.67,120.17,15.36,0.97,NA,NA,NA,NA,NA,Gary,Brightwell,NYG,RB,24,-1
weighted,15720,RB,34.6,NA,1.3540861812778644,NA,NA,-77.09747399702823,NA,NA,356,NA,NA,91,16,319.77,90.47,8.06,0.53,NA,NA,NA,NA,NA,Hassan,Haskins,TEN,RB,24,-2
weighted,12630,RB,33.24591381872214,16.122034611053284,3.975260029717681,22.385101425023525,44.56816317983958,-78.4515601783061,-88.46210861502796,-70.74301964832466,360,287,280,92,17,325.81,93.9,9.39,0.74,NA,NA,NA,2.5920000000000005,NA,Kenyan,Drake,IND,RB,29,4
weighted,16176,RB,29.270653789004456,9.793428919433682,1.970653789004455,22.673186611253325,36.14842368599904,-82.42682020802377,-88.17402342879815,-79.16275914216521,363,286,284,93,17,290.47,83.91,9.89,0.62,149.31,64.65,213.69,4.152,NA,Deuce,Vaughn,DAL,RB,22,-3
weighted,11886,RB,27.3,NA,0.23335809806834718,NA,NA,-84.39747399702823,NA,NA,367,NA,NA,94,17,313,101,15.98,0.98,NA,NA,NA,NA,NA,Damien,Williams,LVR,RB,31,6
weighted,14083,RB,27.066641901931654,0.5303300858899105,0.2666419019316528,26.70937833634946,27.439084315126305,-84.63083209509657,-84.13783170370202,-87.87209851303794,370,278,287,95,17,377.71,117.21,11.95,0.46,NA,NA,NA,NA,NA,Travis,Homer,CHI,RB,25,1
weighted,16391,RB,26.8,NA,0.1999999999999993,NA,NA,-84.89747399702823,NA,NA,372,NA,NA,96,17,NA,NA,NA,NA,NA,NA,NA,NA,NA,Hunter,Luepke,DAL,RB,23,-3
weighted,13814,RB,26.6,NA,0.10000000000000142,NA,NA,-85.09747399702823,NA,NA,373,NA,NA,97,17,274.24,78.32,8.36,0.56,NA,NA,NA,1.2720000000000002,NA,Boston,Scott,PHI,RB,28,2
weighted,15725,RB,26.5,NA,0.1999999999999993,NA,NA,-85.19747399702823,NA,NA,375,NA,NA,98,17,353.5,120.63,8.69,0.6,NA,NA,NA,NA,NA,Snoop,Conner,JAC,RB,24,-2
weighted,10932,RB,26.3,NA,0.20000000000000284,NA,NA,-85.39747399702823,NA,NA,376,NA,NA,99,17,337.8,117.22,14.51,0.95,NA,NA,NA,NA,NA,Brandon,Bolden,LVR,RB,33,8
weighted,13148,RB,26.099999999999998,NA,0.09999999999999787,NA,NA,-85.59747399702823,NA,NA,378,NA,NA,100,17,NA,124,8.04,0.53,NA,NA,NA,NA,NA,Dare,Ogunbowale,HOU,RB,29,3
weighted,15040,RB,26,NA,0.02013372956909265,NA,NA,-85.69747399702823,NA,NA,379,NA,NA,101,17,NA,NA,NA,NA,NA,NA,NA,NA,NA,Ty'Son,Williams,ARI,RB,27,0
weighted,16174,RB,25.979866270430907,2.863782463805517,0.7798662704309045,24.050643016287076,27.99105530168203,-85.71760772659732,-86.7965670237644,-87.32012752648222,380,284,286,102,17,320.33,96.5,13.49,0.62,84.23,NA,295.77,4.272000000000001,NA,Chris,Rodriguez,WAS,RB,23,-3
weighted,13619,RB,25.200000000000003,NA,0.7000000000000028,NA,NA,-86.49747399702822,NA,NA,383,NA,NA,103,17,NA,128,7.07,0.39,NA,NA,NA,NA,NA,John,Kelly,CLE,RB,27,2
weighted,14823,RB,24.5,NA,0.1999999999999993,NA,NA,-87.19747399702823,NA,NA,385,NA,NA,104,17,300.5,107.29,17.08,0.98,NA,NA,NA,2.1600000000000006,NA,Rico,Dowdle,DAL,RB,25,0
weighted,14331,RB,24.3,NA,0.5999999999999979,NA,NA,-87.39747399702823,NA,NA,387,NA,NA,105,17,271.09,78.92,10.82,0.78,206.1,NA,180.9,1.2920000000000003,0.29200000000000015,D'Ernest,Johnson,JAC,RB,27,1
weighted,16359,RB,24.3,NA,0,NA,NA,-87.39747399702823,NA,NA,387,NA,NA,105,17,343,110.67,8.99,0.63,NA,NA,NA,2.5440000000000005,NA,Lew,Nichols,GBP,RB,22,-3
weighted,16180,RB,23.700000000000003,NA,0.20000000000000284,NA,NA,-87.99747399702822,NA,NA,392,NA,NA,106,17,279.35,80.79,10.86,0.78,143.495,57.945,248.505,6.024,NA,Evan,Hull,IND,RB,23,-3
weighted,15743,RB,23.5,NA,0.1999999999999993,NA,NA,-88.19747399702823,NA,NA,393,NA,NA,107,17,NA,NA,NA,NA,NA,NA,NA,NA,NA,Sincere,McCormick,LVR,RB,23,-2
weighted,15953,RB,23.5,NA,0,NA,NA,-88.19747399702823,NA,NA,393,NA,NA,107,17,NA,110.5,10.5,0.75,NA,NA,NA,NA,NA,Brittain,Brown,LVR,RB,26,-2
weighted,15960,RB,23.3,NA,0.10000000000000142,NA,NA,-88.39747399702823,NA,NA,394,NA,NA,108,17,NA,135.8,10.85,0.78,NA,NA,NA,NA,NA,Zander,Horvath,LAC,RB,25,-2
weighted,16179,RB,23.2,NA,0.3999999999999986,NA,NA,-88.49747399702822,NA,NA,395,NA,NA,109,18,268.49,77.72,8.66,0.6,77.61,NA,317.39,3.3800000000000003,2.3800000000000003,DeWayne,McBride,MIN,RB,22,-3
weighted,14804,RB,22.8,NA,0.1999999999999993,NA,NA,-88.89747399702823,NA,NA,396,NA,NA,110,18,371,112.6,10.56,0.76,NA,NA,NA,NA,NA,Anthony,McFarland,PIT,RB,24,0
weighted,16170,RB,22.6,NA,0.10000000000000142,NA,NA,-89.09747399702823,NA,NA,397,NA,NA,111,18,316.88,91.29,12.16,0.85,91.71,NA,305.29,3.9360000000000004,NA,Kenny,McIntosh,SEA,RB,23,-3
weighted,14815,RB,22.5,NA,0,NA,NA,-89.19747399702823,NA,NA,398,NA,NA,112,18,333.97,95.98,7.55,0.46,NA,NA,NA,2.9520000000000004,NA,DeeJay,Dallas,SEA,RB,25,0
weighted,14836,WR,196.6906389301634,10.111626970967615,6.011812778603229,189.87881361306302,203.79187427507483,87.30430906389297,85.35126823871038,88.38447578723093,8,6,9,1,1,1.72,1.19,0.46,0.26,2.015,0.5560500576986452,5.984999999999999,52.647999999999996,10.83599532422687,Justin,Jefferson,MIN,WR,24,0
weighted,15281,WR,190.67882615156017,25.137646071181745,5.532466567607742,173.74453314296434,208.3325965369867,81.29249628528974,69.2169877686117,92.9251980491428,9,14,6,2,1,3.79,2.12,0.68,0.77,4.306666666666667,0.7076643900104687,4.693333333333333,48.33266666666667,10.933499632881603,Ja'Marr,Chase,CIN,WR,23,-1
weighted,13164,WR,185.14635958395243,6.5760930650348985,6.186998514115885,180.71629137073327,189.76464550756614,75.760029717682,76.18874599638063,74.35724701972224,15,7,16,3,2,9.42,4.34,1.64,0.13,9.04,2.8192197502145877,5.960000000000001,42.334,7.060203396503532,Cooper,Kupp,LAR,WR,30,3
weighted,11675,WR,178.95936106983655,13.682516215959687,1.7913818722139752,169.74196107781603,188.5683753302586,69.57303120356612,65.21441570346339,73.16097684241468,17,17,17,4,2,15.1,7.61,2.03,0.48,16.993333333333332,2.306358360899036,0.006666666666667709,39.67866666666667,6.581274716108493,Davante,Adams,LVR,WR,31,6
weighted,12801,WR,177.16797919762257,19.480791821689387,12.328298662704299,164.04449755523675,190.84903050897282,67.78164933135214,59.516952180884104,75.44163202112891,18,18,15,5,3,8.02,3.45,0.99,0.63,9.128333333333334,1.7412200384277174,8.871666666666666,45.48866666666667,5.468527244352194,Tyreek,Hill,MIA,WR,29,4
weighted,12186,WR,164.83968053491827,2.082429470594377,2.335490341753342,163.4368256007322,166.3021377440626,55.45335066864784,58.90928022637955,50.8947392562187,20,19,27,6,4,12.23,5.82,1.32,0.02,13.678333333333333,2.291029002192877,6.321666666666667,43.094,6.31813411274774,Stefon,Diggs,BUF,WR,30,5
weighted,14104,WR,162.50419019316493,13.59059233440544,3.3642942050520332,152.95973261769666,171.65966450048458,53.1178603268945,48.43218724334402,56.252266012640675,23,25,20,7,4,13.05,6.36,1.65,0.45,15.138333333333334,1.2288397870439502,7.861666666666666,34.70733333333334,3.813222725668611,A.J.,Brown,PHI,WR,26,1
weighted,14832,WR,159.1398959881129,2.227386360737628,2.753937592867743,157.63938901266772,160.7041541235305,49.75356612184247,53.11184363831508,45.29675563568658,27,21,34,8,5,13.7,6.72,1.54,0.02,15.155000000000001,2.2397749142864036,11.844999999999999,36.942,4.576858602433184,CeeDee,Lamb,DAL,WR,24,0
weighted,15753,WR,156.38595839524515,15.167440456451434,7.474962852897477,146.16822041959452,167.03781141261223,46.999628528974725,41.64067504524188,51.63041292476832,30,34,26,9,6,18.99,9.64,1.78,0.53,22.111666666666665,4.8374904536225065,7.888333333333335,31.218000000000004,4.9000933324444595,Garrett,Wilson,NYJ,WR,23,-2
weighted,15287,WR,148.91099554234768,2.4748737341529354,1.313298662704284,147.2437655696308,150.6490601372561,39.52466567607725,42.716220195278154,35.241661649412194,38,29,42,10,6,17.45,8.72,1.61,0.03,20.64,3.706746102266335,17.36,31.41,3.895749820851776,Amon-Ra,St. Brown,DET,WR,24,-1
weighted,14136,WR,147.5976968796434,1.7324116139070531,1.1575780089152943,146.43063589874157,148.8143420960793,38.211367013372964,41.90309052438893,33.40694360823538,39,33,45,11,6,34.64,16.32,3.6,0.06,39.94166666666666,3.6750574447513356,-0.9416666666666629,20.107333333333333,5.603765480063881,Deebo,Samuel,SFO,WR,27,1
weighted,15284,WR,146.4401188707281,2.5455844122715865,5.146582466567622,144.65239528739374,148.15498398552262,37.05378900445767,40.1248499130411,32.74758549767871,40,37,46,12,7,20.87,10.8,0.94,0.02,23.773333333333333,1.4136909924811087,16.226666666666667,27.216,3.5421545232621736,Jaylen,Waddle,MIA,WR,25,-1
weighted,15789,WR,141.29353640416048,4.34870670429727,1.1979866270430932,138.23950861596433,144.22309764193446,31.907206537890048,33.711963241611684,28.815699154090552,45,41,53,13,7,47.94,21.84,4.86,0.23,59.685,9.843235833132653,-14.685000000000002,9.640666666666666,3.9920154753652395,Christian,Watson,GBP,WR,24,-2
weighted,12175,WR,140.09554977711738,4.635084950677823,0.5383358098068527,136.8404030857961,143.21803334030577,30.709219910846954,32.31285771144347,27.81063485246186,49,42,54,14,7,32.14,15.18,2.98,0.12,42.325,5.83798409841388,6.674999999999997,18.877333333333336,3.0802966668091503,Amari,Cooper,CLE,WR,29,5
weighted,14835,WR,139.55721396731053,7.315019651374832,1.4125037147102262,134.6293585193802,144.69443631997544,30.1708841010401,30.10181314502755,29.28703783213153,50,47,52,15,7,27.53,13.68,2.02,0.21,33.22833333333333,3.7043416719063895,16.77166666666667,22.735333333333333,2.8374572341368527,Tee,Higgins,CIN,WR,24,0
weighted,15282,WR,138.1447102526003,3.825447686219239,0.8403268945022546,135.56764906620077,140.83126152644442,28.758380386329875,31.04010369184813,25.423863038600516,52,46,57,16,7,34.17,16.05,1.98,0.07,31.368333333333332,4.259528208094831,20.631666666666668,22.171333333333333,2.884115731997513,DeVonta,Smith,PHI,WR,25,-1
weighted,13635,WR,137.30438335809805,1.3081475451951086,1.4068350668648009,136.423133229662,138.22307464397824,27.91805349182762,31.89558785530936,22.81567615613433,53,44,59,17,7,44.74,20.32,4.57,0.09,54.06,6.969086501591631,-1.0600000000000023,15.282,6.839838789523236,D.J.,Moore,CHI,WR,26,2
weighted,14833,WR,135.89754829123325,4.914392129246496,1.8755052005943185,132.58690591683833,139.34884798683706,26.51121842496282,28.059360542485692,23.94144949899315,56,49,58,18,8,47.6,21.58,3.98,0.19,58.26833333333333,6.7327963894820275,-2.268333333333331,12.731333333333334,5.5390243023679036,Jerry,Jeudy,DEN,WR,24,0
weighted,14102,WR,134.02204309063893,18.112540200093417,3.4929940564636013,121.82030144745515,146.74219297594698,24.6357132243685,17.29275607310251,31.33479448810307,57,61,49,19,8,35.72,16.59,2.4,0.64,37.88666666666667,5.21654632449052,19.11333333333333,23.250666666666667,6.0467347294956575,DK,Metcalf,SEA,WR,26,1
weighted,13629,WR,130.52904903417533,3.4294678887547505,0.11316493313520937,128.12058809551658,132.83935342494019,21.1427191679049,23.59304272116394,17.43195493709628,60,56,64,20,8,44.29,20.39,4.41,0.13,39.660000000000004,3.6883645879079436,20.339999999999996,24.346000000000004,11.38156134573226,Calvin,Ridley,JAC,WR,29,2
weighted,15754,WR,130.41588410104012,2.481944801964795,4.916805349182766,128.74389061411546,132.1589145947911,21.02955423476969,24.216345239762816,16.751516106947193,61,54,65,21,9,26.97,13.32,1.81,0.03,31.871666666666666,7.21936843190286,29.128333333333334,24.39666666666667,2.273211140411045,Chris,Olave,NOS,WR,23,-2
weighted,11232,WR,125.49907875185735,8.824692629208124,0.9216567607726773,119.30163699629834,131.44394448314503,16.112748885586925,14.7740916219457,16.036545995301125,65,65,68,22,9,54,24.11,4.78,0.42,55.425,5.250500769767902,9.575000000000003,16.631333333333334,5.914404187142514,DeAndre,Hopkins,TEN,WR,31,7
weighted,11222,WR,124.57742199108468,2.8602469298995956,0.09792719167904806,122.65058049404473,126.58612807291453,15.191092124814247,18.12303511969209,11.178729585070627,69,60,71,23,9,47.71,21.69,2.95,0.07,50.07333333333333,5.842561272440557,18.92666666666667,20.111333333333334,7.096090253716402,Keenan,Allen,LAC,WR,31,7
weighted,11671,WR,124.47949479940563,10.818733752154182,0.8350148588409922,117.19131806152895,132.07732002857657,15.0931649331352,12.663772687176305,16.66992154073266,71,70,66,24,9,67.79,30.43,4.42,0.48,78.13666666666667,7.422321439789274,-7.13666666666667,11.341333333333335,8.211721919846587,Mike,Evans,TBB,WR,30,6
weighted,13154,WR,123.64447994056464,13.51634612238086,1.6843016344725186,114.53902253242653,133.1367955781857,14.258150074294207,10.011477158073887,17.729397090341806,72,74,63,25,10,60.49,27.01,4.71,0.58,65.77,10.316921375423323,6.230000000000004,10.867333333333335,6.266439783126906,Mike,Williams,LAC,WR,29,3
weighted,13633,WR,121.96017830609212,3.8183766184073598,1.1315007429420518,119.27859293109063,124.53247597828391,12.573848439821688,14.751047556737987,9.125077490440006,74,66,76,26,10,63.8,28.69,3.99,0.13,74.34333333333333,8.353499599303008,-0.3433333333333337,10.358,6.370742081317269,Christian,Kirk,JAC,WR,27,2
weighted,14109,WR,120.82867756315007,4.525483399593897,2.713298662704318,117.78002847018206,124.00685282241112,11.442347696879636,13.252483095829419,8.599454334567213,75,69,78,27,10,49.09,21.99,2.81,0.11,54.01,7.107770395841443,20.990000000000002,15.086666666666668,6.014079776287938,Terry,McLaurin,WAS,WR,28,1
weighted,14840,WR,118.11537890044575,3.7830212793480245,0.7457800891530155,115.5668987992928,120.77213478123427,8.729049034175318,11.03935342494016,5.364736293390365,77,71,83,28,10,57.08,26.01,4.27,0.14,74.36166666666666,8.05059090308835,2.6383333333333354,9.153333333333334,3.700246238052574,Brandon,Aiyuk,SFO,WR,25,0
weighted,15751,WR,117.36959881129273,5.685138520739845,0.05875185735514776,113.37701614184604,121.19946423433382,7.983268945022303,8.8494707674934,5.792065746489911,78,79,81,29,10,58.05,26.19,3.5,0.21,66.48,7.073000306329227,11.519999999999996,11.032666666666668,2.952612553127974,Drake,London,ATL,WR,22,-2
weighted,14105,WR,117.31084695393758,5.65685424949238,1.117459138187229,113.50003558772757,121.2835660280139,7.924517087667155,8.972490213374925,5.8761675401699875,79,76,80,30,10,73.95,33.31,4.49,0.27,93.29166666666667,14.138537662085927,-14.291666666666671,9.144000000000002,6.649718189517509,Marquise,Brown,ARI,WR,26,1
weighted,15762,WR,116.19338781575036,1.1667261889578173,1.8983506686478506,115.37401450672213,116.97936766003122,6.807057949479926,10.846469132369492,1.571969172187309,82,73,93,31,11,80.57,36.03,4.48,0.08,86.14833333333333,11.75924376347769,-4.148333333333326,6.758666666666667,3.366153624275372,George,Pickens,PIT,WR,22,-2
weighted,12187,WR,114.2950371471025,1.5839191898578726,0.4630757800891274,113.22800996456371,115.4073984878439,4.9087072808320755,8.70046459021107,0,88,81,96,32,11,62.43,28.11,5.08,0.1,72.25,10.716852771841802,15.75,12.391333333333334,5.02878284367986,Tyler,Lockett,SEA,WR,31,5
weighted,15755,WR,113.83196136701338,7.330677015815388,1.1017236255572271,108.68374309548273,118.77036459640378,4.445631500742948,4.156197721130084,3.362966108559874,89,84,89,33,11,76.23,34.28,4.4,0.34,92.86333333333333,10.889081177440492,-3.8633333333333297,5.510000000000001,3.268465491123728,Jahan,Dotson,WAS,WR,23,-2
weighted,14208,WR,112.73023774145615,18.70297436238418,0.1861812778602996,100.13074266192422,125.86504018012091,3.343907875185721,-4.396802712428425,10.457641692277008,91,111,73,34,11,73.23,32.89,3.76,0.69,89.05333333333333,9.735492911107388,1.9466666666666725,10.023333333333335,6.616717883932757,Diontae,Johnson,PIT,WR,27,1
weighted,11674,WR,112.54405646359585,8.308504678941931,3.1577265973254214,106.94692726947486,118.37898760364541,3.1577265973254214,2.419381895122214,2.971589115801507,92,87,91,35,11,95.76,41.45,3.46,0.33,102.27666666666667,6.842203998387918,-10.27666666666667,7.831333333333334,6.05082833631525,Brandin,Cooks,DAL,WR,30,6
weighted,13163,WR,109.38632986627043,7.212489168102786,2.310624071322451,104.52754537435264,114.45154668571772,0,0,-0.9558518021261904,96,96,100,36,12,67.91,30.65,3.66,0.29,74.805,10.659671273855805,21.194999999999993,12.199333333333334,6.685203628578232,Chris,Godwin,TBB,WR,27,3
weighted,16186,WR,107.07570579494798,3.2173358543987884,0.9382095096582219,104.8162218215671,109.24310475947995,-2.310624071322451,0.2886764472144563,-6.164293728363958,104,91,111,37,12,88.36,39.55,5.98,0.23,99.14833333333333,28.90677049681537,4.851666666666674,14.262666666666666,14.830000704278097,Jordan,Addison,MIN,WR,21,-3
weighted,13630,WR,106.13749628528976,20.30457122177171,1.0485066864784613,92.45906523769959,120.39707481180236,-3.2488335809806728,-12.06848013665305,4.989676323958449,109,138,85,38,12,97.07,42.62,4.77,0.77,114.15,19.38965531754841,-5.150000000000006,7.105333333333334,5.771045274086451,Courtland,Sutton,DEN,WR,28,2
weighted,16185,WR,105.0889895988113,7.360981592151965,0.5673699851411556,100.13017130853048,110.25849029395309,-4.297340267459134,-4.397374065822163,-5.1489081938908186,113,112,110,39,12,89.78,39.86,5.48,0.38,95.11333333333333,25.873935834262934,17.88666666666667,18.77666666666667,20.849435377380264,Jaxon,Smith-Njigba,SEA,WR,21,-3
weighted,15752,WR,104.52161961367014,12.90469875665449,1.7394502228826383,95.82820618450349,113.58438500140669,-4.86471025260029,-8.699339189849155,-1.823013486437219,116,125,104,40,12,88.58,39.07,5.39,0.59,109.2,18.034319135100905,6.799999999999997,3.8713333333333333,2.051215141216434,Treylon,Burks,TEN,WR,23,-2
weighted,16190,WR,102.7821693907875,1.1313708498984818,2.9183952451708706,102.02000711754552,103.57671320560279,-6.604160475482928,-2.5075382568071234,-11.83068528224112,121,101,129,41,13,108.08,46.73,7.06,0.17,114.65833333333333,29.81394775194247,6.341666666666669,11.35266666666667,11.922110588687262,Zay,Flowers,BAL,WR,23,-3
weighted,12652,WR,99.86377414561663,4.681046891454937,0.7396582466567452,96.5763491118185,103.01722055115545,-9.522555720653799,-7.95119626253414,-12.39017793668846,129,123,132,42,13,114.8,50.16,6.41,0.32,108.37166666666667,7.133812483907573,20.62833333333333,7.932666666666667,6.211499085477587,Michael,Thomas,NOS,WR,30,4
weighted,14127,WR,99.12411589895989,7.035712472806149,0.4317459138187445,94.38441926223615,104.06518524734228,-10.262213967310544,-10.14312611211649,-11.342213240501621,133,131,127,43,13,120.63,51.77,6.25,0.41,133.06833333333333,16.821988999190584,-0.06833333333332803,2.922,2.2449843355058556,Jakobi,Meyers,LVR,WR,27,1
weighted,13668,WR,98.69236998514114,6.353354428961128,1.3188930163447168,94.4123524694665,103.1542300952131,-10.693959881129288,-10.115192904886143,-12.253168392630812,134,130,130,44,13,138.52,58.73,7.65,0.43,142.325,26.96619782245914,-8.324999999999989,3.5493333333333332,3.295631586745636,D.J.,Chark,CAR,WR,27,2
weighted,11679,WR,97.37347696879642,3.075914498161477,0.9278826151560224,95.21331097226745,99.44560564917315,-12.012852897474005,-9.31423440208519,-15.96179283867076,135,127,145,45,13,127.14,54.47,6.7,0.26,112.262,7.920155048987366,22.738,6.1673333333333344,5.136528096768177,Odell,Beckham,BAL,WR,31,6
weighted,16188,WR,96.4455943536404,3.248145507007629,2.552726597325403,94.25744007720321,98.72671545769262,-12.940735512630027,-10.270105297149428,-16.680683030151286,139,133,149,46,14,101.97,46.17,5.5,0.2,119.59333333333333,30.092235248020746,19.406666666666666,13.73266666666667,16.041240212513358,Quentin,Johnston,LAC,WR,22,-3
weighted,15766,WR,93.892867756315,9.970205614730313,0.17778603268943982,87.17631272336982,100.89478512437448,-15.49346210995543,-17.351232650982823,-14.512613363469427,144,153,135,47,14,127.88,54.2,8.99,0.62,132.23333333333335,12.595639016033374,11.766666666666652,4.204666666666667,1.8399683572158398,Skyy,Moore,KCC,WR,23,-2
weighted,14842,WR,93.71508172362556,10.146982310026962,0.2150817236255449,86.87943883548631,100.84114656274991,-15.67124814264487,-17.64810653886633,-14.566251925093994,146,154,136,48,14,77.09,34.16,4.45,0.44,87.85166666666666,18.065212810506523,58.14833333333334,8.366,3.9540888541693997,Michael,Pittman,IND,WR,26,0
weighted,13724,WR,93.50000000000001,NA,0.2526894502229027,NA,NA,-15.886329866270415,NA,NA,147,NA,NA,49,14,257.1,95.61,10.2,0.65,187.61666666666667,13.369079582712072,-40.616666666666674,2.5450000000000004,1.2950000000000004,Richie,James,KCC,WR,28,2
weighted,15290,WR,93.24731054977711,4.270924958366741,0.027176820208026697,90.24790764884953,96.1244731312657,-16.139019316493318,-14.279637725503108,-19.282925356578204,148,142,162,50,14,126.2,53.95,6.68,0.31,139.63,12.469457085214257,8.370000000000005,3.0000000000000004,1.9972647963318904,Nico,Collins,HOU,WR,24,-1
weighted,13632,WR,93.22013372956908,2.8637824638055145,1.356166419019317,91.20894469831798,95.14935698371293,-16.166196136701345,-13.318600676034663,-20.258041504130972,150,140,168,51,14,125.87,54.03,6.12,0.22,129.86833333333334,8.549410148594404,20.13166666666666,3.7993333333333337,3.376522997930795,Allen,Lazard,NYJ,WR,28,2
weighted,14974,WR,91.86396731054977,10.217692988145602,0.6816047548291237,84.98068928033291,99.03969113810008,-17.52236255572066,-19.54685609401973,-16.367707349743824,157,160,146,52,14,133.94,57.07,7.58,0.58,147.67000000000002,21.79317691388752,9.329999999999984,2.208,1.3415692304163809,Darnell,Mooney,CHI,WR,26,0
weighted,13793,WR,91.18236255572064,16.03011072949903,0.07877414561664864,80.38347584672294,102.44005523188434,-18.203967310549785,-24.144069527629696,-12.967343255959562,158,173,134,53,14,181.21,71.71,9.75,0.79,171.26,23.708670706445496,-13.259999999999991,3.894,2.5140000000000002,Marquez,Valdes-Scantling,KCC,WR,29,2
weighted,13156,WR,91.103588410104,4.055257390104849,1.190861812778607,88.37171301195218,93.95153139633246,-18.282741456166434,-16.15583236240046,-21.45586709151145,159,150,170,54,14,112.95,48.64,6.45,0.29,117.49333333333334,13.863836249593962,41.50666666666666,5.196000000000001,4.779872243759939,JuJu,Smith-Schuster,NEP,WR,27,3
weighted,12650,WR,89.91272659732539,1.2833988078535818,0.22742942050518877,89.01141595739435,90.7773044260343,-19.47360326894504,-15.516129416958293,-24.6300940618096,163,149,184,55,14,138.73,59.28,5.13,0.1,147.77833333333334,16.551474674145776,15.221666666666664,3.8880000000000003,3.804911913128433,Tyler,Boyd,CIN,WR,29,4
weighted,13646,WR,89.6852971768202,24.56842511232659,0.052459138187217036,73.13446706194924,106.93931270541782,-19.70103268945023,-31.393078312403404,-8.468085782426087,165,193,114,56,14,148.64,61.47,6.35,0.84,156.882,21.654786445495134,8.117999999999995,3.135333333333334,2.68973670747818,Michael,Gallup,DAL,WR,27,2
weighted,15283,WR,89.63283803863298,10.606601717798211,0.737147102525995,82.48756672698917,97.08168630252605,-19.753491827637447,-22.03997864736347,-18.325712185317855,166,167,157,57,14,158.15,65.42,8.26,0.62,147.732,19.31127277006879,18.268,2.0973333333333333,1.3721276260691724,Rondale,Moore,ARI,WR,23,-1
weighted,11938,WR,88.89569093610699,2.89913780286484,1.6670876671619794,86.85967241064289,90.84873176128964,-20.490638930163442,-17.667872963709755,-24.558666726554264,169,155,182,58,15,153.62,64.04,8.25,0.33,136.33833333333334,6.97446393798278,32.66166666666666,4.562,3.975153833501291,Adam,Thielen,CAR,WR,33,6
weighted,15288,WR,87.22860326894501,6.1164736572636285,0.5265007429420336,83.10816347923041,91.52410576779002,-22.15772659732542,-21.41938189512223,-23.883292720053888,173,165,179,59,15,103.58,45.31,5.86,0.37,115.378,9.218109133656425,57.622,4.858,2.8604675608485177,Elijah,Moore,CLE,WR,23,-1
weighted,15779,WR,86.70210252600297,11.713223830355155,0.7301114413075851,78.47609109324375,94.59286381116164,-22.684227340267455,-26.05145428110889,-20.81453467668227,175,178,169,60,15,154.36,64.19,8.62,0.66,145.38,16.936135332477715,29.620000000000005,2.4546666666666668,0.8803049976507513,Romeo,Doubs,GBP,WR,23,-2
weighted,15289,WR,85.97199108469539,18.84439571862148,1.6875185735512588,72.73787066917875,98.66675644838259,-23.41433878157504,-31.789674705173894,-16.74064203946132,178,196,150,61,15,111.66,49.2,8.03,0.8,110.58500000000001,13.072806061949109,67.41499999999999,4.590666666666667,2.4735751903312386,Kadarius,Toney,KCC,WR,24,-1
weighted,13157,WR,84.28447251114413,0.6010407640085612,0.09569093610699042,83.86237110952354,84.68937121880394,-25.1018573551263,-20.665174264829105,-30.718027269039965,185,163,201,62,15,177.65,70.93,7.6,0.18,170.9375,24.94712846702,14.0625,2.0010000000000003,0.9510000000000002,Curtis,Samuel,WAS,WR,27,3
weighted,13176,WR,84.18878157503714,2.298097038856289,0.2734026745913667,82.64063945751431,85.80269869888066,-25.19754829123329,-21.88690591683833,-29.604699788963245,186,166,197,63,15,154.6,64.04,7.08,0.25,145.90833333333333,21.822340553254648,40.09166666666667,3.684666666666667,3.5217746788925743,Zay,Jones,JAC,WR,28,3
weighted,14977,WR,83.91537890044577,3.783021279348024,0.007578008915317014,81.36689879929281,86.5721347812343,-25.470950965824656,-23.16064657505983,-28.83526370660961,187,170,195,64,15,169.64,69.26,7.7,0.35,156.50666666666666,5.4098757430790965,30.49333333333334,3.644000000000001,2.0440000000000005,K.J.,Osborn,MIN,WR,26,0
weighted,15756,WR,83.90780089153046,24.289117933757908,1.6106537890044592,66.84993836721536,100.27047219519483,-25.478528974739973,-37.67760700713728,-15.136926292649079,188,206,139,65,15,122.66,52.82,9.79,0.87,117.56833333333333,22.642004782164395,70.43166666666667,4.360666666666667,2.662780668566018,Jameson,Williams,DET,WR,22,-2
weighted,15293,WR,82.297147102526,15.047232303649729,0.7906921586698417,71.72971436548306,92.43390533664471,-27.089182763744432,-32.79783100886958,-22.973493151199193,191,197,178,66,15,106.8,46.38,6.83,0.69,124.76833333333333,24.05914892971533,66.23166666666667,2.7233333333333336,2.0667903188814836,Rashod,Bateman,BAL,WR,24,-1
weighted,16197,WR,81.50645494385616,10.405121038753794,0.6556079899185789,74.19910336723756,88.51599624940285,-27.879874922414274,-30.328442007115086,-26.89140223844106,192,187,190,67,16,194.14,76.29,14.24,0.78,140.222,35.46061217745684,51.77799999999999,6.356666666666667,7.300202432505251,Jonathan,Mingo,CAR,WR,22,-3
weighted,14857,WR,80.85084695393758,13.378460300049477,0.34034918276373105,71.45536634374714,89.86341583502433,-28.535482912332853,-33.0721790306055,-25.54398265281958,194,198,186,68,16,152.79,63.62,8.12,0.69,145.234,18.55609182990858,48.76599999999999,2.31,1.5981447577321235,Donovan,Peoples-Jones,CLE,WR,24,0
weighted,14123,WR,80.51049777117385,1.1419774516162704,0.8637741456166452,79.7085051080947,81.2798053157275,-28.875832095096584,-24.819040266257943,-34.127593172116406,196,177,212,69,16,198.29,77.49,7.64,0.23,183.70333333333332,20.577337588284408,12.296666666666681,2.5200000000000005,1.3200000000000005,Hunter,Renfrow,LVR,WR,28,1
weighted,14858,WR,79.6467236255572,3.5390694398386664,0.7467236255571947,77.26258476457205,82.1321559962762,-29.73960624071323,-27.264960609780587,-33.27524249156771,198,180,210,70,16,181.14,72.84,11.37,0.51,176.83499999999998,18.265,21.16500000000002,2.9290000000000003,1.6790000000000003,Van,Jefferson,LAR,WR,27,0
weighted,16184,WR,78.9,NA,0.3370133729569176,NA,NA,-30.486329866270424,NA,NA,201,NA,NA,71,16,211.9,81.26,14.28,0.84,141.825,59.37499999999999,59.17500000000001,5.276000000000001,4.276000000000001,Jayden,Reed,GBP,WR,23,-3
weighted,12176,WR,78.56298662704309,6.851864709697653,1.2053120356612226,73.75103064856818,83.17883189436502,-30.82334323922734,-30.776514725784466,-32.22856659347889,202,189,205,72,16,197.63,77.52,9.01,0.53,179.405,21.805000000000007,22.595,3.1690000000000005,1.9190000000000005,DeVante,Parker,NEP,WR,30,5
weighted,14849,WR,77.35767459138187,12.06677722094843,0.07275631500742463,68.88336821649288,85.48661158692866,-32.028655274888564,-35.64417715785976,-29.920786900915246,204,205,198,73,16,186.35,74.18,7.75,0.64,170.18333333333334,19.261938866295072,33.81666666666666,5.987,4.357000000000001,Isaiah,Hodgins,NYG,WR,25,0
weighted,16080,WR,77.28491827637444,10.146982310026962,0.5164933135215364,70.15885343725009,84.12056116451372,-32.10141158989599,-34.368691937102554,-31.28683732333019,206,202,202,74,16,156.7,64.96,7.73,0.58,176.85500000000002,19.445000000000007,29.144999999999982,5.096,3.9760000000000004,Rashid,Shaheed,NOS,WR,25,-2
weighted,14841,WR,76.7684249628529,9.934850275670989,1.3283060921248193,70.07568750094651,83.74551283669939,-32.617904903417525,-34.45185787340613,-31.661885651144516,208,203,203,75,16,189.93,74.11,8.24,0.6,175.30666666666667,25.49349764591399,32.69333333333333,2.1790000000000003,0.7490000000000002,Chase,Claypool,CHI,WR,25,0
weighted,14113,WR,75.44011887072809,2.5455844122715665,0.6566567607726483,73.65239528739376,77.1549839855226,-33.946210995542344,-30.875150086958882,-38.2524145023213,209,190,218,76,16,212.68,81.96,6.75,0.24,190.36333333333334,19.861655408237134,18.636666666666656,2.2990000000000004,0.6290000000000002,Mecole,Hardman,NYJ,WR,25,1
weighted,10738,WR,74.78346210995544,2.0011121907579277,1.3834621099554312,73.43538758915864,76.18881148240992,-34.60286775631499,-31.092157785194004,-39.21858700543399,211,191,220,77,17,258.49,97.03,10.66,0.41,NA,NA,NA,2.3520000000000003,NA,Marvin,Jones,DET,WR,33,8
weighted,15319,WR,73.4,NA,0.10999999999999943,NA,NA,-35.986329866270424,NA,NA,212,NA,NA,78,17,212.89,82.83,11.68,0.73,192.115,10.905000000000001,19.88499999999999,2.048,1.0480000000000003,Josh,Palmer,LAC,WR,24,-1
weighted,15759,WR,73.29,NA,0.8000000000000114,NA,NA,-36.09632986627042,NA,NA,213,NA,NA,79,17,196.98,77.3,8.12,0.51,166.67666666666668,18.996631865207636,46.32333333333332,2.4400000000000004,1.1600000000000001,John,Metchie,HOU,WR,23,-2
weighted,16206,WR,72.49,NA,2.48193907875185,NA,NA,-36.896329866270435,NA,NA,214,NA,NA,80,17,283.73,105.8,16.43,0.87,72.33,NA,141.67000000000002,4.848000000000001,NA,Michael,Wilson,ARI,WR,23,-3
weighted,13809,WR,70.00806092124814,6.0634406486746455,0.7945393759286787,65.74980266372262,74.09277435440453,-39.378268945022285,-38.77774271063002,-41.31462413343938,217,208,226,81,17,249.09,93.69,8.37,0.46,NA,NA,NA,1.2720000000000002,NA,Russell,Gage,TBB,WR,27,2
weighted,14112,WR,69.21352154531947,4.030508652763312,0.7835215453194593,66.38295920504012,71.92872464374412,-40.17280832095096,-38.14458616931252,-43.47867384409979,219,207,230,82,17,207.68,81.69,9.19,0.42,176.375,4.5049999999999955,42.625,2.7320000000000007,1.6120000000000005,Parris,Campbell,NYG,WR,26,1
weighted,16189,WR,68.43,NA,0.07904903417534115,NA,NA,-40.95632986627042,NA,NA,223,NA,NA,83,17,213.25,81.52,18.25,0.9,136.68666666666667,45.8422020510456,86.31333333333333,7.6370000000000005,6.187000000000001,Marvin,Mims,DEN,WR,21,-3
weighted,15768,WR,68.35095096582467,12.947125163525683,0.5509509658246685,59.62895645141144,77.44351174661679,-41.035378900445764,-44.8985889229412,-37.963886741227114,224,221,215,84,17,166.55,67.76,7.96,0.67,172.20333333333332,9.140686820778592,51.79666666666668,1.613,0.403,Alec,Pierce,IND,WR,23,-2
weighted,13289,WR,67.8,NA,0.611924219910847,NA,NA,-41.58632986627043,NA,NA,227,NA,NA,85,18,260.28,97.64,8.18,0.52,NA,NA,NA,2.1840000000000006,NA,Mack,Hollins,ATL,WR,30,3
weighted,13153,WR,67.18807578008915,6.381638700208583,1.8036032689450252,62.70635207464684,71.48714735259485,-42.19825408618128,-41.821193299705804,-43.92025113524906,229,214,231,86,18,227.14,86.83,6.92,0.42,NA,NA,NA,2.1120000000000005,NA,Corey,Davis,NYJ,WR,28,3
weighted,11228,WR,65.38447251114412,0.6010407640085612,2.134621099554238,64.96237110952353,65.78937121880395,-44.001857355126305,-39.56517426482911,-49.618027269039956,236,210,247,87,18,224.9,86.51,9.25,0.28,181.22,NA,54.78,3.416000000000001,2.416000000000001,Robert,Woods,HOU,WR,31,7
weighted,15757,WR,63.24985141158989,20.612162671587853,1.0067904903417428,48.7742562854244,77.13549532721773,-46.13647845468054,-55.75328908892824,-38.27190316062618,243,242,219,88,18,206.79,80.51,13.06,0.87,175.22333333333333,16.21410154430053,67.77666666666667,1.605,0.43500000000000005,Wan'Dale,Robinson,NYG,WR,22,-2
weighted,16194,WR,62.243060921248144,1.0748023074035542,0.3430609212481386,61.51900676166824,62.997877545322645,-47.143268945022285,-43.008538612684404,-52.40952094252126,246,217,254,89,18,203.4,78.39,14.31,0.54,136.72333333333333,40.99361766042232,109.27666666666667,6.771000000000001,4.941000000000001,Rashee,Rice,KCC,WR,23,-3
weighted,14337,WR,61.900000000000006,NA,1.127964338781581,NA,NA,-47.486329866270424,NA,NA,247,NA,NA,90,18,349.67,146.22,11.73,0.74,NA,NA,NA,NA,NA,Jalen,Guyton,LAC,WR,26,1
weighted,11678,WR,60.772035661218425,0.76367532368147,0.46203566121842243,60.235718586218134,61.286495195656784,-48.614294205052005,-44.29182678813451,-54.12090329218712,249,219,260,91,19,223.83,85.82,8.85,0.27,206.85,NA,42.150000000000006,2.3720000000000003,1.3720000000000003,Allen,Robinson,PIT,WR,30,6
weighted,13638,WR,60.31,NA,0.4000594353640494,NA,NA,-49.07632986627043,NA,NA,252,NA,NA,92,19,290.41,107.28,10.56,0.67,NA,NA,NA,NA,NA,Braxton,Berrios,MIA,WR,28,2
weighted,15308,WR,59.90994056463595,13.003693706020611,0.10833580980682456,50.77765259310308,68.67004319271129,-49.47638930163448,-53.749892781249564,-46.737355295132616,254,237,238,93,19,221.75,85.43,10.37,0.74,193.035,15.89500000000001,60.965,1.3160000000000003,0.31600000000000017,Terrace,Marshall,CAR,WR,23,-1
weighted,15109,WR,59.80160475482913,15.33007501612435,0.07614843200126131,49.035536064082365,70.12890355725834,-49.5847251114413,-55.49200931027028,-45.278494930585566,255,240,235,94,19,296.76,108.92,6.74,0.7,NA,NA,NA,0.8160000000000002,NA,Nick,Westbrook-Ikhine,TEN,WR,26,0
weighted,15491,WR,59.72545632282787,8.931183973773274,0.8254563228278684,53.45322738394766,65.74206129440238,-49.66087354344256,-51.07431799040498,-49.66533719344153,257,230,248,95,19,345.3,126.7,10.23,0.63,NA,NA,NA,0.6720000000000002,NA,Ben,Skowronek,LAR,WR,26,-1
weighted,12773,WR,58.9,NA,0.837511144130751,NA,NA,-50.48632986627043,NA,NA,260,NA,NA,96,19,348.53,128.59,8.7,0.55,NA,NA,NA,NA,NA,Chris,Moore,TEN,WR,30,4
weighted,14122,WR,58.06248885586925,10.468715895466838,1.2578826151560278,50.71047561940681,65.1148716404617,-51.32384101040118,-53.817069754945834,-50.292526847382206,264,238,249,97,19,197.98,76.66,11.6,0.71,192.925,18.125,71.07499999999999,3.0680000000000005,2.0680000000000005,Darius,Slayton,NYG,WR,26,1
weighted,15787,WR,56.80460624071322,3.464823227814081,0.40460624071321405,54.3713158078415,59.13872820251688,-52.58172362555721,-50.15622956651114,-56.268670285327026,266,228,265,98,19,214.09,82.53,7.4,0.31,NA,NA,NA,0.7680000000000001,NA,Tyquan,Thornton,NEP,WR,23,-2
weighted,13418,WR,56.400000000000006,NA,2.2075037147102634,NA,NA,-52.986329866270424,NA,NA,269,NA,NA,99,19,267.12,99.24,7.32,0.43,NA,NA,NA,1.1280000000000001,NA,Kendrick,Bourne,NEP,WR,28,3
weighted,12658,WR,54.19249628528974,29.66312947077566,0.01249628528974256,33.36055064060218,74.17543838685366,-55.19383358098069,-71.16699473375047,-41.23196010099025,279,264,225,100,19,262.55,99.64,13.17,0.94,NA,NA,NA,2.4240000000000004,NA,Sterling,Shepard,NYG,WR,30,4
weighted,13893,WR,54.18,NA,1.9617783947132637,NA,NA,-55.20632986627043,NA,NA,280,NA,NA,101,20,343.28,129.91,13.69,0.82,NA,NA,NA,1.7520000000000002,NA,Trent,Sherfield,BUF,WR,27,2
weighted,15301,WR,52.218221605286736,21.091849425158088,0.5679987226715895,37.405750075480256,66.4270125655622,-57.16810826098369,-67.12179529887239,-48.98038592228171,286,259,244,102,20,304.02,111.29,12.44,0.86,NA,NA,NA,0.7680000000000001,NA,Tutu,Atwell,LAR,WR,24,-1
weighted,14108,WR,51.65022288261515,28.567113959936517,3.551114413075773,31.58799155852987,70.89482028197587,-57.73610698365528,-72.93955381582278,-44.51257820586804,289,266,233,103,20,295.78,108.95,12.75,0.93,NA,NA,NA,2.2560000000000002,NA,Greg,Dortch,ARI,WR,25,1
weighted,11239,WR,48.099108469539374,28.496403281817855,0.19910846953936812,28.086536133880042,67.29607072682245,-61.287221396731056,-76.4410092404726,-48.11132776102146,304,269,242,104,20,356,147.44,18.99,0.96,NA,NA,NA,NA,NA,Marquise,Goodwin,CLE,WR,33,7
weighted,12785,WR,47.900000000000006,NA,0.35999999999999943,NA,NA,-61.486329866270424,NA,NA,305,NA,NA,105,20,338.08,130.27,18.32,0.91,NA,NA,NA,NA,NA,Demarcus,Robinson,LAR,WR,29,4
weighted,16187,WR,47.540000000000006,NA,2.8200000000000003,NA,NA,-61.84632986627042,NA,NA,307,NA,NA,106,21,230.61,87.96,7.1,0.4,144.635,72.19500000000001,162.365,5.936000000000001,4.936000000000001,Josh,Downs,IND,WR,22,-3
weighted,14860,WR,44.720000000000006,NA,1.4990341753343372,NA,NA,-64.66632986627042,NA,NA,319,NA,NA,107,21,325.19,120.17,13.56,0.81,NA,NA,NA,0.504,NA,Jauan,Jennings,SFO,WR,26,0
weighted,16183,WR,43.22096582466567,30.200530624477434,0.790965824665669,22.01161186794086,63.56593500601952,-66.16536404160476,-82.51593350641178,-51.841463481824384,329,274,253,108,21,215.99,82.94,12.12,0.94,130.43333333333334,37.05206636912741,198.56666666666666,5.55,4.29,Jalin,Hyatt,NYG,WR,22,-3
weighted,14992,WR,42.43,NA,1.4314635958395314,NA,NA,-66.95632986627044,NA,NA,330,NA,NA,109,21,286.76,104.87,6.86,0.38,NA,NA,NA,NA,NA,Quez,Watkins,PHI,WR,25,0
weighted,14592,WR,40.99853640416047,30.522264209917317,0.09853640416046971,19.56323405009757,61.56024548196753,-68.38779346210995,-84.96431132425508,-53.84715300587638,335,279,259,110,21,346.37,128.15,11.35,0.93,NA,NA,NA,NA,NA,Olamide,Zaccheaus,PHI,WR,26,1
weighted,13308,WR,40.9,NA,0.4799999999999969,NA,NA,-68.48632986627044,NA,NA,337,NA,NA,111,21,351.64,135.57,20.57,0.94,NA,NA,NA,NA,NA,Jamal,Agnew,JAC,WR,28,3
weighted,15761,WR,40.42,NA,0.5600000000000023,NA,NA,-68.96632986627043,NA,NA,338,NA,NA,112,22,241.7,91.8,11.03,0.7,174.77,NA,163.23,4.776000000000001,NA,Khalil,Shakir,BUF,WR,23,-2
weighted,13168,WR,39.86,NA,0.060000000000002274,NA,NA,-69.52632986627043,NA,NA,339,NA,NA,113,22,264.31,98.12,8.16,0.51,NA,NA,NA,1.3920000000000001,NA,Josh,Reynolds,DET,WR,28,3
weighted,16195,WR,39.8,NA,0.6540044576523059,NA,NA,-69.58632986627043,NA,NA,340,NA,NA,114,22,347.2,144.75,17.13,0.88,87.41,NA,252.59,1.032,NA,Dontayvion,Wicks,GBP,WR,22,-3
weighted,16203,WR,39.14599554234769,37.975169683623534,4.165995542347687,12.476635808189274,64.72844859513648,-70.24033432392274,-92.05090956616337,-50.67894989270742,342,290,251,115,22,361.57,133.2,11.99,0.97,78.12,NA,263.88,3.2880000000000007,NA,Charlie,Jones,CIN,WR,25,-3
weighted,14551,WR,34.980000000000004,NA,1.6700000000000017,NA,NA,-74.40632986627043,NA,NA,349,NA,NA,116,22,370.83,137.5,10.38,0.66,NA,NA,NA,NA,NA,Trenton,Irwin,CIN,WR,28,1
weighted,15901,WR,33.31,NA,1.1899999999999977,NA,NA,-76.07632986627043,NA,NA,353,NA,NA,117,23,307.16,113.08,11.77,0.74,NA,NA,NA,NA,NA,Kyle,Philips,TEN,WR,24,-2
weighted,15763,WR,32.120000000000005,NA,0.4500000000000064,NA,NA,-77.26632986627042,NA,NA,357,NA,NA,118,23,260.69,97.18,20.8,0.94,170.305,20.055000000000007,186.695,4.2490000000000006,3.119,Justyn,Ross,KCC,WR,24,-2
weighted,16342,WR,31.669999999999998,NA,1.5699999999999967,NA,NA,-77.71632986627043,NA,NA,359,NA,NA,119,23,328.88,124.9,13.25,0.8,99.58,NA,259.42,2.2800000000000002,NA,Demario,Douglas,NEP,WR,23,-3
weighted,13066,WR,30.1,NA,0.6000000000000014,NA,NA,-79.28632986627042,NA,NA,361,NA,NA,120,23,339.3,125.59,13.67,0.81,NA,NA,NA,NA,NA,Kalif,Raymond,DET,WR,29,4
weighted,14838,WR,29.5,NA,3.150000000000002,NA,NA,-79.88632986627043,NA,NA,362,NA,NA,121,23,287.58,105.48,5.43,0.24,NA,NA,NA,0.9840000000000001,NA,Laviska,Shenault,CAR,WR,25,0
weighted,16211,WR,26.349999999999998,NA,0.14999999999999503,NA,NA,-83.03632986627044,NA,NA,364,NA,NA,122,24,269.62,99.92,12.43,0.78,77.75,NA,286.25,4.92,NA,Puka,Nacua,LAR,WR,22,-3
weighted,13313,WR,26.200000000000003,NA,0.8000000000000043,NA,NA,-83.18632986627043,NA,NA,365,NA,NA,123,24,273.24,101.25,9.36,0.59,NA,NA,NA,1.9440000000000004,NA,Isaiah,McKenzie,IND,WR,28,3
weighted,14558,WR,25.4,NA,0.5599999999999952,NA,NA,-83.98632986627044,NA,NA,366,NA,NA,124,24,311.58,112.33,12.88,0.79,NA,NA,NA,NA,NA,Deonte,Harty,BUF,WR,26,1
weighted,13348,WR,24.840000000000003,NA,0.6400000000000041,NA,NA,-84.54632986627043,NA,NA,369,NA,NA,125,24,NA,NA,NA,NA,NA,NA,NA,NA,NA,David,Moore,TBB,WR,28,3
weighted,13963,WR,24.2,NA,1.0299999999999976,NA,NA,-85.18632986627043,NA,NA,374,NA,NA,126,24,NA,163.6,8.4,0.52,NA,NA,NA,NA,NA,KhaDarel,Hodge,ATL,WR,28,2
weighted,15292,WR,23.17,NA,0.21000000000000085,NA,NA,-86.21632986627043,NA,NA,381,NA,NA,127,24,346.45,132.18,13.51,0.81,NA,NA,NA,NA,NA,Dyami,Brown,WAS,WR,24,-1
weighted,15788,WR,22.96,NA,0.1700000000000017,NA,NA,-86.42632986627044,NA,NA,382,NA,NA,128,24,355.25,128.26,8.7,0.55,NA,NA,NA,NA,NA,Jalen,Tolbert,DAL,WR,24,-2
weighted,13488,WR,22.79,NA,0.6299999999999955,NA,NA,-86.59632986627042,NA,NA,384,NA,NA,129,24,346.25,146.89,17.57,0.89,NA,NA,NA,NA,NA,Zach,Pascal,ARI,WR,29,3
weighted,10308,WR,22.160000000000004,NA,0.2600000000000051,NA,NA,-87.22632986627042,NA,NA,386,NA,NA,130,24,347.86,134.32,18.74,0.91,NA,NA,NA,NA,NA,Randall,Cobb,NYJ,WR,33,9
weighted,16192,WR,21.9,NA,0.00999999999999801,NA,NA,-87.48632986627044,NA,NA,388,NA,NA,131,24,358.08,131.54,7.12,0.4,NA,NA,NA,0.7200000000000001,NA,Parker,Washington,JAC,WR,21,-3
weighted,15777,WR,21.89,NA,0.18999999999999773,NA,NA,-87.49632986627043,NA,NA,389,NA,NA,132,24,342,127.24,10.88,0.69,NA,NA,NA,1.5360000000000003,NA,Calvin,Austin III,PIT,WR,24,-2
weighted,13637,WR,21.700000000000003,NA,0.1600000000000037,NA,NA,-87.68632986627043,NA,NA,390,NA,NA,133,24,NA,150.6,7.86,0.47,NA,NA,NA,NA,NA,Equanimeous,St. Brown,CHI,WR,27,2
weighted,15841,WR,21.54,NA,1.8399999999999999,NA,NA,-87.84632986627042,NA,NA,391,NA,NA,134,24,327.5,137.83,21.12,0.95,NA,NA,NA,NA,NA,Samori,Toure,GBP,WR,25,-2
weighted,13910,WR,19.7,NA,0.8699999999999974,NA,NA,-89.68632986627043,NA,NA,399,NA,NA,135,25,NA,171.25,21.31,0.95,NA,NA,NA,NA,NA,Brandon,Powell,MIN,WR,27,2
weighted,13645,WR,18.830000000000002,NA,0.05000000000000071,NA,NA,-90.55632986627043,NA,NA,400,NA,NA,136,25,362.5,139.6,9.67,0.62,NA,NA,NA,NA,NA,Tre'Quan,Smith,NOS,WR,27,2
weighted,13652,WR,18.78,NA,0.3999999999999986,NA,NA,-90.60632986627043,NA,NA,401,NA,NA,137,25,338.08,130.41,14.25,0.83,NA,NA,NA,NA,NA,Cedrick,Wilson,MIA,WR,28,2
weighted,16191,WR,18.380000000000003,NA,0.8800000000000026,NA,NA,-91.00632986627042,NA,NA,402,NA,NA,138,25,281.9,104.6,8.59,0.54,67.22,NA,334.78,8.184000000000001,NA,Cedric,Tillman,CLE,WR,23,-3
weighted,14847,WR,17.5,NA,0.29999999999999716,NA,NA,-91.88632986627043,NA,NA,403,NA,NA,139,25,295.11,107.17,8.04,0.49,NA,NA,NA,1.9680000000000002,NA,Devin,Duvernay,BAL,WR,26,0
weighted,15981,WR,17.200000000000003,NA,3.552713678800501e-15,NA,NA,-92.18632986627043,NA,NA,404,NA,NA,140,25,NA,172.67,27.38,0.98,NA,NA,NA,NA,NA,KaVontae,Turpin,DAL,WR,27,-2
weighted,15183,WR,17.2,NA,0.379999999999999,NA,NA,-92.18632986627043,NA,NA,404,NA,NA,141,25,352,165.8,19.29,0.93,NA,NA,NA,NA,NA,Kendall,Hinton,DEN,WR,26,0
weighted,12181,WR,16.82,NA,0.8200000000000003,NA,NA,-92.56632986627042,NA,NA,405,NA,NA,142,25,308.29,112.31,9.08,0.57,NA,NA,NA,NA,NA,Nelson,Agholor,BAL,WR,30,5
weighted,15767,WR,16,NA,0.16999999999999993,NA,NA,-93.38632986627043,NA,NA,406,NA,NA,143,25,365.86,141.7,9.04,0.57,NA,NA,NA,NA,NA,Velus,Jones,CHI,WR,26,-2
weighted,13776,WR,15.83,NA,0.22000000000000064,NA,NA,-93.55632986627043,NA,NA,407,NA,NA,144,25,348.37,128.43,10.31,0.65,NA,NA,NA,NA,NA,Justin,Watson,KCC,WR,28,2
weighted,13631,WR,15.61,NA,0.17999999999999794,NA,NA,-93.77632986627043,NA,NA,408,NA,NA,145,25,NA,NA,NA,NA,NA,NA,NA,NA,NA,James,Washington,NOS,WR,27,2
weighted,15034,WR,15.430000000000001,NA,0.1000000000000032,NA,NA,-93.95632986627042,NA,NA,409,NA,NA,146,25,349.48,126.5,9.99,0.64,NA,NA,NA,NA,NA,Marquez,Callaway,DEN,WR,25,0
weighted,15941,WR,15.329999999999998,NA,2.83,NA,NA,-94.05632986627043,NA,NA,410,NA,NA,147,26,NA,199,2,0.01,NA,NA,NA,NA,NA,Dareke,Young,SEA,WR,24,-2
weighted,14555,WR,12.499999999999998,NA,2.1999999999999975,NA,NA,-96.88632986627043,NA,NA,411,NA,NA,148,26,NA,203,5,0.17,NA,NA,NA,NA,NA,Gunner,Olszewski,PIT,WR,27,1
weighted,14316,WR,10.3,NA,0,NA,NA,-99.08632986627043,NA,NA,412,NA,NA,149,26,NA,NA,NA,NA,NA,NA,NA,NA,NA,Penny,Hart,ATL,WR,27,1
weighted,11244,TE,175.13789004457655,2.4041630560342653,51.54041604754832,173.44948443809412,176.7574848752158,94.17949479940567,96.58232275378309,92.05814568536663,3,2,7,1,1,5.22,1,0,0.03,7.415,1.3932067326854258,-4.415,48.61066666666667,6.412555462181638,Travis,Kelce,KCC,TE,34,7
weighted,13671,TE,123.59747399702823,6.505382386916238,10.33558692421991,119.2150409258867,128.16610093221598,42.639078751857355,42.34787924157567,43.46676174236681,35,31,36,2,2,36.74,2.18,0.42,0.25,31.79,3.5337751296123328,3.210000000000001,25.234666666666666,4.307767042086759,Mark,Andrews,BAL,TE,28,2
weighted,14138,TE,113.26188707280832,7.177133829043449,1.2855869242199134,108.42692015192934,118.30227439804261,32.303491827637444,31.55975846761831,33.60293520819344,44,45,44,3,3,62.19,3.61,1.28,0.37,46.76833333333333,5.307618476198989,-2.768333333333331,19.653333333333336,2.922160540117916,T.J.,Hockenson,MIN,TE,26,1
weighted,13299,TE,111.97630014858841,15.945257915756642,3.312258543833593,100.77819825853585,122.71802468709296,31.01790490341753,23.911036574224823,38.018685497243794,48,55,41,4,3,69.72,4.52,0.96,0.83,49.92166666666667,6.06674381819074,-1.9216666666666669,18.84466666666667,8.188329309992906,George,Kittle,SFO,TE,30,3
weighted,12263,TE,108.66404160475481,8.62670273047588,7.553120356612169,102.85255427128452,114.72243819272119,27.705646359583938,25.98539258697349,30.023099002872016,55,51,51,5,4,87.06,5.48,1.76,0.48,64.385,5.019982569690854,-9.385000000000005,12.646,7.1346267363238205,Darren,Waller,NYG,TE,31,5
weighted,15329,TE,101.11092124814265,4.065863991822637,4.567979197622591,98.37190057867919,103.96631308263497,20.15252600297177,21.50473889436816,19.2669738927858,62,57,62,6,5,84.41,5.68,1.34,0.13,62.248333333333335,7.11099949999217,-0.24833333333333485,11.33,4.621522115782491,Kyle,Pitts,ATL,TE,23,-1
weighted,13674,TE,96.54294205052005,15.41492782986673,5.653714710252601,85.71728257366216,106.92740302344242,15.584546805349177,8.850120889351132,22.228063833593254,67,78,60,7,6,90.73,6.09,1.16,0.81,62.40833333333333,6.453250903399169,4.591666666666669,15.271333333333333,8.087449755983377,Dallas,Goedert,PHI,TE,28,2
weighted,13192,TE,90.88922734026745,7.24784450716211,2.806983655274877,85.79918102660722,95.77182940322407,9.930832095096576,8.932019342296186,11.072490213374905,76,77,72,8,7,119.73,9.73,1.5,0.39,94.72833333333332,12.30255856406391,-18.728333333333325,5.442000000000001,3.422834303127552,David,Njoku,CLE,TE,27,3
weighted,13189,TE,88.08224368499258,0.4596194077712497,0.5243684992570792,87.75946026022389,88.39187210849714,7.1238484398217,10.89229857591286,3.69253291864797,81,72,88,9,7,118.13,9.71,1.75,0.03,86.06666666666666,10.773542695985485,-5.066666666666663,8.867333333333335,4.8415122522708645,Evan,Engram,JAC,TE,29,3
weighted,15331,TE,87.5578751857355,2.085965004500317,4.606686478454677,86.09293502716989,88.96311187702547,6.5994799405646205,9.225773342858858,4.263772687176299,83,75,87,10,8,112.12,9.12,1.81,0.07,95.785,14.23564862121381,-12.784999999999997,4.922000000000001,2.005840139858276,Pat,Freiermuth,PIT,TE,25,-1
weighted,14867,TE,82.95118870728082,1.6617009357883823,1.3773402674591466,81.78420247927092,84.07061454610503,1.992793462109944,4.917040794959888,-0.6287246437441354,93,83,98,11,8,148.99,15.35,3.44,0.09,128.635,11.470727599706425,-35.63499999999999,4.708666666666668,4.388207328232745,Cole,Kmet,CHI,TE,24,0
weighted,15797,TE,81.57384843982167,11.030865786510144,0.6154531946507973,73.82704624537291,89.00493060393129,0.6154531946507973,-3.040115438938116,4.305591414082116,95,104,86,12,8,133.92,12.24,2.56,0.66,130.40333333333334,12.127658013354802,-35.403333333333336,3.288666666666667,2.2639236343618623,Greg,Dulcich,DEN,TE,23,-2
weighted,16213,TE,80.95839524517088,13.222896808188427,0.09368499257058716,71.67216440951753,89.86616681368685,0,-5.194997274793494,5.166827623837676,96,114,84,13,8,165.29,16.91,4.57,0.83,116.95666666666666,28.92340613105971,-20.956666666666663,11.260666666666667,12.814301420244842,Dalton,Kincaid,BUF,TE,24,-3
weighted,13772,TE,80.86471025260029,5.692209588551714,0.6933878157503557,76.86716168431103,84.69933918984917,-0.09368499257058716,0,0,97,96,96,14,8,138.02,13.26,2.49,0.31,122.62166666666667,4.866738869327406,-25.62166666666667,3.8273333333333337,2.6831326633040136,Dalton,Schultz,HOU,TE,27,2
weighted,15889,TE,80.17132243684993,4.525483399593907,1.8382615156018005,76.9931471775889,83.21997152981797,-0.7870728083209428,0.12598549327786657,-1.4793676600312011,100,92,102,15,9,139.41,13.23,2.78,0.25,134.98833333333334,8.37658724594264,-34.988333333333344,3.278666666666667,2.2080104669639193,Chigoziem,Okonkwo,TEN,TE,24,-2
weighted,12678,TE,78.33306092124813,5.8336309447890065,1.0303863298662606,74.40316169984405,82.42992746638932,-2.6253343239227434,-2.46399998446698,-2.2694117234598536,107,100,106,16,9,158.85,16.74,2.94,0.37,145.34166666666667,8.082815962824402,-38.34166666666667,3.736666666666667,3.157006317524387,Tyler,Higbee,LAR,TE,30,4
weighted,14861,TE,77.30267459138187,9.68736290225569,4.195988112927196,70.49939317702623,83.82868905601657,-3.655720653789004,-6.367768507284794,-0.8706501338325978,111,118,99,17,9,182.76,19.85,4.66,0.68,137.308,25.933499108296203,-26.307999999999993,3.6826666666666674,3.5423552742333593,Juwan,Johnson,NOS,TE,27,0
weighted,13236,TE,73.10668647845468,0.42426406871193445,5.280089153046063,72.80873254789896,73.39249733092045,-7.8517087667162,-4.058429136412073,-11.30684185892872,125,110,126,18,10,163.38,17.77,3,0.04,152.51333333333332,21.564631279533216,-27.51333333333332,3.4920000000000004,3.0361150614999213,Gerald,Everett,LAC,TE,29,3
weighted,16214,TE,67.82659732540861,1.4849242404917455,3.373075780089138,66.8262593417785,68.86943608235366,-13.131797919762263,-10.040902342532533,-15.829903107495511,140,129,143,19,11,207.34,22.08,6.8,0.27,131.612,31.215966043036374,8.388000000000005,6.598000000000001,6.749224745603504,Sam,LaPorta,DET,TE,22,-3
weighted,13424,TE,64.45352154531948,4.030508652763327,0.06956909361070984,61.622959205040104,67.16872464374413,-16.5048736998514,-15.244202479270925,-17.530614546105042,152,147,152,20,11,171.37,18.52,6.32,0.45,148.11333333333334,28.949992899634516,3.886666666666656,2.7006666666666668,1.625152574033863,Taysom,Hill,NOS,TE,33,3
weighted,15840,TE,64.38395245170877,10.535891039679555,0.37964338781574725,57.28631628214257,71.78314172717586,-16.57444279346211,-19.580845402168457,-12.91619746267331,153,161,133,21,11,253.24,28.28,4.33,0.71,171.43,NA,-18.430000000000007,2.3760000000000003,NA,Jelani,Woods,IND,TE,25,-2
weighted,13675,TE,64.00430906389302,2.89913780286484,1.9485141158989734,62.05126823871037,66.04032758935712,-16.95408618127786,-14.815893445600658,-18.65901160049205,155,146,158,22,11,280.92,32.02,4.71,0.24,173.29,37.17315429177352,-18.289999999999992,2.0593333333333335,1.462910645102959,Tyler,Conklin,NYJ,TE,28,2
weighted,14137,TE,62.055794947994045,5.126524163602464,0.3182020802377252,58.45551828711242,65.5093427486219,-18.902600297176832,-18.41164339719861,-19.189996441227265,160,158,160,23,11,249.19,27.34,3.06,0.3,167.675,7.9750000000000085,-7.675000000000011,3.704,2.704,Noah,Fant,SEA,TE,26,1
weighted,14143,TE,61.73759286775632,3.959797974644671,1.9888558692422151,59.070024911409284,64.51849621960973,-19.220802377414557,-17.797136772901744,-20.18084297023944,162,156,167,24,12,206.84,22.4,4.83,0.33,141.09199999999998,16.850167239526137,20.908000000000015,2.734,2.3609190300954133,Dawson,Knox,BUF,TE,27,1
weighted,15802,TE,59.748736998514104,3.252691193458119,1.1560921248142506,57.55752046294334,62.03305046610799,-21.209658246656772,-19.30964122136769,-22.666288723741182,171,159,176,25,12,287.16,32.86,3.49,0.2,171.32,NA,-0.3199999999999932,1.5899999999999999,0.45000000000000007,Cade,Otton,TBB,TE,24,-2
weighted,13672,TE,58.592644873699854,14.743176387739508,0.3597325408618275,48.660717750514934,68.94654396051119,-22.365750371471023,-28.206443933796095,-15.752795229337977,174,181,141,26,12,205.4,22.66,4.48,0.86,156.76,17.438111136244085,17.24000000000001,2.382666666666667,1.747550921210087,Mike,Gesicki,NEP,TE,28,2
weighted,11647,TE,58.232912332838026,9.01561146012848,0.7349182763744295,52.159431717940784,64.56443335714712,-22.72548291233285,-24.707729966370245,-20.134905832702046,176,176,166,27,12,292.34,33.84,5.46,0.68,218.82,NA,-42.81999999999999,1.484,0.4840000000000001,Logan,Thomas,WAS,TE,32,6
weighted,12676,TE,57.4979940564636,4.631549416771883,0.9639673105497764,54.24533031456364,60.61809586254807,-23.46040118870728,-22.62183136974739,-24.081243327301102,179,168,180,28,12,224.79,23.86,4.91,0.41,173.19,16.747113184068468,5.810000000000002,2.144,1.1440000000000003,Hunter,Henry,NEP,TE,29,4
weighted,11247,TE,56.53402674591382,14.8492424049175,0.1471025260029748,46.10563917646355,66.53740658221518,-24.424368499257056,-30.76152250784748,-18.161932607633986,181,188,154,29,12,268.75,30.92,5.84,0.89,173.17000000000002,17.847904638920504,7.829999999999984,3.317,1.987,Zach,Ertz,ARI,TE,33,7
weighted,15794,TE,56.386924219910846,5.515432893255072,0.004531946508166129,52.51352312268646,60.10246530196564,-24.57147102526003,-24.35363856162457,-24.596873887883532,182,175,183,30,12,232.72,25.03,3.34,0.37,173.62666666666667,28.991448547612947,8.373333333333335,1.7720000000000002,0.7720000000000002,Trey,McBride,ARI,TE,24,-2
weighted,13680,TE,56.38239227340268,3.641599923110723,1.2489598811292808,53.82495436946606,58.8356020904004,-24.576002971768197,-23.042207314844966,-25.86373709944877,183,169,187,31,13,237.84,25.32,4.4,0.27,166.17666666666665,28.881362310128118,16.823333333333352,3.1173333333333337,2.854108305972677,Hayden,Hurst,CAR,TE,30,2
weighted,16212,TE,55.1334323922734,2.121320343559642,4.1890044576523024,53.64366273949479,56.56248665460217,-25.824962852897478,-23.223498944816235,-28.136852535247,189,171,193,32,13,256.62,28.33,4.49,0.17,126.21333333333334,46.239481927124665,62.78666666666666,9.721000000000002,8.351000000000003,Michael,Mayer,LVR,TE,22,-3
weighted,15799,TE,50.944427934621096,0.35355339059327373,0.04442793462109762,50.70625222423297,51.19272287675087,-30.01396731054978,-26.16090946007806,-33.5066163130983,199,179,211,33,13,271.81,30.77,6.56,0.16,182.495,22.825000000000003,16.504999999999995,2.5410000000000004,1.3710000000000002,Jake,Ferguson,DAL,TE,24,-2
weighted,13427,TE,50.9,NA,2.1315007429420447,NA,NA,-30.05839524517088,NA,NA,200,NA,NA,34,14,333.2,40.76,5.45,0.39,NA,NA,NA,1.4880000000000002,NA,Robert,Tonyan,CHI,TE,29,3
weighted,12677,TE,48.768499257057954,8.343860018001262,1.9436849925705815,43.14755249189814,54.62825989132049,-32.18989598811292,-33.71960919241289,-30.07107929852868,207,200,199,35,14,315.7,37.86,4.5,0.59,NA,NA,NA,3.1440000000000006,NA,Austin,Hooper,LVR,TE,29,4
weighted,16215,TE,46.82481426448737,7.919595949289333,6.166716196136704,41.26300756078056,52.15995017718143,-34.133580980683504,-35.60415412353047,-32.53938901266774,210,204,209,36,15,279.95,31.22,4.77,0.58,143.675,66.595,66.32499999999999,6.509,5.299000000000001,Luke,Musgrave,GBP,TE,23,-3
weighted,15798,TE,40.65809806835067,6.858935777509511,0.22362555720653887,35.84117619103316,45.27870684988035,-40.30029717682021,-41.025985493277865,-39.42063233996882,220,212,221,37,15,271.75,30.57,3.55,0.47,197.335,18.655,22.664999999999992,2.108,0.7480000000000001,Isaiah,Likely,BAL,TE,23,-2
weighted,15626,TE,40.43447251114413,24.39518395093588,0.6251114413075811,23.30212150419011,56.86859652792492,-40.52392273402675,-53.56504018012092,-27.830742661924248,222,236,192,38,15,370.75,59.67,11.33,0.99,NA,NA,NA,NA,NA,Brock,Wright,DET,TE,25,-1
weighted,14239,TE,39.80936106983655,10.111626970967631,2.5271916790490323,32.708125724925175,46.621186386937005,-41.14903417533433,-44.159035959385854,-38.078152802912165,226,218,216,39,16,337.52,42.18,4.72,0.7,NA,NA,NA,0.7200000000000001,NA,Foster,Moreau,NOS,TE,26,1
weighted,13193,TE,37.282169390787516,1.1313708498984767,0.17087667161961662,36.52000711754551,38.07671320560278,-43.67622585438336,-40.34715456676552,-46.62262598424639,232,211,237,40,16,338.33,42.06,4.32,0.1,NA,NA,NA,NA,NA,Jonnu,Smith,ATL,TE,28,3
weighted,15337,TE,37.1112927191679,3.8890872965260104,1.2731054977711693,34.38004835574045,39.7312255334373,-43.84710252600298,-42.48711332857058,-44.968113656411866,234,216,234,41,16,354.49,45.81,4.72,0.31,NA,NA,NA,1.9680000000000002,NA,Noah,Gray,KCC,TE,24,-1
weighted,14341,TE,35.83818722139673,8.768124086713192,0.21998514115898615,29.680472656578473,41.7449448390223,-45.12020802377415,-47.186689027732555,-42.95439435082687,238,226,228,42,16,352.09,45,5.52,0.68,NA,NA,NA,NA,NA,Donald,Parham,LAC,TE,26,1
weighted,15332,TE,35.618202080237744,9.086322138247137,0.6624814264487355,29.237022067502693,41.739317837212624,-45.34019316493313,-47.630139616808336,-42.960021352636545,239,227,229,43,16,364.67,61.62,6.4,0.72,NA,NA,NA,NA,NA,Tommy,Tremble,CAR,TE,23,-1
weighted,15905,TE,34.95572065378901,3.535533905932737,0.515007429420514,32.472771232491326,37.337477757670285,-46.00267459138187,-44.3943904518197,-47.361861432178884,241,220,240,44,16,NA,81.4,5.31,0.33,NA,NA,NA,NA,NA,Teagan,Quitoriano,HOU,TE,23,-2
weighted,14209,TE,34.440713224368494,15.273506473629421,1.6310549777117345,23.714371724362504,44.72990391313561,-46.51768202080238,-53.15278995994852,-39.96943527671356,244,235,222,45,17,360.57,57.1,9.22,0.93,NA,NA,NA,NA,NA,Josh,Oliver,MIN,TE,26,1
weighted,12317,TE,32.80965824665676,16.475588001646557,0.5786032689450238,21.23911394340955,43.90864635074351,-48.14873699851412,-55.62804774090148,-40.79069283910566,248,241,224,46,17,364.77,53,12.22,0.96,NA,NA,NA,2.1840000000000006,NA,C.J.,Uzomah,NYJ,TE,30,5
weighted,16222,TE,32.231054977711736,1.20208152801713,1.3310549777117338,31.421257562392107,33.07525778095295,-48.72734026745914,-45.44590412191892,-51.62408140889622,251,222,252,47,17,344.5,44.22,5.35,0.15,75.77,NA,175.23000000000002,3.2400000000000007,NA,Tucker,Kraft,GBP,TE,23,-3
weighted,15419,TE,30.900000000000002,NA,0.391084695393765,NA,NA,-50.05839524517087,NA,NA,258,NA,NA,48,17,376.25,55.71,4.9,0.29,NA,NA,NA,NA,NA,Kylen,Granson,IND,TE,25,-1
weighted,16221,TE,30.508915304606237,0.5656854249492383,0.48484398216939084,30.111643397198613,30.889996441227247,-50.44947994056464,-46.755518287112416,-53.80934274862192,259,223,257,49,17,334.51,40.38,4.11,0.07,70.63,NA,188.37,3.6240000000000006,NA,Luke,Schoonmaker,DAL,TE,25,-3
weighted,13763,TE,30.024071322436846,7.990306627407984,0.22407132243684558,24.641300267665166,35.63553701456961,-50.93432392273403,-52.22586141664586,-49.06380217527956,261,233,245,50,17,353.26,47.15,6.87,0.69,NA,NA,NA,0.7200000000000001,NA,Will,Dissly,SEA,TE,27,2
weighted,16219,TE,29.8,NA,1.5,NA,NA,-51.15839524517088,NA,NA,263,NA,NA,51,17,NA,109.33,4.11,0.22,NA,NA,NA,NA,NA,Davis,Allen,LAR,TE,22,-3
weighted,13678,TE,28.3,NA,0.5999999999999979,NA,NA,-52.65839524517088,NA,NA,267,NA,NA,52,18,NA,72.4,4.8,0.28,NA,NA,NA,NA,NA,Ian,Thomas,CAR,TE,27,2
weighted,13988,TE,27.700000000000003,NA,3.552713678800501e-15,NA,NA,-53.258395245170874,NA,NA,270,NA,NA,53,18,NA,78.75,4.02,0.21,NA,NA,NA,NA,NA,Ross,Dwelley,SFO,TE,28,2
weighted,15070,TE,27.7,NA,0.026745913818725597,NA,NA,-53.258395245170874,NA,NA,270,NA,NA,54,18,NA,81.6,13.23,0.91,NA,NA,NA,NA,NA,Jody,Fortson,KCC,TE,28,1
weighted,14875,TE,27.673254086181274,1.6970562748477125,0.07325408618127227,26.530010676318266,28.865069808404165,-53.2851411589896,-50.33715100799276,-55.834269381445004,271,229,263,55,18,367.3,52.7,5.97,0.23,NA,NA,NA,NA,NA,Harrison,Bryant,CLE,TE,25,0
weighted,15334,TE,27.6,NA,0.10906389301634789,NA,NA,-53.358395245170875,NA,NA,272,NA,NA,56,18,NA,63.33,9.87,0.79,NA,NA,NA,NA,NA,Hunter,Long,LAR,TE,25,-1
weighted,13676,TE,27.490936106983654,3.747665940288699,0.3909361069836521,24.966273576869504,30.1228624935592,-53.46745913818722,-51.900888107441524,-54.57647669628997,273,232,262,57,18,337.21,48.81,10.89,0.63,NA,NA,NA,0.8160000000000002,NA,Durham,Smythe,MIA,TE,28,2
weighted,15026,TE,27.1,NA,0.399999999999995,NA,NA,-53.858395245170875,NA,NA,274,NA,NA,58,18,NA,111,1,0.01,NA,NA,NA,NA,NA,Stephen,Sullivan,CAR,TE,27,0
weighted,15541,TE,26.700000000000006,NA,0.09561664190194108,NA,NA,-54.258395245170874,NA,NA,275,NA,NA,59,18,NA,81.5,9.86,0.79,NA,NA,NA,NA,NA,Jack,Stoll,PHI,TE,25,-1
weighted,13246,TE,26.604383358098065,1.3081475451951137,0.6043833580980653,25.723133229661993,27.523074643978212,-54.354011887072815,-51.14402845464903,-57.17626454587096,277,231,268,60,18,362.33,51.73,5.36,0.16,NA,NA,NA,NA,NA,Mo,Alie-Cox,IND,TE,30,3
weighted,14876,TE,26,NA,0.27072808320950514,NA,NA,-54.95839524517088,NA,NA,278,NA,NA,61,18,355,67.88,7.2,0.54,NA,NA,NA,NA,NA,Josiah,Deguara,GBP,TE,26,0
weighted,16269,TE,25.729271916790495,8.202438661763951,0.3292719167904927,19.968829259379863,31.25494839779505,-55.22912332838038,-56.89833242493117,-53.44439079205412,281,246,256,62,18,355.33,61.5,8.71,0.75,86.58,NA,194.42000000000002,2.6400000000000006,NA,Brenton,Strange,JAC,TE,23,-3
weighted,14870,TE,25.400000000000002,NA,0.5,NA,NA,-55.55839524517087,NA,NA,282,NA,NA,63,18,352.62,47.28,5.98,0.45,NA,NA,NA,NA,NA,Adam,Trautman,DEN,TE,26,0
weighted,14871,TE,24.900000000000002,NA,0.40000000000000213,NA,NA,-56.05839524517087,NA,NA,284,NA,NA,64,18,372.6,57.55,8.23,0.65,NA,NA,NA,NA,NA,Colby,Parkinson,SEA,TE,24,0
weighted,12213,TE,24.5,NA,1.0999999999999979,NA,NA,-56.45839524517088,NA,NA,285,NA,NA,65,18,NA,NA,NA,NA,NA,NA,NA,NA,NA,Blake,Bell,KCC,TE,32,5
weighted,15344,TE,24.5,NA,0,NA,NA,-56.45839524517088,NA,NA,285,NA,NA,65,18,359,68.43,9.16,0.73,NA,NA,NA,NA,NA,John,Bates,WAS,TE,26,-1
weighted,16333,TE,23.400000000000002,NA,1.0000000000000036,NA,NA,-57.55839524517087,NA,NA,287,NA,NA,66,18,358.2,62.2,10.07,0.8,NA,NA,NA,1.4160000000000001,NA,Elijah,Higgins,MIA,TE,23,-3
weighted,16000,TE,22.4,NA,0.01589895988112744,NA,NA,-58.55839524517088,NA,NA,290,NA,NA,67,18,366.8,54.93,4.53,0.26,NA,NA,NA,1.1520000000000001,NA,Peyton,Hendershot,DAL,TE,24,-2
weighted,13315,TE,22.38410104011887,7.353910524340094,0.18410104011887185,17.430046264045817,27.548635836418057,-58.574294205052006,-59.437115420265215,-57.15070335343111,291,247,267,68,18,NA,86.8,13.64,0.87,NA,NA,NA,NA,NA,Eric,Saubert,MIA,TE,29,3
weighted,12212,TE,22.2,NA,0.3000000000000007,NA,NA,-58.758395245170874,NA,NA,292,NA,NA,69,19,351,NA,NA,NA,NA,NA,NA,NA,NA,Tyler,Kroft,MIA,TE,31,5
weighted,14868,TE,22.2,NA,0,NA,NA,-58.758395245170874,NA,NA,292,NA,NA,69,19,NA,80,5.25,0.36,NA,NA,NA,NA,NA,Brycen,Hopkins,LAR,TE,26,0
weighted,13880,TE,21.9,NA,0.9999999999999964,NA,NA,-59.05839524517088,NA,NA,295,NA,NA,70,19,371.33,67.89,15.23,0.94,NA,NA,NA,NA,NA,Dan,Arnold,PHI,TE,28,3
weighted,16216,TE,20.900000000000002,NA,3.552713678800501e-15,NA,NA,-60.05839524517087,NA,NA,296,NA,NA,71,19,348.42,45.19,5.3,0.38,72.24,NA,223.76,6.144000000000001,NA,Darnell,Washington,PIT,TE,22,-3
weighted,14231,TE,20.9,NA,0.11367013372956691,NA,NA,-60.05839524517088,NA,NA,297,NA,NA,72,19,NA,96.67,19.01,0.98,NA,NA,NA,NA,NA,Trevon,Wesco,TEN,TE,28,1
weighted,15929,TE,20.78632986627043,7.212489168102782,0.08632986627043238,15.92754537435263,25.851546685717707,-60.17206537890044,-60.939616309958396,-58.84779250413146,298,250,270,73,19,NA,85.6,22.81,0.95,NA,NA,NA,NA,NA,Ko,Kieft,TBB,TE,25,-2
weighted,16218,TE,20.7,NA,0.1999999999999993,NA,NA,-60.258395245170874,NA,NA,299,NA,NA,74,19,NA,92,7.18,0.54,NA,NA,NA,NA,NA,Payne,Durham,TBB,TE,23,-3
weighted,8269,TE,20.5,NA,0.29999999999999716,NA,NA,-60.45839524517088,NA,NA,300,NA,NA,75,19,NA,97.33,13.77,0.93,NA,NA,NA,NA,NA,Marcedes,Lewis,CHI,TE,39,14
weighted,13753,TE,20.200000000000003,NA,0.21797919762259,NA,NA,-60.758395245170874,NA,NA,301,NA,NA,76,19,352.13,53.92,6.08,0.46,NA,NA,NA,NA,NA,Jordan,Akins,CLE,TE,31,2
weighted,15800,TE,19.982020802377413,4.31335136523794,0.720059435364039,17.076277135642258,23.01121909636059,-60.976374442793464,-59.79088454866877,-61.68812009348858,302,248,273,77,19,NA,88.4,10.67,0.65,NA,NA,NA,NA,NA,Connor,Heyward,PIT,TE,24,-2
weighted,15873,TE,19.261961367013374,5.586143571373725,0.561961367013371,15.498785142880957,23.185021452663715,-61.69643387815751,-61.368376541430074,-61.51431773718545,306,251,272,78,19,313.77,38.05,4.36,0.44,NA,NA,NA,1.3920000000000001,NA,Daniel,Bellinger,NYG,TE,23,-2
weighted,15909,TE,18.700000000000003,NA,0.40000000000000213,NA,NA,-62.258395245170874,NA,NA,308,NA,NA,79,19,349,63.63,6.52,0.5,NA,NA,NA,NA,NA,James,Mitchell,DET,TE,24,-2
weighted,16249,TE,18.3,NA,0.1999999999999993,NA,NA,-62.65839524517088,NA,NA,310,NA,NA,80,19,375,65.63,13.35,0.92,NA,NA,NA,1.5360000000000003,NA,Zack,Kuntz,NYJ,TE,24,-3
weighted,15335,TE,18.1,NA,1.1000000000000014,NA,NA,-62.858395245170875,NA,NA,311,NA,NA,81,19,NA,99.4,15.08,0.94,NA,NA,NA,NA,NA,Luke,Farrell,JAC,TE,26,-1
weighted,15796,TE,18.1,NA,0,NA,NA,-62.858395245170875,NA,NA,311,NA,NA,81,19,355.29,59.07,14.01,0.93,NA,NA,NA,NA,NA,Jeremy,Ruckert,NYJ,TE,23,-2
weighted,15103,TE,17,NA,0.10000000000000142,NA,NA,-63.95839524517088,NA,NA,312,NA,NA,82,19,NA,137,9.22,0.74,NA,NA,NA,NA,NA,Reggie,Gilliam,BUF,RB,26,0
weighted,15333,TE,17,NA,0,NA,NA,-63.95839524517088,NA,NA,312,NA,NA,82,19,NA,71.33,3.9,0.18,NA,NA,NA,NA,NA,Tre',McKitty,LAC,TE,24,-1
weighted,16113,TE,17,NA,0,NA,NA,-63.95839524517088,NA,NA,312,NA,NA,82,19,NA,NA,NA,NA,NA,NA,NA,NA,NA,Stone,Smartt,LAC,TE,25,-2
weighted,15534,TE,16.9,NA,0.29999999999999716,NA,NA,-64.05839524517089,NA,NA,313,NA,NA,83,19,NA,NA,NA,NA,NA,NA,NA,NA,NA,Miller,Forristall,CLE,TE,25,-1
weighted,16217,TE,16.9,NA,0,NA,NA,-64.05839524517089,NA,NA,313,NA,NA,83,19,NA,95,9.75,0.77,NA,NA,NA,2.9760000000000004,NA,Cameron,Latu,SFO,TE,23,-3
weighted,16367,TE,16.9,NA,0,NA,NA,-64.05839524517089,NA,NA,313,NA,NA,83,19,NA,NA,NA,NA,NA,NA,NA,NA,NA,Brayden,Willis,SFO,TE,24,-3
weighted,14146,TE,16.6,NA,0.20000000000000284,NA,NA,-64.35839524517087,NA,NA,314,NA,NA,84,20,NA,79.4,10.98,0.84,NA,NA,NA,NA,NA,Drew,Sample,CIN,TE,27,1
weighted,14240,TE,16.4,NA,0.09999999999999787,NA,NA,-64.55839524517089,NA,NA,316,NA,NA,85,20,NA,92.25,8.2,0.64,NA,NA,NA,NA,NA,Zach,Gentry,PIT,TE,27,1
weighted,14873,TE,16.3,NA,0.1999999999999993,NA,NA,-64.65839524517088,NA,NA,318,NA,NA,86,20,327.27,42.71,8.71,0.7,NA,NA,NA,0.43200000000000005,NA,Albert,Okwuegbunam,DEN,TE,25,0
weighted,14752,TE,16.1,NA,0.10000000000000142,NA,NA,-64.85839524517087,NA,NA,321,NA,NA,87,20,NA,78.6,14.32,0.94,NA,NA,NA,NA,NA,Jesper,Horsted,LVR,TE,26,1
weighted,15795,TE,16,NA,0.09999999999999964,NA,NA,-64.95839524517088,NA,NA,322,NA,NA,88,20,NA,82.29,11.62,0.87,NA,NA,NA,NA,NA,Charlie,Kolar,BAL,TE,24,-2
weighted,14936,TE,15.9,NA,0.1999999999999975,NA,NA,-65.05839524517087,NA,NA,323,NA,NA,89,20,NA,95,13.36,0.92,NA,NA,NA,NA,NA,Devin,Asiasi,CIN,TE,26,0
weighted,16406,TE,15.700000000000003,NA,0.09999999999999964,NA,NA,-65.25839524517087,NA,NA,324,NA,NA,90,20,NA,NA,NA,NA,NA,NA,NA,NA,NA,Curtis,Hodges,WAS,TE,24,-2
weighted,16312,TE,15.600000000000003,NA,0.20000000000000107,NA,NA,-65.35839524517087,NA,NA,325,NA,NA,91,20,NA,89.2,8.98,0.71,NA,NA,NA,NA,NA,Josh,Whyle,TEN,TE,24,-3
weighted,12955,TE,15.400000000000002,NA,0.1000000000000032,NA,NA,-65.55839524517087,NA,NA,326,NA,NA,92,20,NA,84.4,5.39,0.38,NA,NA,NA,NA,NA,Chris,Manhertz,DEN,TE,31,4
weighted,15041,TE,15.299999999999999,NA,0.4999999999999982,NA,NA,-65.65839524517088,NA,NA,327,NA,NA,93,20,NA,NA,NA,NA,NA,NA,NA,NA,NA,Lawrence,Cager,NYG,TE,26,0
weighted,15916,TE,14.8,NA,0,NA,NA,-66.15839524517088,NA,NA,328,NA,NA,94,20,NA,NA,NA,NA,NA,NA,NA,NA,NA,Andrew,Ogletree,IND,TE,25,-2
weighted,16220,TE,14.8,NA,0,NA,NA,-66.15839524517088,NA,NA,328,NA,NA,94,20,NA,84.6,7.74,0.61,NA,NA,NA,NA,NA,Will,Mallory,IND,TE,24,-3
weighted,0516,DST,131.1453194650817,18.738329701443504,0.3313521545319418,117.985687532204,143.76863211565245,5.716047548291257,-2.2943608235364508,9.324973309204296,86,99,75,1,1,167.6,2.58,1.45,0.81,114.0375,22.346955469369874,-28.037499999999994,2.575,0.07499999999999996,Dallas,Cowboys,DAL,DST,NA,50
weighted,0518,DST,130.81396731054977,13.5764501987817,5.384695393759316,121.27944153276667,139.95991458945386,5.384695393759316,0.9993931770262208,5.516255783005704,87,89,82,2,2,175.16,3.64,1.56,0.52,108.7475,22.57765640517191,-21.747500000000002,2.81,0.31000000000000005,Philadelphia,Eagles,PHI,DST,NA,50
weighted,0531,DST,125.42927191679046,8.202438661763946,0.750817236255557,119.66882925937988,130.95494839779505,0,-0.6112190963605713,-3.4887104086531053,96,97,107,3,3,194.29,7.51,1.61,0.21,143.52,18.334846604212427,-47.52000000000001,1.275,0.07500000000000007,Baltimore,Ravens,BAL,DST,NA,50
weighted,0520,DST,124.6784546805349,14.495689014324212,0.47117384843981824,114.49836205321442,134.44365880644816,-0.750817236255557,-5.781686302526026,0,99,117,96,4,4,233.46,15.45,3.01,0.93,171.56333333333333,20.319436234524044,-72.56333333333333,NA,NA,Washington,Commanders,WAS,DST,NA,50
weighted,0504,DST,124.20728083209508,13.152186130069788,1.0399702823179808,114.97070898486773,133.06741725853345,-1.2219910846953752,-5.309339370872721,-1.3762415479147023,102,115,101,5,5,187.3,5.85,1.86,0.58,133.805,13.73843058722502,-31.805000000000007,1.745,0.545,New England,Patriots,NEP,DST,NA,50
weighted,0507,DST,123.1673105497771,13.788582233137664,0.05601783060920695,113.48380780671616,132.45616325491406,-2.261961367013356,-6.79624054902429,-1.9874955515340957,103,119,105,6,5,236.67,15.26,2.52,0.84,174.75,24.419999999999987,-71.75,1,NA,Cleveland,Browns,CLE,DST,NA,50
weighted,0512,DST,123.11129271916789,3.8890872965260104,0.10000000000000853,120.38004835574046,125.7312255334373,-2.317979197622563,0.10000000000000853,-8.71243327301086,105,93,115,7,5,208.3,10.4,2.29,0.17,160.69333333333333,16.081594724681043,-55.69333333333333,1.13,NA,Kansas City,Chiefs,KCC,DST,NA,50
weighted,0522,DST,123.01129271916788,3.8890872965260006,0.3842496285289769,120.28004835574045,125.63122553343729,-2.4179791976225715,0,-8.812433273010868,106,96,116,8,6,307.83,24.75,2.48,0.22,183.77,22.97,-77.77000000000001,NA,NA,Detroit,Lions,DET,DST,NA,50
weighted,0515,DST,122.6270430906389,8.061017305526635,1.0356612184249627,116.9659184100802,128.05744928748823,-2.8022288261515484,-3.314129945660241,-6.38620951895993,108,105,112,9,7,293.23,22,4.04,0.89,180.315,21.715000000000003,-72.315,NA,NA,Seattle,Seahawks,SEA,DST,NA,50
weighted,0509,DST,121.59138187221394,5.79827560572968,0.8105497771173731,117.51934482128577,125.49746352257925,-3.837890044576511,-2.7607035344546773,-8.946195283868903,112,103,118,10,8,259.25,18.83,3.58,0.68,166.05,4.6499999999999915,-54.05000000000001,1.31,NA,Jacksonville,Jaguars,JAC,DST,NA,50
weighted,0510,DST,120.78083209509657,17.819090885900987,0.04056463595838977,108.26676701175627,132.7848878986582,-4.648439821693884,-12.013281343984175,-1.6587709077899433,114,137,103,11,8,214.24,11.09,2.53,0.96,160.78666666666666,29.875990732061464,-46.78666666666666,1.11,NA,Pittsburgh,Steelers,PIT,DST,NA,50
weighted,0514,DST,120.74026745913818,5.72756492761104,0.6687964338781711,116.71788939663593,124.59871396742585,-4.689004457652274,-3.562158959104522,-9.844944839022304,115,107,120,12,9,241.82,16.96,2.54,0.36,181.535,25.835000000000008,-66.535,NA,NA,Los Angeles,Chargers,LAC,DST,NA,50
weighted,0532,DST,120.07147102526001,7.707463914933371,0.1445765230311764,114.65864128683108,125.26370151172121,-5.357800891530445,-5.621407068909363,-9.179957294726947,117,116,119,13,9,307.9,28.77,2.93,0.59,NA,NA,NA,NA,NA,Houston,Texans,HOU,DST,NA,50
weighted,0502,DST,119.92689450222883,4.879036790187171,0.32838038632988287,116.50042430083802,123.21371930558497,-5.5023774145616215,-3.7796240549024276,-11.229939500863182,118,109,125,14,10,263.51,19.32,2.22,0.2,211.19,NA,-93.19,NA,NA,Indianapolis,Colts,IND,DST,NA,50
weighted,0529,DST,119.59851411589895,15.768481220460004,0.4958395245170948,108.5245596969113,130.22115079920945,-5.830757800891504,-11.755488658829151,-4.222508007238702,119,136,109,15,10,212.14,11.15,2.52,0.88,167.11333333333332,14.256940609946982,-48.113333333333316,1.17,NA,New Orleans,Saints,NOS,DST,NA,50
weighted,0530,DST,119.10267459138186,9.68736290225571,0.5915304606240426,112.29939317702622,125.62868905601657,-6.326597325408599,-7.98065517871423,-8.814969750431587,120,124,117,16,11,159.07,1.47,0.9,0.13,100.3475,19.698826583073416,19.652500000000003,3.855,0.44499999999999984,San Francisco,49ers,SFO,DST,NA,50
weighted,0517,DST,118.51114413075781,0.7071067811865475,1.5533432392273454,118.01455424649826,118.98749555153405,-6.918127786032642,-2.2654941092421836,-15.456163254914102,122,98,140,17,12,295.98,22.64,2.84,0.15,210.16,NA,-88.16,NA,NA,New York,Giants,NYG,DST,NA,50
weighted,0525,DST,116.95780089153047,0.4949747468305852,0.8753343239227576,116.61018797254877,117.29124688607384,-8.471471025259987,-3.6698603831916756,-17.15241192037432,127,108,151,18,13,227.74,14.92,4.53,0.64,180.95,27.64999999999999,-53.94999999999999,NA,NA,Tampa Bay,Buccaneers,TBB,DST,NA,50
weighted,0506,DST,116.08246656760771,5.232590180780445,0.46225854383357046,112.40770142408715,119.607467081352,-9.346805349182745,-7.872346931653297,-14.836191725096157,128,122,138,19,14,219.95,12.81,2.84,0.41,181.99666666666667,17.69681766746653,-53.99666666666667,1,NA,Cincinnati,Bengals,CIN,DST,NA,50
weighted,0501,DST,115.62020802377414,4.454772721475246,0.31084695393759887,112.49169175293906,118.62122197466455,-9.809063893016315,-7.788356602801386,-15.822436831783605,131,121,142,20,14,173.31,3.75,1.53,0.07,127.965,24.03227049198639,3.0349999999999966,1.9900000000000002,0.19000000000000006,Buffalo,Bills,BUF,DST,NA,50
weighted,0503,DST,115.30936106983654,10.111626970967626,2.47147102526003,108.20812572492517,122.121186386937,-10.119910846953914,-12.07192263081528,-12.322472419511158,132,139,131,21,15,221.67,13.11,3.54,0.87,158.03,27.99166125831048,-26.03,1.2,0.19999999999999996,Miami,Dolphins,MIA,DST,NA,50
weighted,0511,DST,112.83789004457651,2.4041630560342653,0.08677563150071421,111.14948443809409,114.4574848752158,-12.591381872213944,-9.130563917646356,-19.986173931232358,137,126,165,22,15,199.25,9.19,4.22,0.67,157.565,26.175370579993704,-20.564999999999998,1.215,0.11499999999999999,Denver,Broncos,DEN,DST,NA,50
weighted,0528,DST,112.7511144130758,0.07071067811866076,0.859583952451743,112.70145542464984,112.79874955515342,-12.678157503714658,-7.578592931090611,-21.644909251294735,138,120,171,23,16,277.76,22.32,4.12,0.48,NA,NA,NA,NA,NA,Los Angeles,Rams,LAR,DST,NA,50
weighted,0523,DST,111.89153046062405,8.980256121069143,0.9716196136701143,105.58483893052795,117.94119350448251,-13.537741456166401,-14.695209425212497,-16.502465301965643,141,145,148,24,17,247.98,17.53,3.17,0.74,185.44,18.11,-44.44,NA,NA,Green Bay,Packers,GBP,DST,NA,50
weighted,0524,DST,110.91991084695394,1.9091883092036799,1.0136701337295904,109.63376201085804,112.26070353445469,-14.509361069836515,-10.646286344882412,-22.182955271993464,143,135,175,25,18,323.05,27.31,1.5,0.01,207.83,NA,-64.83000000000001,NA,NA,Minnesota,Vikings,MIN,DST,NA,50
weighted,0519,DST,109.90624071322435,9.121677477306465,0.621396731054972,103.76130738521067,116.3122502201724,-15.523031203566106,-16.518740970529777,-18.131408586275754,145,151,153,26,19,303,28.76,1.82,0.33,NA,NA,NA,NA,NA,Arizona,Cardinals,ARI,DST,NA,50
weighted,0505,DST,109.28484398216938,8.55599205235723,0.20950965824664536,103.276106382629,115.04869617356208,-16.144427934621078,-17.003941973111452,-19.394962632886077,149,152,163,27,19,187.77,5.43,1.76,0.29,135.46666666666667,40.808849802735466,13.533333333333331,1.6,0.20000000000000007,New York,Jets,NYJ,DST,NA,50
weighted,0508,DST,109.07533432392273,4.737615433949859,0.3268945022288392,105.88377980472184,112.40248654846164,-16.353937592867723,-14.396268551018608,-22.041172257986517,151,143,172,28,19,303.23,23.83,2.72,0.34,NA,NA,NA,NA,NA,Tennessee,Titans,TEN,DST,NA,50
weighted,0526,DST,108.74843982169389,9.61665222413705,2.8551263001485836,102.27006049913683,115.50206224762361,-16.680832095096562,-18.009987856603615,-18.941596558824543,154,157,159,29,20,311.29,28.57,2.8,0.65,NA,NA,NA,NA,NA,Atlanta,Falcons,ATL,DST,NA,50
weighted,0527,DST,105.89331352154531,0.42426406871193445,0.8047548291233113,105.60750266907957,106.19126745210104,-19.535958395245146,-14.672545686660882,-28.25239135434711,164,144,194,30,21,285.17,21.58,3.07,0.19,209.28,NA,-45.28,NA,NA,Carolina,Panthers,CAR,DST,NA,50
weighted,0521,DST,105.088558692422,7.071067811865474,3.2225854383358126,100.32504448465944,110.05445753501736,-20.340713224368457,-19.955003871081004,-24.389201271430792,168,162,181,31,22,326.1,29.11,2.02,0.27,211.36,NA,-43.360000000000014,NA,NA,Chicago,Bears,CHI,DST,NA,50
weighted,0513,DST,101.86597325408619,14.849242404917494,0,91.86259341778482,112.29436082353645,-23.56329866270427,-28.417454937955625,-22.149297982911705,180,184,173,32,22,308.33,30.94,1.59,0.61,NA,NA,NA,NA,NA,Las Vegas,Raiders,LVR,DST,NA,50
