pos,points,sd_pts,dropoff,floor,ceiling,points_vor,floor_vor,ceiling_vor,rank,floor_rank,ceiling_rank,pos_rank,tier,overall_ecr,pos_ecr,sd_ecr,uncertainty,adp,adp_sd,adp_diff,aav,aav_sd,first_name,last_name,team,position,age,exp
QB,360.59749999999997,2.7428099999999493,7.81899999999996,357.975,364.75199999999995,98.55899999999997,103.5,94.24019999999996,3,1,8,1,1,26.15,1.75,0.9,0.02,15.855,4.188761750207333,-12.855,41.394666666666666,8.326462447455638,Patrick,Mahomes,KCC,QB,28,3
QB,352.7785,27.18791879999995,16.65100000000001,331.0652,371.2862,90.74000000000001,76.59019999999998,100.77440000000001,7,7,4,2,2,27.37,2.36,0.93,0.74,22.291666666666668,3.977195061290752,-15.291666666666668,35.886,5.132852877948745,Jalen,Hurts,PHI,QB,25,0
QB,336.1275,16.293774000000013,21.78800000000001,323.136,347.211,74.089,68.661,76.69920000000002,16,16,15,3,3,27.22,2.19,0.9,0.44,19.905,3.4689467661909528,-3.905000000000001,36.45266666666667,7.76959035099163,Josh,Allen,BUF,QB,27,2
QB,314.3395,2.4907679999999255,0.5679999999999836,310.00800000000004,323.1822,52.30099999999999,55.533000000000015,52.67040000000003,27,20,31,4,3,38.84,4.57,1.27,0.02,38.79666666666667,7.677396838917618,-11.796666666666667,29.647333333333336,10.684494726263642,Lamar,Jackson,BAL,QB,26,2
QB,313.7715,10.751815200000014,22.194500000000005,296.4638,324.4448,51.733000000000004,41.98879999999997,53.93299999999999,28,34,29,5,4,42.62,5.53,1.12,0.22,37.513333333333335,6.432639858996892,-9.513333333333335,26.07,7.995027621382348,Joe,Burrow,CIN,QB,27,0
QB,291.577,5.33439480000002,1.100999999999999,283.98900000000003,296.4882,29.5385,29.51400000000001,25.976400000000012,47,47,56,6,4,46.31,5.97,1.39,0.08,49.755,8.874483553048782,-2.7550000000000026,22.699333333333335,8.523149704709457,Justin,Fields,CHI,QB,24,-1
QB,290.476,4.851067200000071,6.261499999999955,286.0272,297.3312,28.4375,31.55219999999997,26.81940000000003,49,44,54,7,5,84.2,10.56,2.5,0.14,79.43833333333333,14.540222850959182,-30.438333333333333,14.904666666666667,8.51951740938939,Deshaun,Watson,CLE,QB,28,3
QB,284.21450000000004,3.350675999999986,10.978500000000054,279.62600000000003,292.89020000000005,22.176000000000045,25.15100000000001,22.378400000000056,58,53,60,8,6,45.78,6.12,1.18,0.04,47.303333333333335,10.476259934834673,10.696666666666665,23.880000000000003,11.620166378613806,Justin,Herbert,LAC,QB,25,0
QB,273.236,5.266195199999946,4.36749999999995,269.4552,277.95120000000003,11.197499999999991,14.980199999999968,7.439400000000035,72,65,77,9,7,99.06,12.97,1.97,0.1,101.15666666666667,17.50055300713539,-29.156666666666666,14.342000000000002,9.341928851509559,Kirk,Cousins,MIN,QB,35,8
QB,268.86850000000004,4.2372708000000054,5.097500000000082,256.0172,275.3942,6.830000000000041,1.5421999999999798,4.882400000000018,75,93,81,10,8,96.95,12.52,2.51,0.11,114.06666666666666,15.440660247829076,-39.06666666666666,11.944666666666668,7.658984498976061,Daniel,Jones,NYG,QB,26,1
QB,263.77099999999996,10.95344880000005,1.2539999999999623,252.3872,272.2412,1.732499999999959,-2.0878000000000156,1.7293999999999983,88,101,93,11,8,117.31,15.08,2.67,0.39,98.97833333333334,15.350263208022055,-10.978333333333339,13.068,8.321062111693836,Aaron,Rodgers,NYJ,QB,40,15
QB,262.517,9.42933600000002,0.4784999999999968,256.136,269.9492,0.4784999999999968,1.6610000000000014,-0.5625999999999749,93,92,98,12,9,60.76,8.17,0.81,0.15,58.17666666666667,9.685196034269119,34.82333333333333,21.074,10.51375949252534,Trevor,Lawrence,JAC,QB,24,-1
QB,262.0385,1.5448691999999602,0.14949999999998909,257.3342,272.7692,0,2.859199999999987,2.2574000000000183,95,88,91,13,9,131.4,16.79,2.33,0.06,128.05,11.745234494608159,-33.05000000000001,10.236666666666668,6.896425805363886,Russell,Wilson,DEN,QB,35,8
QB,261.889,12.083189999999966,7.542500000000018,254.47500000000002,269.4294,-0.14949999999998909,0,-1.082400000000007,96,96,100,14,10,88.42,10.88,2.1,0.36,84.38666666666667,11.465292068770959,11.61333333333333,16.318,9.719055235292508,Dak,Prescott,DAL,QB,30,4
QB,254.3465,0.3113460000000118,3.0749999999999886,249.101,267.6824,-7.692000000000007,-5.374000000000024,-2.829400000000021,122,113,111,15,11,103.64,13.61,2.29,0.04,116.59333333333333,20.07946020744139,5.406666666666666,12.434666666666669,7.848053913055276,Geno,Smith,SEA,QB,33,7
QB,251.2715,31.552693199999972,9.983000000000004,231.89280000000002,270.5118,-10.766999999999996,-22.5822,0,134,171,96,16,12,126.59,16.13,1.92,0.86,116.485,12.787488351249175,17.515,11.523333333333333,7.233562208360568,Jared,Goff,DET,QB,29,4
QB,241.2885,5.654636399999947,3.065499999999986,224.358,249.9126,-20.75,-30.11700000000002,-20.599199999999996,160,190,172,17,13,92.66,11.97,2.29,0.15,90.055,12.954049238236923,69.945,13.425333333333334,7.748947684829357,Tua,Tagovailoa,MIA,QB,25,0
QB,238.223,9.097233599999994,12.355000000000018,229.7536,251.4076,-23.815499999999986,-24.721400000000017,-19.10419999999999,172,177,161,18,14,125.77,15.87,3.9,0.47,111.28999999999999,30.772198491495534,60.71000000000001,25.46333333333334,27.172550283123762,Anthony,Richardson,IND,QB,21,-3
QB,225.868,0.9755508000000229,4.203499999999991,224.83780000000002,227.599,-36.170500000000004,-29.637200000000007,-42.912800000000004,208,189,232,19,15,169.6,22.73,2.24,0.05,141.12166666666667,20.54497295906931,66.87833333333333,6.534666666666667,3.8258354497924882,Kenny,Pickett,PIT,QB,25,-2
QB,221.6645,5.067526799999925,5.45750000000001,215.584,225.89619999999996,-40.373999999999995,-38.89100000000002,-44.61560000000003,212,214,238,20,16,157.45,20.64,2.34,0.12,140.91666666666666,16.736358292319416,71.08333333333334,9.424000000000001,6.316136371759771,Derek,Carr,NOS,QB,32,6
QB,216.207,26.399175600000017,4.428999999999974,194.3914,234.45940000000002,-45.831500000000005,-60.08360000000002,-36.05239999999998,223,293,215,21,17,195.77,23.92,4.55,0.87,146.01666666666665,22.601832275774065,76.98333333333335,10.995333333333335,8.717208472645103,Brock,Purdy,SFO,QB,24,-2
QB,211.77800000000002,4.169071199999975,2.484499999999997,191.198,221.2508,-50.26049999999998,-63.277000000000015,-49.260999999999996,240,315,256,22,17,156.71,20.47,2.15,0.08,143.57166666666666,18.03700678851369,96.42833333333334,7.290000000000001,4.699368751935379,Matthew,Stafford,LAR,QB,35,11
QB,209.29350000000002,15.742246799999991,5.685500000000019,194.51520000000002,220.85820000000004,-52.744999999999976,-59.9598,-49.653599999999955,250,291,259,23,18,190.4,24.66,2.75,0.59,130.31,46.30446976264818,119.69,26.805000000000003,20.115000000000006,Bryce,Young,CAR,QB,22,-3
QB,203.608,19.125539999999965,3.638500000000022,191.23000000000002,217.21480000000003,-58.430499999999995,-63.245000000000005,-53.29699999999997,274,314,268,24,19,176.66,23.08,3.06,0.67,146.178,25.690265393724527,127.822,8.171333333333333,5.681029562402303,Jordan,Love,GBP,QB,25,0
QB,199.96949999999998,3.997089600000039,4.740000000000009,197.2714,202.5004,-62.06900000000002,-57.20360000000002,-68.01139999999998,296,270,341,25,20,230.82,27.82,2.97,0.16,163.56333333333333,36.73010784386866,132.43666666666667,7.65,2.0700000000000003,Jimmy,Garoppolo,LVR,QB,32,6
QB,195.22949999999997,35.706938400000006,0.20999999999997954,171.7584,221.5734,-66.80900000000003,-82.71660000000003,-48.9384,323,405,254,26,20,201.21,24.87,5.03,0.95,147.124,20.777450854231365,175.876,10.278000000000002,5.298000000000001,Kyler,Murray,ARI,QB,26,1
QB,195.0195,9.17136360000001,15.626499999999993,186.9964,201.5314,-67.019,-67.47860000000003,-68.9804,324,340,345,27,21,205.99,25.85,3.18,0.35,163.315,40.365,160.685,8.581000000000001,2.891000000000001,Ryan,Tannehill,TEN,QB,35,8
QB,179.393,2.203143599999985,0.08650000000000091,176.2086,185.53259999999997,-82.6455,-78.26640000000003,-84.97920000000002,406,389,419,28,21,229.68,27.41,3.52,0.14,151.18333333333334,37.493343705546216,254.81666666666666,6.598000000000001,0.6980000000000004,Sam,Howell,WAS,QB,23,-2
QB,179.3065,12.142493999999996,0.42199999999999704,171.079,188.9044,-82.732,-83.396000000000015,-81.60739999999998,407,410,409,29,21,236.41,28.05,2.59,0.45,160.695,40.455000000000005,246.305,6.449000000000001,1.399000000000001,Mac,Jones,NEP,QB,25,-1
QB,178.8845,12.58727399999997,7.731499999999983,170.419,188.6692,-83.154,-84.05600000000001,-81.8426,408,414,410,30,22,226,27.26,2.84,0.5,142.746,51.64686034987994,265.254,22.795,17.765,C.J.,Stroud,HOU,QB,22,-3
QB,171.15300000000002,11.098743600000027,13.613500000000016,162.48860000000002,182.90060000000003,-90.88549999999998,-91.9864,-87.61119999999997,443,464,421,31,23,257.21,29.45,2.39,0.35,123.46,NA,319.54,4.715,0.20500000000000007,Desmond,Ridder,ATL,QB,24,-2
QB,157.5395,27.05151959999997,94.0485,131.09640000000002,177.81539999999998,-104.499,-123.3786,-92.69640000000001,522,610,452,32,24,289.35,31.05,2.03,0.79,132.01,NA,389.99,4.497,2.007,Baker,Mayfield,TBB,QB,28,2
QB,63.491,30.2480052,15.762999999999998,43.800200000000004,85.3082,-198.5475,-210.6748,-185.2036,608,611,609,33,25,346.76,36.68,2.59,0.86,159.61,NA,448.39,4.2490000000000006,3.119,Kyle,Trask,TBB,QB,25,-1
QB,47.728,2.5708284000000026,1.5414999999999992,21.4206,58.8066,-214.3105,-233.05440000000002,-211.7052,609,614,611,34,25,340.38,35.91,3.44,0.15,151.12,NA,457.88,2.6,1.3600000000000003,Colt,McCoy,ARI,QB,37,10
QB,46.1865,21.402813599999988,6.526499999999999,13.581000000000007,66.7224,-215.852,-240.894,-203.7894,610,623,610,35,26,338.33,35.19,2.59,0.69,NA,NA,NA,4.424,2.8240000000000007,Jacoby,Brissett,WAS,QB,31,4
QB,39.660000000000004,7.353696000000001,3.298000000000009,35.196000000000005,44.124,-222.3785,-219.27900000000002,-226.3878,611,613,614,36,27,315.13,33.6,4.59,0.48,149.385,0.8149999999999977,461.615,4.125000000000001,2.7150000000000007,Trey,Lance,SFO,QB,23,-1
QB,36.361999999999995,0.32320679999999996,2.603999999999992,36.1658,36.5582,-225.6765,-218.30920000000003,-233.9536,612,612,615,37,27,337.75,56.11,18.72,0.96,NA,NA,NA,NA,NA,Brian,Hoyer,LVR,QB,38,11
QB,33.758,22.9565784,1.528500000000001,18.163600000000002,48.3316,-228.2805,-236.31140000000002,-222.18019999999999,613,619,612,38,28,357.68,39.18,3.77,0.8,NA,NA,NA,3.9840000000000004,NA,Taylor,Heinicke,ATL,QB,30,5
QB,32.2295,16.528024800000004,9.858000000000004,10.807000000000002,46.6432,-229.809,-243.668,-223.8686,614,631,613,39,29,344.46,36.6,3.37,0.63,60.55,NA,553.45,7.953,6.783,Will,Levis,TEN,QB,24,-3
QB,22.371499999999997,2.6330975999999944,0.3464999999999989,18.540999999999997,24.828399999999995,-239.667,-235.93400000000003,-245.6834,615,617,619,40,30,350.83,39.21,5.83,0.38,NA,NA,NA,1.484,0.4840000000000001,Sam,Darnold,SFO,QB,26,2
QB,22.025,3.4470450000000015,0.8269999999999982,19.9325,24.1175,-240.0135,-234.54250000000002,-246.3943,616,616,620,41,30,375.8,40.81,3.53,0.19,NA,NA,NA,3.224,1.3840000000000003,Mike,White,MIA,QB,28,2
QB,21.198,0.1156427999999991,0.4435000000000002,21.1278,21.2682,-240.8405,-233.34720000000002,-249.2436,617,615,621,42,30,336.5,42.95,7.81,0.52,102.52,NA,514.48,3.4800000000000004,NA,Clayton,Tune,ARI,QB,24,-3
QB,20.7545,17.5806708,0.5975000000000001,6.896000000000003,32.6522,-241.284,-247.579,-237.8596,618,648,616,43,30,354.67,37.59,4.32,0.7,NA,NA,NA,1.9700000000000002,0.7900000000000003,Gardner,Minshew,IND,QB,27,1
QB,20.157,9.967519799999998,0.2785000000000011,14.106300000000001,26.2077,-241.8815,-240.36870000000002,-244.3041,619,621,618,44,30,NA,63.29,8.19,0.78,NA,NA,NA,1.6800000000000002,NA,Trevor,Siemian,CIN,QB,32,5
QB,19.8785,13.1032188,1.476499999999998,5.649200000000002,30.246199999999998,-242.16,-248.82580000000002,-240.2656,620,651,617,45,30,367.22,41.78,4.06,0.6,NA,NA,NA,4.5840000000000005,NA,Bailey,Zappe,NEP,QB,24,-2
QB,18.402,NA,1.1400000000000006,18.402,18.402,-243.6365,-236.07300000000004,-252.1098,621,618,625,46,30,NA,53.9,6.01,0.71,NA,NA,NA,1.0560000000000003,NA,Mitchell,Trubisky,PIT,QB,29,3
QB,17.262,6.0223212,0.5839999999999996,13.606200000000001,20.9178,-244.7765,-240.86880000000002,-249.594,622,622,623,47,31,NA,48.54,4.07,0.32,NA,NA,NA,1.8240000000000003,NA,Marcus,Mariota,PHI,QB,30,5
QB,16.678,7.528642799999998,0.26200000000000045,12.107800000000003,21.2482,-245.3605,-242.36720000000003,-249.2636,623,627,622,48,31,NA,56.11,3.41,0.3,NA,NA,NA,NA,NA,Tyrod,Taylor,NYG,QB,34,9
QB,16.416,NA,1.4909999999999997,16.416,16.416,-245.6225,-238.05900000000003,-254.0958,624,620,630,49,31,NA,75.2,7.93,0.89,NA,NA,NA,NA,NA,Easton,Stick,LAC,QB,28,1
QB,14.925,7.9838010000000015,0.27500000000000036,10.0785,19.771500000000003,-247.1135,-244.39650000000003,-250.7403,625,633,624,50,31,369,42.57,2.95,0.26,NA,NA,NA,1.368,NA,Tyler,Huntley,BAL,QB,25,0
QB,14.65,2.950374,0.10800000000000054,12.859,16.441,-247.3885,-241.616,-254.0708,626,625,629,51,31,366.2,44.53,5.7,0.38,NA,NA,NA,1.4640000000000002,NA,Jarrett,Stidham,DEN,QB,27,1
QB,14.542,5.453002799999998,0.1540000000000017,11.231800000000002,17.852199999999996,-247.4965,-243.24320000000003,-252.6596,627,628,626,52,31,NA,72.6,8.26,0.66,NA,NA,NA,NA,NA,David,Blough,ARI,QB,28,1
QB,14.387999999999998,2.0875007999999977,0.21599999999999753,13.120800000000001,15.655199999999997,-247.6505,-241.35420000000002,-254.8566,628,624,632,53,31,NA,53.6,6.99,0.52,NA,NA,NA,0.3360000000000001,NA,Teddy,Bridgewater,DET,QB,31,6
QB,14.172,3.0126432,0.6170000000000009,12.3432,16.0008,-247.8665,-242.13180000000003,-254.511,629,626,631,54,31,352.77,41.39,5.3,0.33,NA,NA,NA,1.6080000000000003,NA,Jameis,Winston,NOS,QB,29,5
QB,13.555,6.664287,0.6159999999999961,9.509500000000001,17.6005,-248.4835,-244.96550000000002,-252.91129999999998,630,636,627,55,31,356.5,44.71,5.14,0.5,NA,NA,NA,1.4880000000000002,NA,Andy,Dalton,CAR,QB,36,9
QB,12.939000000000004,6.907433400000003,0.2570000000000032,8.745900000000002,17.132100000000005,-249.0995,-245.72910000000002,-253.37969999999999,631,640,628,56,31,NA,48.71,6.93,0.63,NA,NA,NA,NA,NA,Davis,Mills,HOU,QB,25,-1
QB,12.682,3.4663187999999985,1.0340000000000007,10.577800000000002,14.7862,-249.3565,-243.89720000000003,-255.7256,632,632,633,57,31,NA,58.5,9.53,0.7,NA,NA,NA,NA,NA,P.J.,Walker,CHI,QB,28,3
QB,11.648,1.1149151999999996,0.26599999999999824,10.971200000000001,12.3248,-250.3905,-243.5038,-258.187,633,630,639,58,31,NA,71.6,6.09,0.34,NA,NA,NA,1.0560000000000003,NA,Blaine,Gabbert,KCC,QB,34,9
QB,11.382000000000001,2.7012972,0.3979999999999997,9.7422,13.021799999999999,-250.6565,-244.73280000000003,-257.49,634,635,637,59,32,NA,60.14,6.49,0.48,NA,NA,NA,NA,NA,Joshua,Dobbs,CLE,QB,28,3
QB,10.984000000000002,NA,0.2660000000000018,10.984000000000002,10.984000000000002,-251.0545,-243.491,-259.5278,635,629,641,60,32,NA,68.6,3.44,0.27,NA,NA,NA,NA,NA,Brett,Rypien,LAR,QB,27,1
QB,10.718,5.275090799999999,0.1120000000000001,7.5158000000000005,13.9202,-251.3205,-246.9592,-256.59159999999997,636,644,635,61,32,NA,59.89,9.33,0.75,NA,NA,NA,NA,NA,Nick,Mullens,MIN,QB,28,3
QB,10.606,3.9526116000000004,0.07899999999999885,8.2066,13.0054,-251.4325,-246.2684,-257.5064,637,641,638,62,32,NA,60.25,4.79,0.31,NA,NA,NA,1.1960000000000002,0.19600000000000006,Cooper,Rush,DAL,QB,30,3
QB,10.527000000000001,1.789498200000001,0.08099999999999952,9.4407,11.613300000000002,-251.5115,-245.03430000000003,-258.8985,638,637,640,63,32,NA,60,4.32,0.2,NA,NA,NA,1.8480000000000003,NA,Drew,Lock,SEA,QB,27,1
QB,10.446000000000002,6.7102476,0.386000000000001,6.372600000000001,14.519400000000001,-251.5925,-248.10240000000002,-255.9924,639,649,634,64,32,NA,60.4,12.47,0.9,NA,NA,NA,0.9840000000000001,NA,Sean,Clifford,GBP,QB,25,-3
QB,10.06,0,0.15700000000000003,10.06,10.06,-251.9785,-244.41500000000002,-260.4518,640,634,643,65,32,NA,NA,NA,0.01,NA,NA,NA,NA,NA,Max,Duggan,LAC,QB,22,-3
QB,9.903,6.0534558,0.745000000000001,6.228300000000001,13.5777,-252.1355,-248.24670000000003,-256.9341,641,650,636,66,32,NA,53.18,4.8,0.44,73.21,NA,567.79,3.6720000000000006,NA,Stetson,Bennett,LAR,QB,26,-3
QB,9.158,NA,0.0779999999999994,9.158,9.158,-252.8805,-245.31700000000004,-261.3538,642,638,646,67,32,NA,NA,NA,NA,NA,NA,NA,NA,NA,Matt,Barkley,BUF,QB,33,7
QB,9.08,0,0.04399999999999871,9.08,9.08,-252.9585,-245.395,-261.4318,643,639,647,68,32,NA,70,2.94,0.07,NA,NA,NA,3.2880000000000007,NA,Jake,Haener,NOS,QB,24,-3
QB,9.036000000000001,2.514489600000001,0.47300000000000253,7.509600000000001,10.562400000000002,-253.0025,-246.96540000000002,-259.94939999999997,644,645,642,69,32,NA,69.29,5.99,0.41,NA,NA,NA,NA,NA,C.J.,Beathard,JAC,QB,30,3
QB,8.562999999999999,1.6560642000000012,1.009999999999998,7.557699999999999,9.5683,-253.4755,-246.9173,-260.9435,645,642,645,70,32,NA,56.45,6.26,0.4,110.69,NA,534.31,1.6080000000000003,NA,Aidan,O'Connell,LVR,QB,25,-3
QB,7.553000000000001,3.5389661999999986,0.009000000000002117,5.404700000000002,9.7013,-254.4855,-249.07030000000003,-260.8105,646,652,644,71,32,NA,61.75,11.67,0.83,NA,NA,NA,1.9920000000000002,NA,Jaren,Hall,MIN,QB,25,-3
QB,7.543999999999999,NA,0.0820000000000034,7.543999999999999,7.543999999999999,-254.4945,-246.931,-262.9678,647,643,651,72,32,361.5,49.43,6.97,0.84,NA,NA,NA,1.5600000000000003,NA,Zach,Wilson,NYJ,QB,24,-1
QB,7.461999999999995,NA,0.28599999999999515,7.461999999999995,7.461999999999995,-254.5765,-247.01300000000003,-263.0498,648,646,652,73,32,NA,57.38,6.06,0.73,59.21,NA,588.79,10.608,NA,Hendon,Hooker,DET,QB,25,-3
QB,7.176,2.9414784000000003,0.08399999999999874,5.3904,8.9616,-254.8625,-249.08460000000002,-261.5502,649,653,649,74,32,NA,53.75,11.52,0.81,99.52,NA,549.48,2.5200000000000005,NA,Dorian,Thompson-Robinson,CLE,QB,24,-3
QB,7.092000000000001,NA,1.0010000000000003,7.092000000000001,7.092000000000001,-254.9465,-247.383,-263.4198,650,647,653,75,32,NA,NA,NA,NA,NA,NA,NA,NA,NA,Nate,Sudfeld,DET,QB,30,4
QB,6.091000000000001,4.905923399999999,0.8030000000000008,3.1129000000000024,9.0691,-255.9475,-251.36210000000003,-261.4427,651,656,648,76,33,NA,63.33,15.84,0.94,NA,NA,NA,NA,NA,Tanner,McKee,PHI,QB,23,-3
QB,5.288,NA,0.5350000000000001,5.288,5.288,-256.7505,-249.187,-265.2238,652,654,654,77,33,NA,62.71,4.53,0.53,NA,NA,NA,NA,NA,Case,Keenum,HOU,QB,35,8
QB,4.753,6.0000822000000005,0.17299999999999915,1.1107,8.395299999999999,-257.2855,-253.36430000000001,-262.1165,653,658,650,78,33,NA,66,4.69,0.43,NA,NA,NA,NA,NA,Kyle,Allen,BUF,QB,27,2
QB,4.580000000000001,0.9488640000000008,2.7659999999999973,4.0040000000000004,5.1560000000000015,-257.4585,-250.47100000000003,-265.3558,654,655,655,79,33,357.75,51.83,11.3,0.77,NA,NA,NA,NA,NA,Malik,Willis,TEN,QB,24,-2
QB,1.8140000000000036,NA,1.0320000000000036,1.8140000000000036,1.8140000000000036,-260.2245,-252.66100000000003,-268.6978,655,657,656,80,33,NA,65.57,3.2,0.23,NA,NA,NA,NA,NA,Matt,Corral,CAR,QB,24,-2
QB,0.782,NA,0.05400000000000005,0.782,0.782,-261.2565,-253.693,-269.7298,656,659,657,81,33,NA,NA,NA,NA,NA,NA,NA,NA,NA,Shane,Buechele,KCC,QB,25,-1
QB,0.728,NA,0.652,0.728,0.728,-261.3105,-253.747,-269.7838,657,660,658,82,34,NA,74.6,10.09,0.96,NA,NA,NA,NA,NA,Mason,Rudolph,PIT,QB,28,2
QB,0.07599999999999996,NA,0,0.07599999999999996,0.07599999999999996,-261.9625,-254.39900000000003,-270.4358,658,661,659,83,34,NA,NA,NA,NA,NA,NA,NA,NA,NA,Will,Grier,DAL,QB,28,1
RB,215.22250000000003,0.04447800000000168,2.730000000000018,200.77200000000002,220.79700000000003,102.26750000000001,89.792,105.06000000000003,1,4,2,1,1,8.6,4.21,2.97,0.01,5.911666666666667,2.204642198231319,-4.911666666666667,50.142,5.531134422521298,Austin,Ekeler,LAC,RB,28,3
RB,212.4925,22.9803,4.917500000000018,197.55,229.02300000000002,99.5375,86.57,113.28600000000003,2,5,1,2,1,3.05,1.5,0.92,0.5,2.9033333333333333,1.6517330965450268,-0.9033333333333333,56.70466666666667,7.6236502776265604,Christian,McCaffrey,SFO,RB,27,3
RB,207.575,4.596060000000033,3.5299999999999727,186.52,217.39000000000001,94.61999999999998,75.53999999999999,101.65300000000002,5,10,3,3,2,11.47,5.53,2.21,0.03,16.143333333333334,4.910236473146912,-11.143333333333334,39.82466666666667,6.449154225340115,Derrick,Henry,TEN,RB,29,4
RB,204.04500000000002,1.11195,2.7224999999999966,201.22500000000002,210.297,91.09,90.245,94.56,6,3,7,4,2,8.47,4.15,1.68,0.01,8.405,1.3290692231783867,-2.4049999999999994,64.65400000000001,26.192945462471386,Bijan,Robinson,ATL,RB,21,-3
RB,201.32250000000002,18.665934000000004,2.4850000000000136,182.25,215.63100000000003,88.3675,71.26999999999998,99.89400000000003,8,13,5,5,2,5.81,2.86,0.89,0.33,11.65,4.818464485704965,-3.6500000000000004,46.376000000000005,5.355608150963498,Nick,Chubb,CLE,RB,28,2
RB,198.8375,16.16034000000005,0.6550000000000011,186.65500000000003,209.56000000000003,85.8825,75.67500000000001,93.82300000000004,9,9,9,6,3,18.93,8.42,2.68,0.36,20.905,4.509389278679172,-11.905000000000001,32.814,7.30948005446808,Josh,Jacobs,LVR,RB,25,1
RB,198.1825,3.157937999999993,2.7549999999999955,181.14000000000004,205.91699999999997,85.22749999999999,70.160000000000025,90.17999999999998,11,15,10,7,3,15.47,7.14,1.69,0.01,17.058333333333334,3.3894808681500996,-6.058333333333334,35.49133333333334,6.066059969663631,Tony,Pollard,DAL,RB,26,1
RB,195.4275,9.058685999999977,2.2524999999999977,185.06000000000003,202.799,82.4725,74.08000000000001,87.06200000000001,12,12,12,8,3,14.52,6.67,1.32,0.08,10.688333333333333,3.2431795955341247,1.3116666666666674,45.79066666666667,5.253089334435077,Saquon,Barkley,NYG,RB,26,2
RB,193.175,10.155810000000033,18.954999999999984,185.25500000000002,200.01500000000001,80.22,74.275,84.27800000000002,14,11,14,9,4,14.26,6.62,3.11,0.19,16.451666666666668,5.239037496419441,-2.451666666666668,36.622,11.407774308192929,Jonathan,Taylor,IND,RB,24,0
RB,174.22000000000003,12.379710000000033,2.805000000000007,164.435,187.637,61.265000000000015,53.454999999999984,71.9,19,21,18,10,4,35.09,14.12,3.81,0.29,36.575,5.0349867593337985,-17.575000000000003,27.86066666666667,9.240639275624943,Joe,Mixon,CIN,RB,27,3
RB,171.41500000000002,13.86230999999999,0.21999999999999886,162.435,181.299,58.46000000000001,51.454999999999984,65.56200000000001,20,23,22,11,5,42.22,16.72,3.4,0.33,39.8,3.0407619659113947,-19.799999999999997,25.827333333333335,7.190300936369465,Aaron,Jones,GBP,RB,29,3
RB,171.19500000000002,15.715560000000034,4.195000000000022,161.06,182.28200000000004,58.24000000000001,50.079999999999984,66.54500000000004,21,24,21,12,5,35.35,14.09,3.94,0.44,32.02,5.453222289007971,-11.020000000000003,23.877333333333333,7.0271407809688515,Breece,Hall,NYJ,RB,22,-2
RB,167,0.5189100000000337,0.7150000000000034,154.85500000000002,171.865,54.04499999999999,43.875,56.128000000000014,23,29,27,13,5,33.06,13.4,2.83,0.01,31.888333333333335,4.299288377808073,-8.888333333333335,24.65266666666667,5.641612141538581,Travis,Etienne,JAC,RB,24,-1
RB,166.285,4.744319999999983,0.7949999999999875,158.22,182.646,53.329999999999984,47.23999999999998,66.90899999999999,24,26,20,14,5,27.38,11.41,2.75,0.06,29.55,6.454011672337343,-5.550000000000001,25.756666666666668,5.429157904827925,Rhamondre,Stevenson,NEP,RB,25,-1
RB,165.49,19.199670000000026,3.2150000000000034,153.295,178.54899999999998,52.535,42.31499999999997,62.81199999999998,26,32,23,15,6,30.58,12.69,2.84,0.5,28.381666666666668,3.421755965712472,-2.3816666666666677,26.874666666666666,3.341385474453505,Najee,Harris,PIT,RB,25,-1
RB,162.275,13.343399999999999,0.3400000000000034,153.8,171.35000000000002,49.31999999999999,42.81999999999999,55.61300000000003,30,31,28,16,6,56.01,21.35,6.09,0.51,61.236666666666665,15.70123632782534,-31.236666666666665,17.152,6.342484896841828,Alexander,Mattison,MIN,RB,25,1
RB,161.935,16.36790399999999,0.2874999999999943,151.05,172.23600000000002,48.97999999999999,40.06999999999999,56.499000000000024,31,37,26,17,6,41.86,16.44,3.29,0.41,42.471666666666664,5.934740703874282,-11.471666666666664,19.256,2.9770822404943167,Kenneth,Walker III,SEA,RB,23,-2
RB,161.6475,0.2075640000000219,2.877500000000026,158.00500000000002,163.126,48.692499999999995,47.025000000000006,47.38900000000001,32,27,34,18,6,55.42,21.49,3.46,0.02,48.26,13.659059264824938,-16.259999999999998,15.504666666666667,2.048808651116274,Dameon,Pierce,HOU,RB,23,-2
RB,158.76999999999998,5.856270000000025,3.082499999999982,154.095,165.23700000000002,45.81499999999997,43.11499999999998,49.50000000000003,33,30,33,19,7,59.07,22.79,3.73,0.11,63.778333333333336,7.973222720804651,-30.778333333333336,16.413333333333334,8.187231250890353,James,Conner,ARI,RB,28,3
RB,155.6875,0.37065,0.4825000000000159,146.07000000000002,159.525,42.73249999999999,35.09,43.78800000000001,35,40,37,20,7,43.67,17.09,4.25,0.03,37.57333333333333,10.382632400097556,-2.5733333333333306,35.367333333333335,20.80415986180542,Jahmyr,Gibbs,DET,RB,21,-3
RB,155.20499999999998,14.51465400000003,5.457499999999982,138.841,166.921,42.24999999999997,27.86099999999999,51.184,36,49,32,21,8,45.03,17.36,3.82,0.39,47.155,4.313647914855052,-11.155000000000001,20.831333333333337,5.567476108814682,Miles,Sanders,CAR,RB,26,1
RB,149.7475,3.4841099999999914,0.8100000000000023,147.23499999999999,152.896,36.79249999999999,36.25499999999997,37.15899999999999,39,39,44,22,8,48.33,18.99,4.38,0.09,56.605000000000004,11.848647953810314,-17.605000000000004,16.11466666666667,2.821943223304743,J.K.,Dobbins,BAL,RB,25,0
RB,148.9375,2.4462900000000083,0.24500000000000455,133.51000000000002,155.785,35.98249999999999,22.53,40.048,41,58,40,23,8,67.94,26.36,3.99,0.06,68.51333333333334,10.215347386272391,-27.513333333333335,10.274666666666667,2.5939937462444966,Isiah,Pacheco,KCC,RB,24,-2
RB,148.6925,13.995743999999997,2.2549999999999955,127.151,162.206,35.73749999999998,16.170999999999978,46.468999999999994,42,62,36,24,8,49.45,19.56,4.08,0.39,57.913333333333334,7.92033388746263,-15.913333333333334,16.01,1.9368531178176636,Cam,Akers,LAR,RB,24,0
RB,146.4375,10.600590000000008,5.052500000000009,136.98000000000002,154.035,33.48249999999999,26,38.298,44,52,41,25,9,67.02,25.95,3.62,0.23,75.22666666666666,18.753543368891354,-31.22666666666666,12.588666666666667,6.152169554085959,David,Montgomery,DET,RB,26,1
RB,141.385,6.716178000000001,3.072499999999991,132.92700000000002,147.147,28.42999999999998,21.947000000000003,31.409999999999997,50,59,47,26,9,69.76,27.15,4.62,0.18,71.41666666666667,13.381357263828745,-21.41666666666667,14.097333333333335,5.753122128220661,Javonte,Williams,DEN,RB,23,-1
RB,138.3125,2.816940000000008,0.2074999999999818,116.48500000000001,147.76000000000002,25.357499999999987,5.5049999999999955,32.023000000000025,54,84,46,27,9,69,26.35,2.91,0.03,74.65,12.32273238098326,-20.650000000000006,10.377333333333334,3.633952974685036,Rachaad,White,TBB,RB,24,-2
RB,138.10500000000002,11.549453999999988,3.7825000000000273,125.88100000000001,147.121,25.150000000000006,14.900999999999996,31.384000000000015,55,66,48,28,10,76.19,28.9,4.46,0.32,82.93333333333334,10.019101201649221,-27.933333333333337,9.563333333333334,3.451785367345749,James,Cook,BUF,RB,24,-2
RB,134.3225,7.902258000000018,5.939999999999998,121.212,142.317,21.36749999999998,10.231999999999985,26.580000000000013,59,77,55,29,11,74.38,28.46,4.71,0.21,75.425,5.096762861529529,-16.424999999999997,15.404666666666667,9.508955264497896,Alvin,Kamara,NOS,RB,28,3
RB,128.3825,0.16308599999997808,0.15499999999997272,119.81400000000001,131.739,15.42749999999998,8.833999999999989,16.00200000000001,65,79,67,30,11,88.31,33.41,3.26,0.02,92.725,9.204306510179535,-27.724999999999994,6.408666666666668,3.391002342802036,AJ,Dillon,GBP,RB,25,0
RB,128.22750000000002,3.0393300000000165,0.8275000000000148,126.355,130.14399999999998,15.272500000000008,15.374999999999986,14.406999999999982,66,64,69,31,11,84.45,32.17,4.31,0.08,92.07833333333333,25.102055305403887,-26.078333333333333,6.499333333333333,2.6298442708435967,Brian,Robinson,WAS,RB,24,-2
RB,127.4,1.0378200000000042,13.45750000000001,126.57000000000001,128.54999999999998,14.444999999999993,15.58999999999999,12.812999999999988,68,63,73,32,12,77.27,29.27,4.15,0.04,69.14166666666667,10.10563278023147,-1.1416666666666657,10.839333333333334,4.518949828838064,D'Andre,Swift,PHI,RB,24,0
RB,113.9425,1.0674719999999982,0.012499999999988631,111.19500000000001,115.398,0.987499999999983,0.2149999999999892,-0.33899999999999864,91,95,97,33,12,106.07,39.49,5.09,0.07,113.36666666666666,11.771477769969616,-22.36666666666666,6.4,4.83421141449151,Samaje,Perine,DEN,RB,28,3
RB,113.93,0.6375180000000101,0.9749999999999943,110.263,122.845,0.9749999999999943,-0.717000000000013,7.108000000000004,92,99,78,34,12,86.9,32.72,4.8,0.05,93.526,8.641332304685431,-1.5259999999999962,8.06,5.0976334378480646,Rashaad,Penny,PHI,RB,27,2
RB,112.95500000000001,1.1860799999999958,1.4749999999999943,110.98000000000002,116.93800000000002,0,0,1.2010000000000218,95,96,94,35,12,90.73,34.08,5.15,0.07,100.55166666666666,10.991564063205724,-5.551666666666662,5.996666666666667,3.2131016513988824,Khalil,Herbert,CHI,RB,25,-1
RB,111.48000000000002,NA,0.6950000000000074,111.48000000000002,111.48000000000002,-1.4749999999999943,0.5,-4.256999999999977,101,94,113,36,12,124.86,45.51,5.22,0.15,138.51,7.882696239231858,-37.50999999999999,3.5260000000000007,2.4260000000000006,Jeffery,Wilson,MIA,RB,28,2
RB,110.78500000000001,3.8102820000000106,4.094999999999999,107.457,115.737,-2.1700000000000017,-3.5230000000000246,0,104,104,96,37,13,100.38,37.53,4.36,0.1,97.58166666666666,10.743910549185008,6.4183333333333366,7.324666666666667,5.63238879655476,Jamaal,Williams,NOS,RB,28,3
RB,106.69000000000001,6.686525999999986,4.39500000000001,101.04500000000002,111.35900000000001,-6.265000000000001,-9.935000000000002,-4.377999999999986,119,128,115,38,14,97.51,36.32,4.22,0.16,108.825,20.249506784116985,10.174999999999997,6.4573333333333345,3.796709218374367,Antonio,Gibson,WAS,RB,25,0
RB,102.295,0.5782140000000008,0.9949999999999903,101.039,104.99900000000001,-10.66000000000001,-9.941000000000017,-10.737999999999985,133,129,128,39,14,111.2,41.15,3.47,0.02,124.97,14.874692153677222,8.030000000000001,3.7420000000000004,2.555048857980346,Elijah,Mitchell,SFO,RB,25,-1
RB,101.30000000000001,17.049899999999997,2.0374999999999943,90.05,113.99,-11.655000000000001,-20.93000000000002,-1.7469999999999999,135,164,106,40,14,109.46,40.67,5.36,0.58,113.31833333333333,28.368657245081042,21.681666666666672,10.344000000000001,10.325036497110638,Zach,Charbonnet,SEA,RB,22,-3
RB,99.26250000000002,5.485620000000025,1.1125000000000114,95.67,103.27499999999999,-13.692499999999995,-15.310000000000016,-12.462000000000003,141,149,132,41,14,133.17,48.27,5.49,0.19,129.66833333333332,11.774515441787354,11.331666666666678,5.1000000000000005,5.224582917962608,Raheem,Mostert,MIA,RB,31,5
RB,98.15,0.8895600000000126,6.33250000000001,97.22000000000001,98.84,-14.805000000000007,-13.760000000000005,-16.89699999999999,145,141,148,42,15,117.26,43.14,5.58,0.08,121.905,28.018057718787954,23.095,2.174666666666667,0.9554912639870424,Tyler,Allgeier,ATL,RB,23,-2
RB,91.8175,18.47319599999999,1.0349999999999966,80.09600000000002,104.351,-21.137500000000017,-30.884,-11.385999999999996,164,194,130,43,15,103.76,38.69,4.08,0.55,109.142,9.469965997827027,54.858000000000004,5.836666666666668,5.058789929968981,Damien,Harris,BUF,RB,26,1
RB,90.7825,8.020866000000016,2.267499999999984,83.034,96.75900000000001,-22.172500000000014,-27.946000000000012,-18.97799999999998,166,186,159,44,16,129.21,46.53,6.23,0.31,129.85,18.132270495813074,36.150000000000006,4.0873333333333335,3.3036627484589824,D'Onta,Foreman,CHI,RB,27,3
RB,88.51500000000001,8.421167999999989,0.5450000000000159,82.86800000000002,95.018,-24.439999999999998,-28.111999999999995,-20.718999999999994,175,187,174,45,16,131.78,47.85,4.96,0.24,137.72666666666666,9.909272873873688,37.27333333333334,4.585333333333334,4.552508856541511,Devin,Singletary,HOU,RB,26,1
RB,87.97,4.8184499999999995,2.0474999999999994,79.897,92.875,-24.985000000000014,-31.083000000000013,-22.861999999999995,176,195,179,46,16,153.74,53.09,7.01,0.25,151.272,14.836084928309084,24.72800000000001,3.2040000000000006,2.711246699705999,Gus,Edwards,BAL,RB,28,2
RB,85.9225,1.452948000000006,1.8875000000000028,82.31700000000001,87.852,-27.032500000000013,-28.66300000000001,-27.88499999999999,182,188,194,47,16,161.54,55.88,5.7,0.1,152.92000000000002,18.74330920622076,29.079999999999984,2.5573333333333337,1.7253601234396132,Chuba,Hubbard,CAR,RB,24,-1
RB,84.035,9.236598000000006,1.6599999999999966,78.077,89.777,-28.920000000000016,-32.90300000000002,-25.959999999999994,188,201,187,48,16,134.76,49.24,4.19,0.23,137.715,5.9213110879263935,50.285,4.604000000000001,4.2811749166165445,Jaylen,Warren,PIT,RB,25,-2
RB,82.375,3.558240000000008,0.36249999999999716,79.64,86.03,-30.580000000000013,-31.340000000000018,-29.706999999999994,192,196,199,49,17,154.85,53.68,6.14,0.17,148.78199999999998,15.722983686310934,43.21800000000002,2.6966666666666668,1.9152081407048747,Kenneth,Gainwell,PHI,RB,24,-1
RB,82.0125,19.64445,3.8299999999999983,69.325,95.92000000000002,-30.94250000000001,-41.655000000000015,-19.81699999999998,195,218,166,50,17,132.79,48.82,5.01,0.63,126.07666666666667,8.715018964727244,68.92333333333333,6.244666666666667,5.057624299565514,Jerick,McKinnon,KCC,RB,31,6
RB,78.1825,24.477726000000008,0.34499999999999886,49.26400000000001,98.44900000000001,-34.77250000000001,-61.71600000000001,-17.287999999999982,201,303,150,51,17,120.93,44.15,7.22,0.82,115.02833333333334,29.38138209630188,85.97166666666666,9.943333333333335,9.26331234254549,Devon,Achane,MIA,RB,22,-3
RB,77.8375,2.520420000000025,6.642499999999998,75.02000000000001,82.715,-35.11750000000001,-35.96000000000001,-33.02199999999999,203,209,206,52,18,151.55,52.26,9.26,0.34,127.45400000000001,25.52206229911682,75.54599999999999,5.268666666666667,4.936470083864471,Tank,Bigsby,JAC,RB,22,-3
RB,71.19500000000001,29.659412999999997,1.3250000000000028,53.19050000000001,89.1995,-41.760000000000005,-57.78950000000001,-26.537499999999994,215,272,190,53,18,254.88,74.32,9.44,0.94,152.86,61.396866369546906,62.139999999999986,3.0480000000000005,NA,Israel,Abanikanda,NYJ,RB,21,-3
RB,69.87,46.538813999999974,0.7775000000000034,41.53900000000001,98.329,-43.08500000000001,-69.441,-17.408,217,353,151,54,18,156.51,53.81,10.36,0.99,131.036,28.44953257964004,85.964,5.614000000000002,6.17880829934058,Roschon,Johnson,CHI,RB,22,-3
RB,69.0925,5.4856200000000035,0.7750000000000057,65.223,72.63,-43.86250000000001,-45.75700000000002,-43.107,219,228,233,55,19,193.16,62.13,10.35,0.52,148.565,19.215981846716378,70.435,2.5753333333333335,2.150544943858546,Cordarrelle,Patterson,ATL,RB,32,7
RB,68.3175,5.144622000000019,1.8049999999999926,64.46,71.723,-44.63750000000002,-46.520000000000024,-44.013999999999996,221,230,237,56,19,235.74,69.93,8.67,0.4,174.65333333333334,13.71734992222947,46.346666666666664,2.123,1.0930000000000004,Chase,Edmonds,TBB,RB,27,2
RB,66.5125,11.193630000000006,1.5075000000000074,56.705000000000005,81.14000000000001,-46.44250000000001,-54.27500000000001,-34.59699999999998,227,257,212,57,19,170.19,57.81,6.83,0.5,157.54666666666665,6.309386305779312,69.45333333333335,4.337000000000001,3.0070000000000006,Jerome,Ford,CLE,RB,24,-2
RB,65.005,19.511015999999994,0.8899999999999864,49.516,86.32600000000001,-47.95000000000002,-61.46400000000002,-29.410999999999987,232,301,198,58,19,175.4,57.7,7.61,0.74,153.774,23.15184882466193,78.226,2.949333333333334,2.6153522813486445,Clyde,Edwards-Helaire,KCC,RB,24,0
RB,64.11500000000001,5.530097999999995,0.3100000000000094,56.67300000000001,78.093,-48.84,-54.30700000000001,-37.64399999999999,236,258,220,59,19,208.49,65.42,9.45,0.47,138.11333333333334,39.443843907791525,97.88666666666666,5.158000000000001,3.8180000000000014,Tyjae,Spears,TEN,RB,22,-3
RB,63.805,21.957305999999992,0.884999999999998,48.281000000000006,82.841,-49.15000000000001,-62.69900000000001,-32.896,237,309,205,60,19,208.82,64.88,7.19,0.77,178.86333333333334,12.861706297723051,58.136666666666656,3.701,2.6109999999999998,Joshua,Kelley,LAC,RB,26,0
RB,62.92,7.235087999999998,2.094999999999999,58.528,67.312,-50.03500000000001,-52.45200000000002,-48.425,239,243,252,61,20,212.48,65.01,8.53,0.47,161.68,19.654909056009387,77.32,2.384,1.7595847995100056,Michael,Carter,NYJ,RB,24,-1
RB,60.825,3.3358499999999998,2.1400000000000006,54.824999999999996,73.185,-52.13000000000001,-56.15500000000002,-42.55199999999999,249,266,230,62,20,233.05,69.51,10.68,0.48,133.8,48.17999999999999,115.19999999999999,4.037000000000001,2.947000000000001,Chase,Brown,CIN,RB,23,-3
RB,58.685,0.3187589999999998,1.0074999999999932,58.491499999999995,58.8785,-54.27000000000001,-52.48850000000002,-56.85849999999999,254,244,283,63,20,273.64,78.88,9.68,0.27,NA,NA,NA,1.8240000000000003,NA,Zonovan,Knight,NYJ,RB,22,-2
RB,57.67750000000001,1.0971240000000135,0.7475000000000094,53.184,68.295,-55.2775,-57.79600000000002,-47.44199999999999,258,273,248,64,20,288.88,82.44,8.3,0.22,NA,NA,NA,1.8480000000000003,NA,Ronald,Jones,DAL,RB,26,2
RB,56.93,4.744320000000004,1.0949999999999918,51.268,60.88,-56.02500000000001,-59.71200000000002,-54.85699999999999,262,288,277,65,20,283.47,82.56,13.6,0.68,222.3,NA,39.69999999999999,4.6080000000000005,NA,Keaontay,Ingram,ARI,RB,24,-2
RB,55.83500000000001,29.177568000000008,1.542500000000004,32.18200000000001,75.83200000000002,-57.120000000000005,-78.798,-39.90499999999997,267,392,223,66,21,147.33,51.91,7.07,0.87,128.906,29.574275037606586,138.094,7.2780000000000005,8.27802118061235,Kendre,Miller,NOS,RB,21,-3
RB,54.292500000000004,6.390006000000003,0.605000000000004,42.181,79.57600000000001,-58.66250000000001,-68.79900000000002,-36.16099999999999,275,348,216,67,21,252.38,75.64,13.15,0.69,181.41333333333333,18.952045330840214,93.58666666666667,3.104,2.104,Ty,Chandler,MIN,RB,25,-2
RB,53.6875,3.113460000000002,0.43250000000000455,47.910000000000004,65.685,-59.26750000000001,-63.070000000000014,-50.05199999999999,277,313,261,68,21,260.25,75.09,8.4,0.28,207.44,NA,69.56,0.9680000000000001,0.03199999999999992,Kyren,Williams,LAR,RB,23,-2
RB,53.254999999999995,24.974396999999993,1.1949999999999932,38.094500000000004,68.41549999999998,-59.70000000000002,-72.88550000000001,-47.321500000000015,282,372,245,69,21,304.9,87.21,10.11,0.9,77.48,NA,204.51999999999998,3.9600000000000004,NA,Eric,Gray,NYG,RB,24,-3
RB,52.06,NA,1.3175000000000026,52.06,52.06,-60.89500000000001,-58.920000000000016,-63.67699999999999,289,281,322,70,21,212.47,65.57,6.21,0.25,192.345,17.224999999999994,96.655,1.8440000000000003,0.8440000000000003,Pierre,Strong Jr.,NEP,RB,25,-2
RB,50.7425,1.6753380000000038,1.2274999999999991,39.183,79.17,-62.21250000000001,-71.79700000000003,-36.56699999999999,298,368,218,71,21,343.6,103.46,13.8,0.61,NA,NA,NA,1.1760000000000002,NA,Corey,Clement,ARI,RB,29,3
RB,49.515,27.405860999999998,1.6799999999999926,32.87850000000001,66.1515,-63.44000000000001,-78.10150000000002,-49.585499999999996,302,388,258,72,22,292.15,83.64,9.21,0.9,209.8,NA,92.19999999999999,1.4400000000000002,NA,Jordan,Mason,SFO,RB,24,-2
RB,47.83500000000001,7.509369000000001,2.2675000000000054,43.276500000000006,52.3935,-65.12,-67.70350000000002,-63.34349999999999,314,341,320,73,22,181.81,59.23,7.52,0.4,150.494,14.534598171260189,163.506,3.1833333333333336,2.246246251465369,Zamir,White,LVR,RB,24,-2
RB,45.5675,23.187864000000012,2.0774999999999935,26.831000000000003,61.43600000000001,-67.38750000000002,-84.14900000000002,-54.30099999999999,327,415,273,74,22,282.77,80.44,8.15,0.83,198.25,NA,128.75,1.7240000000000002,0.7240000000000002,Latavius,Murray,BUF,RB,33,7
RB,43.49000000000001,0.6078660000000001,0.12750000000000483,43.121,43.85900000000001,-69.465,-67.85900000000001,-71.87799999999999,340,342,357,75,22,256.18,73.68,8.08,0.2,NA,NA,NA,0.8160000000000002,NA,Isaiah,Spiller,LAC,RB,22,-2
RB,43.362500000000004,15.048389999999998,1.1649999999999991,26.590000000000003,55.435,-69.5925,-84.39000000000001,-60.30199999999999,341,416,303,76,22,260.23,76.64,13.76,0.86,174.965,45.935,166.035,7.536000000000001,NA,Malik,Davis,DAL,RB,25,-2
RB,42.197500000000005,24.878028,3.1875,25.477000000000004,57.922,-70.75750000000001,-85.50300000000001,-57.815,346,422,289,77,23,266.27,76.93,10.24,0.9,187.815,12.824999999999989,158.185,2.7200000000000006,1.7200000000000006,Zack,Moss,IND,RB,26,0
RB,39.010000000000005,11.994233999999999,0.30750000000000455,31.729,46.291,-73.94500000000001,-79.25100000000002,-69.446,359,395,350,78,23,324.78,93.14,11.65,0.75,NA,NA,NA,1.0800000000000003,NA,Kevin,Harris,NEP,RB,23,-2
RB,38.7025,10.15581,0.17499999999999716,28.384000000000004,46.465,-74.25250000000001,-82.59600000000002,-69.27199999999999,361,403,349,79,23,307.63,90.28,13.96,0.8,135.87,NA,225.13,3.1680000000000006,NA,Trayveon,Williams,CIN,RB,26,1
RB,38.5275,19.155191999999992,0.2150000000000034,25.723000000000003,50.608,-74.42750000000001,-85.25700000000002,-65.12899999999999,362,418,326,80,23,232.35,69.56,6.63,0.69,140.325,58.075,221.675,3.3200000000000007,2.3200000000000007,Zach,Evans,LAR,RB,22,-3
RB,38.3125,0.7413,0.8275000000000006,36.35000000000001,42.69500000000001,-74.64250000000001,-74.63000000000001,-73.04199999999999,363,377,360,81,23,284.58,81.56,8.28,0.21,224.87,NA,138.13,1.3040000000000003,0.30400000000000016,Matt,Breida,NYG,RB,28,3
RB,37.485,19.377582,0.6499999999999986,23.007000000000005,56.307,-75.47000000000001,-87.97300000000001,-59.42999999999999,367,441,297,82,23,298.03,84.71,8.57,0.77,NA,NA,NA,1.008,NA,JaMycal,Hasty,JAC,RB,27,0
RB,36.835,7.012698000000006,0.11999999999999744,23.907000000000004,44.42700000000001,-76.12,-87.07300000000001,-71.30999999999999,375,431,355,83,23,325.81,93.9,9.39,0.52,NA,NA,NA,2.5920000000000005,NA,Kenyan,Drake,IND,RB,29,4
RB,36.715,2.4314640000000005,0.48499999999999943,28.724000000000004,55.13,-76.24000000000001,-82.25600000000001,-60.60699999999999,376,402,306,84,23,334.52,101.69,14.21,0.64,NA,NA,NA,1.3920000000000001,NA,Ameer,Abdullah,LVR,RB,30,5
RB,36.230000000000004,16.264122,0.39750000000000085,26.357000000000003,46.103,-76.72500000000001,-84.62300000000002,-69.63399999999999,381,417,352,85,23,320.05,95.04,12.68,0.85,174.515,15.24499999999999,206.485,2.994,1.8540000000000005,Deon,Jackson,IND,RB,24,-1
RB,35.8325,5.782139999999997,0.8725000000000023,31.107,39.81,-77.1225,-79.87300000000002,-75.92699999999999,385,397,374,86,23,315.13,92.42,12.01,0.63,221.63,NA,163.37,2.7600000000000002,NA,Ke'Shawn,Vaughn,TBB,RB,26,0
RB,34.96,12.364884000000002,0.27250000000000085,27.454000000000004,42.46600000000001,-77.995,-83.52600000000001,-73.27099999999999,390,411,361,87,23,332.21,98.17,11.01,0.73,NA,NA,NA,1.1280000000000001,NA,Kene,Nwangwu,MIN,RB,25,-1
RB,34.6875,14.677739999999996,1.5300000000000011,23.590000000000003,49.285,-78.26750000000001,-87.39000000000001,-66.452,391,437,330,88,24,329.65,101.5,16.39,0.92,NA,NA,NA,1.5120000000000002,NA,Ty,Montgomery,NEP,RB,30,5
RB,33.1575,8.406341999999997,0.0049999999999954525,27.897000000000002,38.67,-79.79750000000001,-83.08300000000001,-77.067,398,408,380,89,24,316.32,100.08,16.06,0.83,NA,NA,NA,0.43200000000000005,NA,Raheem,Blackshear,CAR,RB,25,-2
RB,33.1525,1.5715560000000033,1.0625,23.884999999999998,37.304,-79.80250000000001,-87.09500000000003,-78.43299999999999,399,433,385,90,24,290.47,83.91,9.89,0.34,149.31,64.65,249.69,4.152,NA,Deuce,Vaughn,DAL,RB,22,-3
RB,32.09,NA,0.485000000000003,32.09,32.09,-80.86500000000001,-78.89000000000001,-83.64699999999999,401,394,414,91,24,319.07,91.34,8.11,0.54,210.66,NA,190.34,2.7840000000000003,NA,Melvin,Gordon,BAL,RB,30,5
RB,31.605,4.440387000000001,0.03500000000000014,28.909499999999998,34.3005,-81.35000000000001,-82.07050000000002,-81.4365,403,401,407,92,24,319.77,90.47,8.06,0.32,NA,NA,NA,NA,NA,Hassan,Haskins,TEN,RB,24,-2
RB,31.57,NA,2.245000000000001,31.57,31.57,-81.38500000000002,-79.410000000000025,-84.167,404,396,415,93,24,353.67,117,11.8,0.84,NA,NA,NA,NA,NA,Royce,Freeman,LAR,RB,27,2
RB,29.325,11.823734999999996,1.7099999999999973,22.1475,36.5025,-83.63000000000001,-88.83250000000001,-79.2345,410,448,393,94,24,349.1,109.27,9.75,0.67,NA,NA,NA,NA,NA,Craig,Reynolds,DET,RB,27,1
RB,27.615000000000002,11.542040999999998,0.07000000000000028,20.608500000000003,34.6215,-85.34,-90.37150000000001,-81.1155,417,460,406,95,25,373,118.1,13.48,0.81,NA,NA,NA,NA,NA,Kyle,Juszczyk,SFO,RB,32,7
RB,27.545,18.317522999999998,0.370000000000001,16.425500000000003,38.6645,-85.41000000000001,-94.55450000000002,-77.07249999999999,418,496,381,96,25,315,104.33,13.6,0.9,NA,NA,NA,NA,NA,Tony,Jones,DEN,RB,26,0
RB,27.175,6.931155,0.34750000000000014,22.9675,31.3825,-85.78000000000002,-88.01250000000002,-84.3545,421,442,417,97,25,333.97,95.98,7.55,0.38,NA,NA,NA,2.9520000000000004,NA,DeeJay,Dallas,SEA,RB,25,0
RB,26.8275,0.6226919999999972,0.32250000000000156,24.363,28.008,-86.12750000000001,-86.61700000000002,-87.729,422,427,422,98,25,320.33,96.5,13.49,0.56,84.23,NA,337.77,4.272000000000001,NA,Chris,Rodriguez,WAS,RB,23,-3
RB,26.505,12.594687,0.884999999999998,18.859499999999997,34.1505,-86.45000000000002,-92.12050000000002,-81.5865,423,467,408,99,25,350.67,120.17,15.36,0.87,NA,NA,NA,NA,NA,Gary,Brightwell,NYG,RB,24,-1
RB,25.62,2.846591999999997,0.0849999999999973,23.892000000000003,27.348,-87.33500000000001,-87.08800000000002,-88.389,425,432,426,100,25,279.35,80.79,10.86,0.47,143.495,57.945,281.505,6.024,NA,Evan,Hull,IND,RB,23,-3
RB,25.535000000000004,1.11195,0.32500000000000284,21.831,27.375000000000004,-87.42000000000002,-89.14900000000002,-88.362,426,454,425,101,25,377.71,117.21,11.95,0.49,NA,NA,NA,NA,NA,Travis,Homer,CHI,RB,25,1
RB,25.21,2.9800260000000023,0.134999999999998,23.401,27.019000000000002,-87.745,-87.57900000000002,-88.71799999999999,428,439,428,102,25,268.49,77.72,8.66,0.3,77.61,NA,350.39,3.3800000000000003,2.3800000000000003,DeWayne,McBride,MIN,RB,22,-3
RB,25.075000000000003,2.260964999999998,1.0950000000000024,23.702500000000004,26.4475,-87.88000000000001,-87.27750000000002,-89.28949999999999,429,435,432,103,25,274.24,78.32,8.36,0.25,NA,NA,NA,1.2720000000000002,NA,Boston,Scott,PHI,RB,28,2
RB,23.98,NA,0.4800000000000004,23.98,23.98,-88.97500000000001,-87.00000000000001,-91.75699999999999,430,430,447,104,25,297.01,84.52,8.47,0.57,155.555,73.84500000000001,274.445,3.8160000000000007,NA,Sean,Tucker,TBB,RB,22,-3
RB,23.5,0,0.375,23.5,23.5,-89.45500000000001,-87.48000000000002,-92.237,433,438,450,105,25,NA,NA,NA,0.01,NA,NA,NA,NA,NA,Sincere,McCormick,LVR,RB,23,-2
RB,23.125,1.742055000000001,0.4499999999999993,22.0675,24.1825,-89.83000000000001,-88.91250000000002,-91.55449999999999,437,450,445,106,25,271.09,78.92,10.82,0.42,206.1,NA,230.9,1.2920000000000003,0.29200000000000015,D'Ernest,Johnson,JAC,RB,27,1
RB,22.675,6.857024999999999,0.08500000000000085,18.512500000000003,26.8375,-90.28000000000002,-92.46750000000002,-88.89949999999999,438,472,430,107,25,313,101,15.98,0.81,NA,NA,NA,NA,NA,Damien,Williams,LVR,RB,31,6
RB,22.59,NA,0.05999999999999872,22.59,22.59,-90.36500000000001,-88.39000000000001,-93.14699999999999,439,443,457,108,25,NA,134,11.94,0.85,NA,NA,NA,NA,NA,Patrick,Taylor,GBP,RB,25,0
RB,22.53,NA,0.06499999999999773,22.53,22.53,-90.42500000000001,-88.45000000000002,-93.207,440,444,459,109,25,360,NA,NA,NA,NA,NA,NA,NA,NA,J.J.,Taylor,NEP,RB,25,0
RB,22.465000000000003,0.4966709999999986,0.1650000000000027,22.163500000000003,22.7665,-90.49000000000001,-88.81650000000002,-92.97049999999999,441,447,455,110,25,371,112.6,10.56,0.35,NA,NA,NA,NA,NA,Anthony,McFarland,PIT,RB,24,0
RB,22.3,NA,0.41499999999999915,22.3,22.3,-90.65500000000002,-88.68000000000002,-93.437,442,446,460,111,25,323.92,92.1,8.35,0.55,NA,NA,NA,1.8960000000000004,NA,Chris,Evans,CIN,RB,26,-1
RB,22.3,0.444780000000001,0,22.03,22.57,-90.65500000000002,-88.95000000000002,-93.167,442,452,458,111,25,316.88,91.29,12.16,0.48,91.71,NA,350.29,3.9360000000000004,NA,Kenny,McIntosh,SEA,RB,23,-3
RB,21.885,6.842198999999997,0.02500000000000213,17.731500000000004,26.0385,-91.07000000000001,-93.2485,-89.6985,445,482,434,112,25,353.5,120.63,8.69,0.46,NA,NA,NA,NA,NA,Snoop,Conner,JAC,RB,24,-2
RB,21.86,NA,0.1999999999999993,21.86,21.86,-91.09500000000001,-89.12000000000002,-93.877,446,453,461,113,25,301.08,85.92,10.1,0.72,NA,NA,NA,1.3440000000000003,NA,Tyrion,Davis-Price,SFO,RB,23,-2
RB,21.66,7.620564000000001,0.03500000000000014,17.034,26.286,-91.29500000000002,-93.94600000000003,-89.451,448,492,433,114,25,NA,NA,NA,0.35,NA,NA,NA,NA,NA,Hunter,Luepke,DAL,RB,23,-3
RB,21.625,6.634634999999999,0.514999999999997,17.5975,25.652500000000003,-91.33000000000001,-93.38250000000002,-90.08449999999999,449,483,438,115,25,NA,124,8.04,0.41,NA,NA,NA,NA,NA,Dare,Ogunbowale,HOU,RB,29,3
RB,21.110000000000003,NA,0.18000000000000327,21.110000000000003,21.110000000000003,-91.84500000000001,-89.87000000000002,-94.627,453,458,465,116,25,282.23,82.54,13.53,0.92,155.3,NA,297.7,2.2080000000000006,NA,James,Robinson,NYG,RB,25,0
RB,20.93,6.330701999999999,0.1999999999999993,17.087,24.773,-92.025,-93.89300000000001,-90.964,454,489,442,117,25,NA,128,7.07,0.31,NA,NA,NA,NA,NA,John,Kelly,CLE,RB,27,2
RB,20.73,5.589401999999999,0.05000000000000071,17.337,24.122999999999998,-92.22500000000001,-93.64300000000001,-91.614,455,487,446,118,26,300.5,107.29,17.08,0.82,NA,NA,NA,2.1600000000000006,NA,Rico,Dowdle,DAL,RB,25,0
RB,20.68,8.332212,0.8999999999999986,15.622000000000002,25.738,-92.275,-95.35800000000002,-89.999,456,502,437,119,26,337.8,117.22,14.51,0.78,NA,NA,NA,NA,NA,Brandon,Bolden,LVR,RB,33,8
RB,19.78,9.221772,0.4750000000000014,14.182,25.378,-93.17500000000001,-96.79800000000002,-90.359,459,511,440,120,26,NA,NA,NA,0.48,NA,NA,NA,NA,NA,Ty'Son,Williams,ARI,RB,27,0
RB,19.305,7.405587,0.3949999999999996,14.809500000000002,23.800500000000003,-93.65,-96.17050000000002,-91.9365,461,508,448,121,26,343,110.67,8.99,0.51,NA,NA,NA,2.5440000000000005,NA,Lew,Nichols,GBP,RB,22,-3
RB,18.91,NA,0.6400000000000006,18.91,18.91,-94.04500000000002,-92.07000000000002,-96.827,463,466,472,122,26,NA,122.5,9.5,0.68,NA,NA,NA,NA,NA,Jonathan,Williams,WAS,RB,29,4
RB,18.27,NA,0.7049999999999983,18.27,18.27,-94.68500000000002,-92.71000000000002,-97.467,469,475,476,123,26,343,116.5,15.14,0.96,NA,NA,NA,NA,NA,Demetric,Felton,CLE,RB,25,-1
RB,18.27,NA,0.7049999999999983,18.27,18.27,-94.68500000000002,-92.71000000000002,-97.467,469,475,476,123,26,343,151.75,30.09,0.99,NA,NA,NA,NA,NA,Demetric,Felton,CLE,RB,25,-1
RB,17.565,8.799230999999999,0.495000000000001,12.223500000000001,22.9065,-95.39000000000001,-98.75650000000002,-92.8305,471,526,454,124,26,NA,110.5,10.5,0.63,NA,NA,NA,NA,NA,Brittain,Brown,LVR,RB,26,-2
RB,17.07,NA,0.14999999999999858,17.07,17.07,-95.88500000000002,-93.910000000000025,-98.667,474,490,478,125,26,284.57,84.08,15.38,0.97,147.95,61.38000000000001,326.05,2.984,1.984,Deneric,Prince,KCC,RB,23,-3
RB,16.92,9.458988,0.3099999999999987,11.178,22.662,-96.03500000000001,-99.80200000000002,-93.07499999999999,475,539,456,126,26,NA,135.8,10.85,0.67,NA,NA,NA,NA,NA,Zander,Horvath,LAC,RB,25,-2
RB,16.610000000000003,NA,0.490000000000002,16.610000000000003,16.610000000000003,-96.34500000000001,-94.37000000000002,-99.127,476,495,481,127,26,355.5,118.6,8.55,0.59,NA,NA,NA,NA,NA,Tyler,Badie,DEN,RB,23,-2
RB,16.12,NA,0.4400000000000013,16.12,16.12,-96.83500000000001,-94.86000000000001,-99.61699999999999,477,497,484,128,26,330.58,95.08,7.69,0.49,NA,NA,NA,NA,NA,Salvon,Ahmed,MIA,RB,25,0
RB,15.68,NA,0.23999999999999844,15.68,15.68,-97.275,-95.30000000000001,-100.05699999999999,480,501,485,129,26,384.33,117.36,7.43,0.44,NA,NA,NA,3.7680000000000007,NA,Mohamed,Ibrahim,DET,RB,25,-3
RB,15.440000000000001,NA,1.240000000000002,15.440000000000001,15.440000000000001,-97.51500000000001,-95.54000000000002,-100.297,483,504,486,130,26,341.59,99.02,6.98,0.37,NA,NA,NA,NA,NA,Myles,Gaskin,MIA,RB,26,1
RB,14.2,NA,1.2199999999999989,14.2,14.2,-98.75500000000001,-96.78000000000002,-101.53699999999999,487,510,489,131,27,358,111.58,13.94,0.94,NA,NA,NA,NA,NA,Justice,Hill,BAL,RB,26,1
RB,12.98,NA,0.34999999999999964,12.98,12.98,-99.97500000000001,-98.00000000000001,-102.75699999999999,492,519,495,132,27,NA,NA,NA,NA,NA,NA,NA,NA,NA,Kirk,Merritt,NOS,WR,26,0
RB,12.63,NA,1.4700000000000006,12.63,12.63,-100.32500000000002,-98.35000000000002,-103.107,494,524,497,133,27,NA,137,9.22,0.65,NA,NA,NA,NA,NA,Reggie,Gilliam,BUF,RB,26,0
RB,11.16,NA,0.15000000000000036,11.16,11.16,-101.79500000000002,-99.82000000000002,-104.577,500,540,501,134,27,320.8,110.25,13.6,0.93,NA,NA,NA,2.6880000000000006,NA,Keaton,Mitchell,BAL,RB,NA,-3
RB,11.01,NA,0.5899999999999981,11.01,11.01,-101.94500000000001,-99.97000000000001,-104.72699999999999,501,543,502,135,27,NA,120.4,11.79,0.84,NA,NA,NA,NA,NA,Alec,Ingold,MIA,RB,27,1
RB,10.420000000000002,NA,0.0400000000000027,10.420000000000002,10.420000000000002,-102.53500000000001,-100.56000000000002,-105.317,506,558,505,136,27,363.6,114.07,10.15,0.73,NA,NA,NA,NA,NA,Mike,Boone,HOU,RB,28,2
RB,10.379999999999999,NA,0.16999999999999993,10.379999999999999,10.379999999999999,-102.57500000000002,-100.60000000000002,-105.357,507,559,506,137,27,NA,131.17,5.05,0.13,NA,NA,NA,NA,NA,Darrynton,Evans,BUF,RB,25,0
RB,10.209999999999999,NA,0.46999999999999886,10.209999999999999,10.209999999999999,-102.74500000000002,-100.77000000000002,-105.527,508,564,508,138,27,NA,129,12.25,0.86,NA,NA,NA,NA,NA,Larry,Rountree,LAC,RB,25,-1
RB,9.74,NA,0.1999999999999993,9.74,9.74,-103.21500000000002,-101.24000000000002,-105.997,510,566,511,139,27,355.67,117,8.51,0.58,NA,NA,NA,NA,NA,Trey,Sermon,PHI,RB,24,-1
RB,9.540000000000001,NA,0.09999999999999964,9.540000000000001,9.540000000000001,-103.415,-101.44000000000001,-106.19699999999999,512,570,512,140,27,NA,122.09,9.82,0.7,NA,NA,NA,NA,NA,Trestan,Ebner,CHI,RB,24,-2
RB,9.440000000000001,NA,0.6300000000000008,9.440000000000001,9.440000000000001,-103.51500000000001,-101.54000000000002,-106.297,513,572,514,141,27,NA,127,13.37,0.91,NA,NA,NA,NA,NA,C.J.,Ham,MIN,RB,30,4
RB,8.81,NA,0.14000000000000057,8.81,8.81,-104.14500000000001,-102.17000000000002,-106.92699999999999,517,575,518,142,27,NA,126.43,5.07,0.14,NA,NA,NA,NA,NA,Julius,Chestnut,TEN,RB,23,-2
RB,8.67,NA,0.2599999999999998,8.67,8.67,-104.28500000000001,-102.31000000000002,-107.067,519,579,520,143,27,NA,NA,NA,NA,NA,NA,NA,NA,NA,Damarea,Crockett,NYJ,RB,26,1
RB,8.41,NA,0.019999999999999574,8.41,8.41,-104.54500000000002,-102.57000000000002,-107.327,523,580,521,144,27,NA,NA,NA,NA,NA,NA,NA,NA,NA,Jake,Funk,IND,RB,25,-1
RB,8.39,NA,0.07000000000000028,8.39,8.39,-104.56500000000001,-102.59000000000002,-107.347,524,581,522,145,27,NA,137.33,11.03,0.8,NA,NA,NA,NA,NA,Jermar,Jefferson,DET,RB,23,-1
RB,8.32,NA,0.8300000000000001,8.32,8.32,-104.63500000000002,-102.66000000000003,-107.417,525,582,524,146,27,NA,NA,NA,NA,NA,NA,NA,NA,NA,Lamical,Perine,KCC,RB,25,0
RB,7.49,NA,0.02999999999999936,7.49,7.49,-105.46500000000002,-103.49000000000002,-108.247,531,587,526,147,27,NA,139,9,0.64,NA,NA,NA,NA,NA,Jonathan,Ward,TEN,RB,26,0
RB,7.460000000000001,NA,0.11000000000000032,7.460000000000001,7.460000000000001,-105.495,-103.52000000000001,-108.27699999999999,532,588,527,148,27,NA,NA,NA,NA,NA,NA,NA,NA,NA,Qadree,Ollison,JAC,RB,27,1
RB,7.3500000000000005,NA,0.08000000000000007,7.3500000000000005,7.3500000000000005,-105.60500000000002,-103.63000000000002,-108.387,533,589,528,149,27,NA,129.89,10.95,0.79,NA,NA,NA,NA,NA,Patrick,Ricard,BAL,RB,29,3
RB,7.3500000000000005,NA,0,7.3500000000000005,7.3500000000000005,-105.60500000000002,-103.63000000000002,-108.387,533,589,528,149,27,NA,82,9.87,0.71,NA,NA,NA,NA,NA,Giovanni,Ricci,CAR,TE,27,0
RB,7.2700000000000005,NA,0.04999999999999982,7.2700000000000005,7.2700000000000005,-105.68500000000002,-103.71000000000002,-108.467,534,590,529,150,27,NA,NA,NA,NA,NA,NA,NA,NA,NA,Patrick,Laird,TBB,RB,28,1
RB,7.220000000000001,NA,0.040000000000000036,7.220000000000001,7.220000000000001,-105.73500000000001,-103.76000000000002,-108.517,535,591,530,151,27,NA,NA,NA,NA,NA,NA,NA,NA,NA,Spencer,Brown,CAR,RB,25,-1
RB,7.180000000000001,NA,0.20000000000000018,7.180000000000001,7.180000000000001,-105.775,-103.80000000000001,-108.55699999999999,536,592,532,152,28,NA,NA,NA,NA,NA,NA,NA,NA,NA,Godwin,Igwebuike,ATL,RB,29,2
RB,6.98,NA,0.0600000000000005,6.98,6.98,-105.97500000000001,-104.00000000000001,-108.75699999999999,537,594,534,153,28,NA,NA,NA,NA,NA,NA,NA,NA,NA,Jason,Cabinda,DET,LB,27,2
RB,6.92,NA,0.03999999999999915,6.92,6.92,-106.03500000000001,-104.06000000000002,-108.817,538,595,536,154,28,NA,123.33,8.18,0.54,NA,NA,NA,NA,NA,Avery,Williams,ATL,RB,25,-1
RB,6.880000000000001,NA,0.08999999999999986,6.880000000000001,6.880000000000001,-106.07500000000002,-104.10000000000002,-108.857,540,596,537,155,28,NA,NA,NA,NA,NA,NA,NA,NA,NA,Nate,McCrary,GBP,RB,24,-1
RB,6.790000000000001,NA,0.010000000000000675,6.790000000000001,6.790000000000001,-106.165,-104.19000000000001,-108.94699999999999,541,597,538,156,28,NA,124,18.83,0.99,NA,NA,NA,NA,NA,Jaret,Patterson,WAS,RB,24,-1
RB,6.78,NA,0.22999999999999954,6.78,6.78,-106.17500000000001,-104.20000000000002,-108.957,542,598,539,157,28,NA,128,7.35,0.43,NA,NA,NA,NA,NA,Ronnie,Rivers,LAR,RB,24,-2
RB,6.550000000000001,NA,0.6800000000000006,6.550000000000001,6.550000000000001,-106.40500000000002,-104.43000000000002,-109.187,545,599,540,158,28,NA,NA,NA,NA,NA,NA,NA,NA,NA,Gerrid,Doaks,HOU,RB,25,-1
RB,5.87,NA,0.9299999999999997,5.87,5.87,-107.08500000000001,-105.11000000000001,-109.86699999999999,551,600,545,159,28,NA,111,20.41,0.99,NA,NA,NA,NA,NA,Jaleel,McLaughlin,DEN,RB,24,-3
RB,4.94,NA,0.040000000000000036,4.94,4.94,-108.01500000000001,-106.04000000000002,-110.797,558,602,548,160,28,NA,143.33,9.29,0.66,NA,NA,NA,NA,NA,Michael,Burton,DEN,RB,31,5
RB,4.9,NA,0.47000000000000064,4.9,4.9,-108.055,-106.08000000000001,-110.83699999999999,560,603,549,161,28,NA,149.5,7.5,0.45,NA,NA,NA,NA,NA,Adam,Prentice,NOS,RB,26,-1
RB,4.43,NA,0.6399999999999997,4.43,4.43,-108.525,-106.55000000000001,-111.30699999999999,567,604,554,162,28,NA,NA,NA,NA,NA,NA,NA,NA,NA,Jason,Huntley,IND,RB,25,0
RB,3.79,NA,0.21999999999999975,3.79,3.79,-109.165,-107.19000000000001,-111.94699999999999,575,605,558,163,28,NA,147.5,6.5,0.29,NA,NA,NA,NA,NA,Khari,Blasingame,CHI,RB,27,1
RB,3.5700000000000003,NA,0.5699999999999998,3.5700000000000003,3.5700000000000003,-109.38500000000002,-107.41000000000003,-112.167,584,606,560,164,28,NA,133.67,10.21,0.74,NA,NA,NA,NA,NA,Keith,Smith,ATL,RB,31,6
RB,3.0000000000000004,NA,1.1200000000000003,3.0000000000000004,3.0000000000000004,-109.95500000000001,-107.98000000000002,-112.737,591,607,567,165,28,NA,145.33,7.13,0.4,NA,NA,NA,NA,NA,Jakob,Johnson,LVR,RB,29,1
RB,1.8800000000000001,NA,1.1500000000000001,1.8800000000000001,1.8800000000000001,-111.07500000000002,-109.10000000000002,-113.857,598,608,585,166,28,NA,NA,NA,NA,NA,NA,NA,NA,NA,Tyler,Goodson,GBP,RB,23,-2
RB,0.73,NA,0,0.73,0.73,-112.22500000000001,-110.25000000000001,-115.00699999999999,605,609,597,167,28,NA,NA,NA,NA,NA,NA,NA,NA,NA,Khalan,Laborn,SFO,RB,24,-3
WR,200.09500000000003,0.9785159999999948,5.50750000000005,191.06400000000002,203.93400000000003,85.81750000000002,85.64400000000002,85.09700000000002,10,6,13,1,1,1.72,1.19,0.46,0.01,2.015,0.5560500576986452,7.984999999999999,52.647999999999996,10.83599532422687,Justin,Jefferson,MIN,WR,24,0
WR,194.58749999999998,15.937949999999999,5.789999999999964,175.78000000000003,207.77499999999998,80.30999999999997,70.36000000000003,88.93799999999997,13,14,11,2,2,3.79,2.12,0.68,0.52,4.306666666666667,0.7076643900104687,8.693333333333333,48.33266666666667,10.933499632881603,Ja'Marr,Chase,CIN,WR,23,-1
WR,188.7975,7.249913999999979,3.5325000000000273,181.53,194.301,74.52000000000001,76.11,75.46399999999998,15,8,17,3,2,9.42,4.34,1.64,0.16,9.04,2.8192197502145877,5.960000000000001,42.334,7.060203396503532,Cooper,Kupp,LAR,WR,30,3
WR,185.265,5.3521859999999775,8.342499999999973,166.455,194.499,70.98749999999998,61.03500000000001,75.66199999999999,17,18,16,4,3,8.02,3.45,0.99,0.08,9.128333333333334,1.7412200384277174,7.871666666666666,45.48866666666667,5.468527244352194,Tyreek,Hill,MIA,WR,29,4
WR,176.9225,7.665042000000023,8.357500000000016,170.017,187.432,62.64500000000001,64.597,68.59499999999998,18,17,19,5,4,15.1,7.61,2.03,0.23,16.993333333333332,2.306358360899036,1.0066666666666677,39.67866666666667,6.581274716108493,Davante,Adams,LVR,WR,31,6
WR,168.565,4.366256999999989,1.5199999999999818,163.6945,176.9875,54.287499999999994,58.2745,58.15050000000001,22,19,25,6,5,12.23,5.82,1.32,0.06,13.678333333333333,2.291029002192877,8.321666666666667,43.094,6.31813411274774,Stefon,Diggs,BUF,WR,30,5
WR,167.04500000000002,0.14825999999999157,1.9975000000000023,154.592,171.89,52.76750000000001,49.17200000000001,53.05299999999998,25,25,30,7,5,13.05,6.36,1.65,0.01,15.138333333333334,1.2288397870439502,9.861666666666666,34.70733333333334,3.813222725668611,A.J.,Brown,PHI,WR,26,1
WR,165.0475,4.670190000000008,12.41500000000002,157.915,179.056,50.77000000000001,52.49499999999999,60.21900000000001,29,22,24,8,6,13.7,6.72,1.54,0.08,15.155000000000001,2.2397749142864036,13.844999999999999,36.942,4.576858602433184,CeeDee,Lamb,DAL,WR,24,0
WR,152.6325,4.062323999999971,1.142499999999984,146.174,165.47899999999998,38.35499999999999,40.754000000000005,46.64199999999998,37,36,35,9,6,18.99,9.64,1.78,0.07,22.111666666666665,4.8374904536225065,14.888333333333335,31.218000000000004,4.9000933324444595,Garrett,Wilson,NYJ,WR,23,-2
WR,151.49,5.189100000000042,1.1050000000000182,147.55,156.69400000000002,37.212500000000006,42.13000000000001,37.85700000000001,38,33,42,10,7,17.45,8.72,1.61,0.1,20.64,3.706746102266335,17.36,31.41,3.895749820851776,Amon-Ra,St. Brown,DET,WR,24,-1
WR,150.385,5.337360000000033,1.9974999999999739,144.96,159.306,36.10749999999999,39.540000000000006,40.46900000000001,40,38,39,11,7,20.87,10.8,0.94,0.08,23.773333333333333,1.4136909924811087,16.226666666666667,27.216,3.5421545232621736,Jaylen,Waddle,MIA,WR,25,-1
WR,148.38750000000002,0.8895599999999915,5.071249999999992,146.645,149.39000000000001,34.110000000000014,41.22500000000001,30.55300000000001,43,35,49,12,8,34.64,16.32,3.6,0.05,39.94166666666666,3.6750574447513356,3.058333333333337,20.107333333333333,5.603765480063881,Deebo,Samuel,SFO,WR,27,1
WR,143.31625000000003,9.71844300000001,0.6087500000000432,137.40050000000002,149.258,29.03875000000002,31.98050000000002,30.421000000000006,48,43,50,13,8,32.14,15.18,2.98,0.38,42.325,5.83798409841388,5.674999999999997,18.877333333333336,3.0802966668091503,Amari,Cooper,CLE,WR,29,5
WR,142.70749999999998,2.6612670000000236,0.014999999999986358,135.5345,146.46050000000002,28.42999999999998,30.114500000000007,27.62350000000002,50,46,53,14,8,27.53,13.68,2.02,0.04,33.22833333333333,3.7043416719063895,16.77166666666667,22.735333333333333,2.8374572341368527,Tee,Higgins,CIN,WR,24,0
WR,142.6925,0.2075640000000219,2.7924999999999898,138.751,144.28600000000003,28.414999999999992,33.331,25.449000000000026,51,42,57,15,9,47.94,21.84,4.86,0.05,59.685,9.843235833132653,-8.685000000000002,9.640666666666666,3.9920154753652395,Christian,Watson,GBP,WR,24,-2
WR,139.9,2.0311619999999646,2.1125000000000114,136.041,142.143,25.622500000000002,30.620999999999995,23.305999999999997,53,45,58,16,9,34.17,16.05,1.98,0.03,31.368333333333332,4.259528208094831,21.631666666666668,22.171333333333333,2.884115731997513,DeVonta,Smith,PHI,WR,25,-1
WR,137.7875,0.44478000000001683,0.07874999999998522,133.195,139.72,23.50999999999999,27.77499999999999,20.882999999999996,56,50,62,17,9,47.6,21.58,3.98,0.04,58.26833333333333,6.7327963894820275,-2.268333333333331,12.731333333333334,5.5390243023679036,Jerry,Jeudy,DEN,WR,24,0
WR,137.70875,8.903013000000035,2.548749999999984,123.46100000000001,146.51450000000003,23.431250000000006,18.04100000000001,27.677500000000023,57,60,52,18,9,35.72,16.59,2.4,0.3,37.88666666666667,5.21654632449052,19.11333333333333,23.250666666666667,6.0467347294956575,DK,Metcalf,SEA,WR,26,1
WR,135.16000000000003,2.7428099999999915,1.1100000000000136,130.271,138.065,20.88250000000002,24.850999999999985,19.227999999999994,60,54,64,19,10,44.74,20.32,4.57,0.12,54.06,6.969086501591631,5.939999999999998,15.282,6.839838789523236,D.J.,Moore,CHI,WR,26,2
WR,134.05,5.2039260000000285,0.5074999999999932,129.051,141.99299999999997,19.772500000000008,23.630999999999986,23.155999999999963,61,56,59,20,10,26.97,13.32,1.81,0.1,31.871666666666666,7.21936843190286,29.128333333333334,24.39666666666667,2.273211140411045,Chris,Olave,NOS,WR,23,-2
WR,133.54250000000002,7.1906099999999915,4.465000000000003,128.53500000000003,139.578,19.265000000000015,23.115000000000023,20.741,62,57,63,21,11,44.29,20.39,4.41,0.33,39.660000000000004,3.6883645879079436,22.339999999999996,24.346000000000004,11.38156134573226,Calvin,Ridley,JAC,WR,29,2
WR,129.07750000000001,2.61678899999998,0.5200000000000102,116.21150000000002,135.0035,14.800000000000011,10.791500000000013,16.1665,67,75,66,22,11,60.49,27.01,4.71,0.12,65.77,10.316921375423323,1.230000000000004,10.867333333333335,6.266439783126906,Mike,Williams,LAC,WR,29,3
WR,128.5575,0.4892579999999764,0.34250000000000114,118.53,132.597,14.280000000000001,13.11,13.760000000000005,69,69,70,23,11,67.79,30.43,4.42,0.05,78.13666666666667,7.422321439789274,-9.13666666666667,11.341333333333335,8.211721919846587,Mike,Evans,TBB,WR,30,6
WR,128.215,0.7857780000000438,1.0150000000000006,120.31500000000001,131.54700000000003,13.9375,14.89500000000001,12.710000000000022,70,67,74,24,11,54,24.11,4.78,0.07,55.425,5.250500769767902,14.575000000000003,16.631333333333334,5.914404187142514,DeAndre,Hopkins,TEN,WR,31,7
WR,127.2,5.997117000000023,1.8149999999999835,123.00450000000001,132.2835,12.9225,17.584500000000006,13.4465,71,61,72,25,11,47.71,21.69,2.95,0.18,50.07333333333333,5.842561272440557,20.92666666666667,20.111333333333334,7.096090253716402,Keenan,Allen,LAC,WR,31,7
WR,125.38500000000002,8.006040000000008,0.05500000000000682,119.74,132.28600000000003,11.107500000000016,14.319999999999993,13.449000000000026,73,68,71,26,11,63.8,28.69,3.99,0.35,74.34333333333333,8.353499599303008,-1.3433333333333337,10.358,6.370742081317269,Christian,Kirk,JAC,WR,27,2
WR,125.33000000000001,9.488639999999986,5.240000000000009,118.34000000000002,134.28799999999998,11.052500000000009,12.920000000000016,15.45099999999998,74,70,68,27,12,49.09,21.99,2.81,0.37,54.01,7.107770395841443,19.990000000000002,15.086666666666668,6.014079776287938,Terry,McLaurin,WAS,WR,28,1
WR,120.09,3.4248060000000033,0.7775000000000034,116.035,122.92899999999999,5.8125,10.614999999999995,4.0919999999999845,80,76,83,28,12,57.08,26.01,4.27,0.13,74.36166666666666,8.05059090308835,5.638333333333335,9.153333333333334,3.700246238052574,Brandon,Aiyuk,SFO,WR,25,0
WR,119.3125,0.13343399999998398,0.6875,114.06400000000001,121.381,5.034999999999997,8.644000000000005,2.543999999999997,82,81,88,29,13,58.05,26.19,3.5,0.03,66.48,7.073000306329227,15.519999999999996,11.032666666666668,2.952612553127974,Drake,London,ATL,WR,22,-2
WR,118.625,2.298029999999996,0.9950000000000045,114.045,121.245,4.347499999999997,8.625,2.4080000000000013,83,82,90,30,13,73.95,33.31,4.49,0.11,93.29166666666667,14.138537662085927,-10.291666666666671,9.144000000000002,6.649718189517509,Marquise,Brown,ARI,WR,26,1
WR,117.63,NA,0.8999999999999773,117.63,117.63,3.352499999999992,12.209999999999994,-1.2070000000000078,84,71,101,31,13,80.72,35.95,5.43,0.24,97.195,12.841638978988106,-13.194999999999993,6.154666666666667,3.8787287722769292,Gabriel,Davis,BUF,WR,24,0
WR,116.73000000000002,0.8450819999999898,0.2225000000000108,115.515,117.51300000000002,2.452500000000015,10.094999999999999,-1.3239999999999839,85,78,103,32,13,80.57,36.03,4.48,0.06,86.14833333333333,11.75924376347769,-1.1483333333333263,6.758666666666667,3.366153624275372,George,Pickens,PIT,WR,22,-2
WR,116.50750000000001,3.3210240000000133,0.2524999999999977,113.424,121.299,2.230000000000004,8.004000000000005,2.4620000000000033,86,83,89,33,13,62.43,28.11,5.08,0.16,72.25,10.716852771841802,13.75,12.391333333333334,5.02878284367986,Tyler,Lockett,SEA,WR,31,5
WR,116.25500000000001,3.8102819999999897,0.26178571428572184,107.97500000000002,120.863,1.9775000000000063,2.555000000000021,2.0259999999999962,87,90,92,34,13,95.76,41.45,3.46,0.11,102.27666666666667,6.842203998387918,-15.27666666666667,7.831333333333334,6.05082833631525,Brandin,Cooks,DAL,WR,30,6
WR,115.99321428571429,0.9340379999999932,1.7157142857142844,109.50657142857145,118.837,1.7157142857142844,4.086571428571446,0,89,85,96,35,13,76.23,34.28,4.4,0.06,92.86333333333333,10.889081177440492,-3.8633333333333297,5.510000000000001,3.268465491123728,Jahan,Dotson,WAS,WR,23,-2
WR,114.2775,13.209965999999994,0.3299999999999983,105.42,122.619,0,0,3.7819999999999965,95,96,86,36,13,67.91,30.65,3.66,0.54,74.805,10.659671273855805,20.194999999999993,12.199333333333334,6.685203628578232,Chris,Godwin,TBB,WR,27,3
WR,113.9475,16.87198799999999,5.780000000000015,101.307,125.112,-0.3299999999999983,-4.1129999999999995,6.2749999999999915,97,106,79,37,14,73.23,32.89,3.76,0.65,89.05333333333333,9.735492911107388,7.9466666666666725,10.023333333333335,6.616717883932757,Diontae,Johnson,PIT,WR,27,1
WR,108.16749999999999,0.02965200000001517,1.7699999999999818,105.205,109.318,-6.110000000000014,-0.2150000000000034,-9.519000000000005,118,98,126,38,15,88.36,39.55,5.98,0.09,99.14833333333333,28.90677049681537,18.851666666666674,14.262666666666666,14.830000704278097,Jordan,Addison,MIN,WR,21,-3
WR,106.39750000000001,8.569428000000002,2.4187499999999886,96.84700000000002,113.27200000000002,-7.8799999999999955,-8.572999999999979,-5.5649999999999835,123,121,116,39,15,88.58,39.07,5.39,0.43,109.2,18.034319135100905,13.799999999999997,3.8713333333333333,2.051215141216434,Treylon,Burks,TEN,WR,23,-2
WR,103.97875000000002,13.936440000000008,0.0062500000000085265,93.04,118.88350000000001,-10.298749999999984,-12.379999999999995,0.04650000000000887,129,137,95,40,15,97.07,42.62,4.77,0.6,114.15,19.38965531754841,14.849999999999994,7.105333333333334,5.771045274086451,Courtland,Sutton,DEN,WR,28,2
WR,103.97250000000001,4.062324000000014,1.8575000000000017,100.274,109.64300000000001,-10.304999999999993,-5.146000000000001,-9.193999999999988,131,111,125,41,16,89.78,39.86,5.48,0.25,95.11333333333333,25.873935834262934,35.88666666666667,18.77666666666667,20.849435377380264,Jaxon,Smith-Njigba,SEA,WR,21,-3
WR,102.11500000000001,1.6901640000000007,0.730000000000004,100.97399999999999,103.44,-12.162499999999994,-4.446000000000012,-15.397000000000006,137,107,138,42,16,108.08,46.73,7.06,0.22,114.65833333333333,29.81394775194247,22.34166666666667,11.35266666666667,11.922110588687262,Zay,Flowers,BAL,WR,23,-3
WR,101.385,0.1779119999999646,0.8575000000000017,97.13000000000001,103.08800000000001,-12.892499999999998,-8.289999999999992,-15.748999999999995,139,119,142,43,16,114.8,50.16,6.41,0.11,108.37166666666667,7.133812483907573,30.62833333333333,7.932666666666667,6.211499085477587,Michael,Thomas,NOS,WR,30,4
WR,100.5275,18.176676000000008,3.194999999999993,88.135,112.084,-13.75,-17.284999999999997,-6.753,142,156,118,44,16,77.09,34.16,4.45,0.7,87.85166666666666,18.065212810506523,54.14833333333334,8.366,3.9540888541693997,Michael,Pittman,IND,WR,26,0
WR,97.33250000000001,1.7346420000000025,0.96875,94.37700000000001,103.33200000000001,-16.944999999999993,-11.042999999999992,-15.504999999999995,149,133,140,45,17,120.63,51.77,6.25,0.15,133.06833333333333,16.821988999190584,15.931666666666672,2.922,2.2449843355058556,Jakobi,Meyers,LVR,WR,27,1
WR,96.36375000000001,1.0822979999999847,1.0487500000000125,93.643,102.3865,-17.913749999999993,-11.777000000000001,-16.450500000000005,150,136,145,46,17,138.52,58.73,7.65,0.22,142.325,26.96619782245914,7.675000000000011,3.5493333333333332,3.295631586745636,D.J.,Chark,CAR,WR,27,2
WR,95.315,3.7064999999999997,0.25,90.76400000000001,98.45,-18.962500000000006,-14.655999999999992,-20.387,153,148,169,47,17,126.2,53.95,6.68,0.28,139.63,12.469457085214257,13.370000000000005,3.0000000000000004,1.9972647963318904,Nico,Collins,HOU,WR,24,-1
WR,95.065,8.502710999999998,0.5541071428571342,88.87349999999999,102.90450000000001,-19.212500000000006,-16.54650000000001,-15.93249999999999,155,154,144,48,17,112.95,48.64,6.45,0.48,117.49333333333334,13.863836249593962,37.50666666666666,5.196000000000001,4.779872243759939,JuJu,Smith-Schuster,NEP,WR,27,3
WR,94.51089285714286,4.966710000000012,1.2233928571428407,91.185,98.3342142857143,-19.76660714285714,-14.235,-20.502785714285707,158,145,170,49,17,101.97,46.17,5.5,0.28,119.59333333333333,30.092235248020746,38.406666666666666,13.73266666666667,16.041240212513358,Quentin,Johnston,LAC,WR,22,-3
WR,93.28750000000002,2.6686799999999744,0.020000000000024443,91.375,95.02000000000001,-20.98999999999998,-14.045000000000002,-23.816999999999993,161,143,182,50,17,125.87,54.03,6.12,0.21,129.86833333333334,8.549410148594404,31.13166666666666,3.7993333333333337,3.376522997930795,Allen,Lazard,NYJ,WR,28,2
WR,93.2675,11.371542000000002,0.11499999999999488,81.6,102.00299999999999,-21.010000000000005,-23.820000000000007,-16.834000000000017,162,174,146,51,17,181.21,71.71,9.75,0.68,171.26,23.708670706445496,-9.259999999999991,3.894,2.5140000000000002,Marquez,Valdes-Scantling,KCC,WR,29,2
WR,93.1525,4.833276000000008,0.6099999999999994,75.015,101.934,-21.125,-30.405,-16.903000000000006,163,192,149,52,17,111.66,49.2,8.03,0.4,110.58500000000001,13.072806061949109,52.41499999999999,4.590666666666667,2.4735751903312386,Kadarius,Toney,KCC,WR,24,-1
WR,92.5425,6.449309999999991,1.2937500000000028,81.84800000000001,99.06500000000001,-21.735,-23.57199999999999,-19.77199999999999,165,173,165,53,18,127.14,54.47,6.7,0.4,112.262,7.920155048987366,52.738,6.1673333333333344,5.136528096768177,Odell,Beckham,BAL,WR,31,6
WR,91.24875,2.6909189999999965,0.4712499999999977,89.1665,94.049,-23.028750000000002,-16.253500000000003,-24.787999999999997,168,153,185,54,18,138.73,59.28,5.13,0.13,147.77833333333334,16.551474674145776,20.221666666666664,3.8880000000000003,3.804911913128433,Tyler,Boyd,CIN,WR,29,4
WR,90.7775,7.012697999999984,0.5150000000000006,85.27300000000001,98.27799999999999,-23.5,-20.14699999999999,-20.55900000000001,171,162,171,55,18,133.94,57.07,7.58,0.46,147.67000000000002,21.79317691388752,23.329999999999984,2.208,1.3415692304163809,Darnell,Mooney,CHI,WR,26,0
WR,90.2625,2.298029999999996,0.09749999999999659,87.21000000000001,92.295,-24.015,-18.209999999999994,-26.542,173,160,191,56,18,153.62,64.04,8.25,0.31,136.33833333333334,6.97446393798278,36.66166666666666,4.562,3.975153833501291,Adam,Thielen,CAR,WR,33,6
WR,90.165,10.037202000000015,1.252500000000012,83.12300000000002,96.62300000000002,-24.112499999999997,-22.296999999999983,-22.213999999999984,174,168,178,57,18,158.15,65.42,8.26,0.6,147.732,19.31127277006879,26.268,2.0973333333333333,1.3721276260691724,Rondale,Moore,ARI,WR,23,-1
WR,88.9125,9.562770000000004,1.3712499999999892,81.195,99.68999999999998,-25.36500000000001,-24.22500000000001,-19.14700000000002,178,175,162,58,18,127.88,54.2,8.99,0.61,132.23333333333335,12.595639016033374,45.76666666666665,4.204666666666667,1.8399683572158398,Skyy,Moore,KCC,WR,23,-2
WR,87.54125,18.250806,0.386250000000004,73.931,105.2015,-26.73625,-31.489000000000004,-13.635500000000008,181,197,133,59,18,148.64,61.47,6.35,0.76,156.882,21.654786445495134,24.117999999999995,3.135333333333334,2.68973670747818,Michael,Gallup,DAL,WR,27,2
WR,87.155,0.667169999999983,0.2362499999999983,73.503,92.655,-27.122500000000002,-31.917,-26.182000000000002,185,198,188,60,18,106.8,46.38,6.83,0.13,124.76833333333333,24.05914892971533,60.23166666666667,2.7233333333333336,2.0667903188814836,Rashod,Bateman,BAL,WR,24,-1
WR,86.91875,11.089847999999984,0.9987500000000011,79.1435,94.052,-27.35875,-26.2765,-24.784999999999997,186,182,184,61,19,154.36,64.19,8.62,0.65,145.38,16.936135332477715,40.620000000000005,2.4546666666666668,0.8803049976507513,Romeo,Doubs,GBP,WR,23,-2
WR,85.92,4.818450000000021,0.667500000000004,82.925,89.027,-28.3575,-22.495000000000005,-29.810000000000002,187,169,200,62,19,154.6,64.04,7.08,0.37,145.90833333333333,21.822340553254648,41.09166666666667,3.684666666666667,3.5217746788925743,Zay,Jones,JAC,WR,28,3
WR,85.2525,20.341271999999996,0.914999999999992,68.413,99.328,-29.025000000000006,-37.007000000000005,-19.509,189,210,164,63,19,122.66,52.82,9.79,0.84,117.56833333333333,22.642004782164395,71.43166666666667,4.360666666666667,2.662780668566018,Jameson,Williams,DET,WR,22,-2
WR,84.3375,0.44477999999999573,0.12750000000001194,83.90500000000002,84.67,-29.939999999999998,-21.514999999999986,-34.167,190,165,210,64,19,177.65,70.93,7.6,0.17,170.9375,24.94712846702,19.0625,2.0010000000000003,0.9510000000000002,Curtis,Samuel,WAS,WR,27,3
WR,84.21,5.648706000000003,0.6249999999999858,79.571,90.785,-30.06750000000001,-25.849000000000004,-28.052000000000007,191,181,195,65,19,103.58,45.31,5.86,0.34,115.378,9.218109133656425,75.622,4.858,2.8604675608485177,Elijah,Moore,CLE,WR,23,-1
WR,83.58500000000001,5.2928819999999686,0.1487658227848101,72.71499999999999,89.743,-30.692499999999995,-32.70500000000001,-29.09400000000001,193,200,197,66,19,152.79,63.62,8.12,0.43,145.234,18.55609182990858,47.76599999999999,2.31,1.5981447577321235,Donovan,Peoples-Jones,CLE,WR,24,0
WR,83.4362341772152,4.699841999999981,0.37123417721520013,75.13944303797469,88.38300000000001,-30.841265822784806,-30.280556962025315,-30.453999999999994,194,191,202,67,19,194.14,76.29,14.24,0.65,140.222,35.46061217745684,53.77799999999999,6.356666666666667,7.300202432505251,Jonathan,Mingo,CAR,WR,22,-3
WR,83.065,12.972749999999978,0.5299999999999869,74.57900000000001,91.175,-31.212500000000006,-30.840999999999994,-27.662000000000006,196,193,192,68,19,197.63,77.52,9.01,0.7,179.405,21.805000000000007,16.595,3.1690000000000005,1.9190000000000005,DeVante,Parker,NEP,WR,30,5
WR,82.53500000000001,0.607866000000016,1.1625000000000085,80.931,86.11500000000001,-31.742499999999993,-24.489000000000004,-32.721999999999994,197,176,204,69,19,169.64,69.26,7.7,0.19,156.50666666666666,5.4098757430790965,40.49333333333334,3.644000000000001,2.0440000000000005,K.J.,Osborn,MIN,WR,26,0
WR,81.3725,2.483355000000017,0.8512499999999932,77.70049999999999,83.7125,-32.905,-27.71950000000001,-35.1245,198,183,214,70,20,181.14,72.84,11.37,0.45,176.83499999999998,18.265,21.16500000000002,2.9290000000000003,1.6790000000000003,Van,Jefferson,LAR,WR,27,0
WR,80.52125000000001,1.11195,1.2125000000000057,79.7715,81.225,-33.756249999999994,-25.6485,-37.61200000000001,200,178,219,71,20,198.29,77.49,7.64,0.22,183.70333333333332,20.577337588284408,16.29666666666668,2.5200000000000005,1.3200000000000005,Hunter,Renfrow,LVR,WR,28,1
WR,79.30875,6.30105,0.4762499999999932,69.9165,85.275,-34.96875,-35.5035,-33.562,202,206,209,72,20,186.35,74.18,7.75,0.43,170.18333333333334,19.261938866295072,31.816666666666663,5.987,4.357000000000001,Isaiah,Hodgins,NYG,WR,25,0
WR,78.83250000000001,5.5745760000000075,0.5875000000000057,71.009,83.924,-35.44499999999999,-34.411,-34.913,204,205,213,73,20,156.7,64.96,7.73,0.42,176.85500000000002,19.445000000000007,27.144999999999982,5.096,3.9760000000000004,Rashid,Shaheed,NOS,WR,25,-2
WR,78.245,0.9711030000000016,2.875,77.6555,78.8345,-36.0325,-27.764499999999998,-40.0025,207,184,224,74,21,211.9,81.26,14.28,0.54,141.825,59.37499999999999,65.17500000000001,5.276000000000001,4.276000000000001,Jayden,Reed,GBP,WR,23,-3
WR,75.37,3.083807999999997,1.9350000000000023,73.498,77.242,-38.9075,-31.921999999999997,-41.595,209,199,226,75,21,196.98,77.3,8.12,0.34,166.67666666666668,18.996631865207636,42.32333333333332,2.4400000000000004,1.1600000000000001,John,Metchie,HOU,WR,23,-2
WR,73.435,5.3373599999999914,0.07750000000000057,69.766,76.84,-40.8425,-35.653999999999996,-41.997,213,207,229,76,21,212.68,81.96,6.75,0.38,190.36333333333334,19.861655408237134,22.636666666666656,2.2990000000000004,0.6290000000000002,Mecole,Hardman,NYJ,WR,25,1
WR,73.3575,0.3261719999999983,0.9899999999999949,69.70200000000001,82.545,-40.92,-35.71799999999999,-36.292,214,208,217,77,21,189.93,74.11,8.24,0.21,175.30666666666667,25.49349764591399,38.69333333333333,2.1790000000000003,0.7490000000000002,Chase,Claypool,CHI,WR,25,0
WR,72.3675,4.195757999999997,1.5,67.136,75.947,-41.91,-38.284000000000006,-42.89,216,213,231,78,21,258.49,97.03,10.66,0.5,NA,NA,NA,2.3520000000000003,NA,Marvin,Jones,DET,WR,33,8
WR,70.8675,6.716178000000001,0.9662500000000023,60.778000000000006,77.25700000000002,-43.41,-44.641999999999996,-41.579999999999984,218,223,225,79,22,166.55,67.76,7.96,0.47,172.20333333333332,9.140686820778592,45.79666666666668,1.613,0.403,Alec,Pierce,IND,WR,23,-2
WR,69.90125,6.323289000000001,1.2312499999999886,66.0515,73.769,-44.37625,-39.3685,-45.068,220,215,239,80,22,249.09,93.69,8.37,0.48,NA,NA,NA,1.2720000000000002,NA,Russell,Gage,TBB,WR,27,2
WR,68.67000000000002,36.81295800000001,0.2612500000000182,46.32300000000001,91.01700000000001,-45.60749999999999,-59.096999999999994,-27.819999999999993,222,284,193,81,22,257.1,95.61,10.2,0.96,187.61666666666667,13.369079582712072,34.383333333333326,2.5450000000000004,1.2950000000000004,Richie,James,KCC,WR,28,2
WR,68.40875,2.7724620000000066,0.7787500000000023,63.2905,71.41299999999998,-45.868750000000006,-42.1295,-47.42400000000002,224,219,247,82,22,227.14,86.83,6.92,0.26,NA,NA,NA,2.1120000000000005,NA,Corey,Davis,NYJ,WR,28,3
WR,67.63,0.25204200000000254,0.01999999999999602,67.47699999999999,67.783,-46.64750000000001,-37.94300000000001,-51.054,229,211,263,83,22,260.28,97.64,8.18,0.21,NA,NA,NA,2.1840000000000006,NA,Mack,Hollins,ATL,WR,30,3
WR,67.61,1.2602099999999914,1.332499999999996,65.035,73.08099999999999,-46.667500000000004,-40.385000000000005,-45.756000000000014,230,217,241,84,22,224.9,86.51,9.25,0.31,181.22,NA,48.78,3.416000000000001,2.416000000000001,Robert,Woods,HOU,WR,31,7
WR,66.2775,8.450819999999982,0.35249999999999204,61.089000000000006,71.43,-48,-44.330999999999996,-47.407,233,221,246,85,22,207.68,81.69,9.19,0.58,176.375,4.5049999999999955,56.625,2.7320000000000007,1.6120000000000005,Parris,Campbell,NYG,WR,26,1
WR,65.92500000000001,11.082435000000002,2.7125000000000057,59.197500000000005,72.6525,-48.35249999999999,-46.2225,-46.1845,235,229,242,86,23,212.89,82.83,11.68,0.73,192.115,10.905000000000001,42.88499999999999,2.048,1.0480000000000003,Josh,Palmer,LAC,WR,24,-1
WR,63.212500000000006,2.2535520000000044,0.22124999999999773,61.652,65.081,-51.065,-43.768,-53.756,243,220,270,87,23,203.4,78.39,14.31,0.57,136.72333333333333,40.99361766042232,106.27666666666667,6.771000000000001,4.941000000000001,Rashee,Rice,KCC,WR,23,-3
WR,62.99125000000001,8.258081999999968,0.45624999999999716,51.97550000000001,70.31299999999999,-51.286249999999995,-53.44449999999999,-48.524000000000015,245,251,253,88,23,197.98,76.66,11.6,0.66,192.925,18.125,52.07499999999999,3.0680000000000005,2.0680000000000005,Darius,Slayton,NYG,WR,26,1
WR,62.53500000000001,1.6012079999999973,2.647500000000008,60.328,66.718,-51.74249999999999,-45.092,-52.119,246,225,267,89,23,223.83,85.82,8.85,0.31,206.85,NA,39.150000000000006,2.3720000000000003,1.3720000000000003,Allen,Robinson,PIT,WR,30,6
WR,59.8875,12.6021,1.3125,49.199999999999996,75.435,-54.39,-56.220000000000006,-43.402,255,267,234,90,24,206.79,80.51,13.06,0.79,175.22333333333333,16.21410154430053,79.77666666666667,1.605,0.43500000000000005,Wan'Dale,Robinson,NYG,WR,22,-2
WR,58.575,8.080170000000004,0.42499999999999716,34.495000000000005,70.85500000000002,-55.7025,-70.925,-47.981999999999985,261,364,250,91,24,295.78,108.95,12.75,0.68,NA,NA,NA,2.2560000000000002,NA,Greg,Dortch,ARI,WR,25,1
WR,58.150000000000006,1.0378200000000042,0.0049999999999954525,54.790000000000006,59.83,-56.1275,-50.629999999999995,-59.007000000000005,263,239,296,92,24,214.09,82.53,7.4,0.2,NA,NA,NA,0.7680000000000001,NA,Tyquan,Thornton,NEP,WR,23,-2
WR,58.14500000000001,15.248541,1.1300000000000097,48.88850000000001,67.4015,-56.13249999999999,-56.531499999999994,-51.435500000000005,264,269,264,93,24,213.25,81.52,18.25,0.87,136.68666666666667,45.8422020510456,127.31333333333333,7.6370000000000005,6.187000000000001,Marvin,Mims,DEN,WR,21,-3
WR,57.015,8.524949999999999,0.730300751879696,49.294999999999995,68.807,-57.2625,-56.12500000000001,-50.03,268,265,260,94,24,296.76,108.92,6.74,0.49,NA,NA,NA,0.8160000000000002,NA,Nick,Westbrook-Ikhine,TEN,WR,26,0
WR,56.284699248120305,0.8441902105263165,0.35469924812029774,52.75693984962407,64.63693984962407,-57.9928007518797,-52.663060150375934,-54.20006015037593,271,246,272,95,24,345.3,126.7,10.23,0.35,NA,NA,NA,0.6720000000000002,NA,Ben,Skowronek,LAR,WR,26,-1
WR,55.93000000000001,0.6968220000000035,1.0600000000000094,55.507,56.35300000000001,-58.3475,-49.913000000000004,-62.483999999999995,273,237,315,96,24,267.12,99.24,7.32,0.16,NA,NA,NA,1.1280000000000001,NA,Kendrick,Bourne,NEP,WR,28,3
WR,54.87,21.42356999999999,0.18999999999999062,41.865,67.87499999999999,-59.407500000000006,-63.555,-50.96200000000002,279,319,262,97,24,241.7,91.8,11.03,0.86,174.77,NA,104.22999999999999,4.776000000000001,NA,Khalil,Shakir,BUF,WR,23,-2
WR,54.68000000000001,2.5352459999999906,2.5400000000000063,48.971000000000004,67.061,-59.5975,-56.449,-51.775999999999996,281,268,266,98,25,221.75,85.43,10.37,0.42,193.035,15.89500000000001,87.965,1.3160000000000003,0.31600000000000017,Terrace,Marshall,CAR,WR,23,-1
WR,52.14,30.170909999999996,2.6625000000000014,33.825,70.455,-62.1375,-71.595,-48.382000000000005,297,366,251,99,25,283.73,105.8,16.43,0.96,72.33,NA,224.67000000000002,4.848000000000001,NA,Michael,Wilson,ARI,WR,23,-3
WR,49.4775,11.697713999999989,0.5349999999999895,24.872000000000003,63.31099999999999,-64.80000000000001,-80.548,-55.52600000000001,311,398,278,100,25,215.99,82.94,12.12,0.76,130.43333333333334,37.05206636912741,180.56666666666666,5.55,4.29,Jalin,Hyatt,NYG,WR,22,-3
WR,48.94250000000001,16.916466000000014,0.7175000000000011,33.891000000000005,71.646,-65.335,-71.529,-47.191,315,365,244,101,26,262.55,99.64,13.17,0.85,NA,NA,NA,2.4240000000000004,NA,Sterling,Shepard,NYG,WR,30,4
WR,48.22500000000001,17.917220999999994,0.27000000000001023,37.34850000000001,59.1015,-66.0525,-68.07149999999999,-59.7355,318,344,300,102,26,290.41,107.28,10.56,0.83,NA,NA,NA,NA,NA,Braxton,Berrios,MIA,WR,28,2
WR,47.955,12.001647000000004,1.2870948781474354,40.6695,55.240500000000004,-66.3225,-64.7505,-63.5965,320,326,321,103,26,264.31,98.12,8.16,0.65,NA,NA,NA,1.3920000000000001,NA,Josh,Reynolds,DET,WR,28,3
WR,46.66790512185256,6.639645465365558,0.9929051218525586,37.41945843866923,64.265,-67.60959487814745,-68.00054156133078,-54.572,330,343,274,104,26,304.02,111.29,12.44,0.64,NA,NA,NA,0.7680000000000001,NA,Tutu,Atwell,LAR,WR,24,-1
WR,45.675000000000004,2.765049000000003,0.04500000000000881,43.996500000000005,47.353500000000004,-68.60249999999999,-61.4235,-71.48349999999999,335,300,356,105,26,230.61,87.96,7.1,0.27,144.635,72.19500000000001,190.365,5.936000000000001,4.936000000000001,Josh,Downs,IND,WR,22,-3
WR,45.629999999999995,19.674101999999998,1.4749999999999943,33.687,57.573,-68.64750000000001,-71.733,-61.264,336,367,307,106,26,348.53,128.59,8.7,0.82,NA,NA,NA,NA,NA,Chris,Moore,TEN,WR,30,4
WR,44.155,26.308737,1.7250000000000014,28.184500000000003,60.1255,-70.1225,-77.2355,-58.7115,343,385,294,107,27,349.67,146.22,11.73,0.91,NA,NA,NA,NA,NA,Jalen,Guyton,LAC,WR,26,1
WR,42.43,NA,3.405000000000001,42.43,42.43,-71.8475,-62.99,-76.40700000000001,348,312,376,108,27,284.72,106.53,12.39,0.78,77.55,NA,270.45,3.1920000000000006,NA,Kayshon,Boutte,NEP,WR,21,-3
WR,39.025,5.048253000000002,0.3299999999999983,35.9605,42.089499999999994,-75.2525,-69.45949999999999,-76.7475,366,354,378,109,27,286.76,104.87,6.86,0.37,NA,NA,NA,NA,NA,Quez,Watkins,PHI,WR,25,0
WR,38.695,3.3210240000000026,0.30999999999999517,27.724,63.99399999999999,-75.58250000000001,-77.696,-54.84300000000001,368,386,276,110,27,356,147.44,18.99,0.75,NA,NA,NA,NA,NA,Marquise,Goodwin,CLE,WR,33,7
WR,38.385000000000005,9.392271000000001,0.13000000000000256,32.6835,44.0865,-75.8925,-72.7365,-74.7505,371,371,365,111,27,325.19,120.17,13.56,0.75,NA,NA,NA,0.504,NA,Jauan,Jennings,SFO,WR,26,0
WR,38.255,14.299677000000004,0.6100000000000065,29.5745,46.935500000000005,-76.02250000000001,-75.8455,-71.9015,373,381,358,112,28,338.08,130.27,18.32,0.86,NA,NA,NA,NA,NA,Demarcus,Robinson,LAR,WR,29,4
WR,37.644999999999996,24.514791,0.7149999999999963,22.7635,52.5265,-76.63250000000001,-82.6565,-66.3105,380,404,329,113,28,343.28,129.91,13.69,0.91,NA,NA,NA,1.7520000000000002,NA,Trent,Sherfield,BUF,WR,27,2
WR,36.93,11.015718,1.1762500000000031,30.243000000000002,43.617,-77.3475,-75.17699999999999,-75.22,387,378,367,114,28,287.58,105.48,5.43,0.53,NA,NA,NA,0.9840000000000001,NA,Laviska,Shenault,CAR,WR,25,0
WR,35.75375,17.872742999999993,0.29374999999999574,20.140500000000003,58.989,-78.52375,-85.2795,-59.848000000000006,392,419,302,115,28,346.37,128.15,11.35,0.84,NA,NA,NA,NA,NA,Olamide,Zaccheaus,PHI,WR,26,1
WR,35.46,4.951883999999994,0.4399999999999977,32.45400000000001,38.465999999999994,-78.8175,-72.966,-80.37100000000001,395,374,401,116,28,260.69,97.18,20.8,0.81,170.305,20.055000000000007,224.695,4.2490000000000006,3.119,Justyn,Ross,KCC,WR,24,-2
WR,35.02,13.076532,1.5750000000000028,27.082,42.958000000000006,-79.2575,-78.338,-75.87899999999999,396,390,373,117,28,273.24,101.25,9.36,0.71,NA,NA,NA,1.9440000000000004,NA,Isaiah,McKenzie,IND,WR,28,3
WR,33.445,10.519046999999997,0.6012500000000003,27.0595,39.8305,-80.83250000000001,-78.3605,-79.0065,400,391,390,118,28,269.62,99.92,12.43,0.74,77.75,NA,322.25,4.92,NA,Puka,Nacua,LAR,WR,22,-3
WR,32.84375,22.898757000000003,1.8037500000000009,13.239500000000001,61.574000000000005,-81.43375,-92.1805,-57.263,405,468,285,119,29,361.57,133.2,11.99,0.88,78.12,NA,326.88,3.2880000000000007,NA,Charlie,Jones,CIN,WR,25,-3
WR,31.04,NA,0.9899999999999949,31.04,31.04,-83.23750000000001,-74.38,-87.797,409,375,423,120,29,245,96.89,18.04,0.9,182.56,14.22999999999999,226.44,5.136000000000001,NA,Tim,Patrick,DEN,WR,30,3
WR,30.050000000000004,0.07412999999999842,0.17500000000000426,30.005000000000006,30.095,-84.22749999999999,-75.41499999999999,-88.742,411,379,429,121,29,339.3,125.59,13.67,0.47,NA,NA,NA,NA,NA,Kalif,Raymond,DET,WR,29,4
WR,29.875,16.345664999999997,0.019999999999999574,19.9525,39.7975,-84.4025,-85.4675,-79.0395,412,421,391,122,29,351.64,135.57,20.57,0.91,NA,NA,NA,NA,NA,Jamal,Agnew,JAC,WR,28,3
WR,29.855,17.012834999999995,0.14499999999999957,19.527500000000003,40.1825,-84.4225,-85.8925,-78.65450000000001,413,424,387,123,29,281.9,104.6,8.59,0.79,67.22,NA,345.78,8.184000000000001,NA,Cedric,Tillman,CLE,WR,23,-3
WR,29.71,NA,0.5899999999999963,29.71,29.71,-84.5675,-75.71000000000001,-89.12700000000001,414,380,431,124,29,343.34,122.68,8.01,0.49,NA,NA,NA,2.088,NA,Noah,Brown,HOU,WR,26,3
WR,29.120000000000005,NA,0.11000000000000298,29.120000000000005,29.120000000000005,-85.1575,-76.3,-89.717,415,382,435,125,29,311.81,115.58,10.56,0.67,NA,NA,NA,NA,NA,Chosen,Anderson,MIA,WR,30,4
WR,29.01,NA,0.22000000000000242,29.01,29.01,-85.2675,-76.41,-89.827,416,383,436,126,29,NA,165.5,5.02,0.18,NA,NA,NA,NA,NA,Amari,Rodgers,IND,WR,24,-1
WR,28.79,6.701352000000002,0.07000000000000028,24.722,32.858000000000004,-85.48750000000001,-80.69800000000001,-85.979,419,399,420,127,29,307.16,113.08,11.77,0.62,NA,NA,NA,NA,NA,Kyle,Philips,TEN,WR,24,-2
WR,28.72,NA,1.1999999999999957,28.72,28.72,-85.5575,-76.7,-90.117,420,384,439,128,29,306.83,112.45,13.12,0.79,85.1,NA,334.9,4.344000000000001,NA,Xavier,Hutchinson,HOU,WR,23,-3
WR,27.520000000000003,NA,0.970000000000006,27.520000000000003,27.520000000000003,-86.7575,-77.9,-91.31700000000001,424,387,444,129,30,NA,NA,NA,NA,NA,NA,NA,NA,NA,Cole,Beasley,NYG,WR,34,8
WR,26.549999999999997,NA,1.2649999999999935,26.549999999999997,26.549999999999997,-87.7275,-78.87,-92.287,427,393,451,130,30,NA,NA,NA,NA,NA,NA,NA,NA,NA,Cade,Johnson,SEA,WR,25,-1
WR,25.285000000000004,14.373807000000003,0.4350000000000023,16.5595,34.0105,-88.9925,-88.8605,-84.82650000000001,431,449,418,131,30,370.83,137.5,10.38,0.78,NA,NA,NA,NA,NA,Trenton,Irwin,CIN,WR,28,1
WR,24.85,4.907406000000001,0.1600000000000037,21.871,27.829,-89.42750000000001,-83.549,-91.00800000000001,432,412,443,132,30,327.5,137.83,21.12,0.81,NA,NA,NA,NA,NA,Samori,Toure,GBP,WR,25,-2
WR,24.689999999999998,22.402085999999997,0.11999999999999744,11.091000000000003,38.288999999999994,-89.5875,-94.329,-80.548,434,493,403,133,30,347.2,144.75,17.13,0.93,87.41,NA,346.59000000000003,1.032,NA,Dontayvion,Wicks,GBP,WR,22,-3
WR,24.57,3.573065999999997,0.029999999999997584,22.401000000000003,26.739,-89.70750000000001,-83.019,-92.098,435,407,449,134,30,347.86,134.32,18.74,0.75,NA,NA,NA,NA,NA,Randall,Cobb,NYJ,WR,33,9
WR,24.540000000000003,NA,1.2750000000000021,24.540000000000003,24.540000000000003,-89.7375,-80.88,-94.297,436,400,463,135,30,302.35,110.17,9.9,0.63,NA,NA,NA,NA,NA,David,Bell,CLE,WR,23,-2
WR,23.265,11.616171000000001,0.09499999999999886,16.2135,30.3165,-91.0125,-89.2065,-88.5205,444,456,427,136,30,349.48,126.5,9.99,0.7,NA,NA,NA,NA,NA,Marquez,Callaway,DEN,WR,25,0
WR,23.17,8.406342000000002,0.5650000000000013,18.067,28.273000000000003,-91.1075,-87.35300000000001,-90.564,447,436,441,137,30,295.11,107.17,8.04,0.55,NA,NA,NA,1.9680000000000002,NA,Devin,Duvernay,BAL,WR,26,0
WR,22.605,0.8376690000000019,0.019999999999999574,22.0965,23.113500000000002,-91.6725,-83.3235,-95.7235,450,409,468,138,30,346.45,132.18,13.51,0.5,NA,NA,NA,NA,NA,Dyami,Brown,WAS,WR,24,-1
WR,22.585,5.641292999999999,0.02499999999999858,19.160500000000003,26.0095,-91.6925,-86.2595,-92.8275,451,426,453,139,30,338.08,130.41,14.25,0.66,NA,NA,NA,NA,NA,Cedrick,Wilson,MIA,WR,28,2
WR,22.560000000000002,NA,0.9600000000000009,22.560000000000002,22.560000000000002,-91.7175,-82.86,-96.277,452,406,469,140,31,333.43,121.88,12.33,0.77,82.57,NA,369.43,2.5440000000000005,NA,A.T.,Perry,NOS,WR,24,-3
WR,21.6,NA,0.4400000000000013,21.6,21.6,-92.67750000000001,-83.82,-97.237,457,413,474,141,31,341.7,125.52,11.83,0.75,76.66,NA,380.34000000000003,4.200000000000001,NA,Tyler,Scott,CHI,WR,22,-3
WR,21.16,4.507103999999998,0.06499999999999773,18.424,23.896,-93.1175,-86.99600000000001,-94.941,458,429,466,142,31,NA,163.6,8.4,0.4,NA,NA,NA,NA,NA,KhaDarel,Hodge,ATL,WR,28,2
WR,21.095000000000002,15.678494999999998,0.8550000000000004,11.577500000000002,30.6125,-93.1825,-93.8425,-88.2245,460,488,424,143,31,328.88,124.9,13.25,0.84,99.58,NA,360.42,2.2800000000000002,NA,Demario,Douglas,NEP,WR,23,-3
WR,20.240000000000002,6.819959999999999,0.16000000000000014,16.1,24.38,-94.0375,-89.32,-94.45700000000001,462,457,464,144,31,NA,NA,NA,0.47,NA,NA,NA,NA,NA,David,Moore,TBB,WR,28,3
WR,20.080000000000002,NA,0.0400000000000027,20.080000000000002,20.080000000000002,-94.1975,-85.34,-98.757,464,420,479,145,31,NA,NA,NA,NA,NA,NA,NA,NA,NA,Lynn,Bowden,NOS,WR,26,0
WR,20.04,4.07715,0.09999999999999787,17.565,22.514999999999997,-94.23750000000001,-87.855,-96.322,465,440,470,146,31,346.25,146.89,17.57,0.73,NA,NA,NA,NA,NA,Zach,Pascal,ARI,WR,29,3
WR,19.94,2.8910699999999987,0.120000000000001,18.185000000000002,21.695,-94.3375,-87.235,-97.142,466,434,473,147,31,342,127.24,10.88,0.45,NA,NA,NA,1.5360000000000003,NA,Calvin,Austin III,PIT,WR,24,-2
WR,19.82,5.915574000000001,0.03999999999999915,16.229,23.411,-94.45750000000001,-89.191,-95.426,467,455,467,148,31,348.37,128.43,10.31,0.55,NA,NA,NA,NA,NA,Justin,Watson,KCC,WR,28,2
WR,19.78,NA,0.3000000000000007,19.78,19.78,-94.4975,-85.64,-99.057,468,423,480,149,31,NA,NA,NA,NA,NA,NA,NA,NA,NA,Tre,Nixon,NEP,WR,25,-1
WR,19.48,NA,0.7199999999999989,19.48,19.48,-94.7975,-85.94,-99.357,470,425,482,150,31,363.69,135.38,7.74,0.46,94.69,NA,375.31,2.04,NA,Trey,Palmer,TBB,WR,22,-3
WR,18.76,9.844463999999999,0.240000000000002,12.784000000000004,24.736000000000004,-95.5175,-92.636,-94.101,472,474,462,151,31,311.58,112.33,12.88,0.74,NA,NA,NA,NA,NA,Deonte,Harty,BUF,WR,26,1
WR,18.52,NA,1.1999999999999993,18.52,18.52,-95.75750000000001,-86.9,-100.31700000000001,473,428,487,152,31,NA,202,3,0.04,NA,NA,NA,NA,NA,Steven,Sims,HOU,WR,26,1
WR,17.32,8.361863999999999,0.23999999999999844,12.244000000000002,22.396,-96.95750000000001,-93.176,-96.441,478,479,471,153,31,355.25,128.26,8.7,0.57,NA,NA,NA,NA,NA,Jalen,Tolbert,DAL,WR,24,-2
WR,17.080000000000002,6.849612000000001,0.2650000000000041,12.922,21.238000000000003,-97.1975,-92.498,-97.599,479,473,477,154,31,NA,150.6,7.86,0.48,NA,NA,NA,NA,NA,Equanimeous,St. Brown,CHI,WR,27,2
WR,16.814999999999998,7.539020999999998,0.04499999999999815,12.2385,21.391499999999997,-97.4625,-93.1815,-97.44550000000001,481,481,475,155,31,358.08,131.54,7.12,0.47,NA,NA,NA,0.7200000000000001,NA,Parker,Washington,JAC,WR,21,-3
WR,16.77,NA,0.3000000000000007,16.77,16.77,-97.50750000000001,-88.65,-102.06700000000001,482,445,491,156,31,NA,NA,NA,NA,NA,NA,NA,NA,NA,Greg,Ward,PHI,WR,28,3
WR,16.47,NA,0.8899999999999988,16.47,16.47,-97.8075,-88.95,-102.367,484,451,494,157,32,NA,161,5.51,0.26,NA,NA,NA,NA,NA,D'Wayne,Eskridge,SEA,WR,26,-1
WR,15.58,1.8384240000000003,0.025000000000000355,14.464,16.696,-98.6975,-90.956,-102.141,485,461,492,158,32,308.29,112.31,9.08,0.33,NA,NA,NA,NA,NA,Nelson,Agholor,BAL,WR,30,5
WR,15.555,6.145376999999999,0.26500000000000057,11.8245,19.2855,-98.7225,-93.5955,-99.5515,486,485,483,159,32,NA,171.25,21.31,0.84,NA,NA,NA,NA,NA,Brandon,Powell,MIN,WR,27,2
WR,15.29,NA,0.13999999999999702,15.29,15.29,-98.98750000000001,-90.13,-103.547,488,459,498,160,32,344,161.33,9.66,0.61,NA,NA,NA,NA,NA,Shi,Smith,CAR,WR,25,-1
WR,15.150000000000002,5.455968,0.37000000000000277,11.838000000000001,18.462,-99.1275,-93.582,-100.375,489,484,488,161,32,362.5,139.6,9.67,0.51,NA,NA,NA,NA,NA,Tre'Quan,Smith,NOS,WR,27,2
WR,14.78,3.5878919999999996,0.3650000000000002,12.602,16.958000000000002,-99.4975,-92.818,-101.879,490,476,490,162,32,352,165.8,19.29,0.77,NA,NA,NA,NA,NA,Kendall,Hinton,DEN,WR,26,0
WR,14.415,2.3499209999999997,0.3249999999999975,12.9885,15.8415,-99.86250000000001,-92.4315,-102.9955,491,471,496,163,32,365.86,141.7,9.04,0.36,NA,NA,NA,NA,NA,Velus,Jones,CHI,WR,26,-2
WR,14.090000000000002,NA,0.2500000000000018,14.090000000000002,14.090000000000002,-100.1875,-91.33,-104.747,493,462,503,164,32,NA,NA,NA,NA,NA,NA,NA,NA,NA,Andre,Baccellia,ARI,WR,26,0
WR,13.84,NA,0.4599999999999991,13.84,13.84,-100.4375,-91.58,-104.997,495,463,504,165,32,NA,NA,NA,NA,NA,NA,NA,NA,NA,Deven,Thompkins,TBB,WR,24,-2
WR,13.38,NA,0.27000000000000135,13.38,13.38,-100.89750000000001,-92.04,-105.45700000000001,496,465,507,166,32,NA,188,2.92,0.03,NA,NA,NA,NA,NA,Damiere,Byrd,CAR,WR,30,5
WR,13.11,NA,0.05000000000000071,13.11,13.11,-101.1675,-92.31,-105.727,497,469,509,167,32,362.18,136.83,11.33,0.71,NA,NA,NA,NA,NA,DeAndre,Carter,LVR,WR,30,5
WR,13.059999999999999,NA,0.46999999999999886,13.059999999999999,13.059999999999999,-101.2175,-92.36,-105.777,498,470,510,168,32,342.25,147,26.78,0.97,NA,NA,NA,NA,NA,Jalen,Nailor,MIN,WR,24,-2
WR,12.59,NA,0.28999999999999737,12.59,12.59,-101.6875,-92.83,-106.247,499,477,513,169,32,383.5,153,29.03,0.98,93.77,NA,405.23,0.8160000000000002,NA,Tre,Tucker,LVR,WR,22,-3
WR,12.300000000000002,NA,0.0600000000000005,12.300000000000002,12.300000000000002,-101.9775,-93.12,-106.537,502,478,515,170,32,329.37,123.16,18.97,0.92,NA,NA,NA,NA,NA,Jamison,Crowder,NYG,WR,30,5
WR,12.240000000000002,NA,0.2400000000000002,12.240000000000002,12.240000000000002,-102.0375,-93.18,-106.59700000000001,503,480,516,171,32,339.13,139.54,22.18,0.96,NA,NA,NA,NA,NA,Scotty,Miller,ATL,WR,26,1
WR,12.000000000000002,7.709520000000001,0.22000000000000064,7.320000000000001,16.680000000000003,-102.2775,-98.1,-102.157,504,521,493,172,32,NA,172.67,27.38,0.89,NA,NA,NA,NA,NA,KaVontae,Turpin,DAL,WR,27,-2
WR,11.780000000000001,NA,0.3000000000000007,11.780000000000001,11.780000000000001,-102.4975,-93.64,-107.057,505,486,519,173,32,336.58,133,23.08,0.97,NA,NA,NA,1.5360000000000003,NA,Denzel,Mims,DET,WR,26,0
WR,11.48,NA,0.4299999999999997,11.48,11.48,-102.7975,-93.94,-107.357,509,491,523,174,32,NA,178.75,6.18,0.31,NA,NA,NA,NA,NA,Phillip,Dorsett,LVR,WR,30,5
WR,11.05,NA,0.5999999999999996,11.05,11.05,-103.2275,-94.37,-107.787,511,494,525,175,33,NA,NA,NA,NA,NA,NA,NA,NA,NA,Cody,Thompson,SEA,WR,27,1
WR,10.450000000000001,NA,0.15000000000000036,10.450000000000001,10.450000000000001,-103.8275,-94.97,-108.387,514,498,528,176,33,352.5,144.4,17.4,0.88,NA,NA,NA,NA,NA,Ashton,Dulin,IND,WR,26,1
WR,10.3,NA,0.09000000000000163,10.3,10.3,-103.9775,-95.12,-108.537,515,499,531,177,33,NA,NA,NA,NA,NA,NA,NA,NA,NA,Penny,Hart,ATL,WR,27,1
WR,10.209999999999999,NA,0.16999999999999815,10.209999999999999,10.209999999999999,-104.06750000000001,-95.21000000000001,-108.62700000000001,516,500,533,178,33,NA,168.4,29.33,0.99,NA,NA,NA,NA,NA,Bryan,Edwards,NOS,WR,25,0
WR,10.040000000000001,NA,0.16000000000000014,10.040000000000001,10.040000000000001,-104.2375,-95.38,-108.797,518,503,535,179,33,NA,NA,NA,NA,NA,NA,NA,NA,NA,Jakeem,Grant,CLE,WR,31,4
WR,9.88,3.8844119999999993,0.02000000000000135,7.522000000000001,12.238,-104.39750000000001,-97.898,-106.599,520,518,517,180,33,NA,203,5,0.21,NA,NA,NA,NA,NA,Gunner,Olszewski,PIT,WR,27,1
WR,9.86,8.109822,0.40999999999999837,4.937000000000001,14.783,-104.4175,-100.483,-104.054,521,555,500,181,33,NA,199,2,0.25,NA,NA,NA,NA,NA,Dareke,Young,SEA,WR,24,-2
WR,9.450000000000001,9.132816,0.13000000000000078,3.9060000000000006,14.994000000000002,-104.8275,-101.514,-103.843,526,571,499,182,33,NA,NA,NA,0.63,NA,NA,NA,NA,NA,James,Washington,NOS,WR,27,2
WR,9.32,NA,0.009999999999999787,9.32,9.32,-104.95750000000001,-96.1,-109.517,527,505,541,183,33,NA,NA,NA,NA,NA,NA,NA,NA,NA,Simi,Fehoko,DAL,WR,26,-1
WR,9.31,NA,0.009999999999999787,9.31,9.31,-104.9675,-96.11,-109.527,528,506,542,184,33,380.8,149.9,15.71,0.85,NA,NA,NA,3.0480000000000005,NA,Andrei,Iosivas,CIN,WR,24,-3
WR,9.3,NA,0.2400000000000002,9.3,9.3,-104.9775,-96.12,-109.537,529,507,543,185,33,NA,176.33,27.13,0.98,NA,NA,NA,NA,NA,Montrell,Washington,DEN,WR,25,-2
WR,9.06,NA,0.8500000000000014,9.06,9.06,-105.2175,-96.36,-109.777,530,509,544,186,33,345,159,21.25,0.95,NA,NA,NA,NA,NA,Jalen,Reagor,MIN,WR,24,0
WR,8.209999999999999,NA,0.11999999999999922,8.209999999999999,8.209999999999999,-106.06750000000001,-97.21000000000001,-110.62700000000001,539,512,546,187,33,NA,163.75,3.7,0.08,NA,NA,NA,NA,NA,Dante,Pettis,CHI,WR,28,2
WR,8.209999999999999,NA,0,8.209999999999999,8.209999999999999,-106.06750000000001,-97.21000000000001,-110.62700000000001,539,512,546,187,33,NA,NA,NA,NA,NA,NA,NA,NA,NA,Lance,McCutcheon,LAR,WR,24,-2
WR,8.09,NA,0.10999999999999943,8.09,8.09,-106.1875,-97.33,-110.747,543,513,547,188,33,343,116.5,15.14,0.85,NA,NA,NA,NA,NA,Demetric,Felton,CLE,RB,25,-1
WR,8.09,NA,0.10999999999999943,8.09,8.09,-106.1875,-97.33,-110.747,543,513,547,188,33,343,151.75,30.09,0.99,NA,NA,NA,NA,NA,Demetric,Felton,CLE,RB,25,-1
WR,8.09,NA,0,8.09,8.09,-106.1875,-97.33,-110.747,543,513,547,188,33,327.6,131.5,18.28,0.9,94.14,NA,448.86,1.1520000000000001,NA,Justin,Shorter,BUF,WR,23,-3
WR,7.98,NA,0.14000000000000057,7.98,7.98,-106.2975,-97.44,-110.857,544,514,550,189,33,NA,NA,NA,NA,NA,NA,NA,NA,NA,Ronnie,Bell,SFO,WR,23,-3
WR,7.84,NA,0.0699999999999994,7.84,7.84,-106.4375,-97.58,-110.997,546,515,551,190,33,NA,NA,NA,NA,NA,NA,NA,NA,NA,NA,NA,NA,NA,NA,NA
WR,7.7700000000000005,NA,0.17999999999999972,7.7700000000000005,7.7700000000000005,-106.50750000000001,-97.65,-111.06700000000001,547,516,552,191,33,NA,159,7.18,0.41,NA,NA,NA,NA,NA,Ray-Ray,McCloud,SFO,WR,27,2
WR,7.590000000000001,NA,0.20999999999999996,7.590000000000001,7.590000000000001,-106.6875,-97.83,-111.247,548,517,553,192,33,NA,164.8,11.37,0.72,NA,NA,NA,NA,NA,Byron,Pringle,WAS,WR,30,2
WR,7.380000000000001,NA,0.1800000000000006,7.380000000000001,7.380000000000001,-106.89750000000001,-98.04,-111.45700000000001,549,520,555,193,33,NA,NA,NA,NA,NA,NA,NA,NA,NA,Kevin,Austin,JAC,WR,23,-2
WR,7.2,NA,0.010000000000000675,7.2,7.2,-107.0775,-98.22,-111.637,550,522,556,194,33,NA,NA,NA,NA,NA,NA,NA,NA,NA,Jalen,Virgil,DEN,WR,25,-2
WR,7.1899999999999995,NA,0.48999999999999844,7.1899999999999995,7.1899999999999995,-107.0875,-98.23,-111.647,552,523,557,195,33,355.67,135.33,9.43,0.6,NA,NA,NA,NA,NA,Bryce,Ford-Wheaton,NYG,WR,23,-3
WR,6.700000000000001,NA,0.07000000000000117,6.700000000000001,6.700000000000001,-107.5775,-98.72,-112.137,553,525,559,196,33,NA,215.5,6.5,0.36,NA,NA,NA,NA,NA,Matt,Slater,NEP,WR,38,12
WR,6.63,NA,0.1200000000000001,6.63,6.63,-107.64750000000001,-98.79,-112.20700000000001,554,527,561,197,33,NA,NA,NA,NA,NA,NA,NA,NA,NA,Maurice,Alexander,DET,WR,26,-1
WR,6.51,NA,0.03000000000000025,6.51,6.51,-107.7675,-98.91,-112.327,555,528,562,198,33,NA,NA,NA,NA,NA,NA,NA,NA,NA,Joe,Reed,CHI,WR,25,0
WR,6.4799999999999995,NA,0.10999999999999854,6.4799999999999995,6.4799999999999995,-107.7975,-98.94,-112.357,556,529,563,199,33,NA,NA,NA,NA,NA,NA,NA,NA,NA,Trinity,Benson,DET,WR,26,1
WR,6.370000000000001,NA,0.13000000000000078,6.370000000000001,6.370000000000001,-107.9075,-99.05,-112.467,557,530,564,200,33,NA,177.75,3.9,0.09,NA,NA,NA,NA,NA,River,Cracraft,MIA,WR,29,3
WR,6.24,NA,0.040000000000000036,6.24,6.24,-108.03750000000001,-99.18,-112.59700000000001,559,531,565,201,33,NA,NA,NA,NA,NA,NA,NA,NA,NA,Isaiah,Coulter,BUF,WR,25,0
WR,6.2,NA,0.11000000000000032,6.2,6.2,-108.0775,-99.22,-112.637,561,532,566,202,33,NA,200,4,0.09,NA,NA,NA,NA,NA,Dezmon,Patmon,BUF,WR,25,0
WR,6.2,NA,0,6.2,6.2,-108.0775,-99.22,-112.637,561,532,566,202,33,NA,NA,NA,NA,NA,NA,NA,NA,NA,Easop,Winston,SEA,WR,27,0
WR,6.09,NA,0.07999999999999918,6.09,6.09,-108.1875,-99.33,-112.747,562,533,568,203,33,NA,NA,NA,NA,NA,NA,NA,NA,NA,Stanley,Morgan,CIN,WR,26,1
WR,6.010000000000001,NA,8.881784197001252e-16,6.010000000000001,6.010000000000001,-108.2675,-99.41,-112.827,563,534,569,204,33,NA,NA,NA,NA,NA,NA,NA,NA,NA,Jaelon,Darden,CLE,WR,24,-1
WR,6.01,NA,0.10999999999999943,6.01,6.01,-108.2675,-99.41,-112.827,563,534,569,205,33,NA,208.5,2.5,0.02,NA,NA,NA,NA,NA,Dennis,Houston,DAL,WR,24,-2
WR,5.9,NA,0.05000000000000071,5.9,5.9,-108.3775,-99.52,-112.937,564,535,570,206,33,NA,NA,NA,NA,NA,NA,NA,NA,NA,KeeSean,Johnson,BUF,WR,27,1
WR,5.9,NA,0,5.9,5.9,-108.3775,-99.52,-112.937,564,535,570,206,33,NA,NA,NA,NA,NA,NA,NA,NA,NA,Seth,Williams,JAC,WR,23,-1
WR,5.85,NA,0.03999999999999915,5.85,5.85,-108.42750000000001,-99.57000000000001,-112.98700000000001,565,536,571,207,33,NA,NA,NA,NA,NA,NA,NA,NA,NA,Andy,Isabella,BUF,WR,27,1
WR,5.8100000000000005,NA,0.1200000000000001,5.8100000000000005,5.8100000000000005,-108.4675,-99.61,-113.027,566,537,572,208,33,NA,118,5,0.17,NA,NA,NA,NA,NA,Jacob,Harris,JAC,WR,26,-1
WR,5.69,NA,0.1299999999999999,5.69,5.69,-108.5875,-99.73,-113.147,568,538,573,209,33,NA,175,1.41,0.01,NA,NA,NA,NA,NA,James,Proche,BAL,WR,27,0
WR,5.5600000000000005,NA,0.05000000000000071,5.5600000000000005,5.5600000000000005,-108.7175,-99.86,-113.277,569,541,574,210,33,371,148.78,10.59,0.67,NA,NA,NA,NA,NA,Danny,Gray,SFO,WR,24,-2
WR,5.51,NA,0.08999999999999897,5.51,5.51,-108.7675,-99.91,-113.327,570,542,575,211,34,NA,NA,NA,NA,NA,NA,NA,NA,NA,Brandon,Johnson,DEN,WR,25,-2
WR,5.420000000000001,NA,0.20999999999999996,5.420000000000001,5.420000000000001,-108.8575,-100,-113.417,571,544,576,212,34,NA,NA,NA,NA,NA,NA,NA,NA,NA,Erik,Ezukanma,MIA,WR,23,-2
WR,5.210000000000001,NA,0.030000000000001137,5.210000000000001,5.210000000000001,-109.0675,-100.21000000000001,-113.62700000000001,572,545,577,213,34,NA,NA,NA,NA,NA,NA,NA,NA,NA,C.J.,Saunders,CAR,WR,27,-1
WR,5.18,NA,0.03999999999999915,5.18,5.18,-109.0975,-100.24000000000001,-113.65700000000001,573,546,578,214,34,NA,197.5,5.5,0.25,NA,NA,NA,NA,NA,Dez,Fitzpatrick,PIT,WR,26,-1
WR,5.140000000000001,NA,0.030000000000001137,5.140000000000001,5.140000000000001,-109.1375,-100.28,-113.697,574,547,579,215,34,NA,NA,NA,NA,NA,NA,NA,NA,NA,Cody,White,PIT,WR,25,0
WR,5.109999999999999,NA,0.02999999999999936,5.109999999999999,5.109999999999999,-109.1675,-100.31,-113.727,576,548,580,216,34,NA,170.75,10.64,0.68,NA,NA,NA,NA,NA,Cam,Sims,LVR,WR,27,2
WR,5.08,NA,0.02999999999999936,5.08,5.08,-109.1975,-100.34,-113.757,577,549,581,217,34,NA,NA,NA,NA,NA,NA,NA,NA,NA,Keelan,Cole,LVR,WR,30,3
WR,5.050000000000001,NA,0.03000000000000025,5.050000000000001,5.050000000000001,-109.2275,-100.37,-113.787,578,550,582,218,34,NA,213,6,0.29,NA,NA,NA,NA,NA,Mason,Kinsey,TEN,WR,25,0
WR,5.0200000000000005,NA,0.019999999999999574,5.0200000000000005,5.0200000000000005,-109.25750000000001,-100.4,-113.81700000000001,579,551,583,219,34,NA,206,3,0.04,NA,NA,NA,NA,NA,Michael,Woods,CLE,WR,23,-2
WR,5.000000000000001,NA,0.020000000000000462,5.000000000000001,5.000000000000001,-109.2775,-100.42,-113.837,580,552,584,220,34,NA,206.5,6.5,0.36,NA,NA,NA,NA,NA,Trent,Taylor,CIN,WR,29,3
WR,4.98,NA,0.010000000000000675,4.98,4.98,-109.2975,-100.44,-113.857,581,553,585,221,34,NA,NA,NA,NA,NA,NA,NA,NA,NA,Racey,McMath,TEN,WR,24,-1
WR,4.97,NA,0.05999999999999961,4.97,4.97,-109.3075,-100.45,-113.867,582,554,586,222,34,NA,173,19.06,0.92,NA,NA,NA,NA,NA,Anthony,Schwartz,CLE,WR,23,-1
WR,4.91,NA,0.019999999999999574,4.91,4.91,-109.3675,-100.51,-113.927,583,556,587,223,34,NA,208.5,3.5,0.05,NA,NA,NA,NA,NA,Malik,Turner,IND,WR,27,2
WR,4.890000000000001,NA,0.11000000000000032,4.890000000000001,4.890000000000001,-109.3875,-100.53,-113.947,585,557,588,224,34,NA,193,1.63,0.01,NA,NA,NA,NA,NA,Tim,Jones,JAC,WR,25,-1
WR,4.78,NA,0.019999999999999574,4.78,4.78,-109.4975,-100.64,-114.057,586,560,589,225,34,NA,149.67,31.01,0.99,NA,NA,NA,NA,NA,Derius,Davis,LAC,WR,23,-3
WR,4.760000000000001,NA,8.881784197001252e-16,4.760000000000001,4.760000000000001,-109.5175,-100.66,-114.077,587,561,590,226,34,NA,NA,NA,NA,NA,NA,NA,NA,NA,Vyncint,Smith,IND,WR,27,2
WR,4.760000000000001,NA,0,4.760000000000001,4.760000000000001,-109.5175,-100.66,-114.077,587,561,590,226,34,NA,189.33,2.49,0.01,NA,NA,NA,NA,NA,Mike,Strachan,IND,WR,26,-1
WR,4.76,NA,0.0699999999999994,4.76,4.76,-109.5175,-100.66,-114.077,587,561,590,227,34,NA,NA,NA,NA,NA,NA,NA,NA,NA,Frank,Darby,ATL,WR,26,-1
WR,4.69,NA,0.010000000000000675,4.69,4.69,-109.5875,-100.73,-114.147,588,562,591,228,34,NA,NA,NA,NA,NA,NA,NA,NA,NA,Chris,Conley,SFO,WR,31,5
WR,4.68,NA,0.20999999999999908,4.68,4.68,-109.5975,-100.74000000000001,-114.15700000000001,589,563,592,229,34,NA,162.25,20.08,0.93,NA,NA,NA,NA,NA,Tylan,Wallace,BAL,WR,24,-1
WR,4.470000000000001,NA,0.39000000000000057,4.470000000000001,4.470000000000001,-109.8075,-100.95,-114.367,590,565,593,230,34,NA,NA,NA,NA,NA,NA,NA,NA,NA,Josh,Ali,ATL,WR,24,2020
WR,4.08,NA,0.009999999999999787,4.08,4.08,-110.1975,-101.34,-114.757,592,567,594,231,34,NA,NA,NA,NA,NA,NA,NA,NA,NA,Jalen,Camp,HOU,WR,25,-1
WR,4.07,NA,0.019999999999999574,4.07,4.07,-110.20750000000001,-101.35,-114.767,593,568,595,232,34,NA,NA,NA,NA,NA,NA,NA,NA,NA,Daurice,Fountain,CHI,WR,28,2
WR,4.050000000000001,NA,0.5400000000000005,4.050000000000001,4.050000000000001,-110.2275,-101.37,-114.787,594,569,596,233,34,NA,NA,NA,NA,NA,NA,NA,NA,NA,Nsimba,Webster,CHI,WR,27,1
WR,3.5100000000000002,NA,0.020000000000000018,3.5100000000000002,3.5100000000000002,-110.7675,-101.91,-115.327,595,573,598,234,34,NA,193.33,4.5,0.12,NA,NA,NA,NA,NA,Miles,Boykin,PIT,WR,27,1
WR,3.49,NA,0.26000000000000023,3.49,3.49,-110.78750000000001,-101.93,-115.34700000000001,596,574,599,235,34,NA,NA,NA,NA,NA,NA,NA,NA,NA,Keith,Kirkwood,NOS,WR,30,2
WR,3.23,NA,0.029999999999999805,3.23,3.23,-111.0475,-102.19,-115.607,597,576,600,236,34,NA,NA,NA,NA,NA,NA,NA,NA,NA,Austin,Trammell,LAR,WR,25,-1
WR,3.2,NA,0.08999999999999986,3.2,3.2,-111.0775,-102.22,-115.637,599,577,601,237,34,NA,NA,NA,NA,NA,NA,NA,NA,NA,Kawaan,Baker,NOS,WR,25,-1
WR,3.1100000000000003,NA,0.5899999999999999,3.1100000000000003,3.1100000000000003,-111.1675,-102.31,-115.727,600,578,602,238,34,NA,NA,NA,NA,NA,NA,NA,NA,NA,Alex,Erickson,NYJ,WR,31,4
WR,3.1100000000000003,NA,0,3.1100000000000003,3.1100000000000003,-111.1675,-102.31,-115.727,600,578,602,238,34,320.5,143.67,23.7,0.97,NA,NA,NA,NA,NA,Quintez,Cephus,FA,WR,25,0
WR,2.5200000000000005,NA,0.07000000000000028,2.5200000000000005,2.5200000000000005,-111.75750000000001,-102.9,-116.31700000000001,601,583,603,239,34,NA,186.75,4.26,0.11,NA,NA,NA,NA,NA,Dax,Milne,WAS,WR,24,-1
WR,2.45,NA,0.11000000000000032,2.45,2.45,-111.8275,-102.97,-116.387,602,584,604,240,34,NA,171.5,34.5,0.99,NA,NA,NA,NA,NA,N'Keal,Harry,MIN,WR,26,1
WR,2.34,NA,0.03999999999999959,2.34,2.34,-111.9375,-103.08,-116.497,603,585,605,241,34,NA,152.33,7.59,0.44,NA,NA,NA,NA,NA,David,Sills,NYG,WR,27,1
WR,2.3000000000000003,NA,0.6900000000000002,2.3000000000000003,2.3000000000000003,-111.9775,-103.12,-116.537,604,586,606,242,34,NA,187,5.72,0.27,NA,NA,NA,NA,NA,Breshad,Perriman,IND,WR,30,5
WR,1.61,NA,1.4200000000000002,1.61,1.61,-112.6675,-103.81,-117.227,606,593,607,243,34,NA,NA,NA,NA,NA,NA,NA,2.4480000000000004,NA,Jason,Brownlee,NYJ,WR,24,-3
WR,0.19000000000000003,NA,0,0.19000000000000003,0.19000000000000003,-114.0875,-105.23,-118.647,607,601,608,244,34,NA,197.33,13.89,0.82,NA,NA,NA,NA,NA,Britain,Covey,PHI,WR,26,-2
TE,177.425,5.040840000000008,52.015,173.74,182.11,96.14,99.147,97.564,4,2,6,1,1,5.22,1,0,0.12,7.415,1.3932067326854258,-3.415,48.61066666666667,6.412555462181638,Travis,Kelce,KCC,TE,34,7
TE,125.41000000000001,1.74946800000001,10.8275,119.90200000000002,128.18200000000002,44.125,45.30900000000001,43.635999999999996,34,28,38,2,2,36.74,2.18,0.42,0.03,31.79,3.5337751296123328,2.210000000000001,25.234666666666666,4.307767042086759,Mark,Andrews,BAL,TE,28,2
TE,114.58250000000001,3.943715999999995,1.325000000000017,109.049,118.184,33.2975,34.456,33.63799999999998,45,41,45,3,3,62.19,3.61,1.28,0.11,46.76833333333333,5.307618476198989,-1.7683333333333309,19.653333333333336,2.922160540117916,T.J.,Hockenson,MIN,TE,26,1
TE,113.2575,12.17214600000001,6.032499999999985,101.884,122.179,31.972499999999982,27.290999999999997,37.63299999999998,46,51,43,4,4,69.72,4.52,0.96,0.64,49.92166666666667,6.06674381819074,-3.921666666666667,18.84466666666667,8.188329309992906,George,Kittle,SFO,TE,30,3
TE,107.22500000000001,4.373670000000004,6.772499999999994,102.995,113.97500000000001,25.939999999999998,28.402,29.428999999999988,52,48,51,5,5,87.06,5.48,1.76,0.17,64.385,5.019982569690854,-12.385000000000005,12.646,7.1346267363238205,Darren,Waller,NYG,TE,31,5
TE,100.45250000000001,2.120117999999989,2.762500000000017,98.44300000000001,103.618,19.167500000000004,23.85000000000001,19.071999999999974,63,55,65,6,6,84.41,5.68,1.34,0.06,62.248333333333335,7.11099949999217,0.7516666666666652,11.33,4.621522115782491,Kyle,Pitts,ATL,TE,23,-1
TE,97.69,12.038712000000006,10.109999999999985,86.768,106.388,16.404999999999987,12.174999999999997,21.841999999999985,64,72,61,7,7,90.73,6.09,1.16,0.64,62.40833333333333,6.453250903399169,1.5916666666666686,15.271333333333333,8.087449755983377,Dallas,Goedert,PHI,TE,28,2
TE,87.58000000000001,3.7509779999999804,0.045000000000015916,83.37300000000002,94.87500000000001,6.295000000000002,8.780000000000015,10.328999999999994,76,80,75,8,7,119.73,9.73,1.5,0.11,94.72833333333332,12.30255856406391,-18.728333333333325,5.442000000000001,3.422834303127552,David,Njoku,CLE,TE,27,3
TE,87.535,0.9636899999999873,0.3125,86.39099999999999,88.33500000000001,6.249999999999986,11.797999999999988,3.7889999999999873,77,73,85,9,7,118.13,9.71,1.75,0.03,86.06666666666666,10.773542695985485,-9.066666666666663,8.867333333333335,4.8415122522708645,Evan,Engram,JAC,TE,29,3
TE,87.2225,1.2898620000000067,4.757499999999993,86.137,88.792,5.937499999999986,11.543999999999997,4.245999999999981,78,74,82,10,8,112.12,9.12,1.81,0.04,95.785,14.23564862121381,-17.784999999999997,4.922000000000001,2.005840139858276,Pat,Freiermuth,PIT,TE,25,-1
TE,82.465,8.406342000000002,0.9474999999999909,74.593,88.63300000000001,1.1799999999999926,0,4.086999999999989,90,96,84,11,8,133.92,12.24,2.56,0.5,130.40333333333334,12.127658013354802,-40.403333333333336,3.288666666666667,2.2639236343618623,Greg,Dulcich,DEN,TE,23,-2
TE,81.51750000000001,3.765804000000009,0.2325000000000017,77.301,84.54600000000002,0.2325000000000017,2.7079999999999984,0,94,89,96,12,8,138.02,13.26,2.49,0.17,122.62166666666667,4.866738869327406,-28.62166666666667,3.8273333333333337,2.6831326633040136,Dalton,Schultz,HOU,TE,27,2
TE,81.28500000000001,1.2305579999999974,2.532500000000013,77.45700000000001,83.21700000000001,0,2.8640000000000043,-1.3290000000000077,95,87,104,13,9,139.41,13.23,2.78,0.07,134.98833333333334,8.37658724594264,-39.988333333333344,3.278666666666667,2.2080104669639193,Chigoziem,Okonkwo,TEN,TE,24,-2
TE,78.7525,3.4841099999999914,1.5049999999999955,68.84400000000001,83.865,-2.532500000000013,-5.748999999999995,-0.6810000000000258,106,114,99,14,9,148.99,15.35,3.44,0.21,128.635,11.470727599706425,-22.63499999999999,4.708666666666668,4.388207328232745,Cole,Kmet,CHI,TE,24,0
TE,77.2475,2.624201999999994,1.0674999999999955,74.47700000000002,81.902,-4.0375000000000085,-0.11599999999998545,-2.6440000000000197,110,97,109,15,10,158.85,16.74,2.94,0.12,145.34166666666667,8.082815962824402,-35.34166666666667,3.736666666666667,3.157006317524387,Tyler,Higbee,LAR,TE,30,4
TE,76.18,0.3113459999999907,1.1800000000000068,71.421,88.25099999999999,-5.105000000000004,-3.171999999999997,3.70499999999997,114,103,87,16,10,165.29,16.91,4.57,0.08,116.95666666666666,28.92340613105971,-2.9566666666666634,11.260666666666667,12.814301420244842,Dalton,Kincaid,BUF,TE,24,-3
TE,75,3.7806299999999955,1.6699999999999875,70.555,82.885,-6.285000000000011,-4.037999999999997,-1.6610000000000156,120,105,105,17,10,182.76,19.85,4.66,0.29,137.308,25.933499108296203,-17.307999999999993,3.6826666666666674,3.5423552742333593,Juwan,Johnson,NOS,TE,27,0
TE,73.33000000000001,0.47443200000001096,3.8725000000000023,72.86,73.688,-7.954999999999998,-1.733000000000004,-10.858000000000018,125,100,129,18,11,163.38,17.77,3,0.05,152.51333333333332,21.564631279533216,-27.51333333333332,3.4920000000000004,3.0361150614999213,Gerald,Everett,LAC,TE,29,3
TE,69.45750000000001,8.450820000000014,2.885000000000005,62.11,80.353,-11.8275,-12.483000000000004,-4.193000000000026,136,138,112,19,12,171.37,18.52,6.32,0.69,148.11333333333334,28.949992899634516,-12.113333333333344,2.7006666666666668,1.625152574033863,Taysom,Hill,NOS,TE,33,3
TE,66.5725,3.1134599999999915,0.5525000000000091,64.091,68.69,-14.712500000000006,-10.50200000000001,-15.856000000000023,144,132,143,20,12,207.34,22.08,6.8,0.42,131.612,31.215966043036374,12.388000000000005,6.598000000000001,6.749224745603504,Sam,LaPorta,DET,TE,22,-3
TE,66.02,NA,3.677499999999995,66.02,66.02,-15.265000000000015,-8.573000000000008,-18.526000000000025,148,122,157,21,13,212.98,22.7,4.4,0.24,159.6475,19.758883287018023,-11.647500000000008,3.392666666666667,2.8982571007800924,Irv,Smith Jr.,CIN,TE,25,1
TE,62.3425,4.28471399999998,0.08750000000000568,58.786,65.31099999999999,-18.94250000000001,-15.807000000000002,-19.235000000000028,152,151,163,22,13,249.19,27.34,3.06,0.25,167.675,7.9750000000000085,-15.675000000000011,3.704,2.704,Noah,Fant,SEA,TE,26,1
TE,62.254999999999995,4.240235999999999,0.5874999999999986,57.385999999999996,70.796,-19.030000000000015,-17.207000000000008,-13.750000000000014,154,155,136,23,13,253.24,28.28,4.33,0.32,171.43,NA,-17.430000000000007,2.3760000000000003,NA,Jelani,Woods,IND,TE,25,-2
TE,61.6675,6.078659999999991,0.13749999999999574,57.113,65.69,-19.617500000000014,-17.480000000000004,-18.856000000000023,156,157,158,24,13,280.92,32.02,4.71,0.48,173.29,37.17315429177352,-17.289999999999992,2.0593333333333335,1.462910645102959,Tyler,Conklin,NYJ,TE,28,2
TE,61.53,3.3506760000000075,0.9299999999999926,59.226,64.266,-19.75500000000001,-15.367000000000004,-20.280000000000015,157,150,168,25,14,206.84,22.4,4.83,0.28,141.09199999999998,16.850167239526137,15.908000000000015,2.734,2.3609190300954133,Dawson,Knox,BUF,TE,27,1
TE,60.60000000000001,9.117990000000008,2.2025000000000077,54.80500000000001,66.235,-20.685000000000002,-19.787999999999997,-18.31100000000002,159,161,154,26,14,224.79,23.86,4.91,0.66,173.19,16.747113184068468,-14.189999999999998,2.144,1.1440000000000003,Hunter,Henry,NEP,TE,29,4
TE,58.3975,1.497425999999997,0.4450000000000003,56.591,61.64,-22.88750000000001,-18.002000000000002,-22.90600000000002,167,159,180,27,14,287.16,32.86,3.49,0.09,171.32,NA,-4.319999999999993,1.5899999999999999,0.45000000000000007,Cade,Otton,TBB,TE,24,-2
TE,57.9525,2.016335999999999,1.6749999999999972,54.265,60.12400000000001,-23.33250000000001,-20.328000000000003,-24.42200000000001,170,163,183,28,15,237.84,25.32,4.4,0.15,166.17666666666665,28.881362310128118,3.823333333333352,3.1173333333333337,2.854108305972677,Hayden,Hurst,CAR,TE,30,2
TE,56.2775,7.902257999999997,0.9274999999999949,48.93300000000001,67.69800000000001,-25.007500000000007,-25.659999999999997,-16.848000000000013,177,179,147,29,15,205.4,22.66,4.48,0.56,156.76,17.438111136244085,20.24000000000001,2.382666666666667,1.747550921210087,Mike,Gesicki,NEP,TE,28,2
TE,55.35000000000001,12.75036,0.04250000000000398,46.660000000000004,65.56000000000002,-25.935000000000002,-27.933,-18.986000000000004,179,185,160,30,15,268.75,30.92,5.84,0.84,173.17000000000002,17.847904638920504,5.829999999999984,3.317,1.987,Zach,Ertz,ARI,TE,33,7
TE,55.307500000000005,0.3558240000000029,1.0725000000000051,52.024,63.498999999999995,-25.977500000000006,-22.569000000000003,-21.047000000000025,180,170,176,31,15,292.34,33.84,5.46,0.11,218.82,NA,-38.81999999999999,1.484,0.4840000000000001,Logan,Thomas,WAS,TE,32,6
TE,54.235,0.6819960000000013,0.03499999999999659,51.986,59.42,-27.05000000000001,-22.607000000000006,-25.12600000000002,183,172,186,32,15,232.72,25.03,3.34,0.06,173.62666666666667,28.991448547612947,9.373333333333335,1.7720000000000002,0.7720000000000002,Trey,McBride,ARI,TE,24,-2
TE,54.2,0.889560000000002,6.037500000000001,53.06,56.300000000000004,-27.085000000000008,-21.533,-28.246000000000016,184,167,196,33,16,256.62,28.33,4.49,0.1,126.21333333333334,46.239481927124665,57.78666666666666,9.721000000000002,8.351000000000003,Michael,Mayer,LVR,TE,22,-3
TE,48.1625,0.7413,2.6850000000000023,41.115,51.150000000000006,-33.12250000000001,-33.478,-33.396000000000015,199,204,208,34,17,271.81,30.77,6.56,0.2,182.495,22.825000000000003,16.504999999999995,2.5410000000000004,1.3710000000000002,Jake,Ferguson,DAL,TE,24,-2
TE,45.4775,2.802114000000001,0.20750000000000313,41.299,53.620000000000005,-35.80750000000001,-33.294000000000004,-30.926000000000016,205,203,203,35,17,315.7,37.86,4.5,0.22,NA,NA,NA,3.1440000000000006,NA,Austin,Hooper,LVR,TE,29,4
TE,45.269999999999996,4.062323999999992,3.0349999999999966,41.373999999999995,51.45400000000001,-36.015000000000015,-33.21900000000001,-33.09200000000001,206,202,207,36,18,279.95,31.22,4.77,0.34,143.675,66.595,62.32499999999999,6.509,5.299000000000001,Luke,Musgrave,GBP,TE,23,-3
TE,42.235,12.846728999999998,0.0049999999999954525,34.4365,50.0335,-39.05000000000001,-40.1565,-34.512500000000024,210,216,211,37,18,333.2,40.76,5.45,0.83,NA,NA,NA,1.4880000000000002,NA,Robert,Tonyan,CHI,TE,29,3
TE,42.230000000000004,2.209074000000003,7.3600000000000065,36.52100000000001,45.251000000000005,-39.05500000000001,-38.071999999999996,-39.295000000000016,211,212,222,38,19,271.75,30.57,3.55,0.12,197.335,18.655,13.664999999999992,2.108,0.7480000000000001,Isaiah,Likely,BAL,TE,23,-2
TE,34.87,10.215114,0.0049999999999954525,23.489000000000004,54.538999999999994,-46.41500000000001,-51.104,-30.007000000000026,225,241,201,39,19,370.75,59.67,11.33,0.88,NA,NA,NA,NA,NA,Brock,Wright,DET,TE,25,-1
TE,34.865,2.372160000000002,0.0625,29.174,37.940000000000005,-46.42000000000001,-45.419000000000004,-46.606000000000016,226,226,243,40,19,338.33,42.06,4.32,0.18,NA,NA,NA,NA,NA,Jonnu,Smith,ATL,TE,28,3
TE,34.8025,7.546434,0.5800000000000054,27.919,45.37,-46.48250000000001,-46.67400000000001,-39.17600000000002,228,231,221,41,19,337.52,42.18,4.72,0.55,NA,NA,NA,0.7200000000000001,NA,Foster,Moreau,NOS,TE,26,1
TE,34.2225,8.1543,1.1174999999999926,29.071,39.24999999999999,-47.062500000000014,-45.522000000000006,-45.29600000000003,231,227,240,42,19,354.49,45.81,4.72,0.59,NA,NA,NA,1.9680000000000002,NA,Noah,Gray,KCC,TE,24,-1
TE,33.105000000000004,1.4974260000000021,1.1475000000000009,29.601,40.761,-48.18000000000001,-44.992000000000004,-43.78500000000002,234,224,235,43,19,352.09,45,5.52,0.19,NA,NA,NA,NA,NA,Donald,Parham,LAC,TE,26,1
TE,31.957500000000003,1.186080000000001,0.9500000000000028,30.180000000000003,35.427,-49.32750000000001,-44.413,-49.11900000000002,238,222,255,44,20,334.51,40.38,4.11,0.1,70.63,NA,167.37,3.6240000000000006,NA,Luke,Schoonmaker,DAL,TE,25,-3
TE,31.0075,7.442651999999999,0.5825000000000031,24.532,40.615,-50.27750000000001,-50.06100000000001,-43.93100000000002,241,238,236,45,20,364.67,61.62,6.4,0.63,NA,NA,NA,NA,NA,Tommy,Tremble,CAR,TE,23,-1
TE,30.424999999999997,10.971240000000003,0.3199999999999932,21.639999999999997,42.61000000000001,-50.860000000000014,-52.953,-41.936000000000014,242,249,228,46,20,364.77,53,12.22,0.91,NA,NA,NA,2.1840000000000006,NA,C.J.,Uzomah,NYJ,TE,30,5
TE,30.105000000000004,7.412999999999999,0.9350000000000023,19.637999999999998,36.900000000000006,-51.18000000000001,-54.955000000000005,-47.646000000000015,244,262,249,47,20,NA,81.4,5.31,0.57,NA,NA,NA,NA,NA,Teagan,Quitoriano,HOU,TE,23,-2
TE,29.17,2.5204199999999988,0.010000000000001563,21.842000000000002,32.93,-52.11500000000001,-52.751000000000005,-51.61600000000002,247,247,265,48,20,344.5,44.22,5.35,0.26,75.77,NA,171.23000000000002,3.2400000000000007,NA,Tucker,Kraft,GBP,TE,23,-3
TE,29.16,5.441142000000002,0.6949999999999967,24.867,35.03699999999999,-52.125000000000014,-49.726,-49.50900000000003,248,236,257,49,20,353.26,47.15,6.87,0.52,NA,NA,NA,0.7200000000000001,NA,Will,Dissly,SEA,TE,27,2
TE,28.465000000000003,3.6101309999999978,0.10500000000000398,26.273500000000006,30.6565,-52.82000000000001,-48.3195,-53.88950000000002,251,232,271,50,20,376.25,55.71,4.9,0.3,NA,NA,NA,NA,NA,Kylen,Granson,IND,TE,25,-1
TE,28.36,2.6093760000000024,1.2149999999999963,21.816000000000003,42.839999999999996,-52.92500000000001,-52.777,-41.706000000000024,252,248,227,51,21,360.57,57.1,9.22,0.49,NA,NA,NA,NA,NA,Josh,Oliver,MIN,TE,26,1
TE,27.145000000000003,2.7279839999999997,0.8000000000000043,25.084000000000003,29.854,-54.14000000000001,-49.509,-54.69200000000002,253,235,275,52,21,337.21,48.81,10.89,0.57,NA,NA,NA,0.8160000000000002,NA,Durham,Smythe,MIA,TE,28,2
TE,26.345,3.558239999999998,0.259999999999998,23.782000000000004,28.659999999999997,-54.94000000000001,-50.811,-55.886000000000024,256,240,280,53,21,367.3,52.7,5.97,0.38,NA,NA,NA,NA,NA,Harrison,Bryant,CLE,TE,25,0
TE,26.085,0.12602100000000127,0.3149999999999977,26.0085,26.1615,-55.20000000000001,-48.584500000000006,-58.38450000000002,257,233,292,54,21,355,67.88,7.2,0.19,NA,NA,NA,NA,NA,Josiah,Deguara,GBP,TE,26,0
TE,25.770000000000003,8.094995999999995,0.17000000000000526,20.414,30.854,-55.51500000000001,-54.179,-53.69200000000002,259,256,269,55,21,355.33,61.5,8.71,0.75,86.58,NA,172.42000000000002,2.6400000000000006,NA,Brenton,Strange,JAC,TE,23,-3
TE,25.599999999999998,NA,0.5899999999999999,25.599999999999998,25.599999999999998,-55.68500000000002,-48.99300000000001,-58.946000000000026,260,234,295,56,21,363.67,61.5,20.27,0.98,NA,NA,NA,NA,NA,Jimmy,Graham,NOS,TE,37,10
TE,25.009999999999998,2.7428100000000017,0.47499999999999787,21.551000000000002,27.365000000000002,-56.27500000000001,-53.042,-57.18100000000002,265,250,284,57,21,362.33,51.73,5.36,0.27,NA,NA,NA,NA,NA,Mo,Alie-Cox,IND,TE,30,3
TE,24.535,6.427070999999995,0.7600000000000016,20.6335,28.4365,-56.750000000000014,-53.959500000000006,-56.109500000000025,266,254,281,58,22,352.13,53.92,6.08,0.55,NA,NA,NA,NA,NA,Jordan,Akins,CLE,TE,31,2
TE,23.775,6.7087650000000005,0.3549999999999969,19.7025,27.8475,-57.51000000000001,-54.8905,-56.698500000000024,269,261,282,59,22,NA,72.4,4.8,0.51,NA,NA,NA,NA,NA,Ian,Thomas,CAR,TE,27,2
TE,23.42,2.1942480000000004,0.18999999999999773,22.088,24.752000000000002,-57.86500000000001,-52.505,-59.79400000000002,270,245,301,60,22,372.6,57.55,8.23,0.43,NA,NA,NA,NA,NA,Colby,Parkinson,SEA,TE,24,0
TE,23.230000000000004,NA,0.8750000000000036,23.230000000000004,23.230000000000004,-58.05500000000001,-51.363,-61.31600000000002,272,242,309,61,22,361.87,51.73,9.79,0.78,NA,NA,NA,NA,NA,Brevin,Jordan,HOU,TE,23,-1
TE,22.355,4.514517000000002,0.36499999999999844,19.614499999999996,25.095500000000005,-58.93000000000001,-54.97850000000001,-59.45050000000002,276,263,298,62,22,352.62,47.28,5.98,0.46,NA,NA,NA,NA,NA,Adam,Trautman,DEN,TE,26,0
TE,21.990000000000002,1.6160340000000024,0.26000000000000156,21.009,22.971000000000007,-59.29500000000001,-53.584,-61.57500000000002,278,252,310,63,22,348.42,45.19,5.3,0.19,72.24,NA,205.76,6.144000000000001,NA,Darnell,Washington,PIT,TE,22,-3
TE,21.73,2.4759420000000025,0.18499999999999872,20.227,23.233,-59.55500000000001,-54.366,-61.31300000000002,280,259,308,64,22,358.2,62.2,10.07,0.52,NA,NA,NA,1.4160000000000001,NA,Elijah,Higgins,MIA,TE,23,-3
TE,21.545,8.235843000000001,0.18500000000000227,16.5455,26.544500000000003,-59.74000000000001,-58.0475,-58.00150000000002,283,276,291,65,22,NA,111,1,0.44,NA,NA,NA,NA,NA,Stephen,Sullivan,CAR,TE,27,0
TE,21.36,0.80060399999999865,0.00999999999999801,20.874000000000002,21.845999999999997,-59.92500000000001,-53.719,-62.700000000000024,284,253,317,66,22,371.33,67.89,15.23,0.67,NA,NA,NA,NA,NA,Dan,Arnold,PHI,TE,28,3
TE,21.35,1.2602099999999994,0.15500000000000114,20.584999999999997,22.115000000000002,-59.93500000000001,-54.00800000000001,-62.43100000000002,285,255,314,67,22,NA,80,5.25,0.15,NA,NA,NA,NA,NA,Brycen,Hopkins,LAR,TE,26,0
TE,21.35,4.67019,0,18.515,24.185,-59.93500000000001,-56.078,-60.36100000000002,285,264,304,67,22,359,68.43,9.16,0.6,NA,NA,NA,NA,NA,John,Bates,WAS,TE,26,-1
TE,21.195,12.757773,0.019999999999999574,13.450500000000003,28.9395,-60.09000000000001,-61.1425,-55.606500000000025,286,297,279,68,22,NA,109.33,4.11,0.8,NA,NA,NA,NA,NA,Davis,Allen,LAR,TE,22,-3
TE,21.175,1.8161849999999968,0.060000000000002274,20.0725,22.2775,-60.110000000000014,-54.5205,-62.26850000000002,287,260,313,69,22,366.8,54.93,4.53,0.14,NA,NA,NA,1.1520000000000001,NA,Peyton,Hendershot,DAL,TE,24,-2
TE,21.115,9.762920999999999,1.2499999999999964,15.1885,27.0415,-60.170000000000016,-59.404500000000006,-57.50450000000002,288,286,286,70,23,NA,81.6,13.23,0.91,NA,NA,NA,NA,NA,Jody,Fortson,KCC,TE,28,1
TE,19.865000000000002,11.467911,0.015000000000000568,12.9035,26.8265,-61.42000000000001,-61.6895,-57.719500000000025,290,302,288,71,23,NA,63.33,9.87,0.89,NA,NA,NA,NA,NA,Hunter,Long,LAR,TE,25,-1
TE,19.85,10.15581,0.15500000000000114,13.685000000000002,26.015000000000004,-61.43500000000001,-60.908,-58.53100000000002,291,295,293,72,23,NA,81.5,9.86,0.86,NA,NA,NA,NA,NA,Jack,Stoll,PHI,TE,25,-1
TE,19.695,7.123892999999999,0.11249999999999716,15.370500000000002,24.0195,-61.59000000000001,-59.222500000000004,-60.52650000000002,292,285,305,73,23,NA,NA,NA,0.74,NA,NA,NA,NA,NA,Blake,Bell,KCC,TE,32,5
TE,19.582500000000003,1.8829019999999992,0.12250000000000227,16.157,26.66,-61.70250000000001,-58.43600000000001,-57.886000000000024,293,279,290,74,23,NA,86.8,13.64,0.65,NA,NA,NA,NA,NA,Eric,Saubert,MIA,TE,29,3
TE,19.46,12.216624000000003,0.14999999999999858,12.044000000000002,26.876,-61.82500000000001,-62.549,-57.670000000000016,294,308,287,75,23,NA,78.75,4.02,0.76,NA,NA,NA,NA,NA,Ross,Dwelley,SFO,TE,28,2
TE,19.310000000000002,4.462625999999999,0.4750000000000014,16.601,22.019000000000002,-61.97500000000001,-57.992000000000004,-62.527000000000015,295,275,316,76,23,327.27,42.71,8.71,0.56,NA,NA,NA,0.43200000000000005,NA,Albert,Okwuegbunam,DEN,TE,25,0
TE,18.835,4.203171000000001,0.28999999999999915,16.2835,21.3865,-62.45000000000001,-58.3095,-63.15950000000002,299,277,319,77,23,NA,82.29,11.62,0.69,NA,NA,NA,NA,NA,Charlie,Kolar,BAL,TE,24,-2
TE,18.545,3.4692840000000023,0.6275000000000013,15.634,22.744,-62.74000000000001,-58.959,-61.80200000000002,300,282,311,78,23,313.77,38.05,4.36,0.26,NA,NA,NA,1.3920000000000001,NA,Daniel,Bellinger,NYG,TE,23,-2
TE,17.9175,3.6027179999999994,0.2699999999999996,14.813,22.490000000000002,-63.36750000000001,-59.78,-62.05600000000002,301,289,312,79,23,NA,88.4,10.67,0.62,NA,NA,NA,NA,NA,Connor,Heyward,PIT,TE,24,-2
TE,17.6475,4.166106,0.2875000000000014,13.271,24.98,-63.63750000000001,-61.322,-59.56600000000002,303,299,299,80,23,NA,85.6,22.81,0.93,NA,NA,NA,NA,NA,Ko,Kieft,TBB,TE,25,-2
TE,17.36,4.951884,0.00999999999999801,14.354,20.366,-63.92500000000001,-60.239000000000004,-64.18000000000002,304,294,323,81,23,NA,92,7.18,0.52,NA,NA,NA,NA,NA,Payne,Durham,TBB,TE,23,-3
TE,17.35,3.0393299999999983,0.45000000000000284,15.505,19.194999999999997,-63.93500000000001,-59.088,-65.35100000000003,305,283,327,82,23,NA,NA,NA,0.23,NA,NA,NA,NA,NA,Lawrence,Cager,NYG,TE,26,0
TE,16.9,0,0.03500000000000014,16.9,16.9,-64.38500000000002,-57.693000000000005,-67.646000000000015,306,271,335,83,23,NA,NA,NA,0.01,NA,NA,NA,NA,NA,Miller,Forristall,CLE,TE,25,-1
TE,16.865,7.9096709999999995,0.14499999999999602,12.0635,21.6665,-64.42000000000002,-62.529500000000006,-62.87950000000002,307,307,318,84,23,351,NA,NA,0.81,NA,NA,NA,NA,NA,Tyler,Kroft,MIA,TE,31,5
TE,16.720000000000002,2.9355480000000016,0.0400000000000027,14.938,18.502000000000002,-64.56500000000001,-59.655,-66.04400000000001,308,287,328,85,23,349,63.63,6.52,0.38,NA,NA,NA,NA,NA,James,Mitchell,DET,TE,24,-2
TE,16.68,NA,0.134999999999998,16.68,16.68,-64.60500000000002,-57.913000000000004,-67.86600000000001,309,274,338,86,23,NA,100,2.16,0.05,NA,NA,NA,NA,NA,Geoff,Swaim,ARI,TE,30,5
TE,16.545,0.526322999999998,0.09500000000000242,16.2255,16.864499999999996,-64.74000000000001,-58.36750000000001,-67.68150000000003,310,278,336,87,23,NA,95,9.75,0.4,NA,NA,NA,2.9760000000000004,NA,Cameron,Latu,SFO,TE,23,-3
TE,16.45,0.8154299999999997,0.10999999999999943,15.955000000000002,16.945,-64.83500000000001,-58.638000000000005,-67.60100000000003,312,280,334,88,24,NA,71.33,3.9,0.08,NA,NA,NA,NA,NA,Tre',McKitty,LAC,TE,24,-1
TE,16.34,6.167616,0.46999999999999886,12.596,20.084,-64.94500000000001,-61.997,-64.46200000000002,313,304,325,89,24,NA,97.33,13.77,0.84,NA,NA,NA,NA,NA,Marcedes,Lewis,CHI,TE,39,14
TE,15.870000000000001,3.6027179999999994,0.28500000000000014,13.683000000000002,18.057000000000002,-65.415,-60.910000000000004,-66.48900000000002,316,296,331,90,24,375,65.63,13.35,0.73,NA,NA,NA,1.5360000000000003,NA,Zack,Kuntz,NYJ,TE,24,-3
TE,15.585,3.7287390000000005,0.5199999999999996,13.3215,17.8485,-65.70000000000002,-61.2715,-66.69750000000002,317,298,332,91,24,355.29,59.07,14.01,0.75,NA,NA,NA,NA,NA,Jeremy,Ruckert,NYJ,TE,23,-2
TE,15.065000000000001,0.7931910000000015,0.26500000000000057,14.583499999999999,15.546500000000002,-66.22000000000001,-60.0095,-68.99950000000001,319,292,346,92,24,NA,89.2,8.98,0.36,NA,NA,NA,NA,NA,Josh,Whyle,TEN,TE,24,-3
TE,14.8,0,0.3000000000000007,14.8,14.8,-66.48500000000001,-59.793000000000006,-69.74600000000002,321,290,353,93,24,NA,NA,NA,0.01,NA,NA,NA,NA,NA,Andrew,Ogletree,IND,TE,25,-2
TE,14.5,3.7064999999999997,0.3200000000000003,12.25,16.75,-66.78500000000001,-62.343,-67.79600000000002,322,305,337,94,24,NA,NA,NA,0.33,NA,NA,NA,NA,NA,Stone,Smartt,LAC,TE,25,-2
TE,14.18,3.2913719999999995,0.030000000000001137,12.181999999999999,16.177999999999997,-67.10500000000002,-62.411,-68.36800000000002,325,306,343,95,24,NA,92.25,8.2,0.48,NA,NA,NA,NA,NA,Zach,Gentry,PIT,TE,27,1
TE,14.149999999999999,4.07715,0.3299999999999983,11.674999999999999,16.624999999999996,-67.13500000000002,-62.918000000000006,-67.92100000000002,326,311,340,96,24,NA,NA,NA,0.4,NA,NA,NA,NA,NA,Brayden,Willis,SFO,TE,24,-3
TE,13.82,6.345528,0.10500000000000043,9.968000000000002,17.672,-67.465,-64.625,-66.87400000000002,328,323,333,97,24,NA,99.4,15.08,0.87,NA,NA,NA,NA,NA,Luke,Farrell,JAC,TE,26,-1
TE,13.715,4.2773010000000005,0.1750000000000007,11.1185,16.311500000000002,-67.57000000000001,-63.474500000000006,-68.23450000000003,329,317,342,98,24,NA,79.4,10.98,0.67,NA,NA,NA,NA,NA,Drew,Sample,CIN,TE,27,1
TE,13.54,5.129796,0.129999999999999,10.426,16.654,-67.745,-64.167,-67.89200000000002,331,322,339,99,24,NA,137,9.22,0.63,NA,NA,NA,NA,NA,Reggie,Gilliam,BUF,RB,26,0
TE,13.41,3.9881940000000005,0.4250000000000007,10.989,15.831,-67.87500000000001,-63.604,-68.71500000000002,332,320,344,100,24,NA,78.6,14.32,0.79,NA,NA,NA,NA,NA,Jesper,Horsted,LVR,TE,26,1
TE,12.985,11.734778999999998,0.0799999999999983,5.861500000000001,20.108499999999996,-68.30000000000001,-68.7315,-64.43750000000003,333,347,324,101,24,NA,96.67,19.01,0.97,NA,NA,NA,NA,NA,Trevon,Wesco,TEN,TE,28,1
TE,12.905000000000001,2.8095270000000006,0.28000000000000114,11.199499999999999,14.610500000000002,-68.38000000000001,-63.3935,-69.93550000000002,334,316,354,102,25,NA,84.6,7.74,0.44,NA,NA,NA,NA,NA,Will,Mallory,IND,TE,24,-3
TE,12.625,4.558995,0.29499999999999993,9.8575,15.392500000000002,-68.66000000000001,-64.7355,-69.15350000000002,337,325,348,103,25,NA,NA,NA,0.46,NA,NA,NA,NA,NA,Curtis,Hodges,WAS,TE,24,-2
TE,12.33,4.551582,0.24499999999999922,9.567,15.093,-68.95500000000001,-65.02600000000001,-69.45300000000002,338,327,351,104,25,NA,84.4,5.39,0.43,NA,NA,NA,NA,NA,Chris,Manhertz,DEN,TE,31,4
TE,12.085,5.656118999999999,0.40500000000000114,8.6515,15.518500000000001,-69.20000000000002,-65.9415,-69.02750000000002,339,334,347,105,25,NA,95,13.36,0.81,NA,NA,NA,NA,NA,Devin,Asiasi,CIN,TE,26,0
TE,11.68,NA,0.6199999999999992,11.68,11.68,-69.60500000000002,-62.913000000000004,-72.86600000000001,342,310,359,106,25,330.1,51.21,11.85,0.87,NA,NA,NA,NA,NA,Cole,Turner,WAS,TE,23,-2
TE,11.06,NA,0.46000000000000085,11.06,11.06,-70.22500000000001,-63.533,-73.48600000000002,344,318,362,107,25,NA,98.5,9.71,0.76,NA,NA,NA,NA,NA,Tanner,Hudson,CIN,TE,29,2
TE,10.6,NA,0.6699999999999999,10.6,10.6,-70.68500000000002,-63.993,-73.94600000000003,345,321,363,108,25,NA,87,16.17,0.96,NA,NA,NA,NA,NA,Kendall,Blanton,KCC,TE,28,1
TE,9.93,NA,0.5599999999999987,9.93,9.93,-71.35500000000002,-64.66300000000001,-74.61600000000001,347,324,364,109,25,NA,83.2,12.42,0.89,NA,NA,NA,NA,NA,Quintin,Morris,BUF,TE,24,-1
TE,9.370000000000001,NA,0.11000000000000121,9.370000000000001,9.370000000000001,-71.915,-65.223,-75.17600000000002,349,328,366,110,25,NA,82.5,5.12,0.34,NA,NA,NA,NA,NA,Johnny,Mundt,MIN,TE,29,3
TE,9.26,NA,0.17999999999999972,9.26,9.26,-72.025,-65.333,-75.28600000000002,350,329,368,111,25,NA,102,12.73,0.9,NA,NA,NA,NA,NA,Armani,Rogers,WAS,TE,26,-2
TE,9.08,NA,0.08999999999999808,9.08,9.08,-72.20500000000001,-65.513,-75.46600000000002,351,330,369,112,25,NA,82,9.87,0.79,NA,NA,NA,NA,NA,Giovanni,Ricci,CAR,TE,27,0
TE,8.990000000000002,NA,0.1700000000000017,8.990000000000002,8.990000000000002,-72.29500000000002,-65.60300000000001,-75.55600000000001,352,331,370,113,26,NA,95.67,3.4,0.13,NA,NA,NA,NA,NA,Andrew,Beck,HOU,RB,27,1
TE,8.82,NA,0.120000000000001,8.82,8.82,-72.465,-65.773,-75.72600000000003,353,332,371,114,26,NA,89.33,7.93,0.62,NA,NA,NA,NA,NA,Mitchell,Wilcox,CIN,TE,27,0
TE,8.7,NA,0.1999999999999993,8.7,8.7,-72.58500000000001,-65.893,-75.84600000000002,354,333,372,115,26,NA,84.75,2.86,0.09,NA,NA,NA,NA,NA,Shane,Zylstra,DET,TE,27,-1
TE,8.5,NA,0.6999999999999993,8.5,8.5,-72.78500000000001,-66.093,-76.04600000000002,355,335,375,116,26,NA,77.4,10.44,0.82,NA,NA,NA,NA,NA,Grant,Calcaterra,PHI,TE,25,-2
TE,7.800000000000001,NA,0.16999999999999993,7.800000000000001,7.800000000000001,-73.48500000000001,-66.793,-76.74600000000002,356,336,377,117,26,NA,NA,NA,NA,NA,NA,NA,NA,NA,Anthony,Firkser,NEP,TE,28,2
TE,7.630000000000001,NA,0.1900000000000004,7.630000000000001,7.630000000000001,-73.65500000000002,-66.96300000000001,-76.91600000000003,357,337,379,118,26,NA,88.33,15.33,0.95,NA,NA,NA,NA,NA,MyCole,Pruitt,ATL,TE,31,5
TE,7.44,NA,0.29000000000000004,7.44,7.44,-73.84500000000001,-67.153,-77.10600000000002,358,338,382,119,26,NA,NA,NA,NA,NA,NA,NA,NA,NA,Eric,Tomlinson,HOU,TE,31,5
TE,7.15,NA,0.6899999999999995,7.15,7.15,-74.135,-67.443,-77.396000000000015,360,339,383,120,26,NA,96.75,7.66,0.6,NA,NA,NA,NA,NA,Tommy,Sweeney,NYG,TE,28,1
TE,6.460000000000001,NA,0.35000000000000053,6.460000000000001,6.460000000000001,-74.82500000000002,-68.13300000000001,-78.08600000000001,364,345,384,121,26,NA,96,24.59,0.99,NA,NA,NA,NA,NA,Kevin,Rader,TEN,TE,28,2
TE,6.11,NA,0.4800000000000004,6.11,6.11,-75.17500000000001,-68.483,-78.43600000000002,365,346,386,122,26,NA,90.5,5.5,0.4,NA,NA,NA,NA,NA,Parker,Hesse,ATL,TE,28,1
TE,5.63,NA,0.04999999999999982,5.63,5.63,-75.65500000000002,-68.96300000000001,-78.91600000000003,369,349,388,123,26,NA,NA,NA,NA,NA,NA,NA,NA,NA,Dominique,Dafney,TBB,TE,26,0
TE,5.58,NA,0.23000000000000043,5.58,5.58,-75.70500000000001,-69.013,-78.96600000000002,370,350,389,124,26,NA,213,5,0.32,NA,NA,NA,NA,NA,Tanner,Conner,MIA,TE,25,-2
TE,5.35,NA,0.13999999999999968,5.35,5.35,-75.93500000000002,-69.24300000000001,-79.19600000000003,372,351,392,125,26,NA,102.75,21.72,0.99,NA,NA,NA,NA,NA,Jacob,Hollister,LVR,TE,30,3
TE,5.21,NA,0.20999999999999996,5.21,5.21,-76.07500000000002,-69.38300000000001,-79.33600000000003,374,352,394,126,27,NA,96.33,1.25,0.02,NA,NA,NA,NA,NA,Chris,Myarick,NYG,TE,28,1
TE,5,NA,0.27999999999999936,5,5,-76.28500000000001,-69.593,-79.54600000000002,377,355,395,127,27,NA,92.5,16.5,0.97,NA,NA,NA,NA,NA,Charlie,Woerner,SFO,TE,26,0
TE,4.720000000000001,NA,0.009999999999999787,4.720000000000001,4.720000000000001,-76.56500000000001,-69.873,-79.82600000000002,378,356,396,128,27,NA,111.5,6.5,0.49,NA,NA,NA,NA,NA,Mason,Schreck,HOU,TE,30,3
TE,4.710000000000001,NA,0.2500000000000009,4.710000000000001,4.710000000000001,-76.57500000000002,-69.88300000000001,-79.83600000000001,379,357,397,129,27,NA,NA,NA,NA,NA,NA,NA,NA,NA,Dalton,Keene,HOU,TE,24,0
TE,4.46,NA,0.05999999999999961,4.46,4.46,-76.82500000000002,-70.13300000000001,-80.08600000000003,382,358,398,130,27,NA,100.6,7.79,0.61,NA,NA,NA,NA,NA,Pharaoh,Brown,IND,TE,29,3
TE,4.4,NA,0.15000000000000036,4.4,4.4,-76.885,-70.193,-80.146000000000015,383,359,399,131,27,NA,NA,NA,NA,NA,NA,NA,NA,NA,Noah,Togiai,ARI,TE,26,0
TE,4.25,NA,0.10999999999999943,4.25,4.25,-77.03500000000001,-70.343,-80.29600000000002,384,360,400,132,27,NA,107.67,11.09,0.85,NA,NA,NA,NA,NA,Sean,McKeon,DAL,TE,26,0
TE,4.140000000000001,NA,0.22000000000000064,4.140000000000001,4.140000000000001,-77.14500000000001,-70.453,-80.40600000000002,386,361,402,133,27,NA,80,1,0.01,NA,NA,NA,NA,NA,Feleipe,Franks,ATL,TE,26,-1
TE,3.92,NA,0.13999999999999968,3.92,3.92,-77.36500000000001,-70.673,-80.62600000000002,388,362,404,134,27,NA,NA,NA,NA,NA,NA,NA,NA,NA,Tyler,Davis,GBP,TE,26,0
TE,3.7800000000000002,NA,1.1799999999999997,3.7800000000000002,3.7800000000000002,-77.50500000000001,-70.813,-80.76600000000002,389,363,405,135,27,NA,NA,NA,NA,NA,NA,NA,NA,NA,Jake,Tonges,CHI,TE,24,-2
TE,2.6000000000000005,NA,0.10000000000000053,2.6000000000000005,2.6000000000000005,-78.68500000000002,-71.99300000000001,-81.94600000000003,393,369,411,136,27,NA,NA,NA,NA,NA,NA,NA,NA,NA,Tyree,Jackson,PHI,TE,26,1
TE,2.5,NA,0.8599999999999999,2.5,2.5,-78.78500000000001,-72.093,-82.04600000000002,394,370,412,137,27,NA,NA,NA,NA,NA,NA,NA,NA,NA,Nick,Vannett,HOU,TE,30,4
TE,1.6400000000000001,NA,1.4400000000000002,1.6400000000000001,1.6400000000000001,-79.64500000000001,-72.953,-82.90600000000002,397,373,413,138,28,NA,NA,NA,NA,NA,NA,NA,NA,NA,Sammis,Reyes,JAC,TE,28,-1
TE,0.2,NA,0,0.2,0.2,-81.08500000000001,-74.393,-84.34600000000002,402,376,416,139,28,NA,NA,NA,NA,NA,NA,NA,NA,NA,NA,NA,NA,NA,NA,NA
DST,125.225,2.9652,0.5249999999999915,117.8,141.64999999999998,5.899999999999977,3.1899999999999835,9,79,86,76,1,1,167.6,2.58,1.45,0.03,114.0375,22.346955469369874,-35.037499999999994,2.575,0.07499999999999996,Dallas,Cowboys,DAL,DST,NA,50
DST,124.7,6.523439999999987,5.374999999999986,117.04,138.28,5.374999999999986,2.4299999999999926,5.630000000000024,81,91,80,2,2,175.16,3.64,1.56,0.14,108.7475,22.57765640517191,-27.747500000000002,2.81,0.31000000000000005,Philadelphia,Eagles,PHI,DST,NA,50
DST,119.32500000000002,0.14825999999999157,0.6000000000000227,114.61000000000001,131.44,0,0,-1.2099999999999795,95,96,102,3,3,187.3,5.85,1.86,0.02,133.805,13.73843058722502,-38.80500000000001,1.745,0.545,New England,Patriots,NEP,DST,NA,50
DST,118.725,8.1543,0.5249999999999915,109.68,125.25,-0.6000000000000227,-4.930000000000007,-7.399999999999977,98,110,119,4,4,208.3,10.4,2.29,0.42,160.69333333333333,16.081594724681043,-62.69333333333333,1.13,NA,Kansas City,Chiefs,KCC,DST,NA,50
DST,118.2,17.19815999999999,0.04999999999999716,104.38,129.94,-1.1250000000000142,-10.230000000000018,-2.7099999999999795,99,131,110,5,4,194.29,7.51,1.61,0.76,143.52,18.334846604212427,-44.52000000000001,1.275,0.07500000000000007,Baltimore,Ravens,BAL,DST,NA,50
DST,118.15,6.968220000000004,0.625,109.97000000000001,132.64999999999998,-1.1750000000000114,-4.640000000000001,0,100,109,96,6,5,233.46,15.45,3.01,0.55,171.56333333333333,20.319436234524044,-71.56333333333333,NA,NA,Washington,Commanders,WAS,DST,NA,50
DST,117.525,8.154299999999978,0.32500000000001705,105.62,125.14999999999999,-1.8000000000000114,-8.990000000000009,-7.499999999999986,102,124,120,7,5,307.83,24.75,2.48,0.47,183.77,22.97,-81.77000000000001,NA,NA,Detroit,Lions,DET,DST,NA,50
DST,117.19999999999999,5.1891,0.17499999999998295,110.05,130.75,-2.1250000000000284,-4.5600000000000165,-1.8999999999999773,103,108,108,8,6,236.67,15.26,2.52,0.32,174.75,24.419999999999987,-71.75,1,NA,Cleveland,Browns,CLE,DST,NA,50
DST,117.025,6.523440000000008,0.32500000000001705,112.44,122.61,-2.3000000000000114,-2.170000000000016,-10.039999999999978,105,102,127,9,6,263.51,19.32,2.22,0.31,211.19,NA,-106.19,NA,NA,Indianapolis,Colts,IND,DST,NA,50
DST,116.69999999999999,16.901639999999986,0.9499999999999886,106.17999999999999,127.05999999999999,-2.6250000000000284,-8.430000000000021,-5.589999999999989,107,120,117,10,7,293.23,22,4.04,0.99,180.315,21.715000000000003,-73.315,NA,NA,Seattle,Seahawks,SEA,DST,NA,50
DST,115.75,4.596059999999992,0.09999999999999432,108.21000000000001,130.89,-3.575000000000017,-6.400000000000006,-1.759999999999991,108,116,107,11,7,214.24,11.09,2.53,0.28,160.78666666666666,29.875990732061464,-52.78666666666666,1.11,NA,Pittsburgh,Steelers,PIT,DST,NA,50
DST,115.65,12.009060000000012,0.45000000000000284,105.89,123.89,-3.6750000000000114,-8.720000000000013,-8.759999999999977,109,123,124,12,8,241.82,16.96,2.54,0.72,181.535,25.835000000000008,-72.535,NA,NA,Los Angeles,Chargers,LAC,DST,NA,50
DST,115.2,12.157319999999983,0.42499999999999716,102.10000000000001,124.77999999999999,-4.125000000000014,-12.510000000000005,-7.86999999999999,111,139,121,13,8,259.25,18.83,3.58,0.95,166.05,4.6499999999999915,-55.05000000000001,1.31,NA,Jacksonville,Jaguars,JAC,DST,NA,50
DST,114.775,4.4478,0.10000000000000853,109.39999999999999,124.43,-4.550000000000011,-5.210000000000022,-8.21999999999997,112,112,122,14,9,159.07,1.47,0.9,0.01,100.3475,19.698826583073416,11.652500000000003,3.855,0.44499999999999984,San Francisco,49ers,SFO,DST,NA,50
DST,114.675,15.122520000000003,0.75,105.32,124.31,-4.65000000000002,-9.29000000000002,-8.339999999999975,113,126,123,15,10,307.9,28.77,2.93,0.94,NA,NA,NA,NA,NA,Houston,Texans,HOU,DST,NA,50
DST,113.925,0.44477999999999573,0.3499999999999943,108.23,128.3,-5.40000000000002,-6.38000000000001,-4.349999999999966,115,115,114,16,10,212.14,11.15,2.52,0.09,167.11333333333332,14.256940609946982,-52.113333333333316,1.17,NA,New Orleans,Saints,NOS,DST,NA,50
DST,113.575,1.4826,0.15000000000000568,101.17,118.9,-5.750000000000014,-13.440000000000012,-13.749999999999972,116,140,135,17,11,295.98,22.64,2.84,0.18,210.16,NA,-94.16,NA,NA,New York,Giants,NYG,DST,NA,50
DST,113.425,1.0378200000000042,1.0249999999999915,104.54,117.23,-5.90000000000002,-10.070000000000007,-15.419999999999973,117,130,139,18,12,227.74,14.92,4.53,0.71,180.95,27.64999999999999,-63.94999999999999,NA,NA,Tampa Bay,Buccaneers,TBB,DST,NA,50
DST,112.4,9.340379999999996,1.0250000000000057,106.72999999999999,118.07000000000001,-6.925000000000011,-7.880000000000024,-14.57999999999997,121,118,137,19,13,173.31,3.75,1.53,0.25,127.965,24.03227049198639,-6.965000000000003,1.9900000000000002,0.19000000000000006,Buffalo,Bills,BUF,DST,NA,50
DST,111.375,1.1860799999999958,0.575000000000017,107.28,120.87,-7.950000000000017,-7.3300000000000125,-11.779999999999973,124,117,131,20,14,221.67,13.11,3.54,0.39,158.03,27.99166125831048,-34.03,1.2,0.19999999999999996,Miami,Dolphins,MIA,DST,NA,50
DST,110.79999999999998,10.971239999999987,0.6249999999999716,100.23999999999998,118.95999999999998,-8.525000000000034,-14.370000000000033,-13.689999999999998,126,146,134,21,15,219.95,12.81,2.84,0.77,181.99666666666667,17.69681766746653,-55.99666666666667,1,NA,Cincinnati,Bengals,CIN,DST,NA,50
DST,110.17500000000001,0.14826000000001263,0.7500000000000142,103.52,112.79,-9.150000000000006,-11.090000000000018,-19.85999999999997,127,134,167,22,16,277.76,22.32,4.12,0.51,NA,NA,NA,NA,NA,Los Angeles,Rams,LAR,DST,NA,50
DST,109.425,2.520419999999983,0.4000000000000057,105.57000000000001,116.99999999999999,-9.90000000000002,-9.040000000000006,-15.649999999999991,128,125,141,23,16,247.98,17.53,3.17,0.37,185.44,18.11,-57.44,NA,NA,Green Bay,Packers,GBP,DST,NA,50
DST,109.02499999999999,4.003020000000004,0.024999999999991473,105.1,112.03,-10.300000000000026,-9.51000000000002,-20.619999999999976,130,127,173,24,16,323.05,27.31,1.5,0.05,207.83,NA,-77.83000000000001,NA,NA,Minnesota,Vikings,MIN,DST,NA,50
DST,109,5.040840000000008,1.9249999999999972,100.48,114.16,-10.325000000000017,-14.13000000000001,-18.48999999999998,132,144,156,25,17,199.25,9.19,4.22,0.83,157.565,26.175370579993704,-25.564999999999998,1.215,0.11499999999999999,Denver,Broncos,DEN,DST,NA,50
DST,107.075,2.816940000000008,1.0499999999999972,103.29,114.18,-12.250000000000014,-11.320000000000007,-18.46999999999997,138,135,155,26,18,187.77,5.43,1.76,0.06,135.46666666666667,40.808849802735466,2.5333333333333314,1.6,0.20000000000000007,New York,Jets,NYJ,DST,NA,50
DST,106.025,8.599080000000017,0.5500000000000114,100.58,111.83,-13.300000000000011,-14.030000000000015,-20.81999999999998,140,142,175,27,19,303.23,23.83,2.72,0.57,NA,NA,NA,NA,NA,Tennessee,Titans,TEN,DST,NA,50
DST,105.475,8.006039999999986,1.2249999999999943,98.74000000000001,115.21000000000001,-13.850000000000023,-15.870000000000005,-17.43999999999997,143,152,152,28,20,303,28.76,1.82,0.26,NA,NA,NA,NA,NA,Arizona,Cardinals,ARI,DST,NA,50
DST,104.25,0.8895600000000126,0.17499999999999716,100.20000000000002,106.14000000000001,-15.075000000000017,-14.409999999999997,-26.509999999999962,146,147,189,29,21,285.17,21.58,3.07,0.23,209.28,NA,-63.28,NA,NA,Carolina,Panthers,CAR,DST,NA,50
DST,104.075,8.450819999999982,3.3500000000000085,96.97,114.34,-15.250000000000014,-17.640000000000015,-18.309999999999974,147,158,153,30,22,311.29,28.57,2.8,0.6,NA,NA,NA,NA,NA,Atlanta,Falcons,ATL,DST,NA,50
DST,100.725,11.712540000000008,4.625,93.09,109.2,-18.600000000000023,-21.52000000000001,-23.449999999999974,151,166,181,31,23,326.1,29.11,2.02,0.53,211.36,NA,-60.360000000000014,NA,NA,Chicago,Bears,CHI,DST,NA,50
DST,96.1,4.447799999999979,0,88.9,110.5,-23.225000000000023,-25.710000000000008,-22.149999999999977,169,180,177,32,23,308.33,30.94,1.59,0.08,NA,NA,NA,NA,NA,Las Vegas,Raiders,LVR,DST,NA,50
