pos,points,sd_pts,dropoff,floor,ceiling,points_vor,floor_vor,ceiling_vor,rank,floor_rank,ceiling_rank,pos_rank,tier,overall_ecr,pos_ecr,sd_ecr,uncertainty,adp,adp_sd,adp_diff,aav,aav_sd,first_name,last_name,team,position,age,exp
QB,361.6389153046062,5.324514062334682,10.365884101040137,357.89959347613194,365.2258415030514,102.88803863298659,104.13768222113447,93.12240738672506,1,1,5,1,1,26.15,1.75,0.9,0.07,15.855,4.188761750207333,-14.855,41.394666666666666,8.326462447455638,Patrick,Mahomes,KCC,QB,28,3
QB,351.27303120356606,31.600602051226797,22.008662704309017,329.08042927600746,372.56117619805696,92.52215453194646,75.31851802101,100.4577420817306,4,8,3,2,2,27.37,2.36,0.93,0.82,22.291666666666668,3.977195061290752,-18.291666666666668,35.886,5.132852877948745,Jalen,Hurts,PHI,QB,25,0
QB,329.26436849925705,11.14400287149998,18.603090638930155,321.75707010782327,337.09062507518735,70.51349182763744,67.9951588528258,64.98719095886099,16,16,18,3,3,27.22,2.19,0.9,0.22,19.905,3.4689467661909528,-3.905000000000001,36.45266666666667,7.76959035099163,Josh,Allen,BUF,QB,27,2
QB,310.6612778603269,1.1879393923933643,1.3827488855869206,309.86100747342283,311.49554886588294,51.91040118870728,56.09909621842536,39.39211474955658,24,20,39,4,3,38.84,4.57,1.27,0.01,38.79666666666667,7.677396838917618,-14.796666666666667,29.647333333333336,10.684494726263642,Lamar,Jackson,BAL,QB,26,2
QB,309.27852897473997,21.98394982708978,17.158558692422048,294.4687633028062,324.717508476369,50.52765230312036,40.70685204780875,52.61407436004265,25,36,24,5,4,42.62,5.53,1.12,0.63,37.513333333333335,6.432639858996892,-12.513333333333335,26.07,7.995027621382348,Joe,Burrow,CIN,QB,27,0
QB,292.1199702823179,8.881261171703036,4.12964338781569,285.8828013360182,298.10294412726773,33.369093610698314,32.12089008102072,25.99951001094138,42,43,56,6,5,84.2,10.56,2.5,0.25,79.43833333333333,14.540222850959182,-37.43833333333333,14.904666666666667,8.51951740938939,Deshaun,Watson,CLE,QB,28,3
QB,287.99032689450223,7.2761287784095465,7.435141158989609,283.0886707747146,293.1002368035328,29.239450222882624,29.326759519717143,20.99680268720647,51,48,61,7,5,46.31,5.97,1.39,0.11,49.755,8.874483553048782,1.2449999999999974,22.699333333333335,8.523149704709457,Justin,Fields,CHI,QB,24,-1
QB,280.5551857355126,1.5980613254815907,6.629985141159011,279.43289259708615,281.63173994646695,21.804309063893015,25.67098134208868,9.528305830140596,59,52,74,8,6,45.78,6.12,1.18,0.01,47.303333333333335,10.476259934834673,11.696666666666665,23.880000000000003,11.620166378613806,Justin,Herbert,LAC,QB,25,0
QB,273.9252005943536,6.675088014401005,7.9290787518573325,269.2373920869436,278.42195800648153,15.174323922734004,15.475480831946129,6.318523890155177,70,63,79,9,7,99.06,12.97,1.97,0.17,101.15666666666667,17.50055300713539,-31.156666666666666,14.342000000000002,9.341928851509559,Kirk,Cousins,MIN,QB,35,8
QB,265.9961218424963,12.126881297349271,0.8411887072808213,257.47960532744526,274.16554870880907,7.245245170876672,3.7176940724477845,2.0621145924827147,80,85,92,10,7,131.4,16.79,2.33,0.42,128.05,11.745234494608159,-48.05000000000001,10.236666666666668,6.896425805363886,Russell,Wilson,DEN,QB,35,8
QB,265.15493313521546,15.224008998946365,2.959093610698403,254.46335292710762,275.41077922452826,6.40405646359585,0.7014416721101497,3.3073451082019005,84,90,90,11,7,96.95,12.52,2.51,0.54,114.06666666666666,15.440660247829076,-30.066666666666663,11.944666666666668,7.658984498976061,Daniel,Jones,NYG,QB,26,1
QB,262.19583952451705,15.598775592975258,3.444962852897447,251.2410666777517,272.7041518668413,3.444962852897447,-2.520844577245782,0.6007177505149457,90,102,95,12,7,117.31,15.08,2.67,0.57,98.97833333333334,15.350263208022055,-8.978333333333339,13.068,8.321062111693836,Aaron,Rodgers,NYJ,QB,40,15
QB,258.7508766716196,4.497199128346451,1.1067013372957035,255.59256500772898,261.7804717077566,0,1.8306537527315072,-10.322962408569765,96,88,123,13,7,60.76,8.17,0.81,0.04,58.17666666666667,9.685196034269119,37.82333333333333,21.074,10.51375949252534,Trevor,Lawrence,JAC,QB,24,-1
QB,257.6441753343239,5.762920266670345,5.9809806835066865,253.76191125499747,261.69138289103915,-1.1067013372957035,0,-10.4120512252872,101,96,124,14,8,88.42,10.88,2.1,0.13,84.38666666666667,11.465292068770959,16.61333333333333,16.318,9.719055235292508,Dak,Prescott,DAL,QB,30,4
QB,251.66319465081722,30.341951980714725,2.4805349182763905,230.3545227172405,272.10343411632635,-7.08768202080239,-23.407388537756958,0,123,172,96,15,8,126.59,16.13,1.92,0.85,116.485,12.787488351249175,6.515000000000001,11.523333333333333,7.233562208360568,Jared,Goff,DET,QB,29,4
QB,249.18265973254083,0.1484924240491806,7.744531946508147,249.08262593417783,249.28694360823536,-9.56821693907878,-4.679285320819645,-22.816490508090993,130,113,177,16,9,103.64,13.61,2.29,0.03,116.59333333333333,20.07946020744139,13.406666666666666,12.434666666666669,7.848053913055276,Geno,Smith,SEA,QB,33,7
QB,241.43812778603268,17.012989155348333,7.522050520059423,229.49017517074824,252.8991429699094,-17.312748885586927,-24.271736084249227,-19.20429114641695,156,174,161,17,9,125.77,15.87,3.9,0.67,111.28999999999999,30.772198491495534,44.71000000000001,25.46333333333334,27.172550283123762,Anthony,Richardson,IND,QB,21,-3
QB,233.91607726597326,17.380684681565345,7.2542199108469845,222.20735934329292,246.1222566210727,-24.83479940564635,-31.55455191170455,-25.98117749525366,184,194,188,18,10,92.66,11.97,2.29,0.59,90.055,12.954049238236923,93.945,13.425333333333334,7.748947684829357,Tua,Tagovailoa,MIA,QB,25,0
QB,226.66185735512627,1.7041273426595767,7.951456166419035,225.46507573406083,227.8098642791971,-32.089019316493335,-28.29683552093664,-44.29356983712927,205,182,232,19,11,169.6,22.73,2.24,0.06,141.12166666666667,20.54497295906931,63.87833333333333,6.534666666666667,3.8258354497924882,Kenny,Pickett,PIT,QB,25,-2
QB,218.71040118870724,5.685138520739855,4.234264487369927,214.88053576566617,222.702983858154,-40.04047548291237,-38.881375489331305,-49.400450258172356,218,209,246,20,11,157.45,20.64,2.34,0.16,140.91666666666666,16.736358292319416,77.08333333333334,9.424000000000001,6.316136371759771,Derek,Carr,NOS,QB,32,6
QB,214.4761367013373,31.4803938984251,6.864947994056479,192.3679550541027,235.68330195429618,-44.2747399702823,-61.39395620089476,-36.42013216203017,237,252,214,21,11,195.77,23.92,4.55,0.93,146.01666666666665,22.601832275774065,90.98333333333335,10.995333333333335,8.717208472645103,Brock,Purdy,SFO,QB,24,-2
QB,207.61118870728083,20.697015485330247,4.5219762258544165,193.07600279500417,221.55399479340184,-51.139687964338776,-60.6859084599933,-50.54943932292451,262,249,250,22,12,190.4,24.66,2.75,0.68,130.31,46.30446976264818,131.69,26.805000000000003,20.115000000000006,Bryce,Young,CAR,QB,22,-3
QB,203.08921248142642,21.623325368684625,3.2889598811292444,188.52238603408858,218.27493114208312,-55.66166419019319,-65.23952522090889,-53.828502974243236,283,258,258,23,12,156.71,20.47,2.15,0.67,143.57166666666666,18.03700678851369,139.42833333333334,7.290000000000001,4.699368751935379,Matthew,Stafford,LAR,QB,35,11
QB,199.80025260029717,4.108290398693842,2.1584249628529335,197.03265084558714,202.6854398278451,-58.95062407132244,-56.72926040941033,-69.41799428848125,294,244,277,24,12,230.82,27.82,2.97,0.17,163.56333333333333,36.73010784386866,130.43666666666667,7.65,2.0700000000000003,Jimmy,Garoppolo,LVR,QB,32,6
QB,197.64182763744424,39.13836033867539,1.395586924219856,170.1555775436789,224.00787877740999,-61.10904903417537,-83.60633371131857,-48.09555533891637,303,276,241,25,12,201.21,24.87,5.03,0.97,147.124,20.777450854231365,155.876,10.278000000000002,5.298000000000001,Kyler,Murray,ARI,QB,26,1
QB,196.24624071322438,9.121677477306445,2.351218424962866,190.1013073852107,202.65225022017242,-62.50463595839523,-63.66060386978677,-69.45118389615394,309,256,278,26,13,176.66,23.08,3.06,0.34,146.178,25.690265393724527,162.822,8.171333333333333,5.681029562402303,Jordan,Love,GBP,QB,25,0
QB,193.89502228826152,11.419774516162745,12.539569093610709,186.201946842725,201.91494891905305,-64.85585438335809,-67.55996441227248,-70.18848519727331,320,260,279,27,14,205.99,25.85,3.18,0.49,163.315,40.365,156.685,8.581000000000001,2.891000000000001,Ryan,Tannehill,TEN,QB,35,8
QB,181.3554531946508,7.32562625309262,7.091723625557222,176.210781993722,186.29045391389283,-77.3954234769688,-77.55112926127546,-85.81298020243352,358,270,285,28,14,229.68,27.41,3.52,0.31,151.18333333333334,37.493343705546216,206.81666666666666,6.598000000000001,0.6980000000000004,Sam,Howell,WAS,QB,23,-2
QB,174.26372956909358,5.791204537917821,0.3541158989598614,170.36241143293609,178.3308007211792,-84.48714710252602,-83.39949982206139,-93.77263339514715,368,275,290,29,14,236.41,28.05,2.59,0.19,160.695,40.455000000000005,207.305,6.449000000000001,1.399000000000001,Mac,Jones,NEP,QB,25,-1
QB,173.90961367013372,6.003336572273774,0.5768647845468138,169.69356555277028,177.95383723252414,-84.84126300148588,-84.06834570222719,-94.14959688380222,371,277,291,30,14,226,27.26,2.84,0.22,142.746,51.64686034987994,228.254,22.795,17.765,C.J.,Stroud,HOU,QB,22,-3
QB,173.3327488855869,16.0371817973109,19.06925705794947,162.07009031058064,184.1363991087924,-85.4181277860327,-91.69182094441683,-87.96703500753395,377,289,288,31,15,257.21,29.45,2.39,0.56,123.46,NA,253.54000000000002,4.715,0.20500000000000007,Desmond,Ridder,ATL,QB,24,-2
QB,154.26349182763744,36.70591301139366,89.95745913818722,128.48551093572488,178.99089408013282,-104.48738484398217,-125.2764003192726,-93.11254003619354,413,291,289,32,16,289.35,31.05,2.03,0.93,132.01,NA,280.99,4.497,2.007,Baker,Mayfield,TBB,QB,28,2
QB,64.30603268945022,32.61176474832357,26.55895988112927,42.336705163249334,87.20875815150008,-194.4448439821694,-211.42520609174812,-184.89467596482626,414,292,292,33,17,346.76,36.68,2.59,0.91,159.61,NA,254.39,4.2490000000000006,3.119,Kyle,Trask,TBB,QB,25,-1
QB,37.74707280832095,29.37321569048918,1.1670728083209525,17.95943478927531,58.37541660046211,-221.00380386329866,-235.80247646572215,-213.72801751586425,415,294,293,34,17,340.38,35.91,3.44,0.88,151.12,NA,263.88,2.6,1.3600000000000003,Colt,McCoy,ARI,QB,37,10
QB,36.58,NA,1.8799999999999955,NA,NA,-222.17087667161962,NA,NA,416,NA,NA,35,17,337.75,56.11,18.72,0.99,NA,NA,NA,NA,NA,Brian,Hoyer,LVR,QB,38,11
QB,34.7,NA,1.9535512630014864,NA,NA,-224.05087667161962,NA,NA,417,NA,NA,36,17,315.13,33.6,4.59,0.55,149.385,0.8149999999999977,267.615,4.125000000000001,2.7150000000000007,Trey,Lance,SFO,QB,23,-1
QB,32.746448736998516,23.70221930537307,1.8185884101040095,16.779149112578445,49.39214165737819,-226.0044279346211,-236.98276214241903,-222.71129245894815,418,295,295,37,17,357.68,39.18,3.77,0.81,NA,NA,NA,3.9840000000000004,NA,Taylor,Heinicke,ATL,QB,30,5
QB,30.927860326894507,31.544033508731882,4.0478603268945115,9.677823446065762,53.080735063712446,-227.8230163447251,-244.0840878089317,-219.02269905261392,419,296,294,38,18,338.33,35.19,2.59,0.88,NA,NA,NA,4.424,2.8240000000000007,Jacoby,Brissett,WAS,QB,31,4
QB,26.879999999999995,NA,4.924502228826146,NA,NA,-231.8708766716196,NA,NA,420,NA,NA,39,18,NA,63.29,8.19,0.91,NA,NA,NA,1.6800000000000002,NA,Trevor,Siemian,CIN,QB,32,5
QB,21.95549777117385,20.272751416618313,0.8354977711738485,8.298502537518614,36.19272975289477,-236.79537890044577,-245.46340871747887,-235.9107043634316,421,297,296,40,18,344.46,36.6,3.37,0.7,60.55,NA,360.45,7.953,6.783,Will,Levis,TEN,QB,24,-3
QB,21.12,NA,0.5530609212481465,NA,NA,-237.6308766716196,NA,NA,422,NA,NA,41,18,336.5,42.95,7.81,0.89,102.52,NA,319.48,3.4800000000000004,NA,Clayton,Tune,ARI,QB,24,-3
QB,20.566939078751854,3.6840263299819123,0.8669390787518552,18.085148176507566,23.154172375744043,-238.18393759286775,-235.6767630784899,-248.9492617405823,423,293,298,42,18,350.83,39.21,5.83,0.45,NA,NA,NA,1.484,0.4840000000000001,Sam,Darnold,SFO,QB,26,2
QB,19.7,NA,1.4800000000000004,NA,NA,-239.05087667161962,NA,NA,424,NA,NA,43,18,375.8,40.81,3.53,0.29,NA,NA,NA,3.224,1.3840000000000003,Mike,White,MIA,QB,28,2
QB,18.22,NA,1.0595690936106976,NA,NA,-240.5308766716196,NA,NA,425,NA,NA,44,18,NA,72.6,8.26,0.92,NA,NA,NA,NA,NA,David,Blough,ARI,QB,28,1
QB,17.1604309063893,19.325228329828338,2.1404309063893034,4.14174657657425,30.73223244320244,-241.5904457652303,-249.6201646784232,-241.37120167312392,426,299,297,45,19,367.22,41.78,4.06,0.76,NA,NA,NA,4.5840000000000005,NA,Bailey,Zappe,NEP,QB,24,-2
QB,15.019999999999998,NA,1.6067756315007404,NA,NA,-243.7308766716196,NA,NA,427,NA,NA,46,19,NA,58.5,9.53,0.95,NA,NA,NA,NA,NA,P.J.,Walker,CHI,QB,28,3
QB,13.413224368499257,11.851109652686535,0.2132243684992563,5.429574556289222,21.736070828689094,-245.33765230312036,-248.33233669870825,-250.36736328763726,428,298,299,47,19,354.67,37.59,4.32,0.59,NA,NA,NA,1.9700000000000002,0.7900000000000003,Gardner,Minshew,IND,QB,27,1
QB,13.200000000000001,NA,0.22000000000000064,NA,NA,-245.55087667161962,NA,NA,429,NA,NA,48,19,NA,48.54,4.07,0.46,NA,NA,NA,1.8240000000000003,NA,Marcus,Mariota,PHI,QB,30,5
QB,12.98,NA,0.3200000000000003,NA,NA,-245.77087667161962,NA,NA,430,NA,NA,49,19,NA,53.6,6.99,0.85,NA,NA,NA,0.3360000000000001,NA,Teddy,Bridgewater,DET,QB,31,6
QB,12.66,NA,0.2599999999999998,NA,NA,-246.0908766716196,NA,NA,431,NA,NA,50,19,366.2,44.53,5.7,0.68,NA,NA,NA,1.4640000000000002,NA,Jarrett,Stidham,DEN,QB,27,1
QB,12.4,NA,0.26000000000000156,NA,NA,-246.3508766716196,NA,NA,432,NA,NA,51,19,NA,71.6,6.09,0.74,NA,NA,NA,1.0560000000000003,NA,Blaine,Gabbert,KCC,QB,34,9
QB,12.139999999999999,NA,0.5399999999999974,NA,NA,-246.61087667161962,NA,NA,433,NA,NA,52,19,352.77,41.39,5.3,0.64,NA,NA,NA,1.6080000000000003,NA,Jameis,Winston,NOS,QB,29,5
QB,11.600000000000001,NA,1.540000000000001,NA,NA,-247.1508766716196,NA,NA,434,NA,NA,53,19,NA,56.11,3.41,0.26,NA,NA,NA,NA,NA,Tyrod,Taylor,NYG,QB,34,9
QB,10.06,NA,0.120000000000001,NA,NA,-248.6908766716196,NA,NA,435,NA,NA,54,19,NA,NA,NA,NA,NA,NA,NA,NA,NA,Max,Duggan,LAC,QB,22,-3
QB,9.94,NA,0.2599999999999998,NA,NA,-248.8108766716196,NA,NA,436,NA,NA,55,19,NA,61.75,11.67,0.99,NA,NA,NA,1.9920000000000002,NA,Jaren,Hall,MIN,QB,25,-3
QB,9.68,NA,0.11999999999999922,NA,NA,-249.0708766716196,NA,NA,437,NA,NA,56,19,NA,56.45,6.26,0.77,110.69,NA,326.31,1.6080000000000003,NA,Aidan,O'Connell,LVR,QB,25,-3
QB,9.56,NA,0.02000000000000135,NA,NA,-249.1908766716196,NA,NA,438,NA,NA,57,19,NA,60.14,6.49,0.79,NA,NA,NA,NA,NA,Joshua,Dobbs,CLE,QB,28,3
QB,9.54,NA,0.1399999999999988,NA,NA,-249.21087667161962,NA,NA,439,NA,NA,58,19,369,42.57,2.95,0.21,NA,NA,NA,1.368,NA,Tyler,Huntley,BAL,QB,25,0
QB,9.4,NA,0.08000000000000007,NA,NA,-249.3508766716196,NA,NA,440,NA,NA,59,19,NA,63.33,15.84,0.99,NA,NA,NA,NA,NA,Tanner,McKee,PHI,QB,23,-3
QB,9.32,NA,0.16000000000000014,NA,NA,-249.43087667161961,NA,NA,441,NA,NA,60,19,NA,60,4.32,0.51,NA,NA,NA,1.8480000000000003,NA,Drew,Lock,SEA,QB,27,1
QB,9.16,NA,0.08000000000000007,NA,NA,-249.5908766716196,NA,NA,442,NA,NA,61,19,NA,53.75,11.52,0.98,99.52,NA,342.48,2.5200000000000005,NA,Dorian,Thompson-Robinson,CLE,QB,24,-3
QB,9.08,NA,0.019999999999999574,NA,NA,-249.6708766716196,NA,NA,443,NA,NA,62,19,NA,70,2.94,0.21,NA,NA,NA,3.2880000000000007,NA,Jake,Haener,NOS,QB,24,-3
QB,9.06,NA,0.2599999999999998,NA,NA,-249.6908766716196,NA,NA,444,NA,NA,63,19,356.5,44.71,5.14,0.61,NA,NA,NA,1.4880000000000002,NA,Andy,Dalton,CAR,QB,36,9
QB,8.8,NA,0.5199999999999996,NA,NA,-249.9508766716196,NA,NA,445,NA,NA,64,19,NA,66,4.69,0.56,NA,NA,NA,NA,NA,Kyle,Allen,BUF,QB,27,2
QB,8.280000000000001,NA,0.34000000000000163,NA,NA,-250.4708766716196,NA,NA,446,NA,NA,65,19,NA,48.71,6.93,0.83,NA,NA,NA,NA,NA,Davis,Mills,HOU,QB,25,-1
QB,7.9399999999999995,NA,0.5999999999999996,NA,NA,-250.8108766716196,NA,NA,447,NA,NA,66,19,NA,60.25,4.79,0.58,NA,NA,NA,1.1960000000000002,0.19600000000000006,Cooper,Rush,DAL,QB,30,3
QB,7.34,NA,0.17999999999999972,NA,NA,-251.4108766716196,NA,NA,448,NA,NA,67,19,NA,69.29,5.99,0.71,NA,NA,NA,NA,NA,C.J.,Beathard,JAC,QB,30,3
QB,7.16,NA,1.2399999999999993,NA,NA,-251.5908766716196,NA,NA,449,NA,NA,68,19,NA,59.89,9.33,0.94,NA,NA,NA,NA,NA,Nick,Mullens,MIN,QB,28,3
QB,5.920000000000001,NA,0.10000000000000053,NA,NA,-252.83087667161962,NA,NA,450,NA,NA,69,19,NA,60.4,12.47,0.99,NA,NA,NA,0.9840000000000001,NA,Sean,Clifford,GBP,QB,25,-3
QB,5.82,NA,1.8799999999999994,NA,NA,-252.93087667161961,NA,NA,451,NA,NA,70,19,NA,53.18,4.8,0.58,73.21,NA,377.79,3.6720000000000006,NA,Stetson,Bennett,LAR,QB,26,-3
QB,3.940000000000001,NA,0,NA,NA,-254.8108766716196,NA,NA,452,NA,NA,71,19,357.75,51.83,11.3,0.98,NA,NA,NA,NA,NA,Malik,Willis,TEN,QB,24,-2
RB,209.92295690936106,15.733125881400678,6.000222882615134,198.8738319845864,220.52177602163275,98.22548291233284,88.02662194453491,105.2105931934685,2,4,1,1,1,8.6,4.21,2.97,0.37,5.911666666666667,2.204642198231319,-3.911666666666667,50.142,5.531134422521298,Austin,Ekeler,LAC,RB,28,3
RB,203.92273402674593,10.960155108391485,2.389375928677566,196.22559082072308,211.30618104877786,92.2252600297177,85.3783807806716,95.99499822061361,5,5,4,2,1,3.05,1.5,0.92,0.1,2.9033333333333333,1.6517330965450268,2.0966666666666667,56.70466666666667,7.6236502776265604,Christian,McCaffrey,SFO,RB,27,3
RB,201.53335809806836,0.5303300858899105,1.3656017830609244,201.16091568487371,201.89062166365056,89.83588410104014,90.31370564482224,86.57943883548631,6,3,11,3,1,8.47,4.15,1.68,0.01,8.405,1.3290692231783867,-2.4049999999999994,64.65400000000001,26.192945462471386,Bijan,Robinson,ATL,RB,21,-3
RB,200.16775631500744,24.253762594698582,7.854903417533421,183.8289025823819,217.20078934510954,88.47028231797921,72.9816925423304,101.88960651694529,7,12,2,4,2,11.47,5.53,2.21,0.61,16.143333333333334,4.910236473146912,-9.143333333333334,39.82466666666667,6.449154225340115,Derrick,Henry,TEN,RB,29,4
RB,192.31285289747402,10.288403666264252,0.5358841010401534,185.3819397251795,199.53823571345026,80.61537890044579,74.53472968512803,84.22705288528601,10,9,12,5,2,18.93,8.42,2.68,0.17,20.905,4.509389278679172,-10.905000000000001,32.814,7.30948005446808,Josh,Jacobs,LVR,RB,25,1
RB,191.77696879643386,17.32411613907041,0.7600297176820447,180.10635898741566,203.94342096079254,80.07949479940564,69.25914894736418,88.63223813262829,11,13,8,6,2,5.81,2.86,0.89,0.27,11.65,4.818464485704965,-0.6500000000000004,46.376000000000005,5.355608150963498,Nick,Chubb,CLE,RB,28,2
RB,191.01693907875182,17.960512242138286,0.6684992570579311,178.91761299103499,203.63032213894408,79.31946508172359,68.0704029509835,88.31913931077983,12,15,10,7,2,15.47,7.14,1.69,0.36,17.058333333333334,3.3894808681500996,-5.058333333333334,35.49133333333334,6.066059969663631,Tony,Pollard,DAL,RB,26,1
RB,190.3484398216939,9.61665222413704,1.3798662704309095,183.87006049913686,197.10206224762362,78.65096582466566,73.02285045908538,81.79087941945937,13,11,13,8,2,14.52,6.67,1.32,0.09,10.688333333333333,3.2431795955341247,2.3116666666666674,45.79066666666667,5.253089334435077,Saquon,Barkley,NYG,RB,26,2
RB,188.96857355126298,6.7528697603315155,21.28662704309062,184.41941748284978,193.71100694594156,77.27109955423475,73.5722074427983,78.39982411777731,14,10,14,9,3,14.26,6.62,3.11,0.11,16.451666666666668,5.239037496419441,-2.451666666666668,36.622,11.407774308192929,Jonathan,Taylor,IND,RB,24,0
RB,167.68194650817236,5.904341622907687,1.6111441307578218,163.70441214469062,171.82847204173953,55.98447251114413,52.85720210463914,56.51728921357528,19,22,19,10,3,35.09,14.12,3.81,0.12,36.575,5.0349867593337985,-17.575000000000003,27.86066666666667,9.240639275624943,Joe,Mixon,CIN,RB,27,3
RB,166.07080237741454,6.611448404094214,0.8889301634472417,161.61691659315656,170.71391779524123,54.37332838038631,50.76970655310508,55.40273496707698,21,23,22,11,3,42.22,16.72,3.4,0.12,39.8,3.0407619659113947,-18.799999999999997,25.827333333333335,7.190300936369465,Aaron,Jones,GBP,RB,29,3
RB,165.1818722139673,7.495331880577418,3.113595839524521,160.132547153739,170.44572498711844,53.48439821693907,49.28533711368753,55.13454215895419,22,24,23,12,4,35.35,14.09,3.94,0.16,32.02,5.453222289007971,-10.020000000000003,23.877333333333333,7.0271407809688515,Breece,Hall,NYJ,RB,22,-2
RB,162.06827637444277,13.116830791010461,1.781426448736994,153.23195751904325,171.28001872745722,50.37080237741455,42.38474747899177,55.96883589929297,26,30,21,13,4,33.06,13.4,2.83,0.26,31.888333333333335,4.299288377808073,-5.888333333333335,24.65266666666667,5.641612141538581,Travis,Etienne,JAC,RB,24,-1
RB,160.28684992570578,3.9244426355853257,0.8225111441307433,157.5307760680654,162.93060031101402,48.589375928677555,46.683566028013914,47.61941748284977,28,27,29,14,4,55.42,21.49,3.46,0.07,48.26,13.659059264824938,-20.259999999999998,15.504666666666667,2.048808651116274,Dameon,Pierce,HOU,RB,23,-2
RB,159.46433878157504,2.2627416997969436,1.1336552748885538,157.940014235091,161.05342641120555,47.76686478454681,47.092804195039534,45.7422435830413,29,26,33,15,4,27.38,11.41,2.75,0.02,29.55,6.454011672337343,-0.5500000000000007,25.756666666666668,5.429157904827925,Rhamondre,Stevenson,NEP,RB,25,-1
RB,158.33068350668648,9.1570328163658,1.030980683506698,152.16193260763396,164.7615225078475,46.63320950965826,41.31472256758248,49.45033967968325,31,35,28,16,4,30.58,12.69,2.84,0.15,28.381666666666668,3.421755965712472,2.6183333333333323,26.874666666666666,3.341385474453505,Najee,Harris,PIT,RB,25,-1
RB,157.29970282317979,6.363961030678926,1.3890044576523053,153.01254003619349,161.76901178151562,45.60222882615156,42.165329996142006,46.45782895335137,32,32,32,17,4,56.01,21.35,6.09,0.24,61.236666666666665,15.70123632782534,-29.236666666666665,17.152,6.342484896841828,Alexander,Mattison,MIN,RB,25,1
RB,155.91069836552748,8.83883476483184,0.2797176820208165,149.95630560582433,162.1180719187717,44.213224368499255,39.10909556577285,46.806889090607456,33,38,31,18,4,41.86,16.44,3.29,0.17,42.471666666666664,5.934740703874282,-9.471666666666664,19.256,2.9770822404943167,Kenneth,Walker III,SEA,RB,23,-2
RB,155.63098068350666,2.7930717856868745,3.678677563150046,153.74939257144047,157.59251072633185,43.93350668647844,42.90218253138899,42.2813278981676,34,28,37,19,5,59.07,22.79,3.73,0.05,63.778333333333336,7.973222720804651,-29.778333333333336,16.413333333333334,8.187231250890353,James,Conner,ARI,RB,28,3
RB,151.95230312035662,22.06173157302027,0.04390787518573802,137.09013879213748,167.44590750925417,40.25482912332839,26.242928752086,52.13472468108992,36,50,25,20,5,45.03,17.36,3.82,0.64,47.155,4.313647914855052,-11.155000000000001,20.831333333333337,5.567476108814682,Miles,Sanders,CAR,RB,26,1
RB,151.90839524517088,10.571246378738875,3.7595839524517203,144.7869415045659,159.33241401485097,40.210921248142654,33.93973146451442,44.02123118668672,37,40,35,21,5,43.67,17.09,4.25,0.26,37.57333333333333,10.382632400097556,-0.5733333333333306,35.367333333333335,20.80415986180542,Jahmyr,Gibbs,DET,RB,21,-3
RB,148.14881129271916,1.6617009357883823,3.0849925705794874,147.02938545389495,149.31579752072906,36.451337295690934,36.18217541384347,34.004614692564815,41,39,43,22,5,48.33,18.99,4.38,0.06,56.605000000000004,11.848647953810314,-15.605000000000004,16.11466666666667,2.821943223304743,J.K.,Dobbins,BAL,RB,25,0
RB,145.06381872213967,13.399673503485065,1.764635958395246,136.03695929842965,154.4741970288579,33.366344725111446,25.18974925837817,39.16301420069365,43,53,40,23,6,67.02,25.95,3.62,0.33,75.22666666666666,18.753543368891354,-32.22666666666666,12.588666666666667,6.152169554085959,David,Montgomery,DET,RB,26,1
RB,143.29918276374443,17.500892834367047,0.058246656760786664,131.50948509953216,155.589782399168,31.6017087667162,20.662275059480677,40.27859957100375,46,59,38,24,6,67.94,26.36,3.99,0.51,68.51333333333334,10.215347386272391,-22.513333333333335,10.274666666666667,2.5939937462444966,Isiah,Pacheco,KCC,RB,24,-2
RB,143.24093610698364,27.541809127216023,3.7170133729569272,124.68704826774852,162.58311209889263,31.543462109955414,13.839838227697044,47.27192927072838,47,67,30,25,6,49.45,19.56,4.08,0.76,57.913333333333334,7.92033388746263,-10.913333333333334,16.01,1.9368531178176636,Cam,Akers,LAR,RB,24,0
RB,139.5239227340267,11.172287142747436,3.6869242199108214,131.99757028576192,147.3700429053274,27.826448736998486,21.150360245710445,32.05886007716316,54,58,48,26,6,69.76,27.15,4.62,0.31,71.41666666666667,13.381357263828745,-17.41666666666667,14.097333333333335,5.753122128220661,Javonte,Williams,DEN,RB,23,-1
RB,135.8369985141159,16.687720036002514,4.973328380386334,124.59510498379629,147.55651978264098,24.139524517087665,13.74789494374481,32.24533695447673,58,68,47,27,7,76.19,28.9,4.46,0.52,82.93333333333334,10.019101201649221,-24.933333333333337,9.563333333333334,3.451785367345749,James,Cook,BUF,RB,24,-2
RB,130.86367013372956,16.581654018824548,1.6047548291233227,119.6932293165264,142.50870291961573,19.16619613670133,8.84601927647492,27.19752009145148,63,80,55,28,7,74.38,28.46,4.71,0.53,75.425,5.096762861529529,-12.424999999999997,15.404666666666667,9.508955264497896,Alvin,Kamara,NOS,RB,28,3
RB,129.25891530460623,23.228457761978085,1.6343982169390756,113.61077113210627,145.57189300253202,17.561441307578008,2.763561092054786,30.260710174367773,64,86,50,29,7,69,26.35,2.91,0.62,74.65,12.32273238098326,-10.650000000000006,10.377333333333334,3.633952974685036,Rachaad,White,TBB,RB,24,-2
RB,127.62451708766716,1.5556349186103962,0.4266716196136713,126.5320193422962,128.6724902133749,15.927043090638932,15.684809302244716,13.361307385210665,66,62,69,30,7,77.27,29.27,4.15,0.04,69.14166666666667,10.10563278023147,-3.1416666666666657,10.839333333333334,4.518949828838064,D'Andre,Swift,PHI,RB,24,0
RB,127.19784546805349,1.4495689014324302,2.220505200594374,126.17983620532145,128.1743658806448,15.500371471025261,15.332626165269971,12.863183052480565,68,64,70,31,7,84.45,32.17,4.31,0.05,92.07833333333333,25.102055305403887,-24.078333333333333,6.499333333333333,2.6298442708435967,Brian,Robinson,WAS,RB,24,-2
RB,124.97734026745911,9.369164850721752,7.401337295690922,118.66568394217376,131.55715623389798,13.279866270430887,7.818473902122278,16.245973405733736,73,82,67,32,8,88.31,33.41,3.26,0.18,92.725,9.204306510179535,-19.724999999999994,6.408666666666668,3.391002342802036,AJ,Dillon,GBP,RB,25,0
RB,117.57600297176819,9.581296885077714,4.845022288261504,110.84721004005148,124.03056472328646,5.8785289747399645,0,8.719381895122211,85,96,77,33,9,86.9,32.72,4.8,0.26,93.526,8.641332304685431,-8.525999999999996,8.06,5.0976334378480646,Rashaad,Penny,PHI,RB,27,2
RB,112.73098068350669,2.793071785686854,1.0335066864784608,110.84939257144049,114.69251072633186,1.0335066864784608,0.002182531389010478,-0.618672101832388,94,95,97,34,9,106.07,39.49,5.09,0.11,113.36666666666666,11.771477769969616,-19.36666666666666,6.4,4.83421141449151,Samaje,Perine,DEN,RB,28,3
RB,111.69747399702823,6.505382386916238,0.4063893016344764,107.31504092588669,116.26610093221598,0,-3.5321691141647875,0.9549181040517283,96,106,94,35,9,100.38,37.53,4.36,0.16,97.58166666666666,10.743910549185008,-1.5816666666666634,7.324666666666667,5.63238879655476,Jamaal,Williams,NOS,RB,28,3
RB,111.29108469539375,0.5656854249492359,3.1728083209509634,110.91000355877276,111.68835660280139,-0.4063893016344764,0.06279351872127847,-3.622826225362857,98,94,108,36,9,90.73,34.08,5.15,0.07,100.55166666666666,10.991564063205724,-2.5516666666666623,5.996666666666667,3.2131016513988824,Khalil,Herbert,CHI,RB,25,-1
RB,108.11827637444279,10.67731239591686,4.2158246656760525,100.61976912212378,115.31118282816425,-3.57919762258544,-10.227440917927694,0,110,132,96,37,9,109.46,40.67,5.36,0.35,113.31833333333333,28.368657245081042,-3.318333333333328,10.344000000000001,10.325036497110638,Zach,Charbonnet,SEA,RB,22,-3
RB,103.90245170876673,4.914392129246506,0.6534175334324175,100.45115201316294,107.2130940831617,-7.795022288261492,-10.39605802688854,-8.098088745002542,124,134,113,38,10,97.51,36.32,4.22,0.11,108.825,20.249506784116985,15.174999999999997,6.4573333333333345,3.796709218374367,Antonio,Gibson,WAS,RB,25,0
RB,103.24903417533432,3.1112698372208123,3.818202080237768,101.06403868459236,105.34498042674984,-8.44843982169391,-9.783171355459118,-9.966202401414407,126,128,122,39,10,111.2,41.15,3.47,0.05,124.97,14.874692153677222,1.0300000000000011,3.7420000000000004,2.555048857980346,Elijah,Mitchell,SFO,RB,25,-1
RB,99.43083209509655,5.975052301026327,1.4107726597325154,95.40566258953722,103.62701661708967,-12.266641901931678,-15.441547450514264,-11.684166211074583,136,148,128,40,10,133.17,48.27,5.49,0.2,129.66833333333332,11.774515441787354,6.331666666666678,5.1000000000000005,5.224582917962608,Raheem,Mostert,MIA,RB,31,5
RB,98.02005943536403,1.272792206135783,5.3947251114413035,97.12619764369688,98.87749199276129,-13.677414561664193,-13.721012396354595,-16.433690835402956,142,141,147,41,11,117.26,43.14,5.58,0.09,121.905,28.018057718787954,20.095,2.174666666666667,0.9554912639870424,Tyler,Allgeier,ATL,RB,23,-2
RB,92.62533432392273,19.056527752977445,1.0141158989598722,79.24223694312823,105.4630051138428,-19.072139673105497,-31.604973096923246,-9.848177714321452,161,195,121,42,11,103.76,38.69,4.08,0.56,109.142,9.469965997827027,51.858000000000004,5.836666666666668,5.058789929968981,Damien,Harris,BUF,RB,26,1
RB,91.61121842496286,2.298097038856279,0.4112184249628541,89.99730130111936,93.15936054248567,-20.08625557206537,-20.849908738932115,-22.151822285678577,167,164,174,43,11,153.74,53.09,7.01,0.18,151.272,14.836084928309084,15.728000000000009,3.2040000000000006,2.711246699705999,Gus,Edwards,BAL,RB,28,2
RB,91.2,NA,1.3550520059435343,NA,NA,-20.497473997028223,NA,NA,170,NA,NA,44,11,254.88,74.32,9.44,0.67,152.86,61.396866369546906,17.139999999999986,3.0480000000000005,NA,Israel,Abanikanda,NYJ,RB,21,-3
RB,89.84494799405647,10.783378413094846,0.9453937592867732,82.27195225909854,97.10930716089436,-21.852526002971757,-28.57525778095294,-18.20187566726989,172,185,156,45,11,129.21,46.53,6.23,0.42,129.85,18.132270495813074,42.150000000000006,4.0873333333333335,3.3036627484589824,D'Onta,Foreman,CHI,RB,27,3
RB,88.8995542347697,9.545941546018389,4.093090638930164,82.46881005429026,95.60351767227344,-22.79791976225853,-28.37839998576122,-19.70766515589081,177,183,164,46,11,131.78,47.85,4.96,0.27,137.72666666666666,9.909272873873688,39.27333333333334,4.585333333333334,4.552508856541511,Devin,Singletary,HOU,RB,26,1
RB,84.80646359583953,4.3487067042972605,1.0513372956909564,81.87690235806556,87.86049138403568,-26.891010401188694,-28.970307681985915,-27.450691444128566,190,186,191,47,11,161.54,55.88,5.7,0.17,152.92000000000002,18.74330920622076,37.079999999999984,2.5573333333333337,1.7253601234396132,Chuba,Hubbard,CAR,RB,24,-1
RB,83.75512630014858,9.192388155425116,0.726002971768196,77.56255783005729,90.21079479552257,-27.94234769687965,-33.28465220999419,-25.100388032641675,193,199,185,48,12,134.76,49.24,4.19,0.23,137.715,5.9213110879263935,55.285,4.604000000000001,4.2811749166165445,Jaylen,Warren,PIT,RB,25,-2
RB,83.02912332838038,5.020458146424482,0.5834323922733944,79.50333515013767,86.4112184158918,-28.668350668647847,-31.343874889913806,-28.899964412272453,195,192,196,49,12,154.85,53.68,6.14,0.21,148.78199999999998,15.722983686310934,46.21800000000002,2.6966666666666668,1.9152081407048747,Kenneth,Gainwell,PHI,RB,24,-1
RB,82.44569093610698,20.895005384062483,2.394353640416057,68.36950645216865,97.11992201597631,-29.25178306092124,-42.47770358788283,-18.191260812187934,197,215,155,50,12,132.79,48.82,5.01,0.67,126.07666666666667,8.715018964727244,70.92333333333333,6.244666666666667,5.057624299565514,Jerick,McKinnon,KCC,RB,31,6
RB,80.05133729569093,4.843681451127845,6.667310549777113,76.64969658851312,83.31434452800829,-31.646136701337298,-34.197513451538356,-31.996838300155957,203,201,204,51,13,151.55,52.26,9.26,0.42,127.45400000000001,25.52206229911682,75.54599999999999,5.268666666666667,4.936470083864471,Tank,Bigsby,JAC,RB,22,-3
RB,73.38402674591381,38.64338559184482,0.3024517087667107,46.24538957113014,99.41663189133617,-38.31344725111441,-64.60182046892135,-15.894550936828082,215,257,144,52,13,120.93,44.15,7.22,0.96,115.02833333333334,29.38138209630188,99.97166666666666,9.943333333333335,9.26331234254549,Devon,Achane,MIA,RB,22,-3
RB,73.0815750371471,13.859292911256329,1.8903417533432503,63.74508718993251,82.81473676863403,-38.61589895988112,-47.10212285011897,-32.496446059530214,216,225,207,53,13,170.19,57.81,6.83,0.57,157.54666666666665,6.309386305779312,58.45333333333335,4.337000000000001,3.0070000000000006,Jerome,Ford,CLE,RB,24,-2
RB,71.19123328380385,2.6162950903902273,0.5380386329866269,69.35385071204358,72.95373354067601,-40.50624071322437,-41.4933593280079,-42.35744928748824,221,213,227,54,13,193.16,62.13,10.35,0.42,148.565,19.215981846716378,72.435,2.5753333333333335,2.150544943858546,Cordarrelle,Patterson,ATL,RB,32,7
RB,70.65319465081723,44.618437892871135,0.5531946508172325,39.31837295404047,100.71096930179893,-41.044279346211,-71.52883708601101,-14.600213526365323,225,265,137,55,13,156.51,53.81,10.36,0.98,131.036,28.44953257964004,93.964,5.614000000000002,6.17880829934058,Roschon,Johnson,CHI,RB,22,-3
RB,70.1,NA,0.9942050520059382,NA,NA,-41.59747399702823,NA,NA,228,NA,NA,56,13,304.9,87.21,10.11,0.72,77.48,NA,150.51999999999998,3.9600000000000004,NA,Eric,Gray,NYG,RB,24,-3
RB,69.10579494799406,28.920667350529794,0.6405646359583983,48.795268681779,88.5885680577429,-42.59167904903417,-62.05194135827248,-26.722614770421345,230,253,189,57,13,175.4,57.7,7.61,0.88,153.774,23.15184882466193,76.226,2.949333333333334,2.6153522813486445,Clyde,Edwards-Helaire,KCC,RB,24,0
RB,68.46523031203566,16.82914139223983,0.4652303120356578,56.64639106665869,79.80239412651053,-43.23224368499257,-54.20081897339279,-35.508788701653714,231,239,213,58,13,208.49,65.42,9.45,0.75,138.11333333333334,39.443843907791525,92.88666666666666,5.158000000000001,3.8180000000000014,Tyjae,Spears,TEN,RB,22,-3
RB,68,NA,0.20000000000000284,NA,NA,-43.697473997028226,NA,NA,233,NA,NA,59,13,292.15,83.64,9.21,0.65,209.8,NA,23.19999999999999,1.4400000000000002,NA,Jordan,Mason,SFO,RB,24,-2
RB,67.8,NA,1.5512630014858928,NA,NA,-43.89747399702823,NA,NA,235,NA,NA,60,13,212.48,65.01,8.53,0.59,161.68,19.654909056009387,73.32,2.384,1.7595847995100056,Michael,Carter,NYJ,RB,24,-1
RB,66.2487369985141,3.2526911934581135,0.6766716196136571,64.05752046294334,68.53305046610798,-45.44873699851412,-46.789689577108135,-46.77813236205627,240,224,239,61,13,235.74,69.93,8.67,0.32,174.65333333333334,13.71734992222947,65.34666666666666,2.123,1.0930000000000004,Chase,Edmonds,TBB,RB,27,2
RB,65.57206537890045,27.152900397563418,0.5447251114413234,47.280170821092256,84.64111693446665,-46.12540861812778,-63.56703921895922,-30.670065893697597,242,255,200,62,13,208.82,64.88,7.19,0.85,178.86333333333334,12.861706297723051,63.136666666666656,3.701,2.6109999999999998,Joshua,Kelley,LAC,RB,26,0
RB,65.02734026745912,14.424978336205564,2.039301634472494,54.89690662856459,74.74490925129474,-46.6701337295691,-55.95030341148689,-40.566273576869506,245,243,223,63,14,233.05,69.51,10.68,0.75,133.8,48.17999999999999,111.19999999999999,4.037000000000001,2.947000000000001,Chase,Brown,CIN,RB,23,-3
RB,62.98803863298663,29.38028675830105,0.655497771173863,42.35472894200287,82.78044016624004,-48.709435364041596,-68.49248109804861,-32.53074266192421,250,261,208,64,14,252.38,75.64,13.15,0.97,181.41333333333333,18.952045330840214,68.58666666666667,3.104,2.104,Ty,Chandler,MIN,RB,25,-2
RB,62.33254086181277,30.6177236253775,0.27867756315005465,40.83019887337483,82.95855738142461,-49.36493313521546,-70.01701116667664,-32.35262544673964,253,262,206,65,14,343.6,103.46,13.8,0.98,NA,NA,NA,1.1760000000000002,NA,Corey,Clement,ARI,RB,29,3
RB,62.05386329866271,11.349063838044083,2.418202080237755,54.08359565629715,69.6993036021216,-49.643610698365514,-56.76361438375433,-45.611879226042646,256,245,236,66,14,288.88,82.44,8.3,0.58,NA,NA,NA,1.8480000000000003,NA,Ronald,Jones,DAL,RB,26,2
RB,59.63566121842496,2.2627416997969534,0.7356612184249585,58.046573588794445,61.15998576490898,-52.06181277860327,-52.800636451257034,-54.15119706325527,265,234,261,67,14,283.47,82.56,13.6,0.61,222.3,NA,42.69999999999999,4.6080000000000005,NA,Keaontay,Ingram,ARI,RB,24,-2
RB,58.9,NA,1.545096582466563,NA,NA,-52.79747399702823,NA,NA,268,NA,NA,68,14,273.64,78.88,9.68,0.7,NA,NA,NA,1.8240000000000003,NA,Zonovan,Knight,NYJ,RB,22,-2
RB,57.354903417533436,13.965358928434311,3.264413075780091,47.946962857202394,67.16255363165929,-54.34257057949479,-62.900247182849085,-48.148629196504956,276,254,243,69,14,260.25,75.09,8.4,0.66,207.44,NA,68.56,0.9680000000000001,0.03199999999999992,Kyren,Williams,LAR,RB,23,-2
RB,54.090490341753345,34.294678887547555,1.190490341753339,30.005880955165814,77.19353424940172,-57.60698365527488,-80.84132908488567,-38.11764857876253,288,273,217,70,15,147.33,51.91,7.07,0.94,128.906,29.574275037606586,159.094,7.2780000000000005,8.27802118061235,Kendre,Miller,NOS,RB,21,-3
RB,52.900000000000006,NA,5.700000000000003,NA,NA,-58.79747399702822,NA,NA,293,NA,NA,71,15,181.81,59.23,7.52,0.45,150.494,14.534598171260189,142.506,3.1833333333333336,2.246246251465369,Zamir,White,LVR,RB,24,-2
RB,47.2,NA,0.10000000000000142,NA,NA,-64.49747399702822,NA,NA,315,NA,NA,72,15,320.05,95.04,12.68,0.89,174.515,15.24499999999999,140.485,2.994,1.8540000000000005,Deon,Jackson,IND,RB,24,-1
RB,47.1,NA,2.7413075780089216,NA,NA,-64.59747399702823,NA,NA,317,NA,NA,73,15,324.78,93.14,11.65,0.83,NA,NA,NA,1.0800000000000003,NA,Kevin,Harris,NEP,RB,23,-2
RB,44.35869242199108,19.586857838867363,0.1552005943536372,30.60315262800192,57.553626777493356,-67.33878157503715,-80.24405741204956,-57.75755605067089,331,272,269,74,15,334.52,101.69,14.21,0.93,NA,NA,NA,1.3920000000000001,NA,Ameer,Abdullah,LVR,RB,30,5
RB,44.20349182763744,27.18825573662275,0.303491827637437,25.109610777858254,62.51920395648446,-67.49398216939079,-85.73759926219323,-52.79197887167979,332,280,255,75,15,282.77,80.44,8.15,0.88,198.25,NA,133.75,1.7240000000000002,0.7240000000000002,Latavius,Murray,BUF,RB,33,7
RB,43.900000000000006,NA,0.2513372956909379,NA,NA,-67.79747399702822,NA,NA,333,NA,NA,76,15,256.18,73.68,8.08,0.53,NA,NA,NA,0.8160000000000002,NA,Isaiah,Spiller,LAC,RB,22,-2
RB,43.64866270430907,4.843681451127851,0.34866270430906354,40.385655471991726,47.0503034114869,-68.04881129271917,-70.46155456805975,-68.26087941667734,334,263,276,77,15,307.63,90.28,13.96,0.7,135.87,NA,198.13,3.1680000000000006,NA,Trayveon,Williams,CIN,RB,26,1
RB,43.300000000000004,NA,1.3232540861812865,NA,NA,-68.39747399702821,NA,NA,336,NA,NA,78,16,332.21,98.17,11.01,0.79,NA,NA,NA,1.1280000000000001,NA,Kene,Nwangwu,MIN,RB,25,-1
RB,41.97674591381872,25.491199461775032,1.3644130757800852,24.07468058626242,59.149214632802725,-69.72072808320951,-86.77252945378906,-56.161968195361524,341,283,264,79,16,266.27,76.93,10.24,0.9,187.815,12.824999999999989,153.185,2.7200000000000006,1.7200000000000006,Zack,Moss,IND,RB,26,0
RB,40.61233283803863,26.162950903902253,0.5445022288261541,22.238507120435774,58.237335406760074,-71.08514115898959,-88.60870291961571,-57.073847421404174,343,288,266,80,16,298.03,84.71,8.57,0.87,NA,NA,NA,1.008,NA,JaMycal,Hasty,JAC,RB,27,0
RB,40.06783060921248,22.662772337028844,0.16783060921247994,24.80076757333351,55.98353639973064,-71.62964338781575,-86.04644246671796,-59.32764642843361,344,281,271,81,16,260.23,76.64,13.76,0.95,174.965,45.935,169.035,7.536000000000001,NA,Malik,Davis,DAL,RB,25,-2
RB,39.9,NA,1.5168647845468115,NA,NA,-71.79747399702822,NA,NA,345,NA,NA,82,16,315,104.33,13.6,0.93,NA,NA,NA,NA,NA,Tony,Jones,DEN,RB,26,0
RB,38.38313521545319,19.55150249980803,0.17659732540861484,24.652424915677003,51.55425199991665,-73.31433878157503,-86.19478512437448,-63.7569308282476,346,282,274,83,16,232.35,69.56,6.63,0.7,140.325,58.075,205.675,3.3200000000000007,2.3200000000000007,Zach,Evans,LAR,RB,22,-3
RB,38.20653789004457,2.757716446627534,0.9065378900445751,36.34876734901719,40.14323843865677,-73.49093610698365,-74.49844269103428,-75.16794438950748,347,267,281,84,16,315.13,92.42,12.01,0.54,221.63,NA,125.37,2.7600000000000002,NA,Ke'Shawn,Vaughn,TBB,RB,26,0
RB,37.3,NA,0.7431649331352119,NA,NA,-74.39747399702823,NA,NA,348,NA,NA,85,16,349.1,109.27,9.75,0.7,NA,NA,NA,NA,NA,Craig,Reynolds,DET,RB,27,1
RB,36.556835066864785,20.187898602875926,0.012407132243687613,22.9570020037027,50.73447626247456,-75.14063893016345,-87.89020803634878,-64.57670656568969,350,285,275,86,16,329.65,101.5,16.39,0.95,NA,NA,NA,1.5120000000000002,NA,Ty,Montgomery,NEP,RB,30,5
RB,36.5444279346211,0.35355339059327373,0.46463595839524174,36.30625222423298,36.79272287675087,-75.15304606240713,-74.5409578158185,-78.51845995141338,351,268,283,87,16,284.58,81.56,8.28,0.2,224.87,NA,126.13,1.3040000000000003,0.30400000000000016,Matt,Breida,NYG,RB,28,3
RB,36.079791976225856,4.454772721475247,0.6797919762258573,33.078778025335446,39.208308247060934,-75.61768202080236,-77.76843201471604,-76.10287458110332,352,271,282,88,16,316.32,100.08,16.06,0.77,NA,NA,NA,0.43200000000000005,NA,Raheem,Blackshear,CAR,RB,25,-2
RB,35.4,NA,0.3999999999999986,NA,NA,-76.29747399702822,NA,NA,354,NA,NA,89,16,373,118.1,13.48,0.92,NA,NA,NA,NA,NA,Kyle,Juszczyk,SFO,RB,32,7
RB,35,NA,0.3999999999999986,NA,NA,-76.69747399702823,NA,NA,355,NA,NA,90,16,350.67,120.17,15.36,0.97,NA,NA,NA,NA,NA,Gary,Brightwell,NYG,RB,24,-1
RB,34.6,NA,1.3540861812778644,NA,NA,-77.09747399702823,NA,NA,356,NA,NA,91,16,319.77,90.47,8.06,0.53,NA,NA,NA,NA,NA,Hassan,Haskins,TEN,RB,24,-2
RB,33.24591381872214,16.122034611053284,3.975260029717681,22.385101425023525,44.56816317983958,-78.4515601783061,-88.46210861502796,-70.74301964832466,360,287,280,92,17,325.81,93.9,9.39,0.74,NA,NA,NA,2.5920000000000005,NA,Kenyan,Drake,IND,RB,29,4
RB,29.270653789004456,9.793428919433682,1.970653789004455,22.673186611253325,36.14842368599904,-82.42682020802377,-88.17402342879815,-79.16275914216521,363,286,284,93,17,290.47,83.91,9.89,0.62,149.31,64.65,213.69,4.152,NA,Deuce,Vaughn,DAL,RB,22,-3
RB,27.3,NA,0.23335809806834718,NA,NA,-84.39747399702823,NA,NA,367,NA,NA,94,17,313,101,15.98,0.98,NA,NA,NA,NA,NA,Damien,Williams,LVR,RB,31,6
RB,27.066641901931654,0.5303300858899105,0.2666419019316528,26.70937833634946,27.439084315126305,-84.63083209509657,-84.13783170370202,-87.87209851303794,370,278,287,95,17,377.71,117.21,11.95,0.46,NA,NA,NA,NA,NA,Travis,Homer,CHI,RB,25,1
RB,26.8,NA,0.1999999999999993,NA,NA,-84.89747399702823,NA,NA,372,NA,NA,96,17,NA,NA,NA,NA,NA,NA,NA,NA,NA,Hunter,Luepke,DAL,RB,23,-3
RB,26.6,NA,0.10000000000000142,NA,NA,-85.09747399702823,NA,NA,373,NA,NA,97,17,274.24,78.32,8.36,0.56,NA,NA,NA,1.2720000000000002,NA,Boston,Scott,PHI,RB,28,2
RB,26.5,NA,0.1999999999999993,NA,NA,-85.19747399702823,NA,NA,375,NA,NA,98,17,353.5,120.63,8.69,0.6,NA,NA,NA,NA,NA,Snoop,Conner,JAC,RB,24,-2
RB,26.3,NA,0.20000000000000284,NA,NA,-85.39747399702823,NA,NA,376,NA,NA,99,17,337.8,117.22,14.51,0.95,NA,NA,NA,NA,NA,Brandon,Bolden,LVR,RB,33,8
RB,26.099999999999998,NA,0.09999999999999787,NA,NA,-85.59747399702823,NA,NA,378,NA,NA,100,17,NA,124,8.04,0.53,NA,NA,NA,NA,NA,Dare,Ogunbowale,HOU,RB,29,3
RB,26,NA,0.02013372956909265,NA,NA,-85.69747399702823,NA,NA,379,NA,NA,101,17,NA,NA,NA,NA,NA,NA,NA,NA,NA,Ty'Son,Williams,ARI,RB,27,0
RB,25.979866270430907,2.863782463805517,0.7798662704309045,24.050643016287076,27.99105530168203,-85.71760772659732,-86.7965670237644,-87.32012752648222,380,284,286,102,17,320.33,96.5,13.49,0.62,84.23,NA,295.77,4.272000000000001,NA,Chris,Rodriguez,WAS,RB,23,-3
RB,25.200000000000003,NA,0.7000000000000028,NA,NA,-86.49747399702822,NA,NA,383,NA,NA,103,17,NA,128,7.07,0.39,NA,NA,NA,NA,NA,John,Kelly,CLE,RB,27,2
RB,24.5,NA,0.1999999999999993,NA,NA,-87.19747399702823,NA,NA,385,NA,NA,104,17,300.5,107.29,17.08,0.98,NA,NA,NA,2.1600000000000006,NA,Rico,Dowdle,DAL,RB,25,0
RB,24.3,NA,0.5999999999999979,NA,NA,-87.39747399702823,NA,NA,387,NA,NA,105,17,271.09,78.92,10.82,0.78,206.1,NA,180.9,1.2920000000000003,0.29200000000000015,D'Ernest,Johnson,JAC,RB,27,1
RB,24.3,NA,0,NA,NA,-87.39747399702823,NA,NA,387,NA,NA,105,17,343,110.67,8.99,0.63,NA,NA,NA,2.5440000000000005,NA,Lew,Nichols,GBP,RB,22,-3
RB,23.700000000000003,NA,0.20000000000000284,NA,NA,-87.99747399702822,NA,NA,392,NA,NA,106,17,279.35,80.79,10.86,0.78,143.495,57.945,248.505,6.024,NA,Evan,Hull,IND,RB,23,-3
RB,23.5,NA,0.1999999999999993,NA,NA,-88.19747399702823,NA,NA,393,NA,NA,107,17,NA,NA,NA,NA,NA,NA,NA,NA,NA,Sincere,McCormick,LVR,RB,23,-2
RB,23.5,NA,0,NA,NA,-88.19747399702823,NA,NA,393,NA,NA,107,17,NA,110.5,10.5,0.75,NA,NA,NA,NA,NA,Brittain,Brown,LVR,RB,26,-2
RB,23.3,NA,0.10000000000000142,NA,NA,-88.39747399702823,NA,NA,394,NA,NA,108,17,NA,135.8,10.85,0.78,NA,NA,NA,NA,NA,Zander,Horvath,LAC,RB,25,-2
RB,23.2,NA,0.3999999999999986,NA,NA,-88.49747399702822,NA,NA,395,NA,NA,109,18,268.49,77.72,8.66,0.6,77.61,NA,317.39,3.3800000000000003,2.3800000000000003,DeWayne,McBride,MIN,RB,22,-3
RB,22.8,NA,0.1999999999999993,NA,NA,-88.89747399702823,NA,NA,396,NA,NA,110,18,371,112.6,10.56,0.76,NA,NA,NA,NA,NA,Anthony,McFarland,PIT,RB,24,0
RB,22.6,NA,0.10000000000000142,NA,NA,-89.09747399702823,NA,NA,397,NA,NA,111,18,316.88,91.29,12.16,0.85,91.71,NA,305.29,3.9360000000000004,NA,Kenny,McIntosh,SEA,RB,23,-3
RB,22.5,NA,0,NA,NA,-89.19747399702823,NA,NA,398,NA,NA,112,18,333.97,95.98,7.55,0.46,NA,NA,NA,2.9520000000000004,NA,DeeJay,Dallas,SEA,RB,25,0
WR,196.6906389301634,10.111626970967615,6.011812778603229,189.87881361306302,203.79187427507483,87.30430906389297,85.35126823871038,88.38447578723093,8,6,9,1,1,1.72,1.19,0.46,0.26,2.015,0.5560500576986452,5.984999999999999,52.647999999999996,10.83599532422687,Justin,Jefferson,MIN,WR,24,0
WR,190.67882615156017,25.137646071181745,5.532466567607742,173.74453314296434,208.3325965369867,81.29249628528974,69.2169877686117,92.9251980491428,9,14,6,2,1,3.79,2.12,0.68,0.77,4.306666666666667,0.7076643900104687,4.693333333333333,48.33266666666667,10.933499632881603,Ja'Marr,Chase,CIN,WR,23,-1
WR,185.14635958395243,6.5760930650348985,6.186998514115885,180.71629137073327,189.76464550756614,75.760029717682,76.18874599638063,74.35724701972224,15,7,16,3,2,9.42,4.34,1.64,0.13,9.04,2.8192197502145877,5.960000000000001,42.334,7.060203396503532,Cooper,Kupp,LAR,WR,30,3
WR,178.95936106983655,13.682516215959687,1.7913818722139752,169.74196107781603,188.5683753302586,69.57303120356612,65.21441570346339,73.16097684241468,17,17,17,4,2,15.1,7.61,2.03,0.48,16.993333333333332,2.306358360899036,0.006666666666667709,39.67866666666667,6.581274716108493,Davante,Adams,LVR,WR,31,6
WR,177.16797919762257,19.480791821689387,12.328298662704299,164.04449755523675,190.84903050897282,67.78164933135214,59.516952180884104,75.44163202112891,18,18,15,5,3,8.02,3.45,0.99,0.63,9.128333333333334,1.7412200384277174,8.871666666666666,45.48866666666667,5.468527244352194,Tyreek,Hill,MIA,WR,29,4
WR,164.83968053491827,2.082429470594377,2.335490341753342,163.4368256007322,166.3021377440626,55.45335066864784,58.90928022637955,50.8947392562187,20,19,27,6,4,12.23,5.82,1.32,0.02,13.678333333333333,2.291029002192877,6.321666666666667,43.094,6.31813411274774,Stefon,Diggs,BUF,WR,30,5
WR,162.50419019316493,13.59059233440544,3.3642942050520332,152.95973261769666,171.65966450048458,53.1178603268945,48.43218724334402,56.252266012640675,23,25,20,7,4,13.05,6.36,1.65,0.45,15.138333333333334,1.2288397870439502,7.861666666666666,34.70733333333334,3.813222725668611,A.J.,Brown,PHI,WR,26,1
WR,159.1398959881129,2.227386360737628,2.753937592867743,157.63938901266772,160.7041541235305,49.75356612184247,53.11184363831508,45.29675563568658,27,21,34,8,5,13.7,6.72,1.54,0.02,15.155000000000001,2.2397749142864036,11.844999999999999,36.942,4.576858602433184,CeeDee,Lamb,DAL,WR,24,0
WR,156.38595839524515,15.167440456451434,7.474962852897477,146.16822041959452,167.03781141261223,46.999628528974725,41.64067504524188,51.63041292476832,30,34,26,9,6,18.99,9.64,1.78,0.53,22.111666666666665,4.8374904536225065,7.888333333333335,31.218000000000004,4.9000933324444595,Garrett,Wilson,NYJ,WR,23,-2
WR,148.91099554234768,2.4748737341529354,1.313298662704284,147.2437655696308,150.6490601372561,39.52466567607725,42.716220195278154,35.241661649412194,38,29,42,10,6,17.45,8.72,1.61,0.03,20.64,3.706746102266335,17.36,31.41,3.895749820851776,Amon-Ra,St. Brown,DET,WR,24,-1
WR,147.5976968796434,1.7324116139070531,1.1575780089152943,146.43063589874157,148.8143420960793,38.211367013372964,41.90309052438893,33.40694360823538,39,33,45,11,6,34.64,16.32,3.6,0.06,39.94166666666666,3.6750574447513356,-0.9416666666666629,20.107333333333333,5.603765480063881,Deebo,Samuel,SFO,WR,27,1
WR,146.4401188707281,2.5455844122715865,5.146582466567622,144.65239528739374,148.15498398552262,37.05378900445767,40.1248499130411,32.74758549767871,40,37,46,12,7,20.87,10.8,0.94,0.02,23.773333333333333,1.4136909924811087,16.226666666666667,27.216,3.5421545232621736,Jaylen,Waddle,MIA,WR,25,-1
WR,141.29353640416048,4.34870670429727,1.1979866270430932,138.23950861596433,144.22309764193446,31.907206537890048,33.711963241611684,28.815699154090552,45,41,53,13,7,47.94,21.84,4.86,0.23,59.685,9.843235833132653,-14.685000000000002,9.640666666666666,3.9920154753652395,Christian,Watson,GBP,WR,24,-2
WR,140.09554977711738,4.635084950677823,0.5383358098068527,136.8404030857961,143.21803334030577,30.709219910846954,32.31285771144347,27.81063485246186,49,42,54,14,7,32.14,15.18,2.98,0.12,42.325,5.83798409841388,6.674999999999997,18.877333333333336,3.0802966668091503,Amari,Cooper,CLE,WR,29,5
WR,139.55721396731053,7.315019651374832,1.4125037147102262,134.6293585193802,144.69443631997544,30.1708841010401,30.10181314502755,29.28703783213153,50,47,52,15,7,27.53,13.68,2.02,0.21,33.22833333333333,3.7043416719063895,16.77166666666667,22.735333333333333,2.8374572341368527,Tee,Higgins,CIN,WR,24,0
WR,138.1447102526003,3.825447686219239,0.8403268945022546,135.56764906620077,140.83126152644442,28.758380386329875,31.04010369184813,25.423863038600516,52,46,57,16,7,34.17,16.05,1.98,0.07,31.368333333333332,4.259528208094831,20.631666666666668,22.171333333333333,2.884115731997513,DeVonta,Smith,PHI,WR,25,-1
WR,137.30438335809805,1.3081475451951086,1.4068350668648009,136.423133229662,138.22307464397824,27.91805349182762,31.89558785530936,22.81567615613433,53,44,59,17,7,44.74,20.32,4.57,0.09,54.06,6.969086501591631,-1.0600000000000023,15.282,6.839838789523236,D.J.,Moore,CHI,WR,26,2
WR,135.89754829123325,4.914392129246496,1.8755052005943185,132.58690591683833,139.34884798683706,26.51121842496282,28.059360542485692,23.94144949899315,56,49,58,18,8,47.6,21.58,3.98,0.19,58.26833333333333,6.7327963894820275,-2.268333333333331,12.731333333333334,5.5390243023679036,Jerry,Jeudy,DEN,WR,24,0
WR,134.02204309063893,18.112540200093417,3.4929940564636013,121.82030144745515,146.74219297594698,24.6357132243685,17.29275607310251,31.33479448810307,57,61,49,19,8,35.72,16.59,2.4,0.64,37.88666666666667,5.21654632449052,19.11333333333333,23.250666666666667,6.0467347294956575,DK,Metcalf,SEA,WR,26,1
WR,130.52904903417533,3.4294678887547505,0.11316493313520937,128.12058809551658,132.83935342494019,21.1427191679049,23.59304272116394,17.43195493709628,60,56,64,20,8,44.29,20.39,4.41,0.13,39.660000000000004,3.6883645879079436,20.339999999999996,24.346000000000004,11.38156134573226,Calvin,Ridley,JAC,WR,29,2
WR,130.41588410104012,2.481944801964795,4.916805349182766,128.74389061411546,132.1589145947911,21.02955423476969,24.216345239762816,16.751516106947193,61,54,65,21,9,26.97,13.32,1.81,0.03,31.871666666666666,7.21936843190286,29.128333333333334,24.39666666666667,2.273211140411045,Chris,Olave,NOS,WR,23,-2
WR,125.49907875185735,8.824692629208124,0.9216567607726773,119.30163699629834,131.44394448314503,16.112748885586925,14.7740916219457,16.036545995301125,65,65,68,22,9,54,24.11,4.78,0.42,55.425,5.250500769767902,9.575000000000003,16.631333333333334,5.914404187142514,DeAndre,Hopkins,TEN,WR,31,7
WR,124.57742199108468,2.8602469298995956,0.09792719167904806,122.65058049404473,126.58612807291453,15.191092124814247,18.12303511969209,11.178729585070627,69,60,71,23,9,47.71,21.69,2.95,0.07,50.07333333333333,5.842561272440557,18.92666666666667,20.111333333333334,7.096090253716402,Keenan,Allen,LAC,WR,31,7
WR,124.47949479940563,10.818733752154182,0.8350148588409922,117.19131806152895,132.07732002857657,15.0931649331352,12.663772687176305,16.66992154073266,71,70,66,24,9,67.79,30.43,4.42,0.48,78.13666666666667,7.422321439789274,-7.13666666666667,11.341333333333335,8.211721919846587,Mike,Evans,TBB,WR,30,6
WR,123.64447994056464,13.51634612238086,1.6843016344725186,114.53902253242653,133.1367955781857,14.258150074294207,10.011477158073887,17.729397090341806,72,74,63,25,10,60.49,27.01,4.71,0.58,65.77,10.316921375423323,6.230000000000004,10.867333333333335,6.266439783126906,Mike,Williams,LAC,WR,29,3
WR,121.96017830609212,3.8183766184073598,1.1315007429420518,119.27859293109063,124.53247597828391,12.573848439821688,14.751047556737987,9.125077490440006,74,66,76,26,10,63.8,28.69,3.99,0.13,74.34333333333333,8.353499599303008,-0.3433333333333337,10.358,6.370742081317269,Christian,Kirk,JAC,WR,27,2
WR,120.82867756315007,4.525483399593897,2.713298662704318,117.78002847018206,124.00685282241112,11.442347696879636,13.252483095829419,8.599454334567213,75,69,78,27,10,49.09,21.99,2.81,0.11,54.01,7.107770395841443,20.990000000000002,15.086666666666668,6.014079776287938,Terry,McLaurin,WAS,WR,28,1
WR,118.11537890044575,3.7830212793480245,0.7457800891530155,115.5668987992928,120.77213478123427,8.729049034175318,11.03935342494016,5.364736293390365,77,71,83,28,10,57.08,26.01,4.27,0.14,74.36166666666666,8.05059090308835,2.6383333333333354,9.153333333333334,3.700246238052574,Brandon,Aiyuk,SFO,WR,25,0
WR,117.36959881129273,5.685138520739845,0.05875185735514776,113.37701614184604,121.19946423433382,7.983268945022303,8.8494707674934,5.792065746489911,78,79,81,29,10,58.05,26.19,3.5,0.21,66.48,7.073000306329227,11.519999999999996,11.032666666666668,2.952612553127974,Drake,London,ATL,WR,22,-2
WR,117.31084695393758,5.65685424949238,1.117459138187229,113.50003558772757,121.2835660280139,7.924517087667155,8.972490213374925,5.8761675401699875,79,76,80,30,10,73.95,33.31,4.49,0.27,93.29166666666667,14.138537662085927,-14.291666666666671,9.144000000000002,6.649718189517509,Marquise,Brown,ARI,WR,26,1
WR,116.19338781575036,1.1667261889578173,1.8983506686478506,115.37401450672213,116.97936766003122,6.807057949479926,10.846469132369492,1.571969172187309,82,73,93,31,11,80.57,36.03,4.48,0.08,86.14833333333333,11.75924376347769,-4.148333333333326,6.758666666666667,3.366153624275372,George,Pickens,PIT,WR,22,-2
WR,114.2950371471025,1.5839191898578726,0.4630757800891274,113.22800996456371,115.4073984878439,4.9087072808320755,8.70046459021107,0,88,81,96,32,11,62.43,28.11,5.08,0.1,72.25,10.716852771841802,15.75,12.391333333333334,5.02878284367986,Tyler,Lockett,SEA,WR,31,5
WR,113.83196136701338,7.330677015815388,1.1017236255572271,108.68374309548273,118.77036459640378,4.445631500742948,4.156197721130084,3.362966108559874,89,84,89,33,11,76.23,34.28,4.4,0.34,92.86333333333333,10.889081177440492,-3.8633333333333297,5.510000000000001,3.268465491123728,Jahan,Dotson,WAS,WR,23,-2
WR,112.73023774145615,18.70297436238418,0.1861812778602996,100.13074266192422,125.86504018012091,3.343907875185721,-4.396802712428425,10.457641692277008,91,111,73,34,11,73.23,32.89,3.76,0.69,89.05333333333333,9.735492911107388,1.9466666666666725,10.023333333333335,6.616717883932757,Diontae,Johnson,PIT,WR,27,1
WR,112.54405646359585,8.308504678941931,3.1577265973254214,106.94692726947486,118.37898760364541,3.1577265973254214,2.419381895122214,2.971589115801507,92,87,91,35,11,95.76,41.45,3.46,0.33,102.27666666666667,6.842203998387918,-10.27666666666667,7.831333333333334,6.05082833631525,Brandin,Cooks,DAL,WR,30,6
WR,109.38632986627043,7.212489168102786,2.310624071322451,104.52754537435264,114.45154668571772,0,0,-0.9558518021261904,96,96,100,36,12,67.91,30.65,3.66,0.29,74.805,10.659671273855805,21.194999999999993,12.199333333333334,6.685203628578232,Chris,Godwin,TBB,WR,27,3
WR,107.07570579494798,3.2173358543987884,0.9382095096582219,104.8162218215671,109.24310475947995,-2.310624071322451,0.2886764472144563,-6.164293728363958,104,91,111,37,12,88.36,39.55,5.98,0.23,99.14833333333333,28.90677049681537,4.851666666666674,14.262666666666666,14.830000704278097,Jordan,Addison,MIN,WR,21,-3
WR,106.13749628528976,20.30457122177171,1.0485066864784613,92.45906523769959,120.39707481180236,-3.2488335809806728,-12.06848013665305,4.989676323958449,109,138,85,38,12,97.07,42.62,4.77,0.77,114.15,19.38965531754841,-5.150000000000006,7.105333333333334,5.771045274086451,Courtland,Sutton,DEN,WR,28,2
WR,105.0889895988113,7.360981592151965,0.5673699851411556,100.13017130853048,110.25849029395309,-4.297340267459134,-4.397374065822163,-5.1489081938908186,113,112,110,39,12,89.78,39.86,5.48,0.38,95.11333333333333,25.873935834262934,17.88666666666667,18.77666666666667,20.849435377380264,Jaxon,Smith-Njigba,SEA,WR,21,-3
WR,104.52161961367014,12.90469875665449,1.7394502228826383,95.82820618450349,113.58438500140669,-4.86471025260029,-8.699339189849155,-1.823013486437219,116,125,104,40,12,88.58,39.07,5.39,0.59,109.2,18.034319135100905,6.799999999999997,3.8713333333333333,2.051215141216434,Treylon,Burks,TEN,WR,23,-2
WR,102.7821693907875,1.1313708498984818,2.9183952451708706,102.02000711754552,103.57671320560279,-6.604160475482928,-2.5075382568071234,-11.83068528224112,121,101,129,41,13,108.08,46.73,7.06,0.17,114.65833333333333,29.81394775194247,6.341666666666669,11.35266666666667,11.922110588687262,Zay,Flowers,BAL,WR,23,-3
WR,99.86377414561663,4.681046891454937,0.7396582466567452,96.5763491118185,103.01722055115545,-9.522555720653799,-7.95119626253414,-12.39017793668846,129,123,132,42,13,114.8,50.16,6.41,0.32,108.37166666666667,7.133812483907573,20.62833333333333,7.932666666666667,6.211499085477587,Michael,Thomas,NOS,WR,30,4
WR,99.12411589895989,7.035712472806149,0.4317459138187445,94.38441926223615,104.06518524734228,-10.262213967310544,-10.14312611211649,-11.342213240501621,133,131,127,43,13,120.63,51.77,6.25,0.41,133.06833333333333,16.821988999190584,-0.06833333333332803,2.922,2.2449843355058556,Jakobi,Meyers,LVR,WR,27,1
WR,98.69236998514114,6.353354428961128,1.3188930163447168,94.4123524694665,103.1542300952131,-10.693959881129288,-10.115192904886143,-12.253168392630812,134,130,130,44,13,138.52,58.73,7.65,0.43,142.325,26.96619782245914,-8.324999999999989,3.5493333333333332,3.295631586745636,D.J.,Chark,CAR,WR,27,2
WR,97.37347696879642,3.075914498161477,0.9278826151560224,95.21331097226745,99.44560564917315,-12.012852897474005,-9.31423440208519,-15.96179283867076,135,127,145,45,13,127.14,54.47,6.7,0.26,112.262,7.920155048987366,22.738,6.1673333333333344,5.136528096768177,Odell,Beckham,BAL,WR,31,6
WR,96.4455943536404,3.248145507007629,2.552726597325403,94.25744007720321,98.72671545769262,-12.940735512630027,-10.270105297149428,-16.680683030151286,139,133,149,46,14,101.97,46.17,5.5,0.2,119.59333333333333,30.092235248020746,19.406666666666666,13.73266666666667,16.041240212513358,Quentin,Johnston,LAC,WR,22,-3
WR,93.892867756315,9.970205614730313,0.17778603268943982,87.17631272336982,100.89478512437448,-15.49346210995543,-17.351232650982823,-14.512613363469427,144,153,135,47,14,127.88,54.2,8.99,0.62,132.23333333333335,12.595639016033374,11.766666666666652,4.204666666666667,1.8399683572158398,Skyy,Moore,KCC,WR,23,-2
WR,93.71508172362556,10.146982310026962,0.2150817236255449,86.87943883548631,100.84114656274991,-15.67124814264487,-17.64810653886633,-14.566251925093994,146,154,136,48,14,77.09,34.16,4.45,0.44,87.85166666666666,18.065212810506523,58.14833333333334,8.366,3.9540888541693997,Michael,Pittman,IND,WR,26,0
WR,93.50000000000001,NA,0.2526894502229027,NA,NA,-15.886329866270415,NA,NA,147,NA,NA,49,14,257.1,95.61,10.2,0.65,187.61666666666667,13.369079582712072,-40.616666666666674,2.5450000000000004,1.2950000000000004,Richie,James,KCC,WR,28,2
WR,93.24731054977711,4.270924958366741,0.027176820208026697,90.24790764884953,96.1244731312657,-16.139019316493318,-14.279637725503108,-19.282925356578204,148,142,162,50,14,126.2,53.95,6.68,0.31,139.63,12.469457085214257,8.370000000000005,3.0000000000000004,1.9972647963318904,Nico,Collins,HOU,WR,24,-1
WR,93.22013372956908,2.8637824638055145,1.356166419019317,91.20894469831798,95.14935698371293,-16.166196136701345,-13.318600676034663,-20.258041504130972,150,140,168,51,14,125.87,54.03,6.12,0.22,129.86833333333334,8.549410148594404,20.13166666666666,3.7993333333333337,3.376522997930795,Allen,Lazard,NYJ,WR,28,2
WR,91.86396731054977,10.217692988145602,0.6816047548291237,84.98068928033291,99.03969113810008,-17.52236255572066,-19.54685609401973,-16.367707349743824,157,160,146,52,14,133.94,57.07,7.58,0.58,147.67000000000002,21.79317691388752,9.329999999999984,2.208,1.3415692304163809,Darnell,Mooney,CHI,WR,26,0
WR,91.18236255572064,16.03011072949903,0.07877414561664864,80.38347584672294,102.44005523188434,-18.203967310549785,-24.144069527629696,-12.967343255959562,158,173,134,53,14,181.21,71.71,9.75,0.79,171.26,23.708670706445496,-13.259999999999991,3.894,2.5140000000000002,Marquez,Valdes-Scantling,KCC,WR,29,2
WR,91.103588410104,4.055257390104849,1.190861812778607,88.37171301195218,93.95153139633246,-18.282741456166434,-16.15583236240046,-21.45586709151145,159,150,170,54,14,112.95,48.64,6.45,0.29,117.49333333333334,13.863836249593962,41.50666666666666,5.196000000000001,4.779872243759939,JuJu,Smith-Schuster,NEP,WR,27,3
WR,89.91272659732539,1.2833988078535818,0.22742942050518877,89.01141595739435,90.7773044260343,-19.47360326894504,-15.516129416958293,-24.6300940618096,163,149,184,55,14,138.73,59.28,5.13,0.1,147.77833333333334,16.551474674145776,15.221666666666664,3.8880000000000003,3.804911913128433,Tyler,Boyd,CIN,WR,29,4
WR,89.6852971768202,24.56842511232659,0.052459138187217036,73.13446706194924,106.93931270541782,-19.70103268945023,-31.393078312403404,-8.468085782426087,165,193,114,56,14,148.64,61.47,6.35,0.84,156.882,21.654786445495134,8.117999999999995,3.135333333333334,2.68973670747818,Michael,Gallup,DAL,WR,27,2
WR,89.63283803863298,10.606601717798211,0.737147102525995,82.48756672698917,97.08168630252605,-19.753491827637447,-22.03997864736347,-18.325712185317855,166,167,157,57,14,158.15,65.42,8.26,0.62,147.732,19.31127277006879,18.268,2.0973333333333333,1.3721276260691724,Rondale,Moore,ARI,WR,23,-1
WR,88.89569093610699,2.89913780286484,1.6670876671619794,86.85967241064289,90.84873176128964,-20.490638930163442,-17.667872963709755,-24.558666726554264,169,155,182,58,15,153.62,64.04,8.25,0.33,136.33833333333334,6.97446393798278,32.66166666666666,4.562,3.975153833501291,Adam,Thielen,CAR,WR,33,6
WR,87.22860326894501,6.1164736572636285,0.5265007429420336,83.10816347923041,91.52410576779002,-22.15772659732542,-21.41938189512223,-23.883292720053888,173,165,179,59,15,103.58,45.31,5.86,0.37,115.378,9.218109133656425,57.622,4.858,2.8604675608485177,Elijah,Moore,CLE,WR,23,-1
WR,86.70210252600297,11.713223830355155,0.7301114413075851,78.47609109324375,94.59286381116164,-22.684227340267455,-26.05145428110889,-20.81453467668227,175,178,169,60,15,154.36,64.19,8.62,0.66,145.38,16.936135332477715,29.620000000000005,2.4546666666666668,0.8803049976507513,Romeo,Doubs,GBP,WR,23,-2
WR,85.97199108469539,18.84439571862148,1.6875185735512588,72.73787066917875,98.66675644838259,-23.41433878157504,-31.789674705173894,-16.74064203946132,178,196,150,61,15,111.66,49.2,8.03,0.8,110.58500000000001,13.072806061949109,67.41499999999999,4.590666666666667,2.4735751903312386,Kadarius,Toney,KCC,WR,24,-1
WR,84.28447251114413,0.6010407640085612,0.09569093610699042,83.86237110952354,84.68937121880394,-25.1018573551263,-20.665174264829105,-30.718027269039965,185,163,201,62,15,177.65,70.93,7.6,0.18,170.9375,24.94712846702,14.0625,2.0010000000000003,0.9510000000000002,Curtis,Samuel,WAS,WR,27,3
WR,84.18878157503714,2.298097038856289,0.2734026745913667,82.64063945751431,85.80269869888066,-25.19754829123329,-21.88690591683833,-29.604699788963245,186,166,197,63,15,154.6,64.04,7.08,0.25,145.90833333333333,21.822340553254648,40.09166666666667,3.684666666666667,3.5217746788925743,Zay,Jones,JAC,WR,28,3
WR,83.91537890044577,3.783021279348024,0.007578008915317014,81.36689879929281,86.5721347812343,-25.470950965824656,-23.16064657505983,-28.83526370660961,187,170,195,64,15,169.64,69.26,7.7,0.35,156.50666666666666,5.4098757430790965,30.49333333333334,3.644000000000001,2.0440000000000005,K.J.,Osborn,MIN,WR,26,0
WR,83.90780089153046,24.289117933757908,1.6106537890044592,66.84993836721536,100.27047219519483,-25.478528974739973,-37.67760700713728,-15.136926292649079,188,206,139,65,15,122.66,52.82,9.79,0.87,117.56833333333333,22.642004782164395,70.43166666666667,4.360666666666667,2.662780668566018,Jameson,Williams,DET,WR,22,-2
WR,82.297147102526,15.047232303649729,0.7906921586698417,71.72971436548306,92.43390533664471,-27.089182763744432,-32.79783100886958,-22.973493151199193,191,197,178,66,15,106.8,46.38,6.83,0.69,124.76833333333333,24.05914892971533,66.23166666666667,2.7233333333333336,2.0667903188814836,Rashod,Bateman,BAL,WR,24,-1
WR,81.50645494385616,10.405121038753794,0.6556079899185789,74.19910336723756,88.51599624940285,-27.879874922414274,-30.328442007115086,-26.89140223844106,192,187,190,67,16,194.14,76.29,14.24,0.78,140.222,35.46061217745684,51.77799999999999,6.356666666666667,7.300202432505251,Jonathan,Mingo,CAR,WR,22,-3
WR,80.85084695393758,13.378460300049477,0.34034918276373105,71.45536634374714,89.86341583502433,-28.535482912332853,-33.0721790306055,-25.54398265281958,194,198,186,68,16,152.79,63.62,8.12,0.69,145.234,18.55609182990858,48.76599999999999,2.31,1.5981447577321235,Donovan,Peoples-Jones,CLE,WR,24,0
WR,80.51049777117385,1.1419774516162704,0.8637741456166452,79.7085051080947,81.2798053157275,-28.875832095096584,-24.819040266257943,-34.127593172116406,196,177,212,69,16,198.29,77.49,7.64,0.23,183.70333333333332,20.577337588284408,12.296666666666681,2.5200000000000005,1.3200000000000005,Hunter,Renfrow,LVR,WR,28,1
WR,79.6467236255572,3.5390694398386664,0.7467236255571947,77.26258476457205,82.1321559962762,-29.73960624071323,-27.264960609780587,-33.27524249156771,198,180,210,70,16,181.14,72.84,11.37,0.51,176.83499999999998,18.265,21.16500000000002,2.9290000000000003,1.6790000000000003,Van,Jefferson,LAR,WR,27,0
WR,78.9,NA,0.3370133729569176,NA,NA,-30.486329866270424,NA,NA,201,NA,NA,71,16,211.9,81.26,14.28,0.84,141.825,59.37499999999999,59.17500000000001,5.276000000000001,4.276000000000001,Jayden,Reed,GBP,WR,23,-3
WR,78.56298662704309,6.851864709697653,1.2053120356612226,73.75103064856818,83.17883189436502,-30.82334323922734,-30.776514725784466,-32.22856659347889,202,189,205,72,16,197.63,77.52,9.01,0.53,179.405,21.805000000000007,22.595,3.1690000000000005,1.9190000000000005,DeVante,Parker,NEP,WR,30,5
WR,77.35767459138187,12.06677722094843,0.07275631500742463,68.88336821649288,85.48661158692866,-32.028655274888564,-35.64417715785976,-29.920786900915246,204,205,198,73,16,186.35,74.18,7.75,0.64,170.18333333333334,19.261938866295072,33.81666666666666,5.987,4.357000000000001,Isaiah,Hodgins,NYG,WR,25,0
WR,77.28491827637444,10.146982310026962,0.5164933135215364,70.15885343725009,84.12056116451372,-32.10141158989599,-34.368691937102554,-31.28683732333019,206,202,202,74,16,156.7,64.96,7.73,0.58,176.85500000000002,19.445000000000007,29.144999999999982,5.096,3.9760000000000004,Rashid,Shaheed,NOS,WR,25,-2
WR,76.7684249628529,9.934850275670989,1.3283060921248193,70.07568750094651,83.74551283669939,-32.617904903417525,-34.45185787340613,-31.661885651144516,208,203,203,75,16,189.93,74.11,8.24,0.6,175.30666666666667,25.49349764591399,32.69333333333333,2.1790000000000003,0.7490000000000002,Chase,Claypool,CHI,WR,25,0
WR,75.44011887072809,2.5455844122715665,0.6566567607726483,73.65239528739376,77.1549839855226,-33.946210995542344,-30.875150086958882,-38.2524145023213,209,190,218,76,16,212.68,81.96,6.75,0.24,190.36333333333334,19.861655408237134,18.636666666666656,2.2990000000000004,0.6290000000000002,Mecole,Hardman,NYJ,WR,25,1
WR,74.78346210995544,2.0011121907579277,1.3834621099554312,73.43538758915864,76.18881148240992,-34.60286775631499,-31.092157785194004,-39.21858700543399,211,191,220,77,17,258.49,97.03,10.66,0.41,NA,NA,NA,2.3520000000000003,NA,Marvin,Jones,DET,WR,33,8
WR,73.4,NA,0.10999999999999943,NA,NA,-35.986329866270424,NA,NA,212,NA,NA,78,17,212.89,82.83,11.68,0.73,192.115,10.905000000000001,19.88499999999999,2.048,1.0480000000000003,Josh,Palmer,LAC,WR,24,-1
WR,73.29,NA,0.8000000000000114,NA,NA,-36.09632986627042,NA,NA,213,NA,NA,79,17,196.98,77.3,8.12,0.51,166.67666666666668,18.996631865207636,46.32333333333332,2.4400000000000004,1.1600000000000001,John,Metchie,HOU,WR,23,-2
WR,72.49,NA,2.48193907875185,NA,NA,-36.896329866270435,NA,NA,214,NA,NA,80,17,283.73,105.8,16.43,0.87,72.33,NA,141.67000000000002,4.848000000000001,NA,Michael,Wilson,ARI,WR,23,-3
WR,70.00806092124814,6.0634406486746455,0.7945393759286787,65.74980266372262,74.09277435440453,-39.378268945022285,-38.77774271063002,-41.31462413343938,217,208,226,81,17,249.09,93.69,8.37,0.46,NA,NA,NA,1.2720000000000002,NA,Russell,Gage,TBB,WR,27,2
WR,69.21352154531947,4.030508652763312,0.7835215453194593,66.38295920504012,71.92872464374412,-40.17280832095096,-38.14458616931252,-43.47867384409979,219,207,230,82,17,207.68,81.69,9.19,0.42,176.375,4.5049999999999955,42.625,2.7320000000000007,1.6120000000000005,Parris,Campbell,NYG,WR,26,1
WR,68.43,NA,0.07904903417534115,NA,NA,-40.95632986627042,NA,NA,223,NA,NA,83,17,213.25,81.52,18.25,0.9,136.68666666666667,45.8422020510456,86.31333333333333,7.6370000000000005,6.187000000000001,Marvin,Mims,DEN,WR,21,-3
WR,68.35095096582467,12.947125163525683,0.5509509658246685,59.62895645141144,77.44351174661679,-41.035378900445764,-44.8985889229412,-37.963886741227114,224,221,215,84,17,166.55,67.76,7.96,0.67,172.20333333333332,9.140686820778592,51.79666666666668,1.613,0.403,Alec,Pierce,IND,WR,23,-2
WR,67.8,NA,0.611924219910847,NA,NA,-41.58632986627043,NA,NA,227,NA,NA,85,18,260.28,97.64,8.18,0.52,NA,NA,NA,2.1840000000000006,NA,Mack,Hollins,ATL,WR,30,3
WR,67.18807578008915,6.381638700208583,1.8036032689450252,62.70635207464684,71.48714735259485,-42.19825408618128,-41.821193299705804,-43.92025113524906,229,214,231,86,18,227.14,86.83,6.92,0.42,NA,NA,NA,2.1120000000000005,NA,Corey,Davis,NYJ,WR,28,3
WR,65.38447251114412,0.6010407640085612,2.134621099554238,64.96237110952353,65.78937121880395,-44.001857355126305,-39.56517426482911,-49.618027269039956,236,210,247,87,18,224.9,86.51,9.25,0.28,181.22,NA,54.78,3.416000000000001,2.416000000000001,Robert,Woods,HOU,WR,31,7
WR,63.24985141158989,20.612162671587853,1.0067904903417428,48.7742562854244,77.13549532721773,-46.13647845468054,-55.75328908892824,-38.27190316062618,243,242,219,88,18,206.79,80.51,13.06,0.87,175.22333333333333,16.21410154430053,67.77666666666667,1.605,0.43500000000000005,Wan'Dale,Robinson,NYG,WR,22,-2
WR,62.243060921248144,1.0748023074035542,0.3430609212481386,61.51900676166824,62.997877545322645,-47.143268945022285,-43.008538612684404,-52.40952094252126,246,217,254,89,18,203.4,78.39,14.31,0.54,136.72333333333333,40.99361766042232,109.27666666666667,6.771000000000001,4.941000000000001,Rashee,Rice,KCC,WR,23,-3
WR,61.900000000000006,NA,1.127964338781581,NA,NA,-47.486329866270424,NA,NA,247,NA,NA,90,18,349.67,146.22,11.73,0.74,NA,NA,NA,NA,NA,Jalen,Guyton,LAC,WR,26,1
WR,60.772035661218425,0.76367532368147,0.46203566121842243,60.235718586218134,61.286495195656784,-48.614294205052005,-44.29182678813451,-54.12090329218712,249,219,260,91,19,223.83,85.82,8.85,0.27,206.85,NA,42.150000000000006,2.3720000000000003,1.3720000000000003,Allen,Robinson,PIT,WR,30,6
WR,60.31,NA,0.4000594353640494,NA,NA,-49.07632986627043,NA,NA,252,NA,NA,92,19,290.41,107.28,10.56,0.67,NA,NA,NA,NA,NA,Braxton,Berrios,MIA,WR,28,2
WR,59.90994056463595,13.003693706020611,0.10833580980682456,50.77765259310308,68.67004319271129,-49.47638930163448,-53.749892781249564,-46.737355295132616,254,237,238,93,19,221.75,85.43,10.37,0.74,193.035,15.89500000000001,60.965,1.3160000000000003,0.31600000000000017,Terrace,Marshall,CAR,WR,23,-1
WR,59.80160475482913,15.33007501612435,0.07614843200126131,49.035536064082365,70.12890355725834,-49.5847251114413,-55.49200931027028,-45.278494930585566,255,240,235,94,19,296.76,108.92,6.74,0.7,NA,NA,NA,0.8160000000000002,NA,Nick,Westbrook-Ikhine,TEN,WR,26,0
WR,59.72545632282787,8.931183973773274,0.8254563228278684,53.45322738394766,65.74206129440238,-49.66087354344256,-51.07431799040498,-49.66533719344153,257,230,248,95,19,345.3,126.7,10.23,0.63,NA,NA,NA,0.6720000000000002,NA,Ben,Skowronek,LAR,WR,26,-1
WR,58.9,NA,0.837511144130751,NA,NA,-50.48632986627043,NA,NA,260,NA,NA,96,19,348.53,128.59,8.7,0.55,NA,NA,NA,NA,NA,Chris,Moore,TEN,WR,30,4
WR,58.06248885586925,10.468715895466838,1.2578826151560278,50.71047561940681,65.1148716404617,-51.32384101040118,-53.817069754945834,-50.292526847382206,264,238,249,97,19,197.98,76.66,11.6,0.71,192.925,18.125,71.07499999999999,3.0680000000000005,2.0680000000000005,Darius,Slayton,NYG,WR,26,1
WR,56.80460624071322,3.464823227814081,0.40460624071321405,54.3713158078415,59.13872820251688,-52.58172362555721,-50.15622956651114,-56.268670285327026,266,228,265,98,19,214.09,82.53,7.4,0.31,NA,NA,NA,0.7680000000000001,NA,Tyquan,Thornton,NEP,WR,23,-2
WR,56.400000000000006,NA,2.2075037147102634,NA,NA,-52.986329866270424,NA,NA,269,NA,NA,99,19,267.12,99.24,7.32,0.43,NA,NA,NA,1.1280000000000001,NA,Kendrick,Bourne,NEP,WR,28,3
WR,54.19249628528974,29.66312947077566,0.01249628528974256,33.36055064060218,74.17543838685366,-55.19383358098069,-71.16699473375047,-41.23196010099025,279,264,225,100,19,262.55,99.64,13.17,0.94,NA,NA,NA,2.4240000000000004,NA,Sterling,Shepard,NYG,WR,30,4
WR,54.18,NA,1.9617783947132637,NA,NA,-55.20632986627043,NA,NA,280,NA,NA,101,20,343.28,129.91,13.69,0.82,NA,NA,NA,1.7520000000000002,NA,Trent,Sherfield,BUF,WR,27,2
WR,52.218221605286736,21.091849425158088,0.5679987226715895,37.405750075480256,66.4270125655622,-57.16810826098369,-67.12179529887239,-48.98038592228171,286,259,244,102,20,304.02,111.29,12.44,0.86,NA,NA,NA,0.7680000000000001,NA,Tutu,Atwell,LAR,WR,24,-1
WR,51.65022288261515,28.567113959936517,3.551114413075773,31.58799155852987,70.89482028197587,-57.73610698365528,-72.93955381582278,-44.51257820586804,289,266,233,103,20,295.78,108.95,12.75,0.93,NA,NA,NA,2.2560000000000002,NA,Greg,Dortch,ARI,WR,25,1
WR,48.099108469539374,28.496403281817855,0.19910846953936812,28.086536133880042,67.29607072682245,-61.287221396731056,-76.4410092404726,-48.11132776102146,304,269,242,104,20,356,147.44,18.99,0.96,NA,NA,NA,NA,NA,Marquise,Goodwin,CLE,WR,33,7
WR,47.900000000000006,NA,0.35999999999999943,NA,NA,-61.486329866270424,NA,NA,305,NA,NA,105,20,338.08,130.27,18.32,0.91,NA,NA,NA,NA,NA,Demarcus,Robinson,LAR,WR,29,4
WR,47.540000000000006,NA,2.8200000000000003,NA,NA,-61.84632986627042,NA,NA,307,NA,NA,106,21,230.61,87.96,7.1,0.4,144.635,72.19500000000001,162.365,5.936000000000001,4.936000000000001,Josh,Downs,IND,WR,22,-3
WR,44.720000000000006,NA,1.4990341753343372,NA,NA,-64.66632986627042,NA,NA,319,NA,NA,107,21,325.19,120.17,13.56,0.81,NA,NA,NA,0.504,NA,Jauan,Jennings,SFO,WR,26,0
WR,43.22096582466567,30.200530624477434,0.790965824665669,22.01161186794086,63.56593500601952,-66.16536404160476,-82.51593350641178,-51.841463481824384,329,274,253,108,21,215.99,82.94,12.12,0.94,130.43333333333334,37.05206636912741,198.56666666666666,5.55,4.29,Jalin,Hyatt,NYG,WR,22,-3
WR,42.43,NA,1.4314635958395314,NA,NA,-66.95632986627044,NA,NA,330,NA,NA,109,21,286.76,104.87,6.86,0.38,NA,NA,NA,NA,NA,Quez,Watkins,PHI,WR,25,0
WR,40.99853640416047,30.522264209917317,0.09853640416046971,19.56323405009757,61.56024548196753,-68.38779346210995,-84.96431132425508,-53.84715300587638,335,279,259,110,21,346.37,128.15,11.35,0.93,NA,NA,NA,NA,NA,Olamide,Zaccheaus,PHI,WR,26,1
WR,40.9,NA,0.4799999999999969,NA,NA,-68.48632986627044,NA,NA,337,NA,NA,111,21,351.64,135.57,20.57,0.94,NA,NA,NA,NA,NA,Jamal,Agnew,JAC,WR,28,3
WR,40.42,NA,0.5600000000000023,NA,NA,-68.96632986627043,NA,NA,338,NA,NA,112,22,241.7,91.8,11.03,0.7,174.77,NA,163.23,4.776000000000001,NA,Khalil,Shakir,BUF,WR,23,-2
WR,39.86,NA,0.060000000000002274,NA,NA,-69.52632986627043,NA,NA,339,NA,NA,113,22,264.31,98.12,8.16,0.51,NA,NA,NA,1.3920000000000001,NA,Josh,Reynolds,DET,WR,28,3
WR,39.8,NA,0.6540044576523059,NA,NA,-69.58632986627043,NA,NA,340,NA,NA,114,22,347.2,144.75,17.13,0.88,87.41,NA,252.59,1.032,NA,Dontayvion,Wicks,GBP,WR,22,-3
WR,39.14599554234769,37.975169683623534,4.165995542347687,12.476635808189274,64.72844859513648,-70.24033432392274,-92.05090956616337,-50.67894989270742,342,290,251,115,22,361.57,133.2,11.99,0.97,78.12,NA,263.88,3.2880000000000007,NA,Charlie,Jones,CIN,WR,25,-3
WR,34.980000000000004,NA,1.6700000000000017,NA,NA,-74.40632986627043,NA,NA,349,NA,NA,116,22,370.83,137.5,10.38,0.66,NA,NA,NA,NA,NA,Trenton,Irwin,CIN,WR,28,1
WR,33.31,NA,1.1899999999999977,NA,NA,-76.07632986627043,NA,NA,353,NA,NA,117,23,307.16,113.08,11.77,0.74,NA,NA,NA,NA,NA,Kyle,Philips,TEN,WR,24,-2
WR,32.120000000000005,NA,0.4500000000000064,NA,NA,-77.26632986627042,NA,NA,357,NA,NA,118,23,260.69,97.18,20.8,0.94,170.305,20.055000000000007,186.695,4.2490000000000006,3.119,Justyn,Ross,KCC,WR,24,-2
WR,31.669999999999998,NA,1.5699999999999967,NA,NA,-77.71632986627043,NA,NA,359,NA,NA,119,23,328.88,124.9,13.25,0.8,99.58,NA,259.42,2.2800000000000002,NA,Demario,Douglas,NEP,WR,23,-3
WR,30.1,NA,0.6000000000000014,NA,NA,-79.28632986627042,NA,NA,361,NA,NA,120,23,339.3,125.59,13.67,0.81,NA,NA,NA,NA,NA,Kalif,Raymond,DET,WR,29,4
WR,29.5,NA,3.150000000000002,NA,NA,-79.88632986627043,NA,NA,362,NA,NA,121,23,287.58,105.48,5.43,0.24,NA,NA,NA,0.9840000000000001,NA,Laviska,Shenault,CAR,WR,25,0
WR,26.349999999999998,NA,0.14999999999999503,NA,NA,-83.03632986627044,NA,NA,364,NA,NA,122,24,269.62,99.92,12.43,0.78,77.75,NA,286.25,4.92,NA,Puka,Nacua,LAR,WR,22,-3
WR,26.200000000000003,NA,0.8000000000000043,NA,NA,-83.18632986627043,NA,NA,365,NA,NA,123,24,273.24,101.25,9.36,0.59,NA,NA,NA,1.9440000000000004,NA,Isaiah,McKenzie,IND,WR,28,3
WR,25.4,NA,0.5599999999999952,NA,NA,-83.98632986627044,NA,NA,366,NA,NA,124,24,311.58,112.33,12.88,0.79,NA,NA,NA,NA,NA,Deonte,Harty,BUF,WR,26,1
WR,24.840000000000003,NA,0.6400000000000041,NA,NA,-84.54632986627043,NA,NA,369,NA,NA,125,24,NA,NA,NA,NA,NA,NA,NA,NA,NA,David,Moore,TBB,WR,28,3
WR,24.2,NA,1.0299999999999976,NA,NA,-85.18632986627043,NA,NA,374,NA,NA,126,24,NA,163.6,8.4,0.52,NA,NA,NA,NA,NA,KhaDarel,Hodge,ATL,WR,28,2
WR,23.17,NA,0.21000000000000085,NA,NA,-86.21632986627043,NA,NA,381,NA,NA,127,24,346.45,132.18,13.51,0.81,NA,NA,NA,NA,NA,Dyami,Brown,WAS,WR,24,-1
WR,22.96,NA,0.1700000000000017,NA,NA,-86.42632986627044,NA,NA,382,NA,NA,128,24,355.25,128.26,8.7,0.55,NA,NA,NA,NA,NA,Jalen,Tolbert,DAL,WR,24,-2
WR,22.79,NA,0.6299999999999955,NA,NA,-86.59632986627042,NA,NA,384,NA,NA,129,24,346.25,146.89,17.57,0.89,NA,NA,NA,NA,NA,Zach,Pascal,ARI,WR,29,3
WR,22.160000000000004,NA,0.2600000000000051,NA,NA,-87.22632986627042,NA,NA,386,NA,NA,130,24,347.86,134.32,18.74,0.91,NA,NA,NA,NA,NA,Randall,Cobb,NYJ,WR,33,9
WR,21.9,NA,0.00999999999999801,NA,NA,-87.48632986627044,NA,NA,388,NA,NA,131,24,358.08,131.54,7.12,0.4,NA,NA,NA,0.7200000000000001,NA,Parker,Washington,JAC,WR,21,-3
WR,21.89,NA,0.18999999999999773,NA,NA,-87.49632986627043,NA,NA,389,NA,NA,132,24,342,127.24,10.88,0.69,NA,NA,NA,1.5360000000000003,NA,Calvin,Austin III,PIT,WR,24,-2
WR,21.700000000000003,NA,0.1600000000000037,NA,NA,-87.68632986627043,NA,NA,390,NA,NA,133,24,NA,150.6,7.86,0.47,NA,NA,NA,NA,NA,Equanimeous,St. Brown,CHI,WR,27,2
WR,21.54,NA,1.8399999999999999,NA,NA,-87.84632986627042,NA,NA,391,NA,NA,134,24,327.5,137.83,21.12,0.95,NA,NA,NA,NA,NA,Samori,Toure,GBP,WR,25,-2
WR,19.7,NA,0.8699999999999974,NA,NA,-89.68632986627043,NA,NA,399,NA,NA,135,25,NA,171.25,21.31,0.95,NA,NA,NA,NA,NA,Brandon,Powell,MIN,WR,27,2
WR,18.830000000000002,NA,0.05000000000000071,NA,NA,-90.55632986627043,NA,NA,400,NA,NA,136,25,362.5,139.6,9.67,0.62,NA,NA,NA,NA,NA,Tre'Quan,Smith,NOS,WR,27,2
WR,18.78,NA,0.3999999999999986,NA,NA,-90.60632986627043,NA,NA,401,NA,NA,137,25,338.08,130.41,14.25,0.83,NA,NA,NA,NA,NA,Cedrick,Wilson,MIA,WR,28,2
WR,18.380000000000003,NA,0.8800000000000026,NA,NA,-91.00632986627042,NA,NA,402,NA,NA,138,25,281.9,104.6,8.59,0.54,67.22,NA,334.78,8.184000000000001,NA,Cedric,Tillman,CLE,WR,23,-3
WR,17.5,NA,0.29999999999999716,NA,NA,-91.88632986627043,NA,NA,403,NA,NA,139,25,295.11,107.17,8.04,0.49,NA,NA,NA,1.9680000000000002,NA,Devin,Duvernay,BAL,WR,26,0
WR,17.200000000000003,NA,3.552713678800501e-15,NA,NA,-92.18632986627043,NA,NA,404,NA,NA,140,25,NA,172.67,27.38,0.98,NA,NA,NA,NA,NA,KaVontae,Turpin,DAL,WR,27,-2
WR,17.2,NA,0.379999999999999,NA,NA,-92.18632986627043,NA,NA,404,NA,NA,141,25,352,165.8,19.29,0.93,NA,NA,NA,NA,NA,Kendall,Hinton,DEN,WR,26,0
WR,16.82,NA,0.8200000000000003,NA,NA,-92.56632986627042,NA,NA,405,NA,NA,142,25,308.29,112.31,9.08,0.57,NA,NA,NA,NA,NA,Nelson,Agholor,BAL,WR,30,5
WR,16,NA,0.16999999999999993,NA,NA,-93.38632986627043,NA,NA,406,NA,NA,143,25,365.86,141.7,9.04,0.57,NA,NA,NA,NA,NA,Velus,Jones,CHI,WR,26,-2
WR,15.83,NA,0.22000000000000064,NA,NA,-93.55632986627043,NA,NA,407,NA,NA,144,25,348.37,128.43,10.31,0.65,NA,NA,NA,NA,NA,Justin,Watson,KCC,WR,28,2
WR,15.61,NA,0.17999999999999794,NA,NA,-93.77632986627043,NA,NA,408,NA,NA,145,25,NA,NA,NA,NA,NA,NA,NA,NA,NA,James,Washington,NOS,WR,27,2
WR,15.430000000000001,NA,0.1000000000000032,NA,NA,-93.95632986627042,NA,NA,409,NA,NA,146,25,349.48,126.5,9.99,0.64,NA,NA,NA,NA,NA,Marquez,Callaway,DEN,WR,25,0
WR,15.329999999999998,NA,2.83,NA,NA,-94.05632986627043,NA,NA,410,NA,NA,147,26,NA,199,2,0.01,NA,NA,NA,NA,NA,Dareke,Young,SEA,WR,24,-2
WR,12.499999999999998,NA,2.1999999999999975,NA,NA,-96.88632986627043,NA,NA,411,NA,NA,148,26,NA,203,5,0.17,NA,NA,NA,NA,NA,Gunner,Olszewski,PIT,WR,27,1
WR,10.3,NA,0,NA,NA,-99.08632986627043,NA,NA,412,NA,NA,149,26,NA,NA,NA,NA,NA,NA,NA,NA,NA,Penny,Hart,ATL,WR,27,1
TE,175.13789004457655,2.4041630560342653,51.54041604754832,173.44948443809412,176.7574848752158,94.17949479940567,96.58232275378309,92.05814568536663,3,2,7,1,1,5.22,1,0,0.03,7.415,1.3932067326854258,-4.415,48.61066666666667,6.412555462181638,Travis,Kelce,KCC,TE,34,7
TE,123.59747399702823,6.505382386916238,10.33558692421991,119.2150409258867,128.16610093221598,42.639078751857355,42.34787924157567,43.46676174236681,35,31,36,2,2,36.74,2.18,0.42,0.25,31.79,3.5337751296123328,3.210000000000001,25.234666666666666,4.307767042086759,Mark,Andrews,BAL,TE,28,2
TE,113.26188707280832,7.177133829043449,1.2855869242199134,108.42692015192934,118.30227439804261,32.303491827637444,31.55975846761831,33.60293520819344,44,45,44,3,3,62.19,3.61,1.28,0.37,46.76833333333333,5.307618476198989,-2.768333333333331,19.653333333333336,2.922160540117916,T.J.,Hockenson,MIN,TE,26,1
TE,111.97630014858841,15.945257915756642,3.312258543833593,100.77819825853585,122.71802468709296,31.01790490341753,23.911036574224823,38.018685497243794,48,55,41,4,3,69.72,4.52,0.96,0.83,49.92166666666667,6.06674381819074,-1.9216666666666669,18.84466666666667,8.188329309992906,George,Kittle,SFO,TE,30,3
TE,108.66404160475481,8.62670273047588,7.553120356612169,102.85255427128452,114.72243819272119,27.705646359583938,25.98539258697349,30.023099002872016,55,51,51,5,4,87.06,5.48,1.76,0.48,64.385,5.019982569690854,-9.385000000000005,12.646,7.1346267363238205,Darren,Waller,NYG,TE,31,5
TE,101.11092124814265,4.065863991822637,4.567979197622591,98.37190057867919,103.96631308263497,20.15252600297177,21.50473889436816,19.2669738927858,62,57,62,6,5,84.41,5.68,1.34,0.13,62.248333333333335,7.11099949999217,-0.24833333333333485,11.33,4.621522115782491,Kyle,Pitts,ATL,TE,23,-1
TE,96.54294205052005,15.41492782986673,5.653714710252601,85.71728257366216,106.92740302344242,15.584546805349177,8.850120889351132,22.228063833593254,67,78,60,7,6,90.73,6.09,1.16,0.81,62.40833333333333,6.453250903399169,4.591666666666669,15.271333333333333,8.087449755983377,Dallas,Goedert,PHI,TE,28,2
TE,90.88922734026745,7.24784450716211,2.806983655274877,85.79918102660722,95.77182940322407,9.930832095096576,8.932019342296186,11.072490213374905,76,77,72,8,7,119.73,9.73,1.5,0.39,94.72833333333332,12.30255856406391,-18.728333333333325,5.442000000000001,3.422834303127552,David,Njoku,CLE,TE,27,3
TE,88.08224368499258,0.4596194077712497,0.5243684992570792,87.75946026022389,88.39187210849714,7.1238484398217,10.89229857591286,3.69253291864797,81,72,88,9,7,118.13,9.71,1.75,0.03,86.06666666666666,10.773542695985485,-5.066666666666663,8.867333333333335,4.8415122522708645,Evan,Engram,JAC,TE,29,3
TE,87.5578751857355,2.085965004500317,4.606686478454677,86.09293502716989,88.96311187702547,6.5994799405646205,9.225773342858858,4.263772687176299,83,75,87,10,8,112.12,9.12,1.81,0.07,95.785,14.23564862121381,-12.784999999999997,4.922000000000001,2.005840139858276,Pat,Freiermuth,PIT,TE,25,-1
TE,82.95118870728082,1.6617009357883823,1.3773402674591466,81.78420247927092,84.07061454610503,1.992793462109944,4.917040794959888,-0.6287246437441354,93,83,98,11,8,148.99,15.35,3.44,0.09,128.635,11.470727599706425,-35.63499999999999,4.708666666666668,4.388207328232745,Cole,Kmet,CHI,TE,24,0
TE,81.57384843982167,11.030865786510144,0.6154531946507973,73.82704624537291,89.00493060393129,0.6154531946507973,-3.040115438938116,4.305591414082116,95,104,86,12,8,133.92,12.24,2.56,0.66,130.40333333333334,12.127658013354802,-35.403333333333336,3.288666666666667,2.2639236343618623,Greg,Dulcich,DEN,TE,23,-2
TE,80.95839524517088,13.222896808188427,0.09368499257058716,71.67216440951753,89.86616681368685,0,-5.194997274793494,5.166827623837676,96,114,84,13,8,165.29,16.91,4.57,0.83,116.95666666666666,28.92340613105971,-20.956666666666663,11.260666666666667,12.814301420244842,Dalton,Kincaid,BUF,TE,24,-3
TE,80.86471025260029,5.692209588551714,0.6933878157503557,76.86716168431103,84.69933918984917,-0.09368499257058716,0,0,97,96,96,14,8,138.02,13.26,2.49,0.31,122.62166666666667,4.866738869327406,-25.62166666666667,3.8273333333333337,2.6831326633040136,Dalton,Schultz,HOU,TE,27,2
TE,80.17132243684993,4.525483399593907,1.8382615156018005,76.9931471775889,83.21997152981797,-0.7870728083209428,0.12598549327786657,-1.4793676600312011,100,92,102,15,9,139.41,13.23,2.78,0.25,134.98833333333334,8.37658724594264,-34.988333333333344,3.278666666666667,2.2080104669639193,Chigoziem,Okonkwo,TEN,TE,24,-2
TE,78.33306092124813,5.8336309447890065,1.0303863298662606,74.40316169984405,82.42992746638932,-2.6253343239227434,-2.46399998446698,-2.2694117234598536,107,100,106,16,9,158.85,16.74,2.94,0.37,145.34166666666667,8.082815962824402,-38.34166666666667,3.736666666666667,3.157006317524387,Tyler,Higbee,LAR,TE,30,4
TE,77.30267459138187,9.68736290225569,4.195988112927196,70.49939317702623,83.82868905601657,-3.655720653789004,-6.367768507284794,-0.8706501338325978,111,118,99,17,9,182.76,19.85,4.66,0.68,137.308,25.933499108296203,-26.307999999999993,3.6826666666666674,3.5423552742333593,Juwan,Johnson,NOS,TE,27,0
TE,73.10668647845468,0.42426406871193445,5.280089153046063,72.80873254789896,73.39249733092045,-7.8517087667162,-4.058429136412073,-11.30684185892872,125,110,126,18,10,163.38,17.77,3,0.04,152.51333333333332,21.564631279533216,-27.51333333333332,3.4920000000000004,3.0361150614999213,Gerald,Everett,LAC,TE,29,3
TE,67.82659732540861,1.4849242404917455,3.373075780089138,66.8262593417785,68.86943608235366,-13.131797919762263,-10.040902342532533,-15.829903107495511,140,129,143,19,11,207.34,22.08,6.8,0.27,131.612,31.215966043036374,8.388000000000005,6.598000000000001,6.749224745603504,Sam,LaPorta,DET,TE,22,-3
TE,64.45352154531948,4.030508652763327,0.06956909361070984,61.622959205040104,67.16872464374413,-16.5048736998514,-15.244202479270925,-17.530614546105042,152,147,152,20,11,171.37,18.52,6.32,0.45,148.11333333333334,28.949992899634516,3.886666666666656,2.7006666666666668,1.625152574033863,Taysom,Hill,NOS,TE,33,3
TE,64.38395245170877,10.535891039679555,0.37964338781574725,57.28631628214257,71.78314172717586,-16.57444279346211,-19.580845402168457,-12.91619746267331,153,161,133,21,11,253.24,28.28,4.33,0.71,171.43,NA,-18.430000000000007,2.3760000000000003,NA,Jelani,Woods,IND,TE,25,-2
TE,64.00430906389302,2.89913780286484,1.9485141158989734,62.05126823871037,66.04032758935712,-16.95408618127786,-14.815893445600658,-18.65901160049205,155,146,158,22,11,280.92,32.02,4.71,0.24,173.29,37.17315429177352,-18.289999999999992,2.0593333333333335,1.462910645102959,Tyler,Conklin,NYJ,TE,28,2
TE,62.055794947994045,5.126524163602464,0.3182020802377252,58.45551828711242,65.5093427486219,-18.902600297176832,-18.41164339719861,-19.189996441227265,160,158,160,23,11,249.19,27.34,3.06,0.3,167.675,7.9750000000000085,-7.675000000000011,3.704,2.704,Noah,Fant,SEA,TE,26,1
TE,61.73759286775632,3.959797974644671,1.9888558692422151,59.070024911409284,64.51849621960973,-19.220802377414557,-17.797136772901744,-20.18084297023944,162,156,167,24,12,206.84,22.4,4.83,0.33,141.09199999999998,16.850167239526137,20.908000000000015,2.734,2.3609190300954133,Dawson,Knox,BUF,TE,27,1
TE,59.748736998514104,3.252691193458119,1.1560921248142506,57.55752046294334,62.03305046610799,-21.209658246656772,-19.30964122136769,-22.666288723741182,171,159,176,25,12,287.16,32.86,3.49,0.2,171.32,NA,-0.3199999999999932,1.5899999999999999,0.45000000000000007,Cade,Otton,TBB,TE,24,-2
TE,58.592644873699854,14.743176387739508,0.3597325408618275,48.660717750514934,68.94654396051119,-22.365750371471023,-28.206443933796095,-15.752795229337977,174,181,141,26,12,205.4,22.66,4.48,0.86,156.76,17.438111136244085,17.24000000000001,2.382666666666667,1.747550921210087,Mike,Gesicki,NEP,TE,28,2
TE,58.232912332838026,9.01561146012848,0.7349182763744295,52.159431717940784,64.56443335714712,-22.72548291233285,-24.707729966370245,-20.134905832702046,176,176,166,27,12,292.34,33.84,5.46,0.68,218.82,NA,-42.81999999999999,1.484,0.4840000000000001,Logan,Thomas,WAS,TE,32,6
TE,57.4979940564636,4.631549416771883,0.9639673105497764,54.24533031456364,60.61809586254807,-23.46040118870728,-22.62183136974739,-24.081243327301102,179,168,180,28,12,224.79,23.86,4.91,0.41,173.19,16.747113184068468,5.810000000000002,2.144,1.1440000000000003,Hunter,Henry,NEP,TE,29,4
TE,56.53402674591382,14.8492424049175,0.1471025260029748,46.10563917646355,66.53740658221518,-24.424368499257056,-30.76152250784748,-18.161932607633986,181,188,154,29,12,268.75,30.92,5.84,0.89,173.17000000000002,17.847904638920504,7.829999999999984,3.317,1.987,Zach,Ertz,ARI,TE,33,7
TE,56.386924219910846,5.515432893255072,0.004531946508166129,52.51352312268646,60.10246530196564,-24.57147102526003,-24.35363856162457,-24.596873887883532,182,175,183,30,12,232.72,25.03,3.34,0.37,173.62666666666667,28.991448547612947,8.373333333333335,1.7720000000000002,0.7720000000000002,Trey,McBride,ARI,TE,24,-2
TE,56.38239227340268,3.641599923110723,1.2489598811292808,53.82495436946606,58.8356020904004,-24.576002971768197,-23.042207314844966,-25.86373709944877,183,169,187,31,13,237.84,25.32,4.4,0.27,166.17666666666665,28.881362310128118,16.823333333333352,3.1173333333333337,2.854108305972677,Hayden,Hurst,CAR,TE,30,2
TE,55.1334323922734,2.121320343559642,4.1890044576523024,53.64366273949479,56.56248665460217,-25.824962852897478,-23.223498944816235,-28.136852535247,189,171,193,32,13,256.62,28.33,4.49,0.17,126.21333333333334,46.239481927124665,62.78666666666666,9.721000000000002,8.351000000000003,Michael,Mayer,LVR,TE,22,-3
TE,50.944427934621096,0.35355339059327373,0.04442793462109762,50.70625222423297,51.19272287675087,-30.01396731054978,-26.16090946007806,-33.5066163130983,199,179,211,33,13,271.81,30.77,6.56,0.16,182.495,22.825000000000003,16.504999999999995,2.5410000000000004,1.3710000000000002,Jake,Ferguson,DAL,TE,24,-2
TE,50.9,NA,2.1315007429420447,NA,NA,-30.05839524517088,NA,NA,200,NA,NA,34,14,333.2,40.76,5.45,0.39,NA,NA,NA,1.4880000000000002,NA,Robert,Tonyan,CHI,TE,29,3
TE,48.768499257057954,8.343860018001262,1.9436849925705815,43.14755249189814,54.62825989132049,-32.18989598811292,-33.71960919241289,-30.07107929852868,207,200,199,35,14,315.7,37.86,4.5,0.59,NA,NA,NA,3.1440000000000006,NA,Austin,Hooper,LVR,TE,29,4
TE,46.82481426448737,7.919595949289333,6.166716196136704,41.26300756078056,52.15995017718143,-34.133580980683504,-35.60415412353047,-32.53938901266774,210,204,209,36,15,279.95,31.22,4.77,0.58,143.675,66.595,66.32499999999999,6.509,5.299000000000001,Luke,Musgrave,GBP,TE,23,-3
TE,40.65809806835067,6.858935777509511,0.22362555720653887,35.84117619103316,45.27870684988035,-40.30029717682021,-41.025985493277865,-39.42063233996882,220,212,221,37,15,271.75,30.57,3.55,0.47,197.335,18.655,22.664999999999992,2.108,0.7480000000000001,Isaiah,Likely,BAL,TE,23,-2
TE,40.43447251114413,24.39518395093588,0.6251114413075811,23.30212150419011,56.86859652792492,-40.52392273402675,-53.56504018012092,-27.830742661924248,222,236,192,38,15,370.75,59.67,11.33,0.99,NA,NA,NA,NA,NA,Brock,Wright,DET,TE,25,-1
TE,39.80936106983655,10.111626970967631,2.5271916790490323,32.708125724925175,46.621186386937005,-41.14903417533433,-44.159035959385854,-38.078152802912165,226,218,216,39,16,337.52,42.18,4.72,0.7,NA,NA,NA,0.7200000000000001,NA,Foster,Moreau,NOS,TE,26,1
TE,37.282169390787516,1.1313708498984767,0.17087667161961662,36.52000711754551,38.07671320560278,-43.67622585438336,-40.34715456676552,-46.62262598424639,232,211,237,40,16,338.33,42.06,4.32,0.1,NA,NA,NA,NA,NA,Jonnu,Smith,ATL,TE,28,3
TE,37.1112927191679,3.8890872965260104,1.2731054977711693,34.38004835574045,39.7312255334373,-43.84710252600298,-42.48711332857058,-44.968113656411866,234,216,234,41,16,354.49,45.81,4.72,0.31,NA,NA,NA,1.9680000000000002,NA,Noah,Gray,KCC,TE,24,-1
TE,35.83818722139673,8.768124086713192,0.21998514115898615,29.680472656578473,41.7449448390223,-45.12020802377415,-47.186689027732555,-42.95439435082687,238,226,228,42,16,352.09,45,5.52,0.68,NA,NA,NA,NA,NA,Donald,Parham,LAC,TE,26,1
TE,35.618202080237744,9.086322138247137,0.6624814264487355,29.237022067502693,41.739317837212624,-45.34019316493313,-47.630139616808336,-42.960021352636545,239,227,229,43,16,364.67,61.62,6.4,0.72,NA,NA,NA,NA,NA,Tommy,Tremble,CAR,TE,23,-1
TE,34.95572065378901,3.535533905932737,0.515007429420514,32.472771232491326,37.337477757670285,-46.00267459138187,-44.3943904518197,-47.361861432178884,241,220,240,44,16,NA,81.4,5.31,0.33,NA,NA,NA,NA,NA,Teagan,Quitoriano,HOU,TE,23,-2
TE,34.440713224368494,15.273506473629421,1.6310549777117345,23.714371724362504,44.72990391313561,-46.51768202080238,-53.15278995994852,-39.96943527671356,244,235,222,45,17,360.57,57.1,9.22,0.93,NA,NA,NA,NA,NA,Josh,Oliver,MIN,TE,26,1
TE,32.80965824665676,16.475588001646557,0.5786032689450238,21.23911394340955,43.90864635074351,-48.14873699851412,-55.62804774090148,-40.79069283910566,248,241,224,46,17,364.77,53,12.22,0.96,NA,NA,NA,2.1840000000000006,NA,C.J.,Uzomah,NYJ,TE,30,5
TE,32.231054977711736,1.20208152801713,1.3310549777117338,31.421257562392107,33.07525778095295,-48.72734026745914,-45.44590412191892,-51.62408140889622,251,222,252,47,17,344.5,44.22,5.35,0.15,75.77,NA,175.23000000000002,3.2400000000000007,NA,Tucker,Kraft,GBP,TE,23,-3
TE,30.900000000000002,NA,0.391084695393765,NA,NA,-50.05839524517087,NA,NA,258,NA,NA,48,17,376.25,55.71,4.9,0.29,NA,NA,NA,NA,NA,Kylen,Granson,IND,TE,25,-1
TE,30.508915304606237,0.5656854249492383,0.48484398216939084,30.111643397198613,30.889996441227247,-50.44947994056464,-46.755518287112416,-53.80934274862192,259,223,257,49,17,334.51,40.38,4.11,0.07,70.63,NA,188.37,3.6240000000000006,NA,Luke,Schoonmaker,DAL,TE,25,-3
TE,30.024071322436846,7.990306627407984,0.22407132243684558,24.641300267665166,35.63553701456961,-50.93432392273403,-52.22586141664586,-49.06380217527956,261,233,245,50,17,353.26,47.15,6.87,0.69,NA,NA,NA,0.7200000000000001,NA,Will,Dissly,SEA,TE,27,2
TE,29.8,NA,1.5,NA,NA,-51.15839524517088,NA,NA,263,NA,NA,51,17,NA,109.33,4.11,0.22,NA,NA,NA,NA,NA,Davis,Allen,LAR,TE,22,-3
TE,28.3,NA,0.5999999999999979,NA,NA,-52.65839524517088,NA,NA,267,NA,NA,52,18,NA,72.4,4.8,0.28,NA,NA,NA,NA,NA,Ian,Thomas,CAR,TE,27,2
TE,27.700000000000003,NA,3.552713678800501e-15,NA,NA,-53.258395245170874,NA,NA,270,NA,NA,53,18,NA,78.75,4.02,0.21,NA,NA,NA,NA,NA,Ross,Dwelley,SFO,TE,28,2
TE,27.7,NA,0.026745913818725597,NA,NA,-53.258395245170874,NA,NA,270,NA,NA,54,18,NA,81.6,13.23,0.91,NA,NA,NA,NA,NA,Jody,Fortson,KCC,TE,28,1
TE,27.673254086181274,1.6970562748477125,0.07325408618127227,26.530010676318266,28.865069808404165,-53.2851411589896,-50.33715100799276,-55.834269381445004,271,229,263,55,18,367.3,52.7,5.97,0.23,NA,NA,NA,NA,NA,Harrison,Bryant,CLE,TE,25,0
TE,27.6,NA,0.10906389301634789,NA,NA,-53.358395245170875,NA,NA,272,NA,NA,56,18,NA,63.33,9.87,0.79,NA,NA,NA,NA,NA,Hunter,Long,LAR,TE,25,-1
TE,27.490936106983654,3.747665940288699,0.3909361069836521,24.966273576869504,30.1228624935592,-53.46745913818722,-51.900888107441524,-54.57647669628997,273,232,262,57,18,337.21,48.81,10.89,0.63,NA,NA,NA,0.8160000000000002,NA,Durham,Smythe,MIA,TE,28,2
TE,27.1,NA,0.399999999999995,NA,NA,-53.858395245170875,NA,NA,274,NA,NA,58,18,NA,111,1,0.01,NA,NA,NA,NA,NA,Stephen,Sullivan,CAR,TE,27,0
TE,26.700000000000006,NA,0.09561664190194108,NA,NA,-54.258395245170874,NA,NA,275,NA,NA,59,18,NA,81.5,9.86,0.79,NA,NA,NA,NA,NA,Jack,Stoll,PHI,TE,25,-1
TE,26.604383358098065,1.3081475451951137,0.6043833580980653,25.723133229661993,27.523074643978212,-54.354011887072815,-51.14402845464903,-57.17626454587096,277,231,268,60,18,362.33,51.73,5.36,0.16,NA,NA,NA,NA,NA,Mo,Alie-Cox,IND,TE,30,3
TE,26,NA,0.27072808320950514,NA,NA,-54.95839524517088,NA,NA,278,NA,NA,61,18,355,67.88,7.2,0.54,NA,NA,NA,NA,NA,Josiah,Deguara,GBP,TE,26,0
TE,25.729271916790495,8.202438661763951,0.3292719167904927,19.968829259379863,31.25494839779505,-55.22912332838038,-56.89833242493117,-53.44439079205412,281,246,256,62,18,355.33,61.5,8.71,0.75,86.58,NA,194.42000000000002,2.6400000000000006,NA,Brenton,Strange,JAC,TE,23,-3
TE,25.400000000000002,NA,0.5,NA,NA,-55.55839524517087,NA,NA,282,NA,NA,63,18,352.62,47.28,5.98,0.45,NA,NA,NA,NA,NA,Adam,Trautman,DEN,TE,26,0
TE,24.900000000000002,NA,0.40000000000000213,NA,NA,-56.05839524517087,NA,NA,284,NA,NA,64,18,372.6,57.55,8.23,0.65,NA,NA,NA,NA,NA,Colby,Parkinson,SEA,TE,24,0
TE,24.5,NA,1.0999999999999979,NA,NA,-56.45839524517088,NA,NA,285,NA,NA,65,18,NA,NA,NA,NA,NA,NA,NA,NA,NA,Blake,Bell,KCC,TE,32,5
TE,24.5,NA,0,NA,NA,-56.45839524517088,NA,NA,285,NA,NA,65,18,359,68.43,9.16,0.73,NA,NA,NA,NA,NA,John,Bates,WAS,TE,26,-1
TE,23.400000000000002,NA,1.0000000000000036,NA,NA,-57.55839524517087,NA,NA,287,NA,NA,66,18,358.2,62.2,10.07,0.8,NA,NA,NA,1.4160000000000001,NA,Elijah,Higgins,MIA,TE,23,-3
TE,22.4,NA,0.01589895988112744,NA,NA,-58.55839524517088,NA,NA,290,NA,NA,67,18,366.8,54.93,4.53,0.26,NA,NA,NA,1.1520000000000001,NA,Peyton,Hendershot,DAL,TE,24,-2
TE,22.38410104011887,7.353910524340094,0.18410104011887185,17.430046264045817,27.548635836418057,-58.574294205052006,-59.437115420265215,-57.15070335343111,291,247,267,68,18,NA,86.8,13.64,0.87,NA,NA,NA,NA,NA,Eric,Saubert,MIA,TE,29,3
TE,22.2,NA,0.3000000000000007,NA,NA,-58.758395245170874,NA,NA,292,NA,NA,69,19,351,NA,NA,NA,NA,NA,NA,NA,NA,Tyler,Kroft,MIA,TE,31,5
TE,22.2,NA,0,NA,NA,-58.758395245170874,NA,NA,292,NA,NA,69,19,NA,80,5.25,0.36,NA,NA,NA,NA,NA,Brycen,Hopkins,LAR,TE,26,0
TE,21.9,NA,0.9999999999999964,NA,NA,-59.05839524517088,NA,NA,295,NA,NA,70,19,371.33,67.89,15.23,0.94,NA,NA,NA,NA,NA,Dan,Arnold,PHI,TE,28,3
TE,20.900000000000002,NA,3.552713678800501e-15,NA,NA,-60.05839524517087,NA,NA,296,NA,NA,71,19,348.42,45.19,5.3,0.38,72.24,NA,223.76,6.144000000000001,NA,Darnell,Washington,PIT,TE,22,-3
TE,20.9,NA,0.11367013372956691,NA,NA,-60.05839524517088,NA,NA,297,NA,NA,72,19,NA,96.67,19.01,0.98,NA,NA,NA,NA,NA,Trevon,Wesco,TEN,TE,28,1
TE,20.78632986627043,7.212489168102782,0.08632986627043238,15.92754537435263,25.851546685717707,-60.17206537890044,-60.939616309958396,-58.84779250413146,298,250,270,73,19,NA,85.6,22.81,0.95,NA,NA,NA,NA,NA,Ko,Kieft,TBB,TE,25,-2
TE,20.7,NA,0.1999999999999993,NA,NA,-60.258395245170874,NA,NA,299,NA,NA,74,19,NA,92,7.18,0.54,NA,NA,NA,NA,NA,Payne,Durham,TBB,TE,23,-3
TE,20.5,NA,0.29999999999999716,NA,NA,-60.45839524517088,NA,NA,300,NA,NA,75,19,NA,97.33,13.77,0.93,NA,NA,NA,NA,NA,Marcedes,Lewis,CHI,TE,39,14
TE,20.200000000000003,NA,0.21797919762259,NA,NA,-60.758395245170874,NA,NA,301,NA,NA,76,19,352.13,53.92,6.08,0.46,NA,NA,NA,NA,NA,Jordan,Akins,CLE,TE,31,2
TE,19.982020802377413,4.31335136523794,0.720059435364039,17.076277135642258,23.01121909636059,-60.976374442793464,-59.79088454866877,-61.68812009348858,302,248,273,77,19,NA,88.4,10.67,0.65,NA,NA,NA,NA,NA,Connor,Heyward,PIT,TE,24,-2
TE,19.261961367013374,5.586143571373725,0.561961367013371,15.498785142880957,23.185021452663715,-61.69643387815751,-61.368376541430074,-61.51431773718545,306,251,272,78,19,313.77,38.05,4.36,0.44,NA,NA,NA,1.3920000000000001,NA,Daniel,Bellinger,NYG,TE,23,-2
TE,18.700000000000003,NA,0.40000000000000213,NA,NA,-62.258395245170874,NA,NA,308,NA,NA,79,19,349,63.63,6.52,0.5,NA,NA,NA,NA,NA,James,Mitchell,DET,TE,24,-2
TE,18.3,NA,0.1999999999999993,NA,NA,-62.65839524517088,NA,NA,310,NA,NA,80,19,375,65.63,13.35,0.92,NA,NA,NA,1.5360000000000003,NA,Zack,Kuntz,NYJ,TE,24,-3
TE,18.1,NA,1.1000000000000014,NA,NA,-62.858395245170875,NA,NA,311,NA,NA,81,19,NA,99.4,15.08,0.94,NA,NA,NA,NA,NA,Luke,Farrell,JAC,TE,26,-1
TE,18.1,NA,0,NA,NA,-62.858395245170875,NA,NA,311,NA,NA,81,19,355.29,59.07,14.01,0.93,NA,NA,NA,NA,NA,Jeremy,Ruckert,NYJ,TE,23,-2
TE,17,NA,0.10000000000000142,NA,NA,-63.95839524517088,NA,NA,312,NA,NA,82,19,NA,137,9.22,0.74,NA,NA,NA,NA,NA,Reggie,Gilliam,BUF,RB,26,0
TE,17,NA,0,NA,NA,-63.95839524517088,NA,NA,312,NA,NA,82,19,NA,71.33,3.9,0.18,NA,NA,NA,NA,NA,Tre',McKitty,LAC,TE,24,-1
TE,17,NA,0,NA,NA,-63.95839524517088,NA,NA,312,NA,NA,82,19,NA,NA,NA,NA,NA,NA,NA,NA,NA,Stone,Smartt,LAC,TE,25,-2
TE,16.9,NA,0.29999999999999716,NA,NA,-64.05839524517089,NA,NA,313,NA,NA,83,19,NA,NA,NA,NA,NA,NA,NA,NA,NA,Miller,Forristall,CLE,TE,25,-1
TE,16.9,NA,0,NA,NA,-64.05839524517089,NA,NA,313,NA,NA,83,19,NA,95,9.75,0.77,NA,NA,NA,2.9760000000000004,NA,Cameron,Latu,SFO,TE,23,-3
TE,16.9,NA,0,NA,NA,-64.05839524517089,NA,NA,313,NA,NA,83,19,NA,NA,NA,NA,NA,NA,NA,NA,NA,Brayden,Willis,SFO,TE,24,-3
TE,16.6,NA,0.20000000000000284,NA,NA,-64.35839524517087,NA,NA,314,NA,NA,84,20,NA,79.4,10.98,0.84,NA,NA,NA,NA,NA,Drew,Sample,CIN,TE,27,1
TE,16.4,NA,0.09999999999999787,NA,NA,-64.55839524517089,NA,NA,316,NA,NA,85,20,NA,92.25,8.2,0.64,NA,NA,NA,NA,NA,Zach,Gentry,PIT,TE,27,1
TE,16.3,NA,0.1999999999999993,NA,NA,-64.65839524517088,NA,NA,318,NA,NA,86,20,327.27,42.71,8.71,0.7,NA,NA,NA,0.43200000000000005,NA,Albert,Okwuegbunam,DEN,TE,25,0
TE,16.1,NA,0.10000000000000142,NA,NA,-64.85839524517087,NA,NA,321,NA,NA,87,20,NA,78.6,14.32,0.94,NA,NA,NA,NA,NA,Jesper,Horsted,LVR,TE,26,1
TE,16,NA,0.09999999999999964,NA,NA,-64.95839524517088,NA,NA,322,NA,NA,88,20,NA,82.29,11.62,0.87,NA,NA,NA,NA,NA,Charlie,Kolar,BAL,TE,24,-2
TE,15.9,NA,0.1999999999999975,NA,NA,-65.05839524517087,NA,NA,323,NA,NA,89,20,NA,95,13.36,0.92,NA,NA,NA,NA,NA,Devin,Asiasi,CIN,TE,26,0
TE,15.700000000000003,NA,0.09999999999999964,NA,NA,-65.25839524517087,NA,NA,324,NA,NA,90,20,NA,NA,NA,NA,NA,NA,NA,NA,NA,Curtis,Hodges,WAS,TE,24,-2
TE,15.600000000000003,NA,0.20000000000000107,NA,NA,-65.35839524517087,NA,NA,325,NA,NA,91,20,NA,89.2,8.98,0.71,NA,NA,NA,NA,NA,Josh,Whyle,TEN,TE,24,-3
TE,15.400000000000002,NA,0.1000000000000032,NA,NA,-65.55839524517087,NA,NA,326,NA,NA,92,20,NA,84.4,5.39,0.38,NA,NA,NA,NA,NA,Chris,Manhertz,DEN,TE,31,4
TE,15.299999999999999,NA,0.4999999999999982,NA,NA,-65.65839524517088,NA,NA,327,NA,NA,93,20,NA,NA,NA,NA,NA,NA,NA,NA,NA,Lawrence,Cager,NYG,TE,26,0
TE,14.8,NA,0,NA,NA,-66.15839524517088,NA,NA,328,NA,NA,94,20,NA,NA,NA,NA,NA,NA,NA,NA,NA,Andrew,Ogletree,IND,TE,25,-2
TE,14.8,NA,0,NA,NA,-66.15839524517088,NA,NA,328,NA,NA,94,20,NA,84.6,7.74,0.61,NA,NA,NA,NA,NA,Will,Mallory,IND,TE,24,-3
DST,131.1453194650817,18.738329701443504,0.3313521545319418,117.985687532204,143.76863211565245,5.716047548291257,-2.2943608235364508,9.324973309204296,86,99,75,1,1,167.6,2.58,1.45,0.81,114.0375,22.346955469369874,-28.037499999999994,2.575,0.07499999999999996,Dallas,Cowboys,DAL,DST,NA,50
DST,130.81396731054977,13.5764501987817,5.384695393759316,121.27944153276667,139.95991458945386,5.384695393759316,0.9993931770262208,5.516255783005704,87,89,82,2,2,175.16,3.64,1.56,0.52,108.7475,22.57765640517191,-21.747500000000002,2.81,0.31000000000000005,Philadelphia,Eagles,PHI,DST,NA,50
DST,125.42927191679046,8.202438661763946,0.750817236255557,119.66882925937988,130.95494839779505,0,-0.6112190963605713,-3.4887104086531053,96,97,107,3,3,194.29,7.51,1.61,0.21,143.52,18.334846604212427,-47.52000000000001,1.275,0.07500000000000007,Baltimore,Ravens,BAL,DST,NA,50
DST,124.6784546805349,14.495689014324212,0.47117384843981824,114.49836205321442,134.44365880644816,-0.750817236255557,-5.781686302526026,0,99,117,96,4,4,233.46,15.45,3.01,0.93,171.56333333333333,20.319436234524044,-72.56333333333333,NA,NA,Washington,Commanders,WAS,DST,NA,50
DST,124.20728083209508,13.152186130069788,1.0399702823179808,114.97070898486773,133.06741725853345,-1.2219910846953752,-5.309339370872721,-1.3762415479147023,102,115,101,5,5,187.3,5.85,1.86,0.58,133.805,13.73843058722502,-31.805000000000007,1.745,0.545,New England,Patriots,NEP,DST,NA,50
DST,123.1673105497771,13.788582233137664,0.05601783060920695,113.48380780671616,132.45616325491406,-2.261961367013356,-6.79624054902429,-1.9874955515340957,103,119,105,6,5,236.67,15.26,2.52,0.84,174.75,24.419999999999987,-71.75,1,NA,Cleveland,Browns,CLE,DST,NA,50
DST,123.11129271916789,3.8890872965260104,0.10000000000000853,120.38004835574046,125.7312255334373,-2.317979197622563,0.10000000000000853,-8.71243327301086,105,93,115,7,5,208.3,10.4,2.29,0.17,160.69333333333333,16.081594724681043,-55.69333333333333,1.13,NA,Kansas City,Chiefs,KCC,DST,NA,50
DST,123.01129271916788,3.8890872965260006,0.3842496285289769,120.28004835574045,125.63122553343729,-2.4179791976225715,0,-8.812433273010868,106,96,116,8,6,307.83,24.75,2.48,0.22,183.77,22.97,-77.77000000000001,NA,NA,Detroit,Lions,DET,DST,NA,50
DST,122.6270430906389,8.061017305526635,1.0356612184249627,116.9659184100802,128.05744928748823,-2.8022288261515484,-3.314129945660241,-6.38620951895993,108,105,112,9,7,293.23,22,4.04,0.89,180.315,21.715000000000003,-72.315,NA,NA,Seattle,Seahawks,SEA,DST,NA,50
DST,121.59138187221394,5.79827560572968,0.8105497771173731,117.51934482128577,125.49746352257925,-3.837890044576511,-2.7607035344546773,-8.946195283868903,112,103,118,10,8,259.25,18.83,3.58,0.68,166.05,4.6499999999999915,-54.05000000000001,1.31,NA,Jacksonville,Jaguars,JAC,DST,NA,50
DST,120.78083209509657,17.819090885900987,0.04056463595838977,108.26676701175627,132.7848878986582,-4.648439821693884,-12.013281343984175,-1.6587709077899433,114,137,103,11,8,214.24,11.09,2.53,0.96,160.78666666666666,29.875990732061464,-46.78666666666666,1.11,NA,Pittsburgh,Steelers,PIT,DST,NA,50
DST,120.74026745913818,5.72756492761104,0.6687964338781711,116.71788939663593,124.59871396742585,-4.689004457652274,-3.562158959104522,-9.844944839022304,115,107,120,12,9,241.82,16.96,2.54,0.36,181.535,25.835000000000008,-66.535,NA,NA,Los Angeles,Chargers,LAC,DST,NA,50
DST,120.07147102526001,7.707463914933371,0.1445765230311764,114.65864128683108,125.26370151172121,-5.357800891530445,-5.621407068909363,-9.179957294726947,117,116,119,13,9,307.9,28.77,2.93,0.59,NA,NA,NA,NA,NA,Houston,Texans,HOU,DST,NA,50
DST,119.92689450222883,4.879036790187171,0.32838038632988287,116.50042430083802,123.21371930558497,-5.5023774145616215,-3.7796240549024276,-11.229939500863182,118,109,125,14,10,263.51,19.32,2.22,0.2,211.19,NA,-93.19,NA,NA,Indianapolis,Colts,IND,DST,NA,50
DST,119.59851411589895,15.768481220460004,0.4958395245170948,108.5245596969113,130.22115079920945,-5.830757800891504,-11.755488658829151,-4.222508007238702,119,136,109,15,10,212.14,11.15,2.52,0.88,167.11333333333332,14.256940609946982,-48.113333333333316,1.17,NA,New Orleans,Saints,NOS,DST,NA,50
DST,119.10267459138186,9.68736290225571,0.5915304606240426,112.29939317702622,125.62868905601657,-6.326597325408599,-7.98065517871423,-8.814969750431587,120,124,117,16,11,159.07,1.47,0.9,0.13,100.3475,19.698826583073416,19.652500000000003,3.855,0.44499999999999984,San Francisco,49ers,SFO,DST,NA,50
DST,118.51114413075781,0.7071067811865475,1.5533432392273454,118.01455424649826,118.98749555153405,-6.918127786032642,-2.2654941092421836,-15.456163254914102,122,98,140,17,12,295.98,22.64,2.84,0.15,210.16,NA,-88.16,NA,NA,New York,Giants,NYG,DST,NA,50
DST,116.95780089153047,0.4949747468305852,0.8753343239227576,116.61018797254877,117.29124688607384,-8.471471025259987,-3.6698603831916756,-17.15241192037432,127,108,151,18,13,227.74,14.92,4.53,0.64,180.95,27.64999999999999,-53.94999999999999,NA,NA,Tampa Bay,Buccaneers,TBB,DST,NA,50
DST,116.08246656760771,5.232590180780445,0.46225854383357046,112.40770142408715,119.607467081352,-9.346805349182745,-7.872346931653297,-14.836191725096157,128,122,138,19,14,219.95,12.81,2.84,0.41,181.99666666666667,17.69681766746653,-53.99666666666667,1,NA,Cincinnati,Bengals,CIN,DST,NA,50
DST,115.62020802377414,4.454772721475246,0.31084695393759887,112.49169175293906,118.62122197466455,-9.809063893016315,-7.788356602801386,-15.822436831783605,131,121,142,20,14,173.31,3.75,1.53,0.07,127.965,24.03227049198639,3.0349999999999966,1.9900000000000002,0.19000000000000006,Buffalo,Bills,BUF,DST,NA,50
DST,115.30936106983654,10.111626970967626,2.47147102526003,108.20812572492517,122.121186386937,-10.119910846953914,-12.07192263081528,-12.322472419511158,132,139,131,21,15,221.67,13.11,3.54,0.87,158.03,27.99166125831048,-26.03,1.2,0.19999999999999996,Miami,Dolphins,MIA,DST,NA,50
DST,112.83789004457651,2.4041630560342653,0.08677563150071421,111.14948443809409,114.4574848752158,-12.591381872213944,-9.130563917646356,-19.986173931232358,137,126,165,22,15,199.25,9.19,4.22,0.67,157.565,26.175370579993704,-20.564999999999998,1.215,0.11499999999999999,Denver,Broncos,DEN,DST,NA,50
DST,112.7511144130758,0.07071067811866076,0.859583952451743,112.70145542464984,112.79874955515342,-12.678157503714658,-7.578592931090611,-21.644909251294735,138,120,171,23,16,277.76,22.32,4.12,0.48,NA,NA,NA,NA,NA,Los Angeles,Rams,LAR,DST,NA,50
DST,111.89153046062405,8.980256121069143,0.9716196136701143,105.58483893052795,117.94119350448251,-13.537741456166401,-14.695209425212497,-16.502465301965643,141,145,148,24,17,247.98,17.53,3.17,0.74,185.44,18.11,-44.44,NA,NA,Green Bay,Packers,GBP,DST,NA,50
DST,110.91991084695394,1.9091883092036799,1.0136701337295904,109.63376201085804,112.26070353445469,-14.509361069836515,-10.646286344882412,-22.182955271993464,143,135,175,25,18,323.05,27.31,1.5,0.01,207.83,NA,-64.83000000000001,NA,NA,Minnesota,Vikings,MIN,DST,NA,50
DST,109.90624071322435,9.121677477306465,0.621396731054972,103.76130738521067,116.3122502201724,-15.523031203566106,-16.518740970529777,-18.131408586275754,145,151,153,26,19,303,28.76,1.82,0.33,NA,NA,NA,NA,NA,Arizona,Cardinals,ARI,DST,NA,50
DST,109.28484398216938,8.55599205235723,0.20950965824664536,103.276106382629,115.04869617356208,-16.144427934621078,-17.003941973111452,-19.394962632886077,149,152,163,27,19,187.77,5.43,1.76,0.29,135.46666666666667,40.808849802735466,13.533333333333331,1.6,0.20000000000000007,New York,Jets,NYJ,DST,NA,50
DST,109.07533432392273,4.737615433949859,0.3268945022288392,105.88377980472184,112.40248654846164,-16.353937592867723,-14.396268551018608,-22.041172257986517,151,143,172,28,19,303.23,23.83,2.72,0.34,NA,NA,NA,NA,NA,Tennessee,Titans,TEN,DST,NA,50
DST,108.74843982169389,9.61665222413705,2.8551263001485836,102.27006049913683,115.50206224762361,-16.680832095096562,-18.009987856603615,-18.941596558824543,154,157,159,29,20,311.29,28.57,2.8,0.65,NA,NA,NA,NA,NA,Atlanta,Falcons,ATL,DST,NA,50
DST,105.89331352154531,0.42426406871193445,0.8047548291233113,105.60750266907957,106.19126745210104,-19.535958395245146,-14.672545686660882,-28.25239135434711,164,144,194,30,21,285.17,21.58,3.07,0.19,209.28,NA,-45.28,NA,NA,Carolina,Panthers,CAR,DST,NA,50
DST,105.088558692422,7.071067811865474,3.2225854383358126,100.32504448465944,110.05445753501736,-20.340713224368457,-19.955003871081004,-24.389201271430792,168,162,181,31,22,326.1,29.11,2.02,0.27,211.36,NA,-43.360000000000014,NA,NA,Chicago,Bears,CHI,DST,NA,50
DST,101.86597325408619,14.849242404917494,0,91.86259341778482,112.29436082353645,-23.56329866270427,-28.417454937955625,-22.149297982911705,180,184,173,32,22,308.33,30.94,1.59,0.61,NA,NA,NA,NA,NA,Las Vegas,Raiders,LVR,DST,NA,50
