"last_name, first_name","player_id","year","player_age","ab","pa","hit","single","double","triple","home_run","strikeout","walk","k_percent","bb_percent","batting_avg","slg_percent","on_base_percent","on_base_plus_slg","isolated_power","babip","b_hit_by_pitch","b_intent_walk","b_sac_fly","xba","xslg","woba","xwoba","xobp","xiso","wobacon","xwobacon","bacon","xbacon","avg_swing_speed","fast_swing_rate","blasts_contact","blasts_swing","squared_up_contact","squared_up_swing","avg_swing_length","swords","exit_velocity_avg","launch_angle_avg","sweet_spot_percent","barrel_batted_rate","hard_hit_percent","avg_best_speed","avg_hyper_speed","whiff_percent","swing_percent"
"Tucker, Kyle",663656,2025,28,160,190,43,23,8,2,10,23,29,12.1,15.3,".269",".531",".379","0.910","0.262",".258","0","3","1",".298",".586",".390",".416",".404",".288",".397",".432",".312",".346","72.3",27.2,17.4,14.3,38.8,32,"7.6",7,"90.8","18.6",37.7,14.5,44.9,"100.554462029","94.834848913",20,45.8
"Hoerner, Nico",663538,2025,28,146,157,41,32,8,1,0,15,8,9.6,5.1,".281",".349",".318","0.667","0.068",".308","1","0","2",".273",".345",".298",".288",".311",".073",".304",".293",".308",".300","68.4",3.5,9.2,8.3,40.6,36.8,"7.2",5,"86.7","11.7",32.3,0.8,29.3,"95.935113939","92.006587045",10.9,48.9
"Mervis, Matt",670223,2025,27,91,104,18,9,2,0,7,40,10,38.5,9.6,".198",".451",".288","0.739","0.253",".244","2","1","1",".163",".330",".319",".263",".261",".167",".484",".372",".346",".292","73.4",34.7,17.7,10.2,30.1,17.3,"8.3",5,"90.8","22.2",30.8,11.5,44.2,"101.538074615","95.262459038",42.7,54.1
"Castro, Willi",650489,2025,28,86,94,19,12,6,0,1,22,5,23.4,5.3,".221",".326",".287","0.613","0.105",".286","3","0","0",".226",".330",".273",".274",".292",".104",".319",".321",".297",".304","71.2",17.4,14.2,10.7,26.1,19.7,"7.1",2,"86","17.2",37.5,6.3,37.5,"99.078679688","93.554823281",25.1,53.5
"Ornelas, Tirso",672359,2025,25,14,16,1,1,0,0,0,2,2,12.5,12.5,".071",".071",".188","0.259","0.000",".083","0","0","0",".176",".387",".143",".293",".279",".211",".075",".275",".083",".206","72.9",34.8,10,8.7,35,30.4,"7.6",1,"90.5","17.7",16.7,8.3,41.7,"99.520206667","94.265940833",14.3,45.2
"Capra, Vinny",681962,2025,28,54,59,4,3,0,0,1,15,2,25.4,3.4,".074",".130",".121","0.251","0.056",".077","1","0","1",".153",".236",".119",".200",".201",".082",".119",".238",".100",".217","68.1",0,7.9,5.8,41.3,30.2,"7.3",2,"85.3","9.4",22,2.4,31.7,"96.1913","92.227543846",26.5,45.4
"Maton, Nick",665155,2025,28,54,63,9,5,2,0,2,19,9,30.2,14.3,".167",".315",".286","0.601","0.148",".212","0","0","0",".137",".261",".277",".243",".260",".124",".319",".258",".257",".211","71.4",10.7,9.1,5.8,34.8,22.3,"6.8",4,"89","28.4",22.9,5.7,37.1,"98.372717222","93.408373143",40.5,46.4
"Campusano, Luis",669134,2025,26,6,10,0,0,0,0,0,1,4,10,40,".000",".000",".400","0.400","0.000",".000","0","0","0",".136",".149",".279",".355",".481",".014",".000",".152",".000",".163","74.1",40,25,20,37.5,30,"8.4",1,"87.8","-12",0,0,40,"97.160826667","93.496496",23.1,25.5
"Triolo, Jared",669707,2025,27,67,75,10,6,3,0,1,9,5,12,6.7,".149",".239",".216","0.455","0.090",".155","1","0","1",".238",".397",".209",".302",".297",".159",".191",".307",".169",".270","72.3",21.2,16.1,13.3,37.6,31,"7.6",1,"89.6","17.7",21.7,5,36.7,"99.191311034","94.016907719",21.2,50.4
"Hays, Austin",669720,2025,29,61,67,20,12,3,0,5,17,6,25.4,9,".328",".623",".388","1.011","0.295",".385","0","1","0",".303",".629",".431",".415",".365",".326",".567",".543",".455",".420","71.8",18.7,18.1,12.1,34.7,23.4,"7.1",5,"91.5","20.4",36.4,18.2,47.7,"101.924673182","95.370356136",36,51.2
"Shaw, Matt",807713,2025,23,58,68,10,8,1,0,1,18,10,26.5,14.7,".172",".241",".294","0.535","0.069",".231","0","0","0",".202",".256",".257",".272",".319",".054",".263",".289",".250",".293","68.2",10.2,6.3,4.5,26.6,19.3,"6.7",5,"82.7","13.2",30,2.5,22.5,"93.7691735","91.188384872",30.8,43
"Anderson, Tim",641313,2025,32,66,71,13,12,1,0,0,21,3,29.6,4.2,".197",".212",".243","0.455","0.015",".289","1","0","0",".193",".240",".212",".217",".240",".046",".267",".275",".289",".284","68.8",0.8,7.8,5.5,31.1,21.9,"7",8,"88.1","-1.4",17.4,0,34.8,"96.818467391","92.556118",32.9,54.4
"Stallings, Jacob",607732,2025,35,61,70,10,7,3,0,0,24,5,34.3,7.1,".164",".213",".261","0.474","0.049",".270","3","0","0",".196",".270",".228",".259",".289",".074",".272",".330",".270",".323","66.9",0,2.3,1.6,28.7,19.7,"7.2",10,"85.9","15.6",44.7,2.6,36.8,"95.42657","91.827719459",36.7,55.5
"Trevino, Jose",624431,2025,32,87,94,27,14,10,0,3,12,5,12.8,5.3,".310",".529",".344","0.873","0.219",".329","0","0","1",".269",".413",".376",".312",".306",".144",".414",".335",".355",".308","69",3.2,18.5,15.9,43.5,37.3,"7.2",3,"88.9","4.9",29.9,6.5,45.5,"100.413084474","94.619145467",15.1,46.9
"Abreu, Wilyer",677800,2025,26,136,158,38,21,7,0,10,31,22,19.6,13.9,".279",".551",".380","0.931","0.272",".295","0","4","0",".285",".605",".397",".411",".385",".320",".462",".484",".362",".369","74.4",42.6,18,15.5,25.3,21.8,"7",9,"91","26.3",32.4,15.2,48.6,"103.399104151","96.08237981",18.5,51.6
"Freeman, Freddie",518692,2025,35,109,126,41,21,10,1,9,20,13,15.9,10.3,".376",".734",".437","1.171","0.358",".386","1","2","2",".327",".641",".486",".437",".399",".314",".564",".497",".446",".394","69.3",8.4,17.7,13.8,45.6,35.5,"7",3,"93","17",42.4,14.1,46.7,"101.585249783","95.52717087",25.4,50.2
"Baldwin, Drake",686948,2025,24,66,72,20,14,3,0,3,13,6,18.1,8.3,".303",".485",".361","0.846","0.182",".340","0","0","0",".278",".484",".372",".355",".338",".207",".426",".403",".377",".346","75.1",50.4,26.6,21.4,40.4,32.5,"7.1",2,"94.1","9.9",34,11.3,66,"103.28584","97.248577547",21.5,45
"Trout, Mike",545361,2025,33,106,121,19,8,1,1,9,36,12,29.8,9.9,".179",".462",".264","0.726","0.283",".159","1","2","2",".248",".577",".307",".373",".326",".328",".400",".509",".264",".368","73.2",30.3,16.1,11.4,31.5,22.4,"7.4",7,"90.5","20.4",44.4,16.7,45.8,"102.465025556","95.69013375",30.1,43.7
"Dunn, Blake",694362,2025,26,60,75,9,6,2,0,1,25,8,33.3,10.7,".150",".233",".320","0.553","0.083",".235","7","0","0",".199",".307",".276",".316",".359",".108",".285",".371",".257",".341","70",6.4,10.1,7.3,27.8,20,"6.2",6,"88.6","-0.3",25.7,8.6,37.1,"99.079548824","93.890402424",33.1,41.8
"Chapman, Matt",656305,2025,32,142,172,32,18,6,0,8,46,30,26.7,17.4,".225",".437",".360","0.797","0.212",".273","0","0","0",".238",".459",".357",".364",".371",".221",".421",".434",".333",".351","75.2",53.1,17.3,13,29.3,22,"7.4",11,"94","22",34.4,11.5,53.1,"103.288186458","96.423104167",27.6,41.5
"Rojas, Josh",668942,2025,31,20,24,4,4,0,0,0,6,4,25,16.7,".200",".200",".333","0.533","0.000",".286","0","0","0",".265",".334",".265",".334",".388",".069",".255",".373",".286",".379","68.8",3.6,12,10.7,44,39.3,"7.4",2,"91.8","11.2",50,0,57.1,"99.56659","94.950210714",13.3,34.1
"Castellanos, Nick",592206,2025,33,153,165,42,28,10,0,4,32,10,19.4,6.1,".275",".418",".321","0.739","0.143",".322","1","0","1",".273",".456",".326",".336",".322",".184",".378",".391",".344",".345","70.9",17.9,14.2,10.3,34.5,25,"7.7",6,"89.8","17.9",45.1,8.2,41,"99.352473607","94.029849752",28.5,55.7
"Vivas, Jorbit",678391,2025,24,19,24,3,2,1,0,0,7,4,29.2,16.7,".158",".211",".304","0.515","0.053",".250","0","0","0",".181",".214",".255",".264",".323",".034",".255",".273",".250",".286","70.6",4.5,3.7,2.3,22.2,13.6,"7.8",0,"82","16.5",33.3,0,25,"92.752768333","90.636391667",39.6,47.5
"Arraez, Luis",650333,2025,28,135,148,39,30,4,2,3,3,8,2,5.4,".289",".415",".329","0.744","0.126",".275","1","0","2",".265",".337",".327",".283",".307",".071",".309",".261",".291",".268","62.7",0.5,2.8,2.7,44.3,42.5,"6",1,"85.4","11.7",40.4,0,18.4,"93.327852273","90.686883206",3.8,50
"Moore, Dylan",664238,2025,32,85,94,24,15,2,0,7,23,7,24.5,7.4,".282",".553",".330","0.883","0.271",".298","0","0","2",".271",".506",".377",".361",".326",".234",".477",".454",".375",".370","72",15.4,15.1,11.5,31.9,24.4,"7.2",5,"86.3","18.2",39.1,14.1,42.2,"99.588574375","93.920552656",25.4,46.8
"Hedges, Austin",595978,2025,32,37,45,5,2,0,0,3,15,7,33.3,15.6,".135",".378",".273","0.651","0.243",".105","0","0","0",".123",".246",".294",".241",".262",".124",".365",".260",".227",".206","72.4",26,8,5.5,22,15.1,"7.6",5,"85.9","29.7",21.7,4.3,30.4,"98.435610909","93.501089091",34.1,47.3
"Bleday, JJ",668709,2025,27,139,160,30,16,9,0,5,34,20,21.3,12.5,".216",".388",".313","0.701","0.172",".248","0","1","1",".209",".333",".311",".289",".310",".123",".341",".308",".283",".279","72.2",20.4,14.3,11.1,35.4,27.4,"7.6",5,"89.6","21.3",29.2,3.8,42.5,"100.125820566","94.257291226",23.8,43.2
"Myers, Dane",667472,2025,29,83,88,28,22,3,0,3,21,5,23.9,5.7,".337",".482",".375","0.857","0.145",".424","0","0","0",".343",".541",".378",".396",".380",".198",".480",".506",".452",".459","70.8",17.6,15.8,11.5,38.9,28.2,"7.2",3,"92.4","9.1",50,11.3,46.8,"101.287059677","95.215370328",25.8,47.7
"Iglesias, Jose",578428,2025,35,92,101,21,17,4,0,0,14,3,13.9,3,".228",".272",".283","0.555","0.044",".269","4","0","0",".232",".273",".256",".256",".287",".041",".260",".260",".269",".274","67",6.2,5.2,4.3,29.9,24.8,"6.6",6,"83","-5",18.8,0,25,"95.088294872","91.65813987",19.3,48.9
"Saggese, Thomas",695336,2025,23,41,44,14,9,4,0,1,11,2,25,4.5,".341",".512",".364","0.876","0.171",".433","0","0","1",".287",".469",".378",".334",".316",".182",".491",".429",".452",".384","70.1",3.8,16.7,11.4,38.9,26.6,"6.9",2,"91.9","13.4",38.7,6.5,48.4,"101.144446875","95.507074839",31.5,54.9
"Goldschmidt, Paul",502671,2025,37,152,167,53,38,11,0,4,29,12,17.4,7.2,".349",".500",".398","0.898","0.151",".408","1","2","1",".293",".504",".390",".361",".348",".211",".454",".416",".427",".361","72.5",24.5,15.7,12.8,33.6,27.4,"7.7",4,"89.4","12.7",41.1,9.7,38.7,"100.347936935","94.420242358",20.8,48.1
"Rengifo, Luis",650859,2025,28,125,133,26,19,6,0,1,23,7,17.3,5.3,".208",".280",".248","0.528","0.072",".245","0","0","1",".249",".342",".238",".278",".288",".093",".259",".312",".252",".304","70.1",9.5,10.3,7.7,35.2,26.4,"7.1",1,"85.7","1.4",27.2,3.9,28.2,"96.634734314","92.36348198",23.3,53.3
"Baker, Luken",663609,2025,28,34,41,8,5,3,0,0,10,7,24.4,17.1,".235",".324",".366","0.690","0.089",".333","0","0","0",".224",".375",".321",".331",".356",".151",".345",".361",".333",".317","76",64.6,22.2,15.4,35.6,24.6,"7.9",0,"94.6","22.1",25,8.3,54.2,"103.404434167","97.450175",32.9,42.9
"Julien, Edouard",666397,2025,26,91,104,18,11,5,0,2,29,11,27.9,10.6,".198",".319",".288","0.607","0.121",".262","1","0","1",".250",".442",".277",".338",".334",".192",".323",".424",".286",".361","70.3",9,11.2,8.4,34.4,25.7,"7",3,"88.7","5.6",39.7,11.1,41.3,"99.636062188","94.384005079",25.5,42.3
"Crawford, J.P.",641487,2025,30,131,157,37,30,4,0,3,28,23,17.8,14.6,".282",".382",".394","0.776","0.100",".340","1","0","0",".281",".435",".355",".368",".393",".155",".370",".390",".359",".358","70.8",17.9,9.7,8,29.2,24,"7.1",1,"88.3","13.1",41,7.6,39,"98.375604902","93.309688235",18.3,43.8
"Pozo, Yohel",650968,2025,28,42,43,14,10,3,0,1,1,1,2.3,2.3,".333",".476",".349","0.825","0.143",".325","0","0","0",".344",".440",".361",".349",".359",".096",".362",".349",".341",".353","69.4",7.4,12.5,11.1,37.5,33.3,"7.6",0,"88.6","17.4",39,0,36.6,"96.948452857","92.583353902",12.2,61.2
"Rafaela, Ceddanne",678882,2025,24,124,137,30,20,6,2,2,24,8,17.5,5.8,".242",".371",".296","0.667","0.129",".283","2","0","1",".285",".509",".296",".363",".338",".224",".326",".415",".297",".352","70.8",13,19.4,14.2,36.6,26.8,"7.4",4,"91.2","10.5",36.9,14.6,47.6,"101.410471176","95.25580297",27.1,61.3
"Schanuel, Nolan",694384,2025,23,128,147,33,24,6,1,2,21,16,14.3,10.9,".258",".367",".342","0.709","0.109",".292","1","2","1",".268",".380",".315",".320",".352",".112",".323",".330",".306",".318","68",6.6,10.7,9.1,41.4,35.5,"6.7",5,"87.9","9.6",42.2,3.7,29.4,"97.125586852","92.631971944",15.1,42.8
"Toglia, Michael",669911,2025,26,137,153,28,16,7,0,5,55,13,35.9,8.5,".204",".365",".275","0.640","0.161",".291","1","2","1",".205",".372",".278",".279",".277",".167",".400",".403",".333",".339","73",22.9,16.6,11.2,28.4,19.3,"7.6",8,"89.5","17.3",29.8,10.7,41.7,"101.228863095","94.970428675",35.2,46.3
"Riley, Austin",663586,2025,28,166,177,47,32,7,0,8,51,9,28.8,5.1,".283",".470",".328","0.798","0.187",".364","2","1","0",".267",".505",".348",".348",".312",".239",".471",".471",".409",".385","75.8",58.8,18.3,13.4,27.4,20.1,"7.5",7,"92.8","17.5",40.9,17.4,52.2,"104.957970172","97.134438522",28.5,51.6
"Gorski, Matt",685301,2025,27,31,31,7,5,0,1,1,12,0,38.7,0,".226",".387",".226","0.613","0.161",".333","0","0","0",".193",".342",".263",".226",".193",".149",".430",".370",".368",".315","75",50.8,9.8,6.3,22,14.3,"8",2,"85.4","4.6",31.6,10.5,26.3,"96.603287","92.528045789",38,53.4
"Schuemann, Max",680474,2025,28,34,36,8,6,0,2,0,6,2,16.7,5.6,".235",".353",".278","0.631","0.118",".286","0","0","0",".229",".307",".277",".257",".272",".078",".307",".281",".286",".278","68.5",1.6,9.8,7.8,35.3,28.1,"6.6",4,"89.8","20.4",28.6,3.6,35.7,"98.844521429","93.694006786",23,53.2
"Berti, Jon",542932,2025,35,66,72,16,14,2,0,0,14,4,19.4,5.6,".242",".273",".306","0.579","0.031",".308","2","0","0",".258",".340",".268",".296",".320",".083",".290",".329",".308",".328","71.3",17.7,13.3,10.4,33.3,26,"7.3",2,"87.8","-0.5",25,3.8,36.5,"99.368563077","93.838491176",23.3,46.2
"Gorman, Nolan",669357,2025,25,70,85,12,6,5,0,1,23,12,27.1,14.1,".171",".286",".282","0.568","0.115",".224","0","1","3",".204",".374",".256",".313",".319",".170",".276",".372",".240",".302","70.5",8.2,10.9,8.2,29.3,22.1,"7.2",6,"86.4","24.8",38,10,38,"98.7446116","93.3875654",27,43.7
"O'Hoppe, Logan",681351,2025,25,121,128,32,22,1,0,9,44,5,34.4,3.9,".264",".496",".297","0.793","0.232",".333","1","0","1",".249",".496",".343",".335",".285",".247",".509",".495",".410",".391","71",13.9,19.7,13,30.3,19.9,"7.5",5,"91","20.5",39.7,17.9,50,"102.215609744","95.347696923",34.8,50.6
"Mastrobuoni, Miles",670156,2025,29,71,82,16,13,3,0,0,11,8,13.4,9.8,".225",".268",".300","0.568","0.043",".262","0","0","1",".293",".397",".263",".334",".361",".104",".253",".347",".262",".342","67.9",3.9,8,6.8,40.9,35,"6.8",0,"89.7","9.2",34.9,1.6,44.4,"98.728738333","93.930535333",13.5,40.8
"Trejo, Alan",676701,2025,29,35,38,7,5,2,0,0,7,1,18.4,2.6,".200",".257",".216","0.473","0.057",".241","0","0","1",".227",".358",".208",".258",".244",".130",".242",".304",".241",".277","65.8",0,9.1,6.8,38.6,28.8,"6.9",1,"88","17.1",20,10,33.3,"96.911844667","92.609574828",24,57.3
"Escarra, J.C.",641555,2025,30,33,40,7,3,3,0,1,6,5,15,12.5,".212",".394",".325","0.719","0.182",".222","1","0","1",".227",".341",".320",".308",".339",".114",".306",".289",".250",".270","73.3",31.3,11.5,9.4,25,20.3,"7.7",3,"87.1","15.3",28.6,3.6,28.6,"97.215451429","92.640623929",20.5,45.1
"Baldwin, Brooks",681460,2025,24,115,125,26,18,5,0,3,35,5,28,4,".226",".348",".260","0.608","0.122",".291","1","0","2",".228",".363",".268",".285",".269",".134",".350",".376",".317",".331","70.8",13.1,13.3,10.1,36,27.1,"6.9",6,"89.7","10.5",33.3,6,39.3,"99.838376","94.13345575",26.2,50
"Albies, Ozzie",645277,2025,28,160,174,34,25,4,0,5,27,13,15.5,7.5,".212",".331",".270","0.601","0.119",".225","0","0","1",".218",".351",".270",".277",".276",".133",".282",".292",".254",".262","67.9",6.3,7.4,6,35.4,28.4,"7.2",7,"86.8","21.4",33.6,4.5,26.9,"96.045980299","92.03128291",21.7,53.2
"Rutschman, Adley",668939,2025,27,133,151,27,18,4,1,4,24,18,15.9,11.9,".203",".338",".298","0.636","0.135",".219","0","0","0",".275",".474",".289",".363",".361",".199",".286",".388",".248",".335","70.4",13.8,13.3,11.7,42.2,37.2,"6.9",4,"89.1","15.5",33.9,9.2,37.6,"99.139823636","93.806017706",13.5,36.8
"Wilson Jr., Jacob",805779,2025,23,155,163,54,42,9,0,3,9,7,5.5,4.3,".348",".465",".377","0.842","0.117",".357","0","0","0",".317",".392",".371",".324",".347",".075",".378",".326",".370",".336","63.2",0.5,2,1.8,45.9,41.3,"6",3,"86.9","7.2",32,2,26.5,"95.957347465","92.054138662",10.1,53.1
"Mangum, Jake",663968,2025,29,68,73,23,19,4,0,0,7,5,9.6,6.8,".338",".397",".384","0.781","0.059",".377","0","0","0",".283",".414",".350",".328",".333",".131",".362",".335",".377",".316","67.4",5.2,10.5,9,31.6,26.9,"6.5",2,"88.2","-3.8",27.9,3.3,41,"98.455462333","93.6288325",16.5,59.4
"Winker, Jesse",608385,2025,31,67,78,16,8,5,2,1,20,9,25.6,11.5,".239",".418",".321","0.739","0.179",".313","0","1","2",".222",".382",".317",".300",".309",".160",".384",".358",".327",".308","71.1",16.1,17.6,14.3,34.1,27.7,"7.4",4,"89.3","20.4",30.6,8.2,44.9,"100.9454628","94.958554694",23,44
"Stott, Bryson",681082,2025,27,141,158,37,27,5,2,3,31,14,19.6,8.9,".262",".390",".331","0.721","0.128",".315","1","0","1",".248",".374",".322",".306",".318",".127",".360",".338",".333",".314","68.6",4.6,6.2,5.1,29.7,24.5,"7.1",7,"86.2","15.4",38.4,5.4,28.6,"96.282296727","92.145126545",18.8,38
"Wagaman, Eric",676572,2025,27,130,139,31,19,8,1,3,23,9,16.5,6.5,".238",".385",".288","0.673","0.147",".269","0","0","0",".274",".457",".297",".336",".321",".183",".327",".378",".290",".333","72.6",28.8,19.3,14.9,41,31.7,"7.1",10,"91.3","8.6",34.6,7.5,44.9,"101.255718148","94.965415421",26.4,46.5
"Bailey, Patrick",672275,2025,26,105,114,19,12,6,1,0,37,6,32.5,5.3,".181",".257",".219","0.476","0.076",".268","0","0","3",".179",".304",".212",".229",".220",".124",".281",".309",".268",".268","71.4",10.9,10.5,6.8,33.1,21.4,"7.3",1,"87.5","20.9",36.6,5.6,33.8,"98.079527714","93.101773857",36.5,50.7
"Winn, Masyn",691026,2025,23,103,118,26,17,6,0,3,30,12,25.4,10.2,".252",".398",".339","0.737","0.146",".324","2","0","1",".235",".351",".330",".303",".324",".116",".393",".350",".351",".327","70.8",16.1,12.9,9.8,29.3,22.3,"7.5",2,"88.3","19.8",32.4,8.1,36.5,"99.839015278","94.140340986",23.8,41
"Domínguez, Jasson",691176,2025,22,116,134,29,16,8,0,5,41,16,30.6,11.9,".250",".448",".343","0.791","0.198",".338","1","0","1",".236",".404",".349",".324",".332",".167",".459",".415",".382",".361","72.8",27.9,17.4,12.2,29.8,21,"7.8",5,"89.8","16.3",30.3,9.2,53.9,"102.151336316","95.633208816",31.9,49.4
"Aranda, Jonathan",666018,2025,27,114,133,39,25,9,0,5,30,15,22.6,11.3,".342",".553",".429","0.982","0.211",".425","3","0","1",".313",".577",".428",".421",".405",".265",".520",".511",".459",".423","70.1",13.4,17.2,12.5,34.4,25,"7.4",5,"94.2","12.5",43.5,12.9,60,"103.692706905","97.203510119",26.8,44.8
"Wilson, Will",669717,2025,26,22,25,4,4,0,0,0,8,2,32,8,".182",".182",".280","0.462","0.000",".286","1","0","0",".187",".254",".228",".253",".284",".067",".255",".300",".286",".294","72",11.3,6.3,3.8,18.8,11.3,"7.2",1,"87.2","12.7",28.6,0,42.9,"98.082131429","93.1299",39.3,58.7
"Gasper, Mickey",681508,2025,29,34,39,6,5,1,0,0,9,4,23.1,10.3,".176",".206",".282","0.488","0.030",".240","1","0","0",".149",".208",".238",".225",".258",".059",".230",".209",".240",".203","70.1",10.7,6.8,5.4,36.4,28.6,"6.6",2,"88.2","12.9",20,0,28,"97.637128462","93.3791348",21.9,39.3
"Wells, Austin",669224,2025,25,117,134,25,11,6,1,7,26,10,19.4,7.5,".214",".462",".284","0.746","0.248",".205","2","0","4",".226",".451",".320",".322",".299",".225",".354",".357",".263",".285","73.4",33.6,17.7,13.4,31.5,23.9,"7.6",5,"90.6","21.4",30.5,12.6,46.3,"101.667846383","95.256088404",25.7,49.7
"Moniak, Mickey",666160,2025,27,110,120,25,14,4,4,3,25,8,20.8,6.7,".227",".418",".283","0.701","0.191",".265","1","1","1",".262",".445",".302",".326",".316",".182",".352",".385",".291",".336","73.3",30.2,18.2,13.4,39.4,29.1,"7.6",7,"89.5","16.7",37.2,7,45.3,"100.605286279","94.816355116",29.9,51.5
"Dubón, Mauricio",643289,2025,30,55,59,12,10,2,0,0,4,3,6.8,5.1,".218",".255",".259","0.514","0.037",".235","0","0","0",".265",".313",".234",".276",".303",".048",".225",".272",".235",".286","69.1",8.1,5.3,4.7,29.3,25.6,"7.4",3,"81.6","11.8",30.8,0,17.3,"92.4580872","90.712833469",14.7,54.3
"Tatis Jr., Fernando",665487,2025,26,147,165,47,32,5,1,9,28,16,17,9.7,".320",".551",".388","0.939","0.231",".342","1","1","1",".315",".598",".406",".421",".387",".283",".461",".482",".392",".391","73.2",34.7,24.7,18.7,38.4,29,"7.1",7,"94","4.3",27.5,14.2,55.8,"104.411661186","97.341652542",27.5,49
"Walker, Christian",572233,2025,34,142,159,32,20,7,1,4,43,12,27,7.5,".225",".373",".302","0.675","0.148",".292","3","0","0",".234",".393",".302",".310",".310",".159",".367",".380",".320",".333","73.7",35.7,14.3,10.8,28.1,21.3,"7.4",12,"90.1","13.2",32,10,46,"102.1643778","95.5604949",27.2,49.8
"Seager, Corey",608369,2025,31,100,107,30,20,4,0,6,18,7,16.8,6.5,".300",".520",".346","0.866","0.220",".316","0","1","0",".328",".640",".374",".425",".372",".312",".432",".498",".366",".400","72.9",25.1,20.8,15.7,36.1,27.2,"6.8",5,"93.3","12.1",32.9,15.9,50,"104.43044561","96.746103537",26,54
"Goodman, Hunter",696100,2025,25,139,153,40,25,8,1,6,33,10,21.6,6.5,".288",".489",".346","0.835","0.201",".337","3","0","1",".236",".410",".365",".310",".300",".174",".436",".358",".374",".307","74.2",39.2,16.7,11.7,32.8,23.1,"7.2",7,"90.5","17.2",25.2,8.4,48.6,"102.173052264","95.534385094",32,55.7
"Carlson, Dylan",666185,2025,26,15,17,0,0,0,0,0,8,1,47.1,5.9,".000",".000",".059","0.059","0.000",".000","0","0","1",".108",".122",".041",".131",".154",".014",".000",".192",".000",".203","69.2",3.6,0,0,22.2,14.3,"6.9",1,"84.8","-0.5",0,0,12.5,"93.58043","91.188817143",34.4,45.7
"Barrosa, Jorge",678489,2025,24,15,16,3,1,2,0,0,5,0,31.3,0,".200",".333",".188","0.521","0.133",".273","0","0","1",".223",".279",".215",".213",".217",".056",".313",".310",".273",".316","68",6.3,4.5,3.1,31.8,21.9,"8",2,"88.6","18",36.4,0,27.3,"95.286828","91.78054",28.9,52.8
"Kreidler, Ryan",668952,2025,27,38,44,4,4,0,0,0,19,4,43.2,9.1,".105",".105",".190","0.295","0.000",".211","0","0","0",".187",".261",".152",".242",".264",".074",".188",".388",".211",".373","71",12.7,10.4,6.3,27.1,16.5,"7.8",3,"89.6","16.5",38.1,4.8,28.6,"98.99076","93.991411579",41.8,50.8
"Narváez, Omar",553882,2025,33,7,10,2,2,0,0,0,1,2,10,20,".286",".286",".400","0.686","0.000",".286","0","0","1",".234",".292",".319",".310",".373",".059",".255",".244",".286",".247","66.7",0,0,0,26.7,23.5,"7",1,"87.2","12.4",28.6,0,14.3,"94.2214","91.555085714",15.8,44.2
"Díaz, Yandy",650490,2025,33,160,175,38,24,8,0,6,24,12,13.7,6.9,".237",".400",".291","0.691","0.163",".242","1","0","2",".285",".458",".304",".347",".339",".174",".320",".374",".275",".335","73.7",38.4,25.9,21.7,38.4,32.2,"7.7",3,"93.5","5.1",26.1,8.7,54.3,"105.457203333","97.599918261",16.6,45.2
"Herrera, Jose",645444,2025,28,44,52,9,5,3,0,1,13,5,25,9.6,".205",".341",".286","0.627","0.136",".267","0","0","0",".149",".207",".283",".208",".236",".058",".334",".217",".290",".211","66.3",1.3,3.2,2.7,29,24,"7.1",2,"78.1","24.8",35.3,0,11.8,"90.47773125","89.828588065",18.8,37.4
"Alonso, Pete",624413,2025,30,150,182,48,23,15,1,9,35,26,19.2,14.3,".320",".613",".434","1.047","0.293",".364","5","1","1",".308",".637",".448",".445",".424",".329",".517",".513",".414",".398","76.3",62.7,22.3,17.5,31.4,24.7,"7.1",2,"94.9","12.6",37.1,19,57.8,"106.411955345","98.627979483",22.2,43.5
"Santander, Anthony",623993,2025,30,143,160,28,18,5,0,5,36,16,22.5,10,".196",".336",".275","0.611","0.140",".223","0","0","1",".224",".367",".275",".298",".304",".143",".304",".339",".259",".303","72",20.8,15.5,12.2,32,25.1,"7.2",3,"90.7","16.2",29.6,4.6,43.5,"100.491249074","94.536352315",23.1,48.9
"Muncy, Max",691777,2025,22,68,71,12,7,4,0,1,21,3,29.6,4.2,".176",".279",".211","0.490","0.103",".239","0","0","0",".218",".314",".219",".248",".251",".095",".286",".331",".255",".316","72.3",26.3,10.3,7,25.6,17.5,"7.1",6,"87.2","12.2",38.3,4.3,25.5,"98.141415217","93.104781087",33.8,48.5
"Melendez Jr., MJ",669004,2025,26,47,52,4,2,1,0,1,20,3,38.5,5.8,".085",".170",".173","0.343","0.085",".115","2","0","0",".139",".275",".167",".225",".222",".136",".190",".301",".148",".242","72.4",18.6,9.4,5.8,30.2,18.6,"7.6",5,"90.1","23.6",29.6,11.1,44.4,"99.279297857","94.288575185",42.7,45.6
"Bogaerts, Xander",593428,2025,32,135,157,33,22,9,0,2,33,18,21,11.5,".244",".356",".331","0.687","0.112",".301","1","2","3",".237",".334",".304",".295",".330",".096",".336",".323",".314",".312","72.4",24.1,15.1,12.3,33.7,27.4,"7.4",2,"89.3","12.5",36.2,2.9,38.1,"99.691296346","93.999931262",21.5,40.6
"Marchán, Rafael",665561,2025,26,23,28,2,2,0,0,0,4,5,14.3,17.9,".087",".087",".250","0.337","0.000",".105","0","0","0",".210",".240",".189",".285",".351",".030",".094",".236",".105",".254","66.5",0,6.9,5.7,37.9,31.4,"7.4",1,"85","7.5",15.8,0,21.1,"93.006533","91.326341053",19.5,38.3
"Hurtubise, Jacob",674441,2025,27,12,15,1,1,0,0,0,6,1,40,6.7,".083",".083",".267","0.350","0.000",".167","2","0","0",".153",".177",".204",".260",".323",".024",".149",".289",".167",".307","66.4",0,5.6,4.3,27.8,21.7,"7",1,"89.3","5",16.7,0,16.7,"94.89156","92.071823333",25.9,43.5
"Jung, Josh",673962,2025,27,117,123,31,20,6,1,4,26,6,21.1,4.9,".265",".436",".301","0.737","0.171",".310","0","0","0",".256",".481",".322",".330",".293",".225",".390",".402",".341",".331","70.8",6,16.1,12.6,33.6,26.2,"7",5,"87.9","12.8",40.7,13.2,37.4,"99.921274","94.152885618",23.7,48.8
"Workman, Gage",669398,2025,25,16,17,3,2,1,0,0,7,1,41.2,5.9,".188",".250",".235","0.485","0.062",".333","0","0","0",".260",".462",".221",".331",".303",".202",".340",".548",".333",".462","71.8",15.4,10,3.8,60,23.1,"7.5",1,"89.8","18.9",44.4,11.1,33.3,"96.66793","92.835233333",54.8,59.6
"Lowe, Nathaniel",663993,2025,29,153,171,37,23,7,0,7,48,17,28.1,9.9,".242",".425",".322","0.747","0.183",".306","1","0","0",".253",".417",".331",".330",".332",".164",".419",".419",".352",".371","71.9",22.2,14.3,11.5,26.1,20.8,"7.2",10,"89.6","11.6",34.3,8.6,43.8,"101.548058462","95.317644175",23.3,43.8
"Sánchez, Gary",596142,2025,32,30,35,3,3,0,0,0,12,1,34.3,2.9,".100",".100",".200","0.300","0.000",".158","3","0","1",".204",".260",".159",".255",".289",".056",".141",".317",".158",".322","73.2",39.6,24.3,17,29.7,20.8,"7.6",1,"91.8","21.5",15.8,0,57.9,"102.855583","96.604641579",28.4,43.8
"Naylor, Josh",647304,2025,28,150,172,44,30,10,0,4,22,18,12.8,10.5,".293",".440",".368","0.808","0.147",".317","1","1","2",".274",".432",".356",".344",".354",".159",".368",".353",".338",".320","70.3",13.7,21.1,17.5,40.2,33.3,"7.4",8,"90","9",26.9,6.9,44.6,"101.788444615","95.216248615",18.7,48.6
"Schmitt, Casey",669477,2025,26,23,24,4,2,2,0,0,9,0,37.5,0,".174",".261",".208","0.469","0.087",".286","1","0","0",".278",".462",".211",".331",".308",".184",".310",".515",".286",".457","73.5",38.6,13.3,9.1,16.7,11.4,"7.7",1,"91.9","11.4",42.9,21.4,50,"105.142957143","96.619016429",32.7,64.2
"Robles, Victor",645302,2025,28,44,46,12,9,3,0,0,7,0,15.2,0,".273",".341",".283","0.624","0.068",".316","1","0","1",".204",".281",".274",".216",".218",".076",".312",".243",".316",".237","66.9",0,4.9,3.9,31.1,24.7,"6.6",1,"85.1","5.3",26.3,5.3,18.4,"94.358387368","91.349130263",22.1,60.5
"Bell, Josh",605137,2025,32,119,133,16,9,1,1,5,31,13,23.3,9.8,".134",".286",".226","0.512","0.152",".133","1","0","0",".205",".354",".234",".288",".290",".149",".242",".325",".182",".279","71.9",22.1,12.9,9.3,30.1,21.7,"8.1",2,"87.6","10.5",26.1,8,38.6,"99.806524651","94.038687765",29.4,47.6
"Ramírez, Agustín",682663,2025,23,65,69,17,5,8,0,4,13,4,18.8,5.8,".262",".569",".304","0.873","0.307",".271","0","0","0",".280",".520",".373",".359",".322",".240",".442",".422",".327",".350","74.8",56.3,20.2,16.1,30.3,24.1,"7.6",2,"91.8","5.3",34.6,13.5,53.8,"105.580467692","97.365670577",20.8,53.9
"Rice, Ben",700250,2025,26,123,144,32,13,9,1,9,34,15,23.6,10.4,".260",".569",".368","0.937","0.309",".287","4","0","0",".283",".579",".405",".413",".388",".297",".488",".502",".360",".391","74.3",43.8,22.1,16.7,37,28.1,"7.5",6,"93.6","12.1",34.8,20.2,57.3,"104.690646444","97.60911191",26.9,42.4
"McMahon, Ryan",641857,2025,30,133,160,28,16,5,1,6,49,25,30.6,15.6,".211",".398",".338","0.736","0.187",".278","1","0","1",".227",".458",".331",".356",".354",".230",".409",".455",".329",".360","74.3",43.5,17.2,11.8,32.3,22.1,"7.5",11,"94.6","17",29.4,14.1,51.8,"102.99091122","96.661960366",33,44.1
"Moreno, Gabriel",672515,2025,25,100,111,24,20,3,0,1,20,10,18,9,".240",".300",".315","0.615","0.060",".291","1","0","0",".289",".418",".284",".342",".360",".129",".297",".379",".300",".361","70.5",12,14,11.5,39.5,32.5,"6.8",3,"92.2","11.1",38.8,2.5,47.5,"99.5761705","94.57952225",19.6,45.6
"Duran, Ezequiel",677649,2025,26,20,22,3,2,1,0,0,6,0,27.3,0,".150",".200",".182","0.382","0.050",".200","1","0","1",".191",".342",".172",".259",".240",".152",".204",".332",".200",".285","72.2",17,9.1,6.4,18.2,12.8,"7.4",1,"79.9","10.9",33.3,6.7,26.7,"92.82103125","91.519108",31.5,65.1
"Kjerstad, Heston",677008,2025,26,97,103,20,14,3,0,3,31,2,30.1,1.9,".206",".330",".243","0.573","0.124",".266","3","0","1",".241",".451",".254",".312",".276",".210",".337",".426",".299",".350","69.9",8.5,16,11.1,32.8,22.8,"7",1,"89.8","17.8",37.3,10.4,47.8,"101.039378235","94.978963582",30.4,55.8
"Schwarber, Kyle",656941,2025,32,145,178,39,21,3,1,14,37,29,20.8,16.3,".269",".593",".404","0.997","0.324",".266","4","2","0",".282",".625",".427",".436",".415",".343",".494",".509",".361",".378","76.5",72,24.7,18.4,36.1,26.8,"7.5",10,"94.1","17.9",32.4,14.8,58.3,"104.414971296","97.243289907",29,38.5
"De La Cruz, Elly",682829,2025,23,164,184,40,29,5,0,6,54,17,29.3,9.2,".244",".384",".321","0.705","0.140",".324","2","2","1",".232",".407",".312",".312",".312",".174",".403",".405",".360",".347","75.2",52.5,22.2,15.2,34.4,23.6,"7.2",7,"90.4","3.5",28.8,12.6,45,"102.862778","95.853149636",31.6,41.1
"Maile, Luke",571912,2025,34,8,10,3,2,0,0,1,1,2,10,20,".375",".750",".500","1.250","0.375",".333","0","0","0",".431",".872",".527",".581",".557",".441",".553",".638",".429",".502","67",0,10,8.3,60,50,"6.3",1,"96.3","15.1",42.9,14.3,42.9,"100.076003333","96.324201667",20,34.9
"Arias, Gabriel",672356,2025,25,125,138,33,22,7,0,4,35,9,25.4,6.5,".264",".416",".319","0.735","0.152",".330","2","0","2",".239",".412",".324",".314",".301",".173",".401",".387",".359",".331","75.3",52.2,16.3,10.4,30,19.3,"7.6",8,"88.5","3.5",30.4,9.8,40.2,"100.722243261","94.534383956",38.2,56.9
"Bellinger, Cody",641355,2025,29,131,150,29,19,4,1,5,29,15,19.3,10,".221",".382",".293","0.675","0.161",".238","0","0","4",".230",".414",".297",".318",".310",".184",".322",".352",".274",".296","70.3",9.6,12.3,9.6,30.9,24.1,"7.8",4,"89.7","20.3",34.9,10.4,41.5,"99.825060755","94.189935143",21.9,46.8
"Mayo, Coby",691723,2025,23,12,13,1,1,0,0,0,6,1,46.2,7.7,".083",".083",".154","0.237","0.000",".167","0","0","0",".125",".152",".123",".165",".192",".028",".149",".241",".167",".249","74.6",50,15.4,9.1,15.4,9.1,"7.2",0,"90.7","28.8",16.7,0,33.3,"102.855783333","95.427891667",40,50
"Quero, Edgar",700337,2025,22,62,72,17,14,3,0,0,11,8,15.3,11.1,".274",".323",".375","0.698","0.049",".333","2","0","0",".280",".374",".325",".340",".380",".094",".320",".342",".333",".341","66.8",1.7,13,10.9,39,32.8,"6.6",2,"90.6","6.3",33.3,0,43.1,"99.815612308","94.506562549",15.6,45.6
"Yastrzemski, Mike",573262,2025,34,127,147,35,23,7,0,5,29,19,19.7,12.9,".276",".449",".374","0.823","0.173",".323","1","1","0",".267",".444",".364",".355",".368",".177",".407",".393",".357",".347","70.2",5.4,14.6,12.2,32.4,27.1,"7.4",3,"90.2","17.9",37.8,9.2,41.8,"99.876027083","94.268404063",16.7,44.5
"Suárez, Eugenio",553993,2025,33,146,167,30,11,7,0,12,45,16,26.9,9.6,".205",".500",".299","0.799","0.295",".200","4","1","1",".235",".551",".344",".377",".329",".317",".429",".481",".294",".343","72.7",28.8,16.8,12.3,34.6,25.3,"7.9",18,"92.6","22.4",36.3,17.6,55.9,"102.942766275","96.414193824",29.2,47.8
"Ramírez, José",608070,2025,32,140,159,40,26,8,0,6,19,13,11.9,8.2,".286",".471",".346","0.817","0.185",".286","2","2","4",".297",".444",".351",".347",".360",".147",".367",".363",".320",".338","70.7",15.9,13.5,11.1,35.7,29.4,"7.2",5,"88","19.9",38.4,8,36,"98.469436349","93.32314624",18,47.3
"Palacios, Joshua",641943,2025,29,65,77,13,11,1,0,1,20,9,26,11.7,".200",".262",".325","0.587","0.062",".273","3","0","0",".222",".343",".281",".315",".345",".121",".293",".352",".289",".323","71.9",21,16.5,11.3,27.1,18.5,"7.2",6,"88.1","2.9",31.1,6.7,42.2,"101.556448095","94.892475714",32.6,50
"Arcia, Orlando",606115,2025,30,31,32,6,5,1,0,0,8,1,25,3.1,".194",".226",".219","0.445","0.032",".261","0","0","0",".214",".241",".201",".215",".238",".028",".250",".269",".261",".288","68.7",5.9,7,5.9,25.6,21.6,"7.7",3,"87.9","-0.9",8.7,0,26.1,"97.52742","92.76371",17.7,55.4
"Waters, Drew",671221,2025,26,92,98,25,18,4,2,1,24,5,24.5,5.1,".272",".391",".316","0.707","0.119",".358","1","0","0",".256",".337",".313",".283",".302",".082",".390",".347",".368",".347","70.9",14.3,9.3,6.3,28.8,19.4,"6.6",9,"85.8","8.1",39.7,2.9,29.4,"97.255881176","92.697014328",33.5,59
"Volpe, Anthony",683011,2025,24,144,165,34,18,11,0,5,43,17,26.1,10.3,".236",".417",".321","0.738","0.181",".296","2","0","2",".252",".433",".326",".339",".338",".181",".393",".414",".330",".356","72.1",22.7,20.6,15.2,38.1,28.1,"7.1",6,"91.6","12.5",34,9.7,48.5,"102.038265577","95.85382301",28.2,42.4
"Smith, Pavin",656976,2025,29,99,123,31,17,10,0,4,36,24,29.3,19.5,".313",".535",".447","0.982","0.222",".458","0","0","0",".227",".430",".431",".360",".378",".203",".575",".436",".492",".357","72.2",24.1,15.5,10.5,37.3,25.3,"7.4",9,"90","8.5",33.3,15.9,41.3,"99.3783975","94.028767143",34.6,34.7
"Marsh, Brandon",669016,2025,27,57,67,11,7,3,0,1,19,8,28.4,11.9,".193",".298",".288","0.586","0.105",".263","0","0","1",".224",".341",".269",".295",".316",".117",".312",".356",".282",".329","71.1",13.8,13.3,10.1,31.3,23.9,"7.1",1,"91.2","9.4",25,5,47.5,"99.8754875","94.797997949",22,47.4
"Thaiss, Matt",642136,2025,30,67,87,15,10,4,0,1,15,18,17.2,20.7,".224",".328",".391","0.719","0.104",".269","1","0","1",".202",".288",".338",".317",".376",".087",".304",".269",".283",".257","72.2",18.6,12.1,9.3,25.2,19.3,"7.5",3,"87.1","16.4",24.5,1.9,39.6,"99.519440385","93.87735902",24.4,46.4
"Davis, Henry",680779,2025,25,31,34,4,3,0,0,1,5,2,14.7,5.9,".129",".226",".206","0.432","0.097",".120","1","0","0",".238",".350",".203",".294",".305",".112",".183",".303",".154",".284","74.6",45.9,6,4.9,10,8.2,"7.4",0,"76.8","29.5",26.9,3.8,15.4,"90.883688462","90.223643077",17.9,50.8
"Sanoja, Javier",691594,2025,22,80,87,21,16,4,0,1,17,5,19.5,5.7,".263",".350",".302","0.652","0.087",".317","0","0","1",".254",".345",".290",".281",".295",".091",".336",".324",".328",".319","66.2",0,11,9.7,41.3,36.3,"7.2",3,"88.1","10.8",35.4,3.1,30.8,"97.273500323","92.885139016",14.4,43.8
"Wynns, Austin",642851,2025,34,37,40,15,10,2,0,3,11,3,27.5,7.5,".405",".703",".450","1.153","0.298",".522","0","0","0",".304",".606",".496",".408",".356",".302",".682",".547",".577",".433","71.1",19,21.3,15.9,36.2,27,"7.5",1,"91.3","17.4",38.5,15.4,50,"103.000989231","96.060913462",27,43.8
"Cowser, Colton",681297,2025,25,16,18,2,1,0,0,1,6,1,33.3,5.6,".125",".313",".222","0.535","0.188",".111","1","0","0",".221",".428",".245",".323",".307",".207",".297",".438",".200",".353","73.6",31,31.3,17.2,37.5,20.7,"7.5",0,"93.7","20.3",30,10,60,"104.421044","96.950323",44.1,40
"Marte, Ketel",606466,2025,31,53,64,15,8,4,0,3,8,11,12.5,17.2,".283",".528",".406","0.934","0.245",".286","0","2","0",".306",".524",".400",".403",".426",".218",".411",".415",".333",".361","75.5",54.7,23.7,18.9,34.2,27.4,"8",4,"92.2","5.7",20,11.1,51.1,"104.646663478","97.208523778",22.4,44.6
"Outman, James",681546,2025,28,15,17,1,0,0,0,1,10,2,58.8,11.8,".067",".267",".176","0.443","0.200",".000","0","0","0",".137",".510",".205",".315",".239",".373",".416",".792",".200",".412","74.1",46.2,18.2,7.7,18.2,7.7,"8.1",1,"87","8.5",40,40,40,"100.33453","95.84224",62.1,43.3
"Chourio, Jackson",694192,2025,21,173,178,45,24,13,1,7,37,3,20.8,1.7,".260",".468",".275","0.743","0.208",".292","1","0","1",".248",".419",".320",".292",".264",".171",".395",".359",".328",".313","73.8",42,16.5,13.1,32.7,25.8,"7.7",6,"88.1","9.1",29.9,8.8,43.8,"101.125640588","94.857754338",23.2,58.1
"Freeman, Tyler",671289,2025,26,11,16,1,1,0,0,0,3,2,18.8,12.5,".091",".091",".313","0.404","0.000",".111","2","0","1",".162",".190",".234",".293",".367",".028",".099",".203",".111",".208","71.5",30.8,8.7,7.7,26.1,23.1,"6.9",0,"96","3.1",22.2,0,44.4,"102.349742","96.73565",12.1,47.1
"Larnach, Trevor",663616,2025,28,147,166,36,26,4,0,6,34,16,20.5,9.6,".245",".395",".321","0.716","0.150",".278","1","1","1",".264",".422",".317",".331",".338",".158",".358",".377",".316",".341","71.8",20.2,16.8,12.6,36.5,27.5,"7.4",7,"90.1","8.4",30.7,7.9,43.9,"101.350431228","95.176053947",27.4,43.7
"Wade, Tyler",642180,2025,30,55,66,15,13,1,1,0,18,9,27.3,13.6,".273",".327",".375","0.702","0.054",".405","0","0","0",".202",".246",".325",".266",".314",".044",".392",".290",".405",".300","64.7",1.1,1.4,1.1,21.7,16.3,"6.7",3,"80.4","8.7",38.5,0,12.8,"90.753449444","90.021169429",28,44.2
"Díaz, Elias",553869,2025,34,76,86,20,14,3,0,3,16,9,18.6,10.5,".263",".421",".341","0.762","0.158",".298","0","0","0",".217",".299",".340",".272",".300",".082",".376",".280",".333",".274","72.2",20.9,12.5,9.3,34.4,25.6,"6.9",4,"87.3","15",27.9,3.3,39.3,"98.620633","93.394219167",27.7,47.7
"Robert Jr., Luis",673357,2025,27,129,152,24,16,3,0,5,47,20,30.9,13.2,".186",".326",".293","0.619","0.140",".244","0","1","1",".236",".407",".281",".326",".337",".171",".344",".427",".289",".369","75.3",56.3,14.1,10.3,22,16.1,"7.8",8,"89.3","18.3",30.1,12,42.2,"102.250675854","95.329024512",31.6,49.6
"Heineman, Tyler",623168,2025,34,39,41,15,11,3,0,1,7,1,17.1,2.4,".385",".538",".390","0.928","0.153",".438","0","0","1",".266",".391",".401",".289",".280",".126",".477",".338",".455",".317","66.2",0,13,10.6,37,30.3,"7",4,"86","18",36.4,6.1,27.3,"97.318056875","92.659028438",24.4,60.9
"Farmer, Kyle",571657,2025,34,108,114,26,16,10,0,0,25,5,21.9,4.4,".241",".333",".272","0.605","0.092",".310","0","0","1",".219",".298",".268",".251",".258",".079",".322",".300",".310",".290","65.5",1.2,8.1,6.7,37.5,30.9,"6.7",4,"86","13.9",36.9,2.4,29.8,"97.008222619","92.646300482",19.2,47.8
"Arozarena, Randy",668227,2025,30,131,162,31,17,9,0,5,43,26,26.5,16,".237",".420",".383","0.803","0.183",".313","5","0","0",".248",".456",".363",".376",".392",".208",".421",".444",".352",".369","72.3",30.2,19.9,13.9,34.7,24.2,"7.5",6,"91.8","14.2",30.7,10.2,50,"103.465310455","96.289926364",31.8,40.3
"Slater, Austin",596103,2025,32,20,20,5,2,2,0,1,5,0,25,0,".250",".500",".250","0.750","0.250",".286","0","0","0",".297",".588",".321",".372",".297",".291",".428",".496",".333",".396","71.2",10.3,40.9,31,54.5,41.4,"7.1",1,"93.4","6.3",40,20,66.7,"103.12135625","97.745486667",27.3,45.8
"Fortes, Nick",663743,2025,28,31,34,8,5,2,1,0,6,1,17.6,2.9,".258",".387",".303","0.690","0.129",".320","1","0","0",".263",".427",".305",".320",".308",".163",".345",".366",".320",".327","72.3",23.1,14,11.5,32.6,26.9,"7.2",3,"89.5","11.3",38.5,7.7,50,"100.530180769","94.7409912",22.6,53.4
"Valdez, Enmanuel",665839,2025,26,91,102,19,11,4,2,2,16,11,15.7,10.8,".209",".363",".294","0.657","0.154",".233","0","0","0",".264",".433",".294",".340",".344",".169",".298",".359",".253",".321","70.4",7,17.2,14,38.8,31.5,"7.4",0,"89.8","15.7",37.3,8,42.7,"100.139290263","94.238050933",21.5,43.8
"Siani, Michael",672279,2025,25,16,17,4,4,0,0,0,6,1,35.3,5.9,".250",".250",".294","0.544","0.000",".400","0","0","0",".307",".337",".251",".310",".350",".030",".358",".473",".400",".511","68.9",8.3,5.9,4.2,17.6,12.5,"7.1",0,"79.8","18",30,0,20,"90.027405","91.30917125",28.6,49.1
"McKinstry, Zach",656716,2025,30,124,147,34,24,6,3,1,41,20,27.9,13.6,".274",".395",".370","0.765","0.121",".393","0","1","2",".238",".336",".340",".308",".342",".098",".424",".369",".400",".353","66.7",0.8,8.2,6.1,32.1,24.1,"6.7",3,"87.3","9.9",45.3,7,36,"97.614283721","92.930135294",26.5,44.6
"Smith, Cam",701358,2025,22,92,105,20,14,2,1,3,32,11,30.5,10.5,".217",".359",".314","0.673","0.142",".298","2","0","0",".246",".370",".305",".318",".339",".124",".382",".405",".333",".377","75.5",59.6,14.2,9.9,23.9,16.8,"7.5",5,"86","6.6",35,6.7,38.3,"100.181908333","94.0912915",31.5,42.3
"Lukes, Nathan",664770,2025,30,61,74,17,13,2,0,2,12,9,16.2,12.2,".279",".410",".384","0.794","0.131",".313","2","0","1",".317",".437",".357",".378",".416",".120",".367",".396",".340",".387","66.9",8.1,10.8,9,32.3,27,"6.4",2,"86.3","15.7",41.2,5.9,31.4,"97.4132552","92.70948",16.5,44.9
"Fitzgerald, Tyler",666149,2025,27,81,90,23,16,4,1,2,20,6,22.2,6.7,".284",".432",".341","0.773","0.148",".356","1","0","0",".212",".301",".342",".260",".275",".088",".413",".294",".377",".282","69.2",2.6,8.6,6,30.5,21.2,"7.3",3,"83.9","16.9",27,4.8,25.4,"96.018074667","92.126462542",29.1,54.2
"Ruiz, Keibert",660688,2025,26,130,140,38,31,5,0,2,15,8,10.7,5.7,".292",".377",".343","0.720","0.085",".319","2","0","0",".293",".371",".323",".317",".344",".078",".333",".325",".330",".332","65.8",0.5,9.1,7.8,45.7,39.2,"7",2,"86.2","8.2",30.4,1.7,33,"96.728707241","92.402647217",15.3,51.8
"Semien, Marcus",543760,2025,34,145,164,26,22,1,0,3,34,17,20.7,10.4,".179",".248",".262","0.510","0.069",".209","0","0","2",".241",".387",".238",".315",".322",".147",".241",".353",".230",".316","68.5",5.3,11.6,8.9,34.4,26.3,"7.8",6,"88.6","17.5",33.6,8,35.4,"98.364886786","93.264468571",24.7,49.8
"Crim, Blaine",688760,2025,28,11,13,0,0,0,0,0,6,1,46.2,7.7,".000",".000",".154","0.154","0.000",".000","1","0","0",".043",".054",".110",".145",".191",".011",".000",".092",".000",".096","75.2",57.9,0,0,9.1,5.3,"7.3",1,"85.8","14.2",20,0,20,"91.015163333","90.35824",45.5,44
"Vaughn, Andrew",683734,2025,27,152,160,29,18,6,0,5,39,7,24.4,4.4,".191",".329",".225","0.554","0.138",".220","0","0","1",".250",".474",".244",".325",".284",".224",".299",".414",".254",".337","69.8",8.3,15.5,12.2,37.3,29.5,"7.4",6,"92.1","15.8",34.2,15.8,50,"102.055714211","95.626414123",23.5,50.2
"Witt Jr., Bobby",677951,2025,25,162,184,51,29,17,0,5,33,17,17.9,9.2,".315",".512",".386","0.898","0.197",".365","3","4","2",".308",".502",".385",".383",".385",".193",".442",".441",".389",".389","74.1",45.2,16.4,12.8,30.3,23.6,"7",8,"91.5","13.5",35.1,10.7,46.6,"102.807779231","95.905008372",22.9,51.6
"Herrera, Iván",671056,2025,25,28,33,10,3,3,0,4,7,4,21.2,12.1,".357",".893",".424","1.317","0.536",".333","0","0","1",".315",".779",".534",".478",".395",".464",".674",".590",".455",".411","75",53.4,19.6,15.5,26.1,20.7,"7.8",0,"92.1","9.9",45.5,22.7,54.5,"104.491275455","97.178891364",21.2,47.5
"Butler, Lawrence",671732,2025,24,154,168,36,23,7,0,6,43,14,25.6,8.3,".234",".396",".298","0.694","0.162",".286","0","0","0",".221",".428",".308",".309",".286",".208",".378",".380",".324",".306","74",40.8,20,13.4,36.2,24.2,"7",3,"92.4","12.1",33.3,11.7,44.1,"102.717886607","96.024943423",34.4,48.2
"Taylor, Chris",621035,2025,34,28,28,6,5,1,0,0,11,0,39.3,0,".214",".250",".214","0.464","0.036",".353","0","0","0",".188",".223",".205",".179",".188",".035",".338",".294",".353",".309","69.9",7.1,3.1,1.8,18.8,10.7,"7",3,"77.6","16.7",29.4,0,23.5,"91.6979225","90.839769375",43.8,56.6
"Gonzalez, Romy",663853,2025,28,52,58,16,10,6,0,0,12,4,20.7,6.9,".308",".423",".362","0.785","0.115",".390","1","0","1",".265",".437",".347",".352",".336",".171",".404",".411",".390",".354","76.5",68.3,28.6,19.2,40,26.9,"6.9",1,"94.2","4.3",31.7,9.8,58.5,"102.923437619","96.897012439",31.9,55.2
"Young, Jacob",696285,2025,25,97,114,21,17,4,0,0,17,11,14.9,9.6,".216",".258",".309","0.567","0.042",".263","2","0","0",".276",".320",".268",".313",".362",".045",".254",".316",".263",".335","69.3",4.2,11.6,9.7,40.5,34,"7",1,"87.4","-1.8",25,1.2,29.8,"97.574594595","92.870300135",17.2,43.2
"Meyers, Jake",676694,2025,29,110,125,32,24,5,1,2,23,12,18.4,9.6,".291",".409",".358","0.767","0.118",".349","0","0","1",".266",".431",".341",".338",".337",".165",".382",".377",".364",".335","68.3",6.3,14.9,11.9,36.9,29.5,"6.9",8,"90.2","11",26.7,5.6,42.2,"100.870057045","94.701035",23.5,49.3
"Turner, Justin",457759,2025,40,58,70,9,9,0,0,0,16,9,22.9,12.9,".155",".155",".271","0.426","0.000",".205","1","0","2",".206",".300",".215",".287",".318",".094",".183",".297",".205",".278","65",0,1.7,1.5,28.8,24.8,"6.2",1,"87.5","13.1",36.4,2.3,22.7,"95.860375909","91.983200682",14.6,47.2
"De La Cruz, Bryan",650559,2025,28,47,50,9,8,1,0,0,18,3,36,6,".191",".213",".240","0.453","0.022",".310","0","0","0",".207",".307",".210",".248",".254",".100",".291",".356",".310",".335","71.8",18.2,19.7,13.6,31.1,21.6,"7.7",3,"91.5","15.6",44.8,6.9,51.7,"101.415012","95.216104483",34,54.2
"Gurriel Jr., Lourdes",666971,2025,31,145,155,30,15,8,0,7,20,5,12.9,3.2,".207",".407",".232","0.639","0.200",".189","1","0","4",".257",".459",".273",".315",".283",".202",".296",".345",".233",".293","71.1",11.4,15.9,13.3,35.5,29.7,"7.5",9,"87.5","18",38,9.3,37.2,"99.569838769","93.931546434",18,54.2
"Sosa, Edmundo",624641,2025,29,45,50,15,11,4,0,0,11,4,22,8,".333",".422",".380","0.802","0.089",".429","0","0","1",".300",".393",".354",".326",".351",".093",".426",".385",".429",".387","71.6",21.6,15.5,12.5,26.8,21.6,"7.9",2,"87.4","9.3",42.9,2.9,40,"99.794383333","94.065682857",22.4,50
"Amador, Adael",691182,2025,22,52,58,9,4,4,0,1,16,4,27.6,6.9,".173",".308",".246","0.554","0.135",".229","1","0","0",".203",".284",".250",".253",".273",".081",".299",".302",".250",".293","70.5",12.9,6.5,5.4,23.4,19.4,"7.3",3,"84.2","17.7",32.4,2.7,24.3,"96.133528333","92.066764167",20.6,49.1
"Newman, Kevin",621028,2025,31,34,35,5,5,0,0,0,8,0,22.9,0,".147",".147",".147","0.294","0.000",".192","0","0","0",".237",".288",".131",".227",".237",".051",".172",".297",".192",".310","67.2",1.7,10.4,8.5,37.5,30.5,"6.5",4,"86.9","10.6",33.3,0,37,"98.035873077","93.080728462",22.5,58.2
"Tawa, Tim",694374,2025,26,72,85,14,7,2,0,5,19,10,22.4,11.8,".194",".431",".294","0.725","0.237",".180","1","0","2",".258",".470",".317",".362",".358",".212",".349",".419",".255",".353","73",27.6,19.8,14.2,33,23.6,"7",4,"90.4","10.3",36.4,10.9,41.8,"100.693543571","94.555301091",30,46.6
"Tellez, Rowdy",642133,2025,30,85,92,17,8,3,0,6,26,4,28.3,4.3,".200",".447",".250","0.697","0.247",".204","2","0","1",".236",".467",".301",".328",".293",".232",".391",".432",".283",".349","74.3",43.8,19.8,13.9,38.6,27.1,"7.9",4,"91.3","15.6",35,16.7,46.7,"102.380681333","95.782066333",32.3,45.2
"Polanco, Jorge",593871,2025,31,101,111,33,18,6,0,9,12,7,10.8,6.3,".327",".653",".373","1.026","0.326",".296","1","0","1",".350",".622",".437",".436",".398",".272",".472",".471",".367",".397","72",20.4,24.8,20.4,44.5,36.5,"7.3",3,"91.9","12.8",39.6,15.4,50.5,"102.656533778","95.982810899",20.8,48.6
"Frelick, Sal",686217,2025,25,129,148,36,28,5,2,1,16,14,10.8,9.5,".279",".372",".363","0.735","0.093",".313","3","0","0",".267",".331",".333",".312",".353",".064",".325",".297",".319",".305","67.9",7.7,8.7,7.7,36.6,32.5,"6.9",4,"86.2","6.2",24.6,0.9,30.7,"96.782566545","92.490772202",12.4,40.4
"Isbel, Kyle",664728,2025,28,97,104,26,19,2,2,3,20,1,19.2,1,".268",".423",".270","0.693","0.155",".303","0","0","2",".210",".308",".297",".229",".219",".098",".367",".281",".329",".264","70.5",10.7,9.8,8.1,27.9,22.8,"7.1",2,"84.7","14.6",21.7,3.6,28.9,"97.89189027","92.972927973",18.4,51.8
"Raleigh, Cal",663728,2025,28,141,170,34,15,7,0,12,43,27,25.3,15.9,".241",".546",".371","0.917","0.305",".256","2","2","0",".249",".553",".394",".395",".377",".304",".483",".483",".347",".358","74.2",43.9,14.8,10.7,24.2,17.5,"7.8",6,"90.9","21.9",36.7,20.4,44.9,"102.237047959","95.594082959",29.9,50.5
"Torres, Gleyber",650402,2025,28,109,124,31,22,5,0,4,11,11,8.9,8.9,".284",".440",".355","0.795","0.156",".281","2","0","2",".300",".549",".351",".392",".371",".249",".344",".395",".310",".330","69.7",12,16,13.1,44,36.1,"7.2",4,"89.5","17.4",39,9,35,"98.9267914","93.6724234",17.4,41.8
"Simon, Ronny",682927,2025,25,28,31,6,4,2,0,0,4,3,12.9,9.7,".214",".286",".290","0.576","0.072",".250","0","0","0",".269",".393",".265",".324",".339",".125",".255",".331",".250",".313","72.8",35.6,10.8,8.9,29.7,24.4,"7.2",1,"84.6","16",29.2,8.3,25,"94.999160833","91.837813333",17,43.1
"Senger, Hayden",663584,2025,28,28,29,5,4,1,0,0,9,1,31,3.4,".179",".214",".207","0.421","0.035",".263","0","0","0",".252",".396",".191",".292",".278",".143",".255",".410",".263",".372","71.8",14,19.2,11.6,38.5,23.3,"7.5",1,"83.7","3",42.1,5.3,36.8,"97.266983333","92.696317778",39.2,52
"Olson, Matt",621566,2025,31,143,174,32,19,6,0,7,37,29,21.3,16.7,".224",".413",".356","0.769","0.189",".250","1","0","1",".253",".534",".346",".393",".382",".281",".366",".443",".299",".341","73.4",40.3,17.9,13.4,30.5,22.8,"7.4",5,"94.2","11.9",35.5,16.8,54.2,"104.199584259","97.076625327",25.5,43.5
"Joe, Connor",656582,2025,32,13,15,2,2,0,0,0,6,2,40,13.3,".154",".154",".267","0.421","0.000",".286","0","0","0",".161",".251",".212",".246",".273",".091",".255",".328",".286",".299","71.5",17.4,11.8,8.7,29.4,21.7,"7.2",1,"91.9","14.7",42.9,0,42.9,"99.896855","95.206252857",23.1,37.7
"Turner, Trea",607208,2025,32,155,170,48,39,7,0,2,31,13,18.2,7.6,".310",".394",".371","0.765","0.084",".377","2","0","0",".266",".386",".344",".316",".330",".120",".387",".349",".387",".332","70.4",11.8,13.6,10.6,36.4,28.3,"7.5",6,"89.2","7.4",32.3,4.8,41.1,"99.780386935","94.147181613",23.9,46.5
"Wong, Connor",657136,2025,29,38,42,6,6,0,0,0,12,3,28.6,7.1,".158",".158",".238","0.396","0.000",".231","1","0","0",".251",".378",".195",".313",".323",".127",".206",".396",".231",".367","72.2",25,12.7,8.8,20,13.8,"7.4",4,"86.8","4.5",38.5,7.7,38.5,"99.800895385","94.1364656",34.4,52
"Mullins II, Cedric",656775,2025,30,131,153,30,17,6,0,7,33,20,21.6,13.1,".229",".435",".340","0.775","0.206",".253","2","0","0",".223",".376",".345",".319",".335",".153",".382",".341",".306",".299","71.2",13.2,12.3,10.1,30.2,24.8,"7.6",9,"88.4","24.9",35.7,7.1,35.7,"98.511763878","93.518218144",20.6,44.1
"Alvarez, Francisco",682626,2025,23,44,49,14,12,1,0,1,14,4,28.6,8.2,".318",".409",".388","0.797","0.091",".448","1","0","0",".211",".304",".359",".270",".292",".093",".469",".323",".467",".310","72.4",24.4,14.5,9.3,36.4,23.3,"7",1,"90.8","12.8",33.3,6.7,36.7,"101.079762667","95.092609667",38.9,52.5
"Torrens, Luis",620443,2025,29,73,80,18,8,8,1,1,17,7,21.3,8.8,".247",".425",".313","0.738","0.178",".309","0","0","0",".328",".593",".324",".417",".386",".265",".375",".509",".321",".427","70.5",9.5,20.4,16.1,38,29.9,"7.2",3,"92.6","6.3",39.3,19.6,58.9,"101.812813929","96.095216964",22.9,46.6
"Kepler, Max",596146,2025,32,129,147,30,17,8,0,5,27,15,18.4,10.2,".233",".411",".320","0.731","0.178",".255","2","1","1",".273",".474",".322",".359",".357",".201",".347",".400",".291",".345","71.8",20.9,18.3,14.5,37.1,29.3,"7.3",5,"90.4","14.2",34,11.7,49.5,"101.176332115","95.040473301",23.1,49.7
"Donovan, Brendan",680977,2025,28,151,168,48,33,12,0,3,17,13,10.1,7.7,".318",".457",".377","0.834","0.139",".341","2","0","1",".335",".519",".369",".399",".396",".184",".378",".415",".356",".378","68.4",3.3,17.8,15.7,39.4,34.7,"6.8",1,"89","9.9",41.2,7.4,43.4,"100.212623529","94.532392",11.5,44.6
"DeJong, Paul",657557,2025,31,54,57,11,7,4,0,0,24,2,42.1,3.5,".204",".278",".246","0.524","0.074",".367","1","0","0",".190",".258",".236",".220",".233",".068",".378",".347",".367",".342","71.8",14.2,9.1,6.3,19.3,13.4,"6.7",1,"89.2","23.4",36.7,3.3,36.7,"99.032708","93.534613",30.6,58.3
"Schunk, Aaron",668845,2025,27,20,21,5,4,1,0,0,5,0,23.8,0,".250",".300",".250","0.550","0.050",".333","0","0","0",".252",".361",".242",".263",".252",".109",".323",".351",".333",".336","68.9",0,12.9,10,29,22.5,"6.6",0,"86.3","26.8",50,6.3,25,"95.192375","91.949617333",20.8,68.6
"Schneider, Davis",676914,2025,26,15,21,1,1,0,0,0,8,5,38.1,23.8,".067",".067",".333","0.400","0.000",".143","1","0","0",".099",".110",".244",".267",".356",".011",".128",".197",".143",".211","69.8",7.4,0,0,5.6,3.7,"7",0,"74.4","20.6",14.3,0,0,"82.4310825","88.151405714",33.3,30.3
"Kirk, Alejandro",672386,2025,26,119,125,34,28,4,0,2,16,4,12.8,3.2,".286",".370",".312","0.682","0.084",".314","1","1","1",".287",".430",".299",".317",".313",".143",".330",".351",".327",".328","71.9",23.6,23.6,19,41.4,33.3,"7.2",3,"90.3","15",33.7,6.7,49,"101.857598654","95.249973269",21,49.5
"Perdomo, Geraldo",672695,2025,25,144,179,42,28,9,0,5,21,27,11.7,15.1,".292",".458",".395","0.853","0.166",".301","1","0","5",".256",".397",".376",".342",".370",".142",".366",".320",".328",".293","68.3",5.3,10.9,9.7,38.9,34.8,"6.8",5,"88.5","15",35.4,4.6,30.8,"97.229083492","92.71685416",11.2,38.8
"Harper, Bryce",547180,2025,32,152,181,36,21,8,0,7,37,28,20.4,15.5,".237",".428",".354","0.782","0.191",".266","0","2","1",".269",".502",".345",".379",".381",".233",".375",".429",".310",".354","74.5",48.8,19.3,12.9,31.2,20.8,"7.5",5,"91.5","15.6",41.4,11.2,49.1,"102.019951034","95.390789217",35.7,50.7
"Williamson, Ben",810938,2025,24,83,86,21,16,4,0,1,21,3,24.4,3.5,".253",".337",".279","0.616","0.084",".328","0","0","0",".264",".398",".274",".299",".290",".134",".346",".381",".339",".354","69.3",8.8,17.2,13.5,29.3,23,"7",6,"87.4","7.5",27.4,8.1,40.3,"100.198694839","94.136537742",23.8,50.3
"Pillar, Kevin",607680,2025,36,38,38,9,7,2,0,0,6,0,15.8,0,".237",".289",".237","0.526","0.052",".281","0","0","0",".229",".313",".232",".233",".229",".084",".275",".277",".281",".272","69.5",2.9,8.5,7.1,35.6,30,"7.5",4,"86.2","16.5",34.4,3.1,21.9,"95.576656875","91.788328438",19,57.2
"Ortiz, Joey",687401,2025,26,136,148,24,19,4,0,1,23,9,15.5,6.1,".176",".228",".233","0.461","0.052",".205","1","0","0",".242",".325",".214",".276",".295",".083",".214",".295",".212",".292","72.3",19.5,13,11.3,29.5,25.8,"7.5",3,"84.6","16.1",27.8,2.6,34.8,"97.903435893","92.998179009",14.7,46.3
"Benson, Will",666181,2025,27,11,11,1,0,1,0,0,5,0,45.5,0,".091",".182",".091","0.273","0.091",".167","0","0","0",".163",".212",".116",".161",".163",".049",".212",".296",".167",".299","73",33.3,9.1,4.8,36.4,19,"7.5",0,"90.5","12.9",50,0,33.3,"95.764543333","92.321798333",44,61
"Roden, Alan",702176,2025,25,73,84,13,9,3,0,1,18,5,21.4,6,".178",".260",".262","0.522","0.082",".214","4","0","2",".161",".233",".242",".225",".248",".073",".245",".219",".228",".207","70.1",11.9,13.3,10.3,34.7,27,"7.2",3,"84.6","3.7",21.1,1.8,31.6,"97.988870357","93.012662679",22.1,47.1
"Campbell, Kristian",692225,2025,23,129,149,34,22,8,0,4,39,19,26.2,12.8,".264",".419",".356","0.775","0.155",".345","0","0","1",".257",".425",".345",".341",".352",".168",".419",".415",".374",".367","73",35.3,17.6,12.8,33.5,24.3,"6.8",7,"89.1","10.9",34.1,7.7,41.8,"100.69445","94.717885281",29.8,42
"Caballero, José",676609,2025,28,81,93,19,13,4,1,1,31,11,33.3,11.8,".235",".346",".323","0.669","0.111",".360","0","0","0",".222",".271",".302",".271",".314",".049",".400",".344",".373",".356","69.3",7.9,5.6,4.3,22.4,17.3,"6.7",5,"82.1","16.9",49,2,17.6,"93.351430417","90.808934167",25.6,40.6
"Veen, Zac",691728,2025,23,34,37,4,2,1,0,1,14,2,37.8,5.4,".118",".235",".189","0.424","0.117",".158","1","0","0",".130",".242",".196",".203",".201",".112",".257",".269",".200",".222","71",13,10.5,5.8,26.3,14.5,"6.9",1,"90.2","18.3",30,5,30,"98.461172222","93.739707778",43.7,62.1
"Hoskins, Rhys",656555,2025,32,120,142,33,23,6,0,4,32,19,22.5,13.4,".275",".425",".380","0.805","0.150",".341","2","2","1",".261",".441",".356",".356",".371",".180",".410",".410",".371",".356","70.7",12,16.7,12.5,35.8,26.9,"8.2",8,"91.4","19.2",44.9,12.4,49.4,"100.982496667","94.883759775",27.2,42
"Jankowski, Travis",608671,2025,34,39,42,11,9,2,0,0,10,2,23.8,4.8,".282",".333",".310","0.643","0.051",".367","0","0","1",".270",".304",".285",".269",".301",".034",".353",".330",".367",".355","68.3",1.7,12.5,10.2,33.3,27.1,"6.4",3,"86","2.9",26.7,0,36.7,"99.359759286","93.808382143",20.8,47.1
"Dezenzo, Zach",701305,2025,25,63,70,16,10,5,0,1,22,7,31.4,10,".254",".381",".329","0.710","0.127",".375","0","0","0",".260",".464",".318",".345",".334",".205",".424",".470",".390",".399","73.6",33.1,17.3,11.9,24.7,16.9,"7.6",4,"88.1","15.9",41.5,17.1,39,"100.669047143","94.489024146",34.8,43.9
"Nuñez, Nasim",683083,2025,24,30,34,5,4,1,0,0,7,3,20.6,8.8,".167",".200",".242","0.442","0.033",".217","0","0","0",".206",".246",".210",".242",".278",".040",".211",".256",".217",".268","68.9",9,5.5,4.5,23.6,19.4,"6.8",1,"83.9","-4.2",25,0,25,"94.732190833","91.615262174",20.8,50.7
"Miranda, Jose",669304,2025,27,36,36,6,5,0,0,1,13,0,36.1,0,".167",".250",".167","0.417","0.083",".227","0","0","0",".206",".272",".182",".206",".206",".066",".285",".322",".261",".323","70.9",15.8,11.6,8.8,27.9,21.1,"7.7",1,"88.5","6.6",26.1,4.3,43.5,"99.880571667","94.345161304",26.5,53.5
"Refsnyder, Rob",608701,2025,34,37,40,12,7,3,0,2,11,2,27.5,5,".324",".568",".350","0.918","0.244",".400","0","0","1",".319",".594",".391",".393",".345",".275",".527",".531",".444",".437","72.4",31.3,31.8,21.9,40.9,28.1,"7.7",3,"93.3","18.3",40.7,14.8,59.3,"102.302949286","96.401894074",34.7,45.9
"Dunn, Oliver",686554,2025,27,36,41,6,4,2,0,0,11,2,26.8,4.9,".167",".222",".205","0.427","0.055",".231","0","0","1",".233",".276",".193",".246",".270",".044",".235",".315",".231",".328","72.9",21.4,19.4,12.5,38.9,25,"7.4",1,"87.3","3.8",35.7,0,32.1,"99.923279167","94.14957875",32.3,42.2
"McCormick, Chas",676801,2025,30,29,37,7,6,1,0,0,11,4,29.7,10.8,".241",".276",".333","0.609","0.035",".389","0","0","0",".209",".271",".286",".267",".305",".061",".369",".334",".389",".337","71.4",11.8,6.1,3.9,27.3,17.6,"7.7",3,"85.1","23.8",31.8,0,22.7,"94.641054444","91.719687059",34.4,46.4
"Rodríguez, Endy",682848,2025,25,45,50,8,5,3,0,0,12,5,24,10,".178",".244",".260","0.504","0.066",".242","0","0","0",".215",".316",".236",".275",".295",".102",".251",".312",".242",".295","71.1",9.9,17,12.7,45.3,33.8,"7.2",1,"91.4","12.2",39.4,3,45.5,"99.09514375","94.246187188",26.3,44.2
"Alvarez, Yordan",670541,2025,28,100,121,21,14,4,0,3,21,16,17.4,13.2,".210",".340",".306","0.646","0.130",".222","0","3","5",".246",".495",".279",".364",".348",".249",".284",".403",".250",".311","76.6",67.6,18.8,14.7,31.3,24.5,"7.8",0,"94","20.1",40.5,11.9,46.4,"102.615572381","95.854176786",22.2,45.9
"Brown, Seth",664913,2025,32,41,49,9,6,2,0,1,14,6,28.6,12.2,".220",".341",".347","0.688","0.121",".308","2","0","0",".216",".397",".319",".332",".344",".181",".370",".393",".333",".328","72.8",22.4,11.8,7.9,23.5,15.8,"7.3",0,"87.4","20.4",44.4,11.1,37,"97.458039286","92.952476296",34.5,46.8
"Noel, Jhonkensy",678877,2025,23,73,77,12,8,2,0,2,21,3,27.3,3.9,".164",".274",".195","0.469","0.110",".196","0","0","1",".184",".284",".207",".219",".215",".101",".261",".278",".226",".255","77.1",65.5,15.8,11.3,23.8,16.9,"7.6",5,"91","11.5",13.2,5.7,45.3,"104.933064815","96.821018679",33.5,56.7
"Higashioka, Kyle",543309,2025,35,59,61,15,9,5,0,1,10,2,16.4,3.3,".254",".390",".279","0.669","0.136",".292","0","0","0",".259",".440",".293",".310",".284",".181",".337",".358",".306",".312","71.3",7.9,15.8,13.5,47.4,40.4,"7.2",3,"90.3","19.5",36.7,10.2,38.8,"99.380400833","93.943961875",16.8,43.9
"Encarnacion-Strand, Christian",687952,2025,25,57,60,9,5,2,0,2,13,1,21.7,1.7,".158",".298",".183","0.481","0.140",".163","1","0","1",".203",".372",".210",".264",".231",".169",".248",".320",".200",".263","73.3",31.1,17.1,12.3,34.2,24.5,"7.4",1,"87.6","21.1",26.7,4.4,42.2,"99.61499913","94.015020889",28.8,59.6
"Clement, Ernie",676391,2025,29,105,114,28,22,6,0,0,18,5,15.8,4.4,".267",".324",".295","0.619","0.057",".315","0","0","1",".260",".337",".275",".280",".293",".077",".307",".313",".315",".313","66.5",2,5.4,4.6,45.4,38.8,"7.2",9,"86.7","22.6",42.9,3.3,22,"95.462897556","91.787469551",17.8,52.9
"Wilson, Weston",642215,2025,30,10,10,3,2,0,0,1,3,0,30,0,".300",".600",".300","0.900","0.300",".333","0","0","0",".354",".673",".387",".436",".354",".320",".553",".624",".429",".505","74.2",33.3,16.7,11.1,50,33.3,"7.6",1,"99.8","9.5",42.9,14.3,57.1,"104.5186975","99.846101429",33.3,47.7
"Thomas, Alek",677950,2025,25,108,116,31,22,7,2,0,25,4,21.6,3.4,".287",".389",".328","0.717","0.102",".369","3","0","1",".269",".402",".317",".318",".315",".132",".379",".380",".369",".352","71.4",11.5,18.7,14.2,43.9,33.3,"7",9,"92.8","0.6",31,8.3,42.9,"101.47752619","95.376589286",26.4,50.7
"Marte, Starling",516782,2025,36,66,78,13,9,2,0,2,14,5,17.9,6.4,".197",".318",".308","0.626","0.121",".216","5","0","1",".243",".354",".290",".328",".355",".111",".278",".334",".245",".316","71.6",28.5,13.8,10.6,29.8,22.8,"7.2",2,"86","12.5",24.5,5.7,34,"99.258268077","93.684357885",22.5,49.5
"Rooker Jr., Brent",667670,2025,30,166,181,42,24,7,1,10,47,13,26,7.2,".253",".488",".315","0.803","0.235",".294","2","0","0",".281",".548",".350",".379",".341",".267",".444",".488",".353",".392","73.7",36,17.6,12.2,35.7,24.8,"7.2",10,"91.3","14.8",36.1,13.4,46.2,"101.382009833","95.298862605",33.3,52.4
"Barger, Addison",680718,2025,25,54,59,13,6,6,0,1,10,4,16.9,6.8,".241",".407",".305","0.712","0.166",".279","1","0","0",".300",".473",".315",".362",".360",".172",".343",".405",".295",".369","76.3",67.7,25.3,19.2,38.7,29.3,"7.8",0,"96.1","13.5",34.1,13.6,52.3,"106.818335455","98.440045682",25,49.1
"Scott II, Victor",687363,2025,24,124,142,36,27,6,1,2,35,14,24.6,9.9,".290",".403",".357","0.760","0.113",".382","0","0","2",".242",".337",".338",".294",".317",".095",".413",".345",".396",".333","68.4",3.9,7.4,5.4,35.8,25.9,"6.4",6,"87.7","14.2",40.9,5.4,32.3,"97.745526429","93.010734286",27.9,47.4
"Peña, Jeremy",665161,2025,27,150,166,43,31,7,0,5,24,11,14.5,6.6,".287",".433",".345","0.778","0.146",".311","3","1","1",".301",".452",".343",".356",".361",".151",".370",".387",".339",".359","72",12,22.8,17.8,36.1,28.3,"7.5",4,"88.7","7.9",32,7.8,43.8,"101.329730317","94.818763571",23.3,48
"Laureano, Ramón",657656,2025,30,70,77,14,4,5,0,5,24,6,31.2,7.8,".200",".486",".260","0.746","0.286",".214","0","0","1",".213",".480",".319",".317",".272",".267",".433",".431",".298",".318","72",14.5,18.4,12.9,34.5,24.2,"7.2",3,"91.4","18.2",29.8,17,51.1,"102.061957917","95.585516809",30.5,43.9
"Fermin, Freddy",666023,2025,30,77,82,19,17,1,0,1,13,3,15.9,3.7,".247",".299",".284","0.583","0.052",".286","1","0","0",".243",".355",".264",".278",".280",".112",".290",".308",".297",".292","69.4",3.3,10.8,8.6,33.3,26.5,"7.2",6,"88.5","13.5",26.2,3.1,35.4,"98.982090323","93.669867213",23,53.8
"White, Eli",642201,2025,31,81,88,23,12,6,3,2,19,6,21.6,6.8,".284",".506",".333","0.839","0.222",".350","0","1","0",".275",".428",".359",".324",".325",".153",".441",".394",".371",".360","71.5",17.1,15.3,12.1,26.1,20.7,"7.2",2,"87.6","5.5",34.9,7.9,38.1,"100.307643","94.310067119",22.2,52
"Muncy, Max",571970,2025,34,126,150,24,15,7,1,1,44,21,29.3,14,".190",".286",".313","0.599","0.096",".280","2","0","1",".205",".384",".281",".318",".327",".179",".313",".380",".289",".313","71.6",17.4,11.6,8.7,21,15.8,"7.1",7,"88.7","17.2",37.3,8.4,44.6,"100.768888571","94.550682289",25.9,43.5
"Springer III, George",543807,2025,35,118,143,35,20,9,1,5,36,22,25.2,15.4,".297",".517",".404","0.921","0.220",".385","0","1","1",".270",".536",".400",".391",".383",".267",".498",".484",".422",".386","72.4",31,20.1,13.5,38.8,26,"7.5",6,"92.7","19.4",42.2,18.1,50.6,"102.551580244","96.031784146",33.2,41.4
"Azocar, José",640492,2025,29,17,18,5,5,0,0,0,1,1,5.6,5.6,".294",".294",".333","0.627","0.000",".313","0","0","0",".357",".414",".287",".354",".392",".058",".279",".354",".313",".379","70.5",15.4,16,15.4,28,26.9,"6.7",0,"86.5","3.7",43.8,0,31.3,"97.00158125","92.854919333",3.4,50.9
"Devers, Rafael",646240,2025,28,157,191,44,25,12,0,7,47,31,24.6,16.2,".280",".490",".398","0.888","0.210",".352","1","2","2",".291",".557",".386",".415",".413",".267",".466",".516",".393",".418","71.7",18.6,18.3,12.1,32.4,21.4,"7.5",7,"95.6","15.8",40.2,18.8,61.6,"104.504880179","97.682805446",34.3,49.6
"Walls, Taylor",670764,2025,28,97,112,20,17,2,0,1,25,13,22.3,11.6,".206",".258",".295","0.553","0.052",".260","0","0","2",".212",".290",".258",".269",".300",".078",".268",".285",".270",".279","68.2",3.4,5.6,4.5,30.8,24.6,"7",0,"85.7","13.6",27,2.7,25.7,"95.556736111","91.835600563",18.2,45.5
"Busch, Michael",683737,2025,27,130,150,34,18,8,1,7,37,17,24.7,11.3,".262",".500",".360","0.860","0.238",".314","3","0","0",".250",".493",".377",".365",".350",".244",".456",".438",".366",".349","69.3",6.5,10.5,7.8,33.3,24.7,"7.1",7,"89.6","14.8",40.9,12.9,41.9,"99.760433043","94.149789891",26.2,46.2
"Correa, Carlos",621043,2025,30,143,152,33,23,8,0,2,28,8,18.4,5.3,".231",".329",".270","0.599","0.098",".272","0","0","1",".266",".375",".266",".299",".306",".109",".301",".343",".284",".332","73.3",36.9,16.4,12.9,27.7,21.7,"7.2",0,"89.2","4.5",29.3,4.3,39.7,"101.311508621","94.872338",20.8,49.9
"Bader, Harrison",664056,2025,31,104,119,31,22,5,0,4,28,12,23.5,10.1,".298",".462",".387","0.849","0.164",".375","3","0","0",".232",".371",".378",".315",".331",".138",".452",".355",".408",".320","72.5",21.3,16.8,12.8,30.8,23.4,"7.1",6,"87.8","10.8",30.3,10.5,47.4,"100.625708108","94.440444189",26.3,42.8
"Caminero, Junior",691406,2025,21,145,155,36,23,6,0,7,31,7,20,4.5,".248",".434",".277","0.711","0.186",".264","0","0","3",".257",".444",".307",".318",".292",".187",".366",".379",".308",".327","78.5",79,19,15.6,26.9,22.1,"8.2",6,"91.3","4.9",23.9,9.4,49.6,"103.250448644","96.08000265",19.7,50.6
"Bart, Joey",663698,2025,28,103,124,30,24,4,1,1,31,18,25,14.5,".291",".379",".411","0.790","0.088",".408","3","0","0",".253",".424",".363",".358",".379",".172",".420",".412",".417",".361","73.8",40.2,19.7,14,34.2,24.4,"7.3",5,"90.1","11.7",40.3,11.1,44.4,"102.1569925","95.303465972",28.6,38.1
"Bryant, Kris",592178,2025,33,39,41,6,4,2,0,0,13,2,31.7,4.9,".154",".205",".195","0.400","0.051",".231","0","0","0",".165",".307",".183",".223",".206",".141",".235",".297",".231",".248","71.2",14.1,8.3,5.6,39.6,26.8,"7.8",4,"90.8","13",46.2,7.7,34.6,"97.886280769","93.540250769",35.7,50.3
"Amaya, Jacob",676070,2025,26,59,65,6,5,1,0,0,15,2,23.1,3.1,".102",".119",".125","0.244","0.017",".128","0","0","3",".180",".234",".112",".198",".206",".054",".122",".239",".128",".238","66.8",2.6,9.2,7.8,50.8,42.9,"7.1",3,"88.5","12.6",22.9,0,31.3,"97.181527826","93.121093333",19.1,39.8
"Varsho, Daulton",662139,2025,28,31,36,6,2,1,0,3,15,3,41.7,8.3,".194",".516",".250","0.766","0.322",".200","0","1","2",".197",".471",".306",".299",".263",".273",".517",".504",".333",".359","75.6",53.3,10.5,8,24.6,18.7,"7.8",3,"94.1","21.5",38.9,22.2,55.6,"103.829854444","97.669818333",29.8,57.5
"Flores, Wilmer",527038,2025,33,140,151,34,25,2,0,7,32,10,21.2,6.6,".243",".407",".298","0.705","0.164",".267","1","0","0",".232",".363",".312",".287",".288",".131",".365",".329",".315",".301","65.6",0.4,6.2,4.9,33.8,27.2,"6.9",7,"84.4","16.6",37,5.6,23.1,"95.381854444","91.69345787",20.8,44.9
"Cameron, Daz",663662,2025,28,14,15,2,2,0,0,0,7,1,46.7,6.7,".143",".143",".200","0.343","0.000",".286","0","0","0",".196",".270",".166",".235",".249",".075",".255",".403",".286",".392","74.3",37.9,4.3,3.4,13,10.3,"6.9",1,"90.6","12.4",42.9,0,28.6,"98.225325","94.119508571",26.5,51.5
"Taylor, Michael A.",572191,2025,34,80,87,16,8,6,1,1,27,7,31,8,".200",".338",".264","0.602","0.138",".288","0","0","0",".218",".409",".269",".300",".281",".191",".349",".400",".302",".329","70.8",10,19.8,11.4,37,21.4,"6.9",6,"90","17.6",43.4,9.4,39.6,"101.506267083","95.039349375",40.5,50
"Urías, Luis",649966,2025,28,81,97,21,15,0,0,6,11,11,11.3,11.3,".259",".481",".347","0.828","0.222",".227","1","0","2",".241",".404",".361",".331",".340",".164",".360",".320",".292",".282","68.8",8.1,7.3,6.6,40.3,36.8,"7.4",3,"87.7","16.6",29.2,6.9,30.6,"96.887501111","92.503410694",11.5,40.9
"Amaya, Miguel",665804,2025,26,74,79,19,10,6,0,3,18,2,22.8,2.5,".257",".459",".282","0.741","0.202",".296","1","0","1",".247",".430",".320",".308",".279",".183",".400",".385",".333",".329","72",21.9,11.1,8.4,29.1,21.9,"7.7",2,"87.6","19.7",37.9,8.6,34.5,"97.884829655","93.232334912",28,56.5
"Turang, Brice",668930,2025,25,142,163,42,36,3,0,3,34,17,20.9,10.4,".296",".380",".370","0.750","0.084",".364","1","0","2",".274",".412",".339",".347",".357",".138",".384",".396",".382",".363","69.1",11.5,11.7,9.6,35.4,29.3,"6.7",9,"91.6","6.5",34.2,8.1,44.1,"99.892604815","94.522071204",19.7,45.5
"Jung, Jace",690291,2025,24,40,47,4,4,0,0,0,13,7,27.7,14.9,".100",".100",".234","0.334","0.000",".148","0","0","0",".182",".242",".180",".260",".304",".061",".132",".272",".148",".270","74.2",44.4,14.5,11.1,25.5,19.4,"7.5",0,"89.3","14.3",29.6,3.7,40.7,"100.036217143","94.35329",24.1,45.6
"Clase, Jonatan",682729,2025,23,15,16,2,1,1,0,0,4,0,25,0,".133",".200",".133","0.333","0.067",".182","0","0","0",".217",".258",".144",".207",".217",".041",".197",".282",".182",".296","70.4",22.2,20,14.8,25,18.5,"6.5",1,"88.8","8.3",16.7,0,41.7,"100.406594","94.596277",23.5,54
"Peraza, Oswald",672724,2025,25,45,49,9,5,2,0,2,13,4,26.5,8.2,".200",".378",".265","0.643","0.178",".233","0","0","0",".246",".438",".285",".324",".307",".192",".349",".409",".281",".346","73.7",30.5,20,13.4,40,26.8,"7.8",1,"91.1","16.1",37.5,9.4,40.6,"100.716996875","94.7708925",34.4,52.2
"Soderstrom, Tyler",691016,2025,23,156,172,45,29,7,0,9,38,14,22.1,8.1,".288",".506",".349","0.855","0.218",".327","1","0","1",".304",".551",".373",".389",".363",".247",".450",".475",".378",".398","73.9",36.3,22.2,17.2,34.3,26.6,"7.6",9,"92","11.6",42.9,15.1,50.4,"103.611324167","96.500819496",25.1,48.9
"Martini, Nick",605361,2025,35,76,84,19,16,3,0,0,10,8,11.9,9.5,".250",".289",".321","0.610","0.039",".288","0","1","0",".234",".291",".277",".269",".308",".057",".275",".264",".288",".270","69.5",3.9,10.8,9.4,35.1,30.7,"6.6",3,"85.7","13.7",24.2,1.5,30.3,"97.454018788","92.838262615",15.4,42.8
"Carter, Evan",694497,2025,22,22,22,6,5,0,0,1,3,0,13.6,0,".273",".409",".273","0.682","0.136",".278","0","0","0",".262",".444",".298",".299",".262",".181",".345",".346",".316",".304","70.3",3,14.8,12.1,37,30.3,"7.3",0,"81.9","16",42.1,10.5,26.3,"96.224855","92.758876316",15.8,46.3
"Friedl Jr., TJ",670770,2025,29,156,180,43,33,6,1,3,29,20,16.1,11.1,".276",".385",".358","0.743","0.109",".317","1","0","2",".258",".334",".333",".307",".343",".077",".349",".311",".333",".313","69.8",3.4,13.3,11.2,36.7,31,"6.7",2,"87.6","13.4",31.5,2.3,32.3,"97.690916452","92.929107724",16.2,40.5
"Wisely, Brett",689172,2025,26,10,12,0,0,0,0,0,3,0,25,0,".000",".000",".000","0.000","0.000",".000","0","0","0",".054",".090",".000",".062",".054",".036",".000",".089",".000",".077","68.3",0,0,0,13.3,10,"6.5",0,"81.3","37.2",11.1,0,22.2,"88.7789375","90.406052857",25,63.2
"Crow-Armstrong, Pete",691718,2025,23,159,171,42,20,11,1,10,39,8,22.8,4.7,".264",".535",".304","0.839","0.271",".291","1","0","0",".262",".507",".361",".345",".301",".245",".453",".430",".350",".347","71.7",18,14.7,11.3,34,26,"7.2",8,"90","22.1",36.6,13.8,41.5,"100.056709831","94.514684017",26.1,61.8
"Tovar, Ezequiel",678662,2025,23,66,70,14,9,4,1,0,13,3,18.6,4.3,".212",".303",".257","0.560","0.091",".264","1","0","0",".266",".438",".251",".322",".308",".172",".278",".372",".264",".332","72.5",22.7,16.3,12.6,38,29.4,"7.5",1,"91.2","15.8",50.9,5.7,43.4,"99.558131111","94.269570377",24.6,57
"Pham, Tommy",502054,2025,37,108,122,19,15,4,0,0,34,12,27.9,9.8,".176",".213",".262","0.475","0.037",".253","1","1","1",".202",".276",".222",".255",".287",".074",".247",".300",".253",".294","72.1",21,13.1,9.7,32.8,24.2,"7",2,"88.8","2.6",28,2.7,38.7,"100.344312162","94.467785479",25.7,41
"Ward, Taylor",621493,2025,31,148,159,27,13,6,0,8,42,9,26.4,5.7,".182",".385",".226","0.611","0.203",".190","0","1","2",".222",".446",".263",".299",".264",".224",".332",".386",".250",".305","69.5",6.9,16.4,13,38,30.1,"7.2",6,"91.2","21.2",30.6,13.9,47.2,"101.823106667","95.355045926",22,42.7
"Rodríguez, Julio",677594,2025,24,158,179,36,24,4,2,6,35,17,19.6,9.5,".228",".392",".318","0.710","0.164",".256","4","1","0",".264",".483",".317",".360",".351",".219",".344",".406",".293",".340","75.5",54.8,19.4,13.4,34.6,23.9,"7.7",6,"92.1","10.3",33.3,8.1,48,"103.305523387","96.16144813",32.3,55.6
"Harris II, Michael",671739,2025,24,154,166,35,23,8,1,3,30,6,18.1,3.6,".227",".351",".250","0.601","0.124",".256","0","1","4",".271",".404",".258",".304",".297",".133",".302",".360",".273",".334","73.1",28.7,16.7,13.6,29.2,23.8,"7.7",3,"89.6","6.5",33.8,6.9,38.5,"102.011029063","95.026108359",19.4,54.3
"Jones, Nolan",666134,2025,27,90,106,14,6,6,0,2,33,15,31.1,14.2,".156",".289",".276","0.565","0.133",".218","0","1","0",".218",".457",".259",".339",".330",".238",".301",".447",".246",".345","73.4",35.9,15.4,11.4,29.3,21.6,"6.9",4,"94.7","13.6",36.2,12.1,51.7,"103.370618571","96.867972143",27.1,43.3
"Kelenic, Jarred",672284,2025,25,60,65,10,6,2,0,2,23,5,35.4,7.7,".167",".300",".231","0.531","0.133",".229","0","0","0",".198",".428",".239",".297",".260",".230",".326",".427",".270",".321","73.4",29.1,19.1,11.1,27.9,16.2,"7.3",1,"89.1","16",21.6,13.5,37.8,"100.910482778","94.461611389",41.5,50.4
"Machado, Manny",592518,2025,32,145,161,47,30,14,0,3,27,15,16.8,9.3,".324",".483",".385","0.868","0.159",".379","0","1","1",".340",".567",".379",".412",".400",".226",".428",".472",".395",".415","74.8",46.2,22.6,17.5,37.3,28.7,"7.8",4,"93.1","13.9",41.2,11.8,56.3,"103.909473","96.856020504",24.2,48.9
"Henderson, Gunnar",683002,2025,24,129,137,34,19,8,2,5,38,8,27.7,5.8,".264",".473",".307","0.780","0.209",".337","0","1","0",".261",".400",".336",".304",".304",".139",".448",".401",".374",".370","75.2",50.9,25.2,18.6,36.2,26.8,"7.4",4,"94.9","9.8",27.5,8.8,56,"104.747393261","97.636985055",29.7,46.5
"Burger, Jake",669394,2025,29,100,108,19,11,5,0,3,32,3,29.6,2.8,".190",".330",".231","0.561","0.140",".239","3","0","2",".219",".402",".247",".291",".263",".184",".321",".387",".271",".321","75.4",59.4,19.7,14.3,29.9,21.7,"7.5",4,"90.5","12.7",25.7,12.9,48.6,"103.482117714","96.087400286",29.7,52.4
"Doyle, Brenton",686668,2025,27,122,132,27,19,4,0,4,33,9,25,6.8,".221",".352",".273","0.625","0.131",".267","0","0","1",".263",".465",".278",".335",".313",".202",".338",".421",".300",".359","70.3",5.2,15.4,11.9,36.9,28.4,"7.3",8,"90","12.6",37.8,14.4,44.4,"101.223112667","94.867077444",26.6,47.2
"Kelly, Carson",608348,2025,30,73,93,23,12,2,1,8,11,18,11.8,19.4,".315",".699",".452","1.151","0.384",".273","1","0","1",".279",".556",".482",".418",".423",".277",".501",".406",".365",".323","70.4",7.4,17.2,13.4,36.2,28.2,"7.1",2,"91.2","14.6",31.7,14.3,49.2,"100.965185","95.309926984",20.7,42
"Hernández, Enrique",571771,2025,33,84,92,18,10,2,0,6,24,6,26.1,6.5,".214",".452",".264","0.716","0.238",".218","0","0","1",".236",".465",".309",".320",".285",".230",".393",".410",".295",".328","70.7",7.1,14.4,10.3,36.9,26.5,"7.4",5,"91.4","17.2",27.4,12.9,41.9,"101.173504","95.037624667",31,48.7
"Misner, Kameron",670224,2025,27,104,115,27,16,7,1,3,33,8,28.7,7,".260",".433",".313","0.746","0.173",".343","1","0","2",".221",".351",".325",".277",".279",".130",".426",".350",".370",".316","72.9",27.5,10.5,7.3,27.8,19.2,"7.7",7,"87.9","13.5",28.8,5.5,34.2,"99.353720556","93.814208873",32.1,45.8
"Baty, Brett",683146,2025,25,66,70,15,7,3,1,4,21,3,30,4.3,".227",".485",".261","0.746","0.258",".268","0","0","0",".247",".467",".320",".319",".280",".220",".445",".442",".333",".363","76.2",61,20.7,14.6,32.2,22.8,"7.6",2,"90.2","6.5",31.1,13.3,46.7,"103.691605652","96.122640222",30.4,48.8
"Bregman, Alex",608324,2025,31,164,185,51,27,15,0,9,35,15,18.9,8.1,".311",".567",".384","0.951","0.256",".347","5","1","1",".264",".494",".410",".360",".343",".230",".477",".407",".392",".335","71.6",11,17.9,15.4,43.4,37.4,"7.2",4,"92.4","18.7",32.3,10.8,48.5,"100.460502462","94.993769846",16.8,42.4
"Fraley, Jake",641584,2025,30,78,91,16,10,3,0,3,16,13,17.6,14.3,".205",".359",".319","0.678","0.154",".220","0","0","0",".232",".359",".309",".316",".342",".127",".306",".317",".258",".292","72",18,13.2,10.1,27.4,20.9,"7.1",0,"85","17.6",32.3,4.8,33.9,"98.64204871","93.327025484",23.5,48.2
"Morel, Christopher",666624,2025,26,103,116,23,14,6,0,3,45,12,38.8,10.3,".223",".369",".310","0.679","0.146",".364","1","0","0",".234",".462",".306",".339",".319",".228",".455",".521",".397",".415","74.9",50.2,13.4,8.8,25.4,16.6,"8.2",6,"91.6","19.1",36.2,19,46.6,"103.453150345","96.267264828",38.8,50.9
"Rivas, Leo",660844,2025,27,41,51,14,13,1,0,0,8,10,15.7,19.6,".341",".366",".471","0.837","0.025",".424","0","0","0",".251",".315",".390",".335",".398",".064",".391",".306",".424",".312","65.1",1.4,1.8,1.4,35.1,27,"7",3,"83.9","13.4",39.4,0,15.2,"92.895325","90.561977188",23,34.8
"Jansen, Danny",643376,2025,30,81,99,13,10,2,0,1,22,18,22.2,18.2,".160",".222",".313","0.535","0.062",".207","0","0","0",".203",".333",".264",".314",".348",".130",".230",".314",".220",".279","68.1",4.3,7.4,6.4,31.4,27,"6.8",8,"87","21.1",33.9,3.4,37.3,"97.225114","92.842043898",18.4,40.4
"Hampson, Garrett",641658,2025,30,30,41,5,5,0,0,0,10,9,24.4,22,".167",".167",".359","0.526","0.000",".250","0","0","0",".197",".251",".276",".311",".382",".054",".224",".292",".250",".296","67",0,0,0,21.3,17.2,"6.6",3,"83.6","19.2",27.3,0,22.7,"92.423531","90.355934211",20,38.9
"Lopez, Otto",672640,2025,26,109,119,25,18,5,0,2,17,10,14.3,8.4,".229",".330",".294","0.624","0.101",".256","0","1","0",".294",".475",".279",".356",".354",".181",".289",".389",".272",".349","70.2",12.2,11.2,9.1,34.3,28,"6.7",3,"85.7","4.6",34.8,8.7,26.1,"96.568848","92.333746222",18.7,45.8
"Betts, Mookie",605141,2025,32,147,168,40,29,4,1,6,16,18,9.5,10.7,".272",".435",".351","0.786","0.163",".268","1","0","2",".274",".399",".348",".332",".354",".125",".339",".320",".301",".304","67.9",4.3,12.2,10.5,48.1,41.6,"7",10,"88.8","15.8",36.8,3,33.8,"97.500407313","93.031335714",17.6,37.9
"Call, Alex",669743,2025,30,76,97,24,19,4,1,0,11,16,11.3,16.5,".316",".395",".421","0.816","0.079",".353","0","0","3",".266",".367",".367",".349",".391",".101",".348",".322",".353",".310","66.1",0,14.2,12.7,47.2,42.4,"6.6",1,"87.8","12.4",35.7,2.9,30,"97.010784706","92.592876716",12.5,35
"Malloy, Justyn-Henry",669234,2025,25,68,89,13,8,4,0,1,23,18,25.8,20.2,".191",".294",".360","0.654","0.103",".261","1","0","2",".212",".365",".310",".336",".376",".153",".305",".353",".277",".307","70.7",8.5,9.3,6.9,25.8,19.2,"7.1",2,"87.6","21.3",36.2,6.4,34,"97.727834167","92.967404681",27.9,38.9
"Realmuto, J.T.",592663,2025,34,124,139,30,20,6,1,3,35,15,25.2,10.8,".242",".379",".324","0.703","0.137",".314","0","1","0",".265",".442",".313",".342",".344",".177",".375",".420",".337",".369","72.8",32.8,14.9,11.6,26.6,20.7,"7.5",3,"90.8","13.1",38.2,11.2,43.8,"101.485446444","94.955396404",23.2,47.7
"Taylor, Tyrone",621438,2025,31,108,117,26,18,4,3,1,25,3,21.4,2.6,".241",".361",".287","0.648","0.120",".305","4","0","0",".267",".371",".288",".302",".312",".104",".339",".358",".313",".348","70.2",12.5,12.5,9.8,29.2,22.8,"7.6",1,"84.7","19.9",40.5,3.6,34.5,"97.467878095","92.791746024",20.9,49.2
"Lockridge, Brandon",663604,2025,28,44,50,10,6,4,0,0,9,4,18,8,".227",".318",".292","0.610","0.091",".286","0","0","0",".233",".289",".276",".267",".297",".056",".299",".286",".286",".293","71.1",16.9,10.3,7.9,29.4,22.5,"6.7",2,"87.3","3",18.9,0,29.7,"98.104985294","93.22172",25.2,57.8
"Pasquantino, Vinnie",686469,2025,27,161,173,35,23,5,1,6,33,10,19.1,5.8,".217",".373",".266","0.639","0.156",".236","1","2","1",".246",".439",".277",".312",".294",".193",".318",".365",".271",".309","73.7",40.4,18.4,14.8,36.3,29.2,"7.4",6,"91.1","18.3",33.3,9.3,45,"100.788426462","94.767929225",21.6,48.5
"Nimmo, Brandon",607043,2025,32,147,163,33,19,6,0,8,28,13,17.2,8,".224",".429",".288","0.717","0.205",".221","0","1","2",".273",".495",".311",".354",".334",".222",".341",".398",".273",".334","71.9",25,21.4,16.7,38.8,30.3,"7.3",7,"92.5","10.9",30.6,11.6,55.4,"102.152697869","96.001072066",23.4,47.6
"Villar, David",681584,2025,28,14,17,3,2,1,0,0,2,2,11.8,11.8,".214",".286",".353","0.639","0.072",".250","1","0","0",".297",".483",".305",".398",".421",".186",".255",".386",".250",".346","69.4",10.5,21.4,15.8,42.9,31.6,"8",1,"86.5","8.9",33.3,8.3,33.3,"99.862091667","93.931045833",27.3,37.3
"Ozuna, Marcell",542303,2025,34,126,162,33,23,5,0,5,33,34,20.4,21,".262",".421",".420","0.841","0.159",".315","1","1","1",".280",".499",".380",".406",".434",".219",".397",".442",".351",".375","73.8",42.8,19.2,14.4,34.9,26.2,"7.3",1,"92.2","15.7",39.4,11.7,50,"103.432297234","96.500116277",25.5,37.1
"García, Luis",671277,2025,25,129,146,28,20,5,0,3,20,10,13.7,6.8,".217",".326",".274","0.600","0.109",".225","2","0","5",".270",".429",".267",".336",".330",".159",".267",".357",".246",".317","72.2",26.1,15.5,12.6,40.3,32.9,"7.5",7,"89.3","7.4",28.9,6.1,43,"99.834226842","94.349722389",20,49.4
"Barnes, Austin",605131,2025,35,42,44,9,6,3,0,0,14,1,31.8,2.3,".214",".286",".233","0.519","0.072",".321","0","0","0",".230",".310",".230",".244",".248",".080",".328",".350",".321",".345","66.7",1.7,9.3,6.7,34.9,25,"6.4",2,"80.9","4.2",34.5,3.4,20.7,"94.497949286","91.446035714",28.6,42.7
"Candelario, Jeimer",600869,2025,31,80,91,9,5,2,0,2,29,9,31.9,9.9,".113",".212",".198","0.410","0.099",".137","0","0","2",".131",".250",".192",".218",".220",".119",".211",".256",".170",".208","69.5",10.4,8,5.5,28.6,19.6,"8.1",7,"87.3","11.4",20.8,7.5,28.3,"96.216884815","92.187747736",32.3,49.6
"Heim, Jonah",641680,2025,30,109,118,29,22,2,0,5,24,8,20.3,6.8,".266",".422",".322","0.744","0.156",".300","1","0","0",".263",".406",".330",".318",".319",".143",".384",".367",".341",".337","69",3.3,13.7,10.7,38.7,30.4,"7.4",7,"90.1","14.8",34.1,5.9,38.8,"99.380019535","94.205058",25,49.9
"Kurtz, Nick",701762,2025,22,52,59,14,12,1,1,0,23,5,39,8.5,".269",".327",".322","0.649","0.058",".452","0","0","2",".240",".326",".290",".276",".298",".086",".439",".412",".452",".406","77.9",80,19.6,12.2,26.8,16.7,"7.9",3,"93.3","15.5",41.9,3.2,41.9,"103.5221875","96.584460645",39.2,44.5
"Adames, Willy",642715,2025,29,161,182,35,24,7,0,4,47,18,25.8,9.9,".217",".335",".297","0.632","0.118",".277","1","0","2",".210",".385",".286",".299",".293",".175",".334",".355",".302",".296","72",22.3,10.6,8.2,28.5,22,"8.1",3,"88.5","21.3",28.4,10.3,44.8,"99.32631569","93.886167478",25.9,46.8
"Soler, Jorge",624585,2025,33,133,149,31,17,8,0,6,42,11,28.2,7.4,".233",".429",".302","0.731","0.196",".287","3","0","2",".230",".431",".320",".321",".303",".202",".407",".408",".333",".335","74",40.5,16.9,12.7,29.4,21.9,"7.9",4,"89.7","16.8",36.6,12.9,39.8,"101.21847234","94.736024086",28.5,44.4
"Kwan, Steven",680757,2025,27,157,174,52,40,8,0,4,15,15,8.6,8.6,".331",".459",".393","0.852","0.128",".348","1","0","0",".310",".421",".378",".351",".374",".111",".382",".349",".366",".343","63.1",2.3,3.5,3.2,38.8,36.1,"6.3",3,"86.7","11.5",41.3,2.1,22.4,"95.433417681","91.728963261",8.2,41.2
"Burleson, Alec",676475,2025,26,111,119,29,23,4,0,2,18,8,15.1,6.7,".261",".351",".311","0.662","0.090",".297","0","1","0",".234",".355",".294",".279",".286",".121",".321",".301",".312",".279","71.9",25.1,12.9,11,38,32.5,"7.6",4,"90.5","15.7",24.7,3.2,39.8,"100.333453913","94.388496087",17.5,52.4
"Hinds, Rece",677956,2025,24,10,11,2,0,1,0,1,6,1,54.5,9.1,".200",".600",".273","0.873","0.400",".333","0","0","0",".139",".395",".368",".263",".217",".256",".838",".549",".500",".347","74.2",45,25,10,25,10,"8.4",1,"91.4","9",50,25,50,"104.169225","96.569675",63.6,51.2
"Holliday, Jackson",702616,2025,21,110,122,29,22,2,1,4,30,10,24.6,8.2,".264",".409",".336","0.745","0.145",".329","2","0","0",".262",".436",".333",".337",".335",".174",".402",".408",".362",".360","70.8",9.7,16.5,13.1,34.5,27.4,"6.8",5,"90.5","9",37.5,7.5,43.8,"100.88196625","94.805333544",23.1,45
"Wade Jr., LaMonte",664774,2025,31,110,127,16,8,6,1,1,29,15,22.8,11.8,".145",".245",".246","0.491","0.100",".185","0","1","1",".201",".304",".226",".269",".295",".103",".225",".291",".195",".270","70.1",5.3,9.9,8,37.1,29.8,"6.8",5,"89.2","26.6",33.7,3.6,28.9,"97.393871463","92.826075488",21.7,39.1
"Stowers, Kyle",669065,2025,27,129,149,37,25,4,1,7,43,16,28.9,10.7,".287",".496",".365","0.861","0.209",".370","1","1","2",".287",".529",".373",".385",".370",".241",".496",".516",".420",".428","74.6",46,19.3,12.6,27.5,18,"6.7",14,"90.2","11.4",43.8,20.2,48.3,"103.221519091","95.754687841",36.9,55
"Manzardo, Kyle",700932,2025,24,120,142,25,12,3,1,9,38,18,26.8,12.7,".208",".475",".310","0.785","0.267",".211","1","1","3",".199",".460",".337",".327",".304",".261",".410",".393",".294",".284","71.7",14.4,12.3,8.8,32.9,23.6,"7.6",6,"89.4","19.9",30.6,15.3,43.5,"100.139516047","94.555213529",28,43.6
"Buxton, Byron",621439,2025,31,148,161,39,22,5,3,9,54,8,33.5,5,".264",".520",".304","0.824","0.256",".341","2","1","2",".243",".489",".350",".331",".292",".246",".511",".481",".402",".381","74.8",45.5,19.5,13.7,30.3,21.3,"8",6,"91.1","15",36.1,16.5,55.7,"103.392191633","96.539950928",33.8,51.7
"Peguero, Liover",678894,2025,24,9,10,2,2,0,0,0,3,0,30,0,".222",".222",".300","0.522","0.000",".333","0","0","0",".155",".173",".252",".203",".240",".018",".298",".216",".333",".233","72.2",7.1,40,28.6,40,28.6,"7.4",0,"92","9.9",0,0,66.7,"102.5453","97.246303333",26.7,55.6
"Contreras, Willson",575929,2025,33,149,171,38,26,6,0,6,42,15,24.6,8.8,".255",".416",".347","0.763","0.161",".317","6","1","0",".277",".493",".340",".371",".367",".215",".405",".454",".355",".386","76",58.4,17.6,12.6,27.9,19.9,"7.9",2,"89.5","5.7",38.9,11.1,42.6,"102.550481667","95.472613738",29,48.6
"Cabrera, Oswaldo",665828,2025,26,103,117,25,20,4,0,1,25,10,21.4,8.5,".243",".311",".319","0.630","0.068",".308","2","0","1",".248",".304",".289",".285",".324",".056",".317",".312",".316",".324","69.2",1.6,11,8.2,40.4,30.2,"7.3",0,"89.7","8.5",32.5,0,36.3,"98.032560256","93.218021169",24.8,48.4
"Taveras, Leody",665750,2025,26,93,97,22,16,4,1,1,30,2,30.9,2.1,".237",".333",".250","0.583","0.096",".333","0","0","1",".189",".246",".255",".197",".204",".057",".361",".274",".344",".275","70.8",14,9.2,6.7,28.3,20.7,"7.3",0,"86.8","24.1",21.5,3.1,26.2,"97.185445667","92.600084667",26.4,52.6
"India, Jonathan",663697,2025,28,143,166,32,23,8,0,1,26,21,15.7,12.7,".224",".301",".325","0.626","0.077",".265","1","0","1",".255",".380",".291",".331",".357",".125",".278",".335",".271",".316","71.5",19,11.8,9.9,36.8,31,"7.3",7,"89.7","18.7",36.4,5.9,38.1,"98.499395763","93.539062881",18.5,39.5
"Steer, Spencer",668715,2025,27,133,147,25,17,5,0,3,36,13,24.5,8.8,".188",".293",".265","0.558","0.105",".234","1","0","0",".214",".327",".256",".276",".289",".114",".287",".317",".258",".293","70.8",5.9,8.5,6.3,30.2,22.3,"7.5",4,"86.7","13.2",29.9,7.2,28.9,"97.14925449","92.665475567",27.1,48.6
"Campero, Gustavo",672569,2025,27,10,12,2,2,0,0,0,2,2,16.7,16.7,".200",".200",".333","0.533","0.000",".250","0","0","0",".221",".281",".265",".296",".351",".060",".224",".270",".250",".277","68",4.3,5.9,4.3,29.4,21.7,"6.7",1,"80.5","13.8",25,0,25,"92.9535975","91.24364875",24,46.3
"Hayes, Ke'Bryan",663647,2025,28,146,157,37,32,3,1,1,30,8,19.1,5.1,".253",".308",".301","0.609","0.055",".313","2","0","0",".252",".355",".277",".289",".300",".103",".311",".329",".319",".317","70.8",11.6,18.5,14.3,42.8,33,"6.7",3,"90.9","10.5",27.4,5.1,46.2,"100.655677414","94.917411826",22.1,43.2
"Clemens, Kody",665019,2025,29,23,26,3,0,2,0,1,5,1,19.2,3.8,".130",".348",".231","0.579","0.218",".118","2","0","0",".289",".608",".261",".415",".371",".319",".257",".480",".167",".370","73.1",16.7,21.9,16.7,40.6,31,"7.2",0,"92","9.2",33.3,11.1,44.4,"102.581833333","96.076995556",22.4,47.1
"Norby, Connor",681393,2025,25,73,78,18,12,5,0,1,25,3,32.1,3.8,".247",".356",".295","0.651","0.109",".362","2","0","0",".213",".417",".291",".293",".263",".204",".399",".403",".375",".324","69.9",7,13.7,10.1,32.6,24,"7",9,"87.9","14.6",41.7,10.4,43.8,"99.723381667","94.210126875",31.5,53.7
"Mead, Curtis",678554,2025,24,59,66,10,9,1,0,0,18,4,27.3,6.1,".169",".186",".242","0.428","0.017",".238","2","0","1",".236",".322",".206",".281",".304",".086",".222",".341",".238",".335","72.9",34.9,11.7,10.1,27.7,23.9,"6.9",1,"88.7","17.4",31,4.8,35.7,"99.301957143","93.822650244",16.5,44.2
"McCutchen, Andrew",457705,2025,38,115,134,29,19,7,0,3,21,16,15.7,11.9,".252",".391",".346","0.737","0.139",".283","1","0","0",".282",".491",".328",".371",".371",".209",".338",".397",".305",".341","70.9",8.7,15.8,12.3,36.8,28.8,"7.7",5,"89.1","11.3",29.5,12.6,42.1,"99.661463125","94.231627158",24.4,44.1
"Koss, Christian",683766,2025,27,47,52,10,10,0,0,0,14,3,26.9,5.8,".213",".213",".275","0.488","0.000",".303","1","0","0",".269",".424",".231",".328",".326",".155",".271",".422",".303",".383","69.5",4.5,14.3,9,37.5,23.6,"7.1",1,"90.5","2.8",29.4,5.9,38.2,"100.58453375","94.857048387",35.3,55.7
"McLain, Matt",680574,2025,25,121,145,20,14,1,0,5,46,20,31.7,13.8,".165",".298",".299","0.597","0.133",".214","3","0","0",".202",".386",".280",".321",".330",".184",".323",".402",".267",".327","70.4",9.2,12.2,8.7,32,22.7,"6.9",4,"90.6","17.7",32.9,11.8,47.4,"100.846418378","94.764617297",29.6,39.6
"Carpenter, Kerry",681481,2025,27,134,141,38,23,5,1,9,25,3,17.7,2.1,".284",".537",".307","0.844","0.253",".287","2","0","1",".270",".565",".363",".366",".298",".294",".430",".434",".345",".334","71.6",16.2,16.5,13.1,38.8,30.8,"7.4",3,"91.2","21.7",37.3,14.5,46.4,"100.884741273","95.198294679",22.3,57.6
"Toro, Abraham",647351,2025,28,14,14,2,2,0,0,0,2,0,14.3,0,".143",".143",".143","0.286","0.000",".167","0","0","0",".193",".251",".128",".189",".193",".058",".149",".221",".167",".225","68.5",3.8,4.8,3.8,33.3,26.9,"7.7",1,"83.4","17.3",33.3,0,33.3,"95.451158333","92.0442875",24.1,59.2
"Simpson, Chandler",802415,2025,24,73,79,19,16,3,0,0,10,4,12.7,5.1,".260",".301",".295","0.596","0.041",".297","0","0","1",".277",".318",".268",".291",".323",".040",".283",".311",".297",".331","64.2",0,3.2,2.8,49.5,43.4,"6.4",1,"84.2","0.6",29.7,0,14.1,"92.698222903","90.656879344",13.4,51.6
"Rortvedt, Ben",666163,2025,27,45,51,4,3,1,0,0,9,6,17.6,11.8,".089",".111",".196","0.307","0.022",".111","0","0","0",".151",".212",".160",".220",".251",".061",".110",".195",".111",".188","69.3",4.8,6.1,4.8,21.2,16.9,"7",0,"80.1","18.1",22.2,2.8,13.9,"91.606877778","90.228003429",18.3,42.5
"Ahmed, Nick",605113,2025,35,9,10,0,0,0,0,0,3,1,30,10,".000",".000",".100","0.100","0.000",".000","0","0","0",".163",".181",".070",".206",".247",".018",".000",".228",".000",".245","68.8",0,0,0,44.4,25,"7.4",0,"83.4","13.2",16.7,0,16.7,"93.38864","90.69432",50,58.1
"Keith, Colt",690993,2025,23,103,122,22,16,2,0,4,25,19,20.5,15.6,".214",".350",".336","0.686","0.136",".243","0","0","0",".269",".471",".315",".374",".382",".203",".323",".415",".282",".355","70.2",8.7,13.9,11,30.7,24.4,"6.7",3,"86.2","7.2",35.9,9,34.6,"98.953142564","93.482633205",22.4,39.6
"Canha, Mark",592192,2025,36,43,49,11,9,2,0,0,9,4,18.4,8.2,".256",".302",".327","0.629","0.046",".314","1","0","1",".243",".317",".288",".299",".327",".074",".303",".318",".314",".315","69",7.5,13.1,10,36.1,27.5,"7.5",5,"87.6","20.3",37.1,0,37.1,"98.081772222","93.292434286",27.5,46.4
"Paredes, Isaac",670623,2025,26,140,166,37,26,6,1,4,29,24,17.5,14.5,".264",".407",".380","0.787","0.143",".308","2","0","0",".250",".357",".356",".330",".368",".107",".368",".329",".333",".316","68.5",7.5,9.1,7.9,27.4,23.7,"8",3,"85.7","17.6",39.6,3.6,31.5,"97.33950625","92.713061892",15.2,39.9
"Suzuki, Seiya",673548,2025,30,152,166,37,19,7,2,9,49,13,29.5,7.8,".243",".493",".301","0.794","0.250",".295","0","0","1",".258",".496",".343",".347",".316",".238",".460",".467",".356",".379","72.6",31.5,17.4,13.5,32.3,25.1,"7.3",8,"92.5","17.2",43.3,15.4,50,"103.322456346","96.072751538",24.6,42.4
"Rocchio, Brayan",677587,2025,24,91,102,15,12,3,0,0,21,5,20.6,4.9,".165",".198",".235","0.433","0.033",".208","4","0","2",".232",".314",".205",".278",".300",".081",".202",".305",".208",".301","70.6",9.1,10,7.3,34.2,25,"7.4",3,"86.1","7.5",33.3,2.8,30.6,"96.876021389","92.461057639",26,53.8
"Mitchell, Garrett",669003,2025,26,68,78,14,9,4,1,0,25,7,32.1,9,".206",".294",".286","0.580","0.088",".318","1","0","1",".236",".345",".265",".293",".313",".108",".335",".385",".318",".365","76.1",70.3,17.6,12.7,24.7,17.8,"7.4",6,"90.4","10.8",28.9,6.7,42.2,"101.702092273","95.23852186",30.9,44.9
"Sánchez, Jesús",660821,2025,27,75,85,16,13,2,0,1,21,8,24.7,9.4,".213",".280",".294","0.574","0.067",".278","1","0","1",".236",".404",".265",".314",".314",".169",".295",".371",".291",".321","74.9",50.7,17.3,12.7,26.9,19.7,"6.9",4,"89.1","9.8",27.3,7.3,36.4,"100.378738571","94.409769091",29.6,48.9
"Jeffers, Ryan",680777,2025,28,105,119,26,16,8,0,2,22,12,18.5,10.1,".248",".381",".336","0.717","0.133",".296","2","0","0",".254",".453",".323",".347",".343",".199",".345",".379",".313",".322","71.3",21,16,13,37.4,30.2,"7.2",3,"89.7","15.7",30.1,7.2,45.8,"101.111579756","94.802637927",20.7,38.6
"Altuve, Jose",514888,2025,35,147,159,38,29,5,0,4,29,11,18.2,6.9,".259",".374",".308","0.682","0.115",".296","0","1","1",".221",".345",".301",".271",".275",".124",".341",".302",".319",".275","68.4",4.3,8.5,6.8,33.5,26.9,"7.5",6,"84.8","14.1",18.5,5,32.8,"96.88886569","92.453484052",21.9,48.2
"Verdugo, Alex",657077,2025,29,83,90,20,13,7,0,0,9,6,10,6.7,".241",".325",".300","0.625","0.084",".270","1","0","0",".276",".371",".283",".311",".332",".095",".277",".312",".270",".309","67.4",5.5,14.1,12.8,42.4,38.5,"6.2",1,"89.7","10.8",29.7,2.7,41.9,"99.738603514","94.209450811",11.1,37.3
"García, Adolis",666969,2025,32,142,157,32,19,8,0,5,36,8,22.9,5.1,".225",".387",".274","0.661","0.162",".257","3","0","4",".251",".482",".289",".342",".304",".232",".342",".418",".291",".334","71.8",21.3,17.2,12.2,38.4,27.3,"7.6",5,"92.1","21.6",32.7,14.5,48.2,"101.500732182","95.346989909",30.1,55.2
"Matos, Luis",682641,2025,23,54,57,10,5,2,0,3,7,3,12.3,5.3,".185",".389",".228","0.617","0.204",".159","0","0","0",".248",".428",".269",".308",".288",".180",".282",".329",".213",".285","71.6",15.6,16.9,14.4,35.1,30,"7.2",1,"88.7","9.8",29.8,8.5,38.3,"99.356120417","93.808295957",18.3,50.5
"Nido, Tomás",621512,2025,31,32,34,11,11,0,0,0,10,0,29.4,0,".344",".344",".364","0.708","0.000",".500","1","0","0",".268",".338",".320",".276",".290",".070",".447",".381",".500",".390","68.9",1.7,13.6,10.3,31.8,24.1,"7.7",0,"87.3","7",34.8,0,39.1,"99.019854545","93.652425909",25.8,57.9
"Benintendi, Andrew",643217,2025,30,85,95,19,14,0,0,5,17,8,17.9,8.4,".224",".400",".298","0.698","0.176",".222","1","0","0",".219",".454",".311",".323",".296",".235",".337",".355",".279",".276","69.4",3.1,10.9,8.2,37,27.7,"7.2",3,"88.3","23.6",32.4,11.8,36.8,"98.516506364","93.378388182",25.4,48.4
"Yelich, Christian",592885,2025,33,144,165,30,20,3,0,7,45,19,27.3,11.5,".208",".375",".303","0.678","0.167",".247","1","1","1",".244",".397",".302",".322",".336",".153",".363",".396",".300",".354","72.7",30.3,16.4,11.7,28.7,20.4,"7.5",8,"90.7","-1.2",26,5,49,"102.2108576","95.413333737",31.7,44.5
"Lux, Gavin",666158,2025,27,131,151,37,26,9,1,1,35,20,23.2,13.2,".282",".389",".377","0.766","0.107",".379","0","0","0",".257",".368",".347",".325",".355",".112",".400",".366",".385",".350","69.3",3.5,13.2,10.5,37.4,29.8,"7.4",6,"88.9","8.5",38.5,5.2,39.6,"98.057831875","93.124810521",22,41
"Cronenworth, Jake",630105,2025,31,45,59,12,7,2,0,3,10,11,16.9,18.6,".267",".511",".424","0.935","0.244",".273","1","0","1",".260",".416",".410",".376",".419",".156",".418",".363",".333",".326","71.2",10.1,14.9,12.7,35.8,30.4,"7.2",1,"89.5","13",22.2,5.6,44.4,"100.784982222","94.831825278",16.7,36.6
"Smith, Josh",669701,2025,27,114,130,36,27,4,1,4,23,14,17.7,10.8,".316",".474",".395","0.869","0.158",".368","0","1","0",".291",".443",".383",".357",".374",".152",".430",".394",".396",".365","69.4",4.9,11,8.9,37.2,30,"6.8",2,"88.4","9.8",34.8,6.5,35.9,"98.186060222","93.324583146",18.3,46.6
"Gonzalez, Oscar",660757,2025,27,59,61,13,12,1,0,0,13,2,21.3,3.3,".220",".237",".246","0.483","0.017",".283","0","0","0",".267",".396",".220",".297",".291",".129",".261",".364",".283",".342","73.3",35.9,14.9,10.9,25.5,18.8,"7",3,"89.1","2.5",34.8,6.5,45.7,"100.983558261","94.74139413",27.1,66.7
"Merrill, Jackson",701538,2025,22,56,61,25,17,4,0,4,10,3,16.4,4.9,".446",".732",".475","1.207","0.286",".488","1","0","1",".368",".743",".515",".476",".404",".375",".609",".558",".532",".439","72.8",31,24.7,20,37,30,"7.4",0,"92.2","11",46.8,21.3,51.1,"103.417682083","96.636012553",19.1,59
"Dalbec, Bobby",666915,2025,30,18,21,4,3,1,0,0,6,3,28.6,14.3,".222",".278",".333","0.611","0.056",".333","0","0","0",".177",".236",".288",".258",".301",".059",".330",".279",".333",".274","73.3",43.8,9.5,6.3,19,12.5,"7.2",1,"84.6","22.7",25,0,25,"93.579386667","91.948094545",35.1,42.5
"Langford, Wyatt",694671,2025,23,114,133,30,18,6,0,6,30,16,22.6,12,".263",".474",".353","0.827","0.211",".300","1","0","2",".240",".453",".362",".348",".339",".214",".421",".399",".349",".326","73.9",37.3,15.1,11.8,33.3,26,"7.1",1,"89.8","15.6",31.4,10.5,43,"100.771444419","94.727239884",22.8,45.8
"Garcia, Maikel",672580,2025,25,144,162,44,29,10,1,4,24,16,14.8,9.9,".306",".472",".373","0.845","0.166",".342","0","0","1",".309",".489",".371",".374",".376",".180",".402",".406",".364",".368","71.9",17.5,23.5,20.3,41.2,35.5,"7.3",6,"92.4","8.7",36.9,6.6,49.2,"102.278594667","95.660075294",15.8,40
"Conine, Griffin",665052,2025,27,64,71,18,10,7,0,1,19,7,26.8,9.9,".281",".438",".352","0.790","0.157",".386","0","0","0",".255",".429",".350",".331",".328",".175",".443",".414",".400",".362","74.5",46.5,20.8,14,35.1,23.7,"7.5",0,"91.6","8.8",37.8,15.6,51.1,"102.563045217","95.798960667",32.5,45
"d'Arnaud, Travis",518595,2025,36,49,52,10,6,4,0,0,15,2,28.8,3.8,".204",".286",".250","0.536","0.082",".294","1","0","0",".213",".338",".242",".262",".258",".125",".307",".338",".294",".307","70.2",11,15.9,11,36.5,25.3,"7.8",0,"90.5","10.3",29.4,8.8,44.1,"100.147445294","94.906422353",29.9,53.8
"Pages, Andy",681624,2025,24,140,152,40,27,6,1,6,36,9,23.7,5.9,".286",".471",".342","0.813","0.185",".347","3","0","0",".245",".393",".358",".306",".305",".148",".441",".366",".385",".330","72.8",21.5,9.5,7.6,25.1,20.1,"7.9",8,"88.5","16.5",40.4,6.7,33.7,"98.133527115","93.098760096",21.8,53
"Ramos, Heliot",671218,2025,25,151,170,42,25,10,0,7,40,13,23.5,7.6,".278",".483",".347","0.830","0.205",".330","3","0","1",".267",".513",".363",".365",".339",".246",".439",".444",".372",".360","73.5",40.8,16.3,12.8,28.5,22.4,"6.7",8,"91.2","8.3",33.6,14.2,46.9,"102.985347719","95.85608469",23.8,51.2
"Rosario, Amed",642708,2025,29,71,73,20,13,5,0,2,10,2,13.7,2.7,".282",".437",".301","0.738","0.155",".305","0","0","0",".316",".507",".323",".361",".335",".191",".363",".409",".328",".368","73.1",29.9,19.3,15,45.8,35.5,"7.4",1,"91.8","13.5",36.1,6.6,44.3,"101.653698065","95.256246721",25,53.7
"Murphy, Sean",669221,2025,30,87,101,20,9,4,0,7,33,10,32.7,9.9,".230",".517",".337","0.854","0.287",".277","4","0","0",".225",".457",".372",".345",".332",".232",".513",".462",".370",".362","72.4",34.6,13.5,10.7,22.2,17.6,"7.8",13,"89.6","6.9",33.3,14.8,44.4,"103.038402593","95.71521037",25.8,43.4
"Allen, Nick",669397,2025,26,101,110,27,23,4,0,0,26,6,23.6,5.5,".267",".307",".321","0.628","0.040",".360","2","0","0",".241",".285",".287",".264",".298",".044",".342",".309",".360",".326","64.3",0,6.3,5,31.9,25.7,"6.3",4,"84.9","11.7",34.2,0,28,"95.325550811","91.834962329",20.6,50.7
"Keaschall, Luke",807712,2025,22,19,26,7,4,3,0,0,2,5,7.7,19.2,".368",".526",".538","1.064","0.158",".412","2","0","0",".282",".470",".475",".423",".475",".188",".435",".356",".412",".315","64.5",3,10.3,9.1,48.3,42.4,"6.3",3,"90.8","15.8",47.1,11.8,41.2,"98.505593333","93.863065882",17.5,42.1
"Suwinski, Jack",669261,2025,26,39,45,5,4,1,0,0,19,6,42.2,13.3,".128",".154",".244","0.398","0.026",".250","0","1","0",".223",".403",".190",".314",".327",".180",".242",".515",".250",".435","74.2",45.8,12.8,8.3,21.3,13.9,"7.6",3,"89.5","21.6",50,15,45,"102.369113","95.4528285",37.3,40.5
"Canario, Alexander",672744,2025,25,50,56,8,4,2,0,2,15,6,26.8,10.7,".160",".320",".250","0.570","0.160",".182","0","0","0",".230",".557",".258",".367",".312",".327",".294",".468",".229",".328","77.1",75,24.5,14.1,34,19.6,"8.1",0,"90.4","14.1",31.4,22.9,48.6,"102.551371111","95.659550571",40.2,52.3
"Grichuk, Randal",545341,2025,33,56,60,12,3,8,0,1,15,4,25,6.7,".214",".411",".267","0.678","0.197",".275","0","1","0",".242",".419",".289",".300",".293",".177",".364",".381",".293",".331","73.9",35.7,20.8,16.3,33.8,26.5,"7.8",3,"90.4","12.4",31.7,12.2,53.7,"103.130978095","96.374687561",20,48.2
"Moncada, Yoán",660162,2025,30,42,51,10,4,3,1,2,13,8,25.5,15.7,".238",".500",".373","0.873","0.262",".296","1","0","0",".213",".396",".382",".338",".352",".183",".454",".376",".345",".309","71.6",23.1,16.3,12.3,34.7,26.2,"7.3",4,"89.1","14.9",31,13.8,34.5,"99.536687333","94.035566897",28.4,42
"Massey, Michael",686681,2025,27,132,141,28,22,5,0,1,22,3,15.6,2.1,".212",".273",".229","0.502","0.061",".239","1","0","4",".240",".338",".221",".259",".259",".097",".247",".293",".246",".283","70.1",5.8,10,8.3,33.3,27.8,"7.2",0,"87.4","23",34.8,3.5,32.2,"97.276801754","92.688778938",17.4,52.4
"Lee, Brooks",686797,2025,24,87,93,22,15,4,0,3,14,6,15.1,6.5,".253",".402",".301","0.703","0.149",".271","0","0","0",".252",".447",".311",".324",".300",".195",".339",".355",".301",".300","71.1",16.3,15.4,11.8,39.3,30.1,"7.3",6,"89.2","15.8",31.5,11,41.1,"98.588415946","93.646853288",25,48.4
"Edwards, Xavier",669364,2025,25,158,181,41,37,3,1,0,30,19,16.6,10.5,".259",".291",".339","0.630","0.032",".315","1","1","2",".243",".291",".289",".283",".326",".048",".296",".287",".315",".298","66.4",0.8,4.5,4,34.1,29.9,"6.4",2,"85.6","10.6",30.5,0,25.2,"95.617888548","91.808944274",11.9,46.6
"Raley, Luke",670042,2025,30,68,84,14,10,2,0,2,20,10,23.8,11.9,".206",".324",".345","0.669","0.118",".255","5","0","1",".260",".432",".313",".373",".393",".172",".319",".423",".286",".368","74.3",44,18.8,11.4,29.7,18.1,"7.2",2,"91.6","8.8",34.7,14.3,49,"104.182983333","96.968290638",38,55.5
"Wagner, Will",695238,2025,26,59,68,11,9,2,0,0,15,8,22.1,11.8,".186",".220",".284","0.504","0.034",".250","0","0","0",".216",".276",".241",".271",".310",".060",".241",".286",".250",".290","68.6",2.4,7.4,5.5,28.4,21.3,"6.4",1,"88","10.2",28.9,2.2,37.8,"97.559690909","92.92367907",24.2,50.2
"Durbin, Caleb",702332,2025,25,69,80,14,10,3,0,1,4,4,5,5,".203",".290",".291","0.581","0.087",".200","5","0","1",".223",".300",".269",".278",".309",".076",".225",".236",".212",".234","68.5",1.8,6.3,5.5,38.5,33.9,"6.8",1,"83.7","9.6",23.9,0,22.4,"94.657107273","91.416321846",13,44.6
"Miller, Owen",680911,2025,28,11,13,2,2,0,0,0,2,2,15.4,15.4,".182",".182",".308","0.490","0.000",".222","0","0","0",".231",".248",".245",".293",".359",".017",".199",".264",".222",".289","70.2",10,11.1,10,22.2,20,"6.5",1,"77.9","1.1",11.1,0,22.2,"97.649245","92.8246225",12.5,50
"Hamilton, David",666152,2025,27,48,51,7,5,1,0,1,13,2,25.5,3.9,".146",".229",".180","0.409","0.083",".176","0","0","0",".174",".231",".184",".196",".207",".057",".224",".240",".200",".239","70.8",10.7,9.1,6.7,27.3,20,"7.4",5,"83.5","17",22.2,2.8,19.4,"93.181587647","90.994346176",27.9,51.5
"Carroll, Corbin",682998,2025,24,171,190,47,23,8,5,11,47,15,24.7,7.9,".275",".573",".347","0.920","0.298",".319","4","1","0",".288",".603",".394",".406",".360",".315",".498",".518",".379",".399","74.9",47.9,21.3,15.9,31.7,23.6,"7.3",7,"93.8","15.1",29.8,16.1,54.8,"105.313107213","97.672225164",26.7,49.5
"Haase, Eric",606992,2025,32,24,27,7,4,1,0,2,9,2,33.3,7.4,".292",".583",".346","0.929","0.291",".385","0","0","0",".283",".582",".400",".390",".338",".299",".601",".583",".467",".453","72",17.6,9.4,5.9,21.9,13.7,"7.2",0,"85.2","6.7",37.5,18.8,25,"97.274665","93.238816667",35.6,48.8
"Andujar, Miguel",609280,2025,30,108,116,33,27,3,1,2,13,6,11.2,5.2,".306",".407",".336","0.743","0.101",".326","0","0","2",".276",".377",".327",".309",".316",".101",".348",".326",".340",".316","71.4",18,13.8,11.6,34.6,29.1,"7.6",3,"87.8","9.6",33,4.1,37.1,"99.50872102","93.869987732",16.7,49.4
"Pauley, Graham",688363,2025,24,64,71,14,9,5,0,0,18,5,25.4,7,".219",".297",".271","0.568","0.078",".298","0","0","1",".219",".307",".256",".273",".280",".088",".307",".333",".298",".311","70.7",9.4,14.7,10.4,37.3,26.4,"7.3",3,"88.1","13.6",33.3,6.3,39.6,"99.16727625","93.708659574",29,46.4
"Lindor, Francisco",596019,2025,31,163,185,49,33,7,0,9,29,13,15.7,7,".301",".509",".368","0.877","0.208",".313","6","0","3",".289",".507",".382",".377",".363",".218",".417",".411",".358",".351","70.4",15.9,12.2,10,30.3,24.9,"7.5",4,"89.6","12",29.2,9.5,43.1,"100.692170299","94.63051097",18.1,47.3
"Hernández, Teoscar",606192,2025,32,130,136,41,22,10,0,9,25,4,18.4,2.9,".315",".600",".333","0.933","0.285",".330","0","0","1",".316",".535",".399",".370",".334",".219",".482",".445",".387",".388","72.4",27.7,18.8,13.4,31.3,22.3,"7.9",4,"86.9","11.6",39.6,10.4,39.6,"100.677172264","94.342104623",28.9,52
"Santana, Carlos",467793,2025,39,137,160,31,24,3,0,4,29,17,18.1,10.6,".226",".336",".319","0.655","0.110",".252","3","1","3",".220",".356",".295",".299",".317",".136",".303",".308",".279",".276","71.9",20.3,16.7,12.6,28,21.1,"7.6",3,"88","14.5",27,7.2,39.6,"100.559716071","94.357787117",24.3,44.2
"Sosa, Lenyn",672820,2025,25,140,145,36,28,6,0,2,35,4,24.1,2.8,".257",".343",".278","0.621","0.086",".330","0","0","0",".281",".439",".275",".318",".301",".159",".351",".411",".343",".376","71.4",16.5,14.3,11.2,36,28.1,"7.4",4,"90.4","18.5",40.6,6.6,39.6,"100.016759808","94.550441359",23.8,56.2
"Vientos, Mark",668901,2025,25,136,152,32,21,5,1,5,31,15,20.4,9.9,".235",".397",".309","0.706","0.162",".267","0","0","1",".243",".390",".313",".311",".317",".147",".351",".348",".302",".313","69.9",6,11.8,8.4,38.2,27.3,"7.5",8,"90.5","11.6",37.7,6.6,42.5,"100.190968679","94.573214811",29.8,48.7
"Happ, Ian",664023,2025,30,160,187,43,31,9,0,3,35,24,18.7,12.8,".269",".381",".364","0.745","0.112",".323","1","0","2",".284",".450",".336",".366",".379",".166",".358",".402",".339",".362","72.1",19.2,14,11,32,25,"7",2,"89.4","17.8",38.6,8.7,40.9,"100.691994444","94.634685952",21.7,44.6
"Tauchman, Mike",643565,2025,34,10,12,4,4,0,0,0,2,2,16.7,16.7,".400",".400",".500","0.900","0.000",".500","0","0","0",".336",".393",".414",".381",".447",".056",".447",".397",".500",".420","68.2",12,0,0,18.2,16,"7",0,"81.1","22",25,0,12.5,"90.466505","90.0010725",17.2,42.6
"Nootbaar, Lars",663457,2025,27,156,187,38,23,9,0,6,28,30,15,16,".244",".417",".369","0.786","0.173",".262","1","2","0",".274",".473",".350",".377",".395",".198",".348",".386",".297",".334","74.5",48.3,23,18.9,37.8,31.1,"7",4,"91.8","17.7",34.4,11.7,50.8,"102.682452031","95.876379219",17,36.3
"Pereda, Jhonny",640902,2025,29,31,34,6,5,1,0,0,12,3,35.3,8.8,".194",".226",".265","0.491","0.032",".316","0","0","0",".182",".241",".231",".228",".254",".059",".302",".297",".316",".297","70.7",9.1,16.7,10.9,27.8,18.2,"7.3",1,"89.2","-1",31.6,0,52.6,"99.873916","94.249429474",33.3,42.3
"Bouchard, Sean",656248,2025,29,60,66,10,8,0,1,1,25,6,37.9,9.1,".167",".250",".242","0.492","0.083",".265","0","0","0",".182",".239",".228",".229",".257",".057",".310",".311",".286",".313","72.7",21.6,8.8,5.7,26.3,17,"7.4",4,"87.4","17.4",28.6,0,34.3,"97.338798889","92.802810857",37.5,43.5
"Kiner-Falefa, Isiah",643396,2025,30,100,109,28,24,3,1,0,20,7,18.3,6.4,".280",".330",".333","0.663","0.050",".350","1","0","0",".259",".316",".301",".283",".314",".058",".336",".312",".350",".323","65.9",1.4,10.5,8.8,37.1,31.1,"6.9",1,"86.9","8.2",37,0,32.1,"97.080485128","92.599216667",16.7,44.1
"Pagés, Pedro",686780,2025,26,98,105,24,14,8,0,2,23,5,21.9,4.8,".245",".388",".286","0.674","0.143",".297","1","0","1",".230",".341",".296",".272",".274",".112",".353",".321",".316",".300","72.6",29.2,14.8,11.9,26.8,21.6,"7.1",6,"88.8","15.6",32.9,5.3,36.8,"99.311720263","93.788982",21.5,50.6
"Wood, James",695578,2025,22,157,182,43,23,10,0,10,48,24,26.4,13.2,".274",".529",".374","0.903","0.255",".333","1","0","0",".261",".544",".393",".388",".364",".283",".496",".489",".394",".378","75.7",61.3,21.7,16.2,32.1,23.9,"7.5",6,"93.7","3.2",29.4,15.6,58.7,"105.99317","97.964270187",27,39
"Mountcastle, Ryan",663624,2025,28,128,137,29,19,8,0,2,33,6,24.1,4.4,".227",".336",".263","0.599","0.109",".284","1","0","2",".265",".453",".265",".324",".301",".188",".323",".407",".299",".353","75.2",54.8,16.4,11.8,30.7,22.1,"7.6",6,"91.5","10.8",36.1,13.4,51.5,"102.270902041","95.948125876",29.5,55.5
"O'Neill, Tyler",641933,2025,30,72,84,15,9,3,1,2,22,8,26.2,9.5,".208",".361",".298","0.659","0.153",".260","2","0","2",".227",".486",".289",".337",".314",".259",".339",".416",".288",".315","74",42.4,17.2,11.8,29.3,20.1,"7.7",2,"87.9","22.3",26.9,15.4,38.5,"100.680175385","94.440078077",31.3,48.8
"Abrams, CJ",682928,2025,24,111,124,35,22,7,2,4,23,8,18.5,6.5,".315",".523",".374","0.897","0.208",".365","3","0","1",".312",".533",".389",".388",".372",".221",".451",".449",".393",".391","73",30.5,16,12.1,33.3,25.3,"7.6",6,"90.7","16.2",37.8,11.1,44.4,"100.702246222","94.680632921",24.7,48.6
"Fairchild, Stuart",656413,2025,29,23,23,1,0,0,1,0,7,0,30.4,0,".043",".130",".043","0.173","0.087",".063","0","0","0",".163",".363",".070",".221",".163",".200",".101",".317",".063",".235","69.4",8.8,16.7,11.8,29.2,20.6,"7.3",3,"83.5","35.5",31.3,18.8,25,"95.35276","91.991407143",30,54.8
"Diaz, Yainer",673237,2025,26,130,135,31,21,5,1,4,25,4,18.5,3,".238",".385",".267","0.652","0.147",".267","1","0","0",".266",".473",".286",".328",".294",".207",".334",".388",".295",".330","71.8",13.6,13.5,10.7,32.8,25.9,"7.4",5,"89.1","12.5",34.3,9.5,35.2,"99.051549057","93.637937429",22.3,58.2
"Biggio, Cavan",624415,2025,30,53,65,10,9,0,0,1,15,9,23.1,13.8,".189",".245",".317","0.562","0.056",".243","1","0","0",".211",".317",".272",".302",".336",".106",".267",".316",".263",".294","67.5",6.1,6.3,4.9,42.2,32.9,"7",2,"89.2","22",30,2.5,32.5,"96.863334211","92.830069474",23.7,37.6
"Walker, Jordan",691023,2025,23,118,131,22,18,2,0,2,41,10,31.3,7.6,".186",".254",".260","0.514","0.068",".263","2","0","1",".194",".307",".239",".260",".268",".113",".292",".328",".282",".296","77.7",76,13,8.7,22.8,15.3,"8.1",3,"90.9","12.1",29.5,5.1,43.6,"101.77759359","95.088067949",34.3,49.6
"Thomas, Lane",657041,2025,29,45,48,7,6,1,0,0,15,1,31.3,2.1,".156",".178",".188","0.366","0.022",".226","1","0","1",".182",".220",".168",".199",".216",".038",".214",".261",".226",".270","73.3",23.1,7.1,4.6,28.6,18.5,"6.9",1,"87.4","18.4",25.8,0,32.3,"97.7533575","93.081678065",33.3,47
"Pederson, Joc",592626,2025,33,100,115,13,6,5,1,1,23,12,20,10.4,".130",".230",".237","0.467","0.100",".158","2","0","0",".199",".340",".222",".288",".298",".141",".200",".298",".169",".259","73.6",34.4,13.6,10.9,31.3,25.1,"7.6",4,"91.4","16.1",24.7,9.1,41.6,"100.681198158","94.610671842",22.8,45
"Báez, Javier",595879,2025,32,110,116,33,22,8,0,3,28,4,24.1,3.4,".300",".455",".336","0.791","0.155",".380","2","0","0",".241",".380",".348",".288",".280",".139",".440",".356",".402",".323","72.1",18.5,15.9,11.4,33.3,23.9,"8.1",2,"87.8","7",30.5,6.1,35.4,"98.476668049","93.250769756",30.5,49.6
"Soto, Juan",665742,2025,26,151,183,38,21,9,0,8,29,30,15.8,16.4,".252",".470",".372","0.842","0.218",".259","0","2","2",".312",".624",".367",".439",".424",".311",".378",".483",".306",".384","73.4",37.7,29.7,25.1,42.1,35.6,"7",12,"94.6","9.1",31.5,14.5,56.5,"105.094580328","97.742048525",19.3,35.5
"Huff, Sam",669087,2025,27,37,41,7,5,1,0,1,17,3,41.5,7.3,".189",".297",".244","0.541","0.108",".300","0","0","1",".185",".310",".242",".260",".254",".124",".373",".407",".333",".354","73.4",31.7,12.5,7.9,27.5,17.5,"7.4",0,"90.4","2.2",28.6,14.3,38.1,"99.452782727","94.110677143",34.2,44.2
"Ohtani, Shohei",660271,2025,30,156,183,48,24,8,4,12,46,27,25.1,14.8,".308",".641",".410","1.051","0.333",".367","0","4","0",".330",".753",".442",".484",".429",".423",".573",".642",".436",".468","76.5",65.3,33.3,22.6,41.4,28.1,"8.1",4,"97","13.8",38.2,24.5,66.4,"107.784138909","100.026924364",31.8,43
"Lee, Jung Hoo",808982,2025,26,154,168,44,27,11,2,4,21,11,12.5,6.5,".286",".461",".333","0.794","0.175",".305","1","0","1",".297",".439",".346",".343",".347",".141",".368",".364",".326",".343","68.7",5,9.8,8.5,40.2,34.9,"7.7",3,"89","12.2",37.8,4.4,31.9,"97.792172687","93.000669403",14.3,46.8
"Siri, Jose",642350,2025,29,20,24,1,0,1,0,0,8,4,33.3,16.7,".050",".100",".208","0.308","0.050",".083","0","0","0",".118",".255",".169",".246",".265",".137",".106",".259",".083",".196","71.5",18.6,6.9,4.7,17.2,11.6,"7.6",1,"81.1","31.2",33.3,16.7,16.7,"92.456321667","91.0620775",37.5,47.5
"Lee, Korey",686676,2025,26,15,17,5,3,2,0,0,3,2,17.6,11.8,".333",".467",".412","0.879","0.134",".417","0","0","0",".192",".267",".390",".257",".287",".075",".436",".248",".417",".240","68.6",4.3,10.5,8.7,36.8,30.4,"7",0,"83.3","15.7",25,0,25,"96.028701667","92.187861667",18.5,40.3
"Rivera, Emmanuel",656896,2025,29,26,28,9,7,2,0,0,6,2,21.4,7.1,".346",".423",".393","0.816","0.077",".450","0","0","0",".239",".312",".364",".270",".293",".073",".440",".308",".450",".310","69.1",3.8,8.1,5.8,32.4,23.1,"6.9",1,"86.4","9.2",40,5,30,"95.126602","91.563301",29.3,51.8
"Casas, Triston",671213,2025,25,99,112,18,12,3,0,3,27,11,24.1,9.8,".182",".303",".277","0.580","0.121",".217","2","2","0",".216",".409",".259",".308",".307",".193",".289",".362",".250",".297","75.1",54.2,17.7,12.1,27.7,18.9,"8",5,"87.6","15.1",34.7,9.7,44.4,"100.957485","94.540363056",31.1,48.5
"France, Ty",664034,2025,30,150,166,39,28,8,0,3,27,10,16.3,6,".260",".373",".325","0.698","0.113",".298","5","0","1",".284",".505",".314",".370",".351",".221",".334",".410",".315",".349","70.3",8.2,15.5,12.3,34.3,27.4,"7.4",7,"89.6","9.4",37.9,11.3,43.5,"100.684065484","94.747387642",23.2,51.2
"Rojas, Johan",679032,2025,24,74,84,21,17,2,1,1,24,6,28.6,7.1,".284",".378",".329","0.707","0.094",".392","0","0","2",".227",".304",".313",".261",".281",".076",".412",".332",".404",".328","70.1",9.8,12,8.9,27.2,20.3,"7.3",1,"89","6.6",24.1,3.7,38.9,"101.111604583","94.737746458",25.3,53.9
"Paris, Kyren",677347,2025,23,106,118,22,12,3,1,6,46,8,39,6.8,".208",".425",".282","0.707","0.217",".296","3","0","0",".204",".407",".311",".300",".279",".203",".477",".458",".367",".363","73.3",36.1,12.4,6.8,28.6,15.7,"7.4",0,"88.6","17.1",31.7,16.7,46.7,"101.101830333","95.071119661",42.9,51.2
"Dingler, Dillon",693307,2025,26,106,109,30,20,5,1,4,31,1,28.4,0.9,".283",".462",".303","0.765","0.179",".366","2","0","0",".274",".474",".333",".328",".294",".201",".456",".448",".400",".387","72.5",22.3,15.8,11.9,31.5,23.8,"7.8",2,"89.9","14.9",40,9.3,46.7,"101.237053421","94.9858116",26.2,51.8
"Handley, Maverick",668974,2025,27,9,12,1,1,0,0,0,4,0,33.3,0,".111",".111",".182","0.293","0.000",".167","1","0","0",".114",".188",".148",".190",".200",".074",".149",".226",".167",".200","65.8",0,0,0,33.3,22.2,"6.7",2,"82.2","6.9",14.3,0,14.3,"90.999056667","89.873611667",40,58.1
"Lopez, Nicky",670032,2025,30,18,22,1,1,0,0,0,3,4,13.6,18.2,".056",".056",".227","0.283","0.000",".067","0","0","0",".208",".245",".168",".289",".352",".037",".060",".237",".067",".250","67.7",0,11.1,9.7,29.6,25.8,"6.7",0,"84.1","-2.3",13.3,0,40,"95.9403575","92.247075333",11.1,43.4
"Sheets, Gavin",657757,2025,29,112,123,34,22,7,0,5,32,9,26,7.3,".304",".500",".358","0.858","0.196",".382","1","0","1",".279",".483",".374",".352",".336",".205",".481",".449",".420",".387","73.9",43.2,19.5,15,34,26.2,"7.8",8,"93.3","19",48.1,9.9,56.8,"102.11996175","96.0959055",27.4,45.8
"Grisham, Trent",663757,2025,28,98,112,27,15,1,1,10,20,13,17.9,11.6,".276",".612",".366","0.978","0.336",".250","1","0","0",".269",".577",".419",".398",".360",".309",".476",".445",".346",".338","71.3",13.5,16.7,14.1,40.9,34.6,"7.7",3,"91.7","21.4",33.3,15.4,47.4,"100.248871026","94.841193117",17.6,40.9
"Bohm, Alec",664761,2025,28,145,155,36,29,5,1,1,28,6,18.1,3.9,".248",".317",".290","0.607","0.069",".299","3","0","1",".276",".415",".273",".326",".321",".139",".305",".375",".305",".345","71.6",16.6,18.8,16.2,38.5,33.2,"7.3",4,"91.2","6.4",34.7,8.5,48.3,"100.989332203","95.174113248",15.9,47.6
"Keirsey Jr., DaShawn",680577,2025,28,31,31,3,3,0,0,0,9,0,29,0,".097",".097",".097","0.194","0.000",".136","0","0","0",".175",".219",".087",".172",".175",".043",".122",".242",".136",".247","68.9",5.7,4.9,3.8,31.7,24.5,"6.8",1,"87.2","-0.1",13.6,0,27.3,"97.35126","92.950274762",23.8,48.8
"Straw, Myles",664702,2025,30,67,73,19,15,3,0,1,13,3,17.8,4.1,".284",".373",".314","0.687","0.089",".340","0","0","0",".267",".381",".306",".297",".299",".114",".358",".347",".352",".332","65.8",0.9,10.4,9.1,38.5,33.6,"6.7",1,"87.2","10.5",22.8,5.3,26.3,"95.682127037","91.85217463",14.1,44.4
"Naylor, Bo",666310,2025,25,92,106,18,10,3,0,5,24,12,22.6,11.3,".196",".391",".286","0.677","0.195",".203","0","0","1",".205",".430",".300",".313",".294",".225",".336",".355",".261",".273","72.5",22.3,13.4,10.3,31,23.9,"7.8",4,"91","24.2",32.9,11.4,35.7,"99.842460882","94.251239706",25.1,49.9
"Cruz, Oneil",665833,2025,26,130,160,31,18,5,0,8,47,26,29.4,16.3,".238",".462",".369","0.831","0.224",".299","2","2","2",".262",".523",".363",".403",".396",".260",".460",".534",".365",".417","78.7",75.6,28.3,19.1,36.8,24.9,"7.7",5,"96.5","11.5",36.5,22.4,61.2,"108.465163256","99.763407176",32.9,39.6
"Heyward, Jason",518792,2025,35,72,81,13,9,2,0,2,16,5,19.8,6.2,".181",".292",".225","0.517","0.111",".193","0","0","3",".200",".302",".228",".249",".249",".103",".250",".279",".220",".253","72.2",19.7,12.1,9.4,31.9,24.8,"8.3",4,"85.7","12.8",22,5.1,30.5,"97.407218621","92.70360931",24.6,47.9
"Thomas, Rhylan",689041,2025,25,8,10,1,0,1,0,0,0,1,0,10,".125",".250",".200","0.450","0.125",".111","0","0","1",".144",".170",".197",".181",".217",".027",".141",".123",".111",".130","66.2",0,5.6,5.3,33.3,31.6,"6.7",0,"83.7","14.5",11.1,0,33.3,"93.921276","91.587194444",5,58.8
"DeLuca, Jonny",676356,2025,26,23,25,10,9,0,1,0,4,2,16,8,".435",".522",".480","1.002","0.087",".526","0","0","0",".296",".348",".442",".313",".352",".052",".508",".339",".526",".358","69.2",2.3,2.9,2.3,26.5,20.5,"7.6",0,"82.5","14.4",26.3,0,10.5,"92.656076","90.690687368",24.5,51.6
"Chisholm Jr., Jazz",665862,2025,27,105,125,19,9,3,0,7,39,15,31.2,12,".181",".410",".304","0.714","0.229",".200","4","0","1",".213",".440",".319",".338",".331",".227",".394",".431",".284",".334","71.8",25.1,14.2,9.5,32.8,22.1,"7.7",3,"87.9","18.2",29.9,14.9,38.8,"99.485480909","93.928145303",35.1,42.7
"Mateo, Jorge",622761,2025,30,30,31,4,2,2,0,0,11,1,35.5,3.2,".133",".200",".161","0.361","0.067",".211","0","0","0",".155",".253",".162",".190",".182",".098",".228",".274",".211",".245","71.9",17.5,9.8,7,24.4,17.5,"7.5",2,"90.3","18.8",21.1,5.3,36.8,"98.268027","93.553782632",36.4,55.9
"Meidroth, Chase",805367,2025,23,61,70,15,13,2,0,0,12,9,17.1,12.9,".246",".279",".343","0.622","0.033",".306","0","0","0",".237",".279",".292",".287",".335",".042",".289",".281",".306",".295","66.8",0,10.5,9,44.7,38.2,"6.7",3,"86","10",22.4,0,36.7,"96.75404","92.475107959",17.3,34.8
"Collins, Isaac",686555,2025,27,61,70,14,9,4,0,1,17,8,24.3,11.4,".230",".344",".329","0.673","0.114",".302","1","0","0",".205",".325",".308",".286",".307",".120",".346",".311",".318",".284","73.7",34.7,8.9,6.9,25.3,19.8,"6.9",3,"87.1","17.8",34.1,6.8,27.3,"97.234959091","92.724862791",27.1,42.6
"Langeliers, Shea",669127,2025,27,133,147,33,20,5,0,8,21,12,14.3,8.2,".248",".466",".306","0.772","0.218",".236","0","1","2",".281",".489",".333",".355",".341",".207",".359",".388",".289",".334","72.3",20.4,18.4,14.6,36.9,29.2,"7.1",0,"90.6","11.9",35.1,12.3,47.4,"102.559092105","95.649930265",20.5,48.2
"Profar, Jurickson",595777,2025,32,15,16,3,3,0,0,0,3,1,18.8,6.3,".200",".200",".250","0.450","0.000",".250","0","0","0",".132",".157",".211",".165",".190",".025",".224",".162",".250",".168","68.2",4.8,5.4,4.8,18.9,16.7,"7",1,"83.9","0.7",25,0,16.7,"92.007485","90.347284545",12.5,53.3
"Duran, Jarren",680776,2025,28,180,194,46,31,9,4,2,40,10,20.6,5.2,".256",".383",".304","0.687","0.127",".317","3","0","1",".270",".400",".304",".315",".320",".130",".353",".369",".326",".348","73.7",35,19.5,14.9,35.5,27.1,"7.3",4,"92.2","12.1",34.8,7.1,45.4,"102.699363","95.869793929",26.7,51.3
"Torkelson, Spencer",679529,2025,25,146,173,36,15,11,0,10,43,21,24.9,12.1,".247",".527",".347","0.874","0.280",".271","3","1","2",".256",".562",".374",".389",".358",".306",".455",".480",".340",".357","73.1",24.5,16.9,12.6,33.8,25.2,"7.8",2,"91.1","20.4",41.5,14.2,48.1,"101.46086","95.470052547",26.4,45.2
"Sabol, Blake",666165,2025,27,16,18,2,1,1,0,0,7,1,38.9,5.6,".125",".188",".167","0.355","0.063",".200","0","0","1",".161",".195",".159",".220",".227",".034",".217",".327",".200",".309","72",10,10.3,7.5,20.7,15,"7.2",3,"87.8","4",20,10,40,"99.726132","93.863066",31.1,52.9
"Caratini, Victor",605170,2025,31,55,64,14,9,3,0,2,13,6,20.3,9.4,".255",".418",".359","0.777","0.163",".300","2","0","0",".233",".381",".350",".324",".341",".148",".382",".342",".333",".305","71.3",18.2,9.6,8.1,31.3,26.3,"7",1,"87.1","17.4",35.7,9.5,26.2,"97.039951429","92.519975714",19.1,44.7
"Guerrero Jr., Vladimir",665489,2025,26,151,177,43,32,7,0,4,33,23,18.6,13,".285",".411",".379","0.790","0.126",".336","1","3","2",".306",".498",".348",".387",".400",".192",".382",".439",".358",".390","75.8",59,23.1,17.3,36.6,27.3,"7.6",2,"93","8.1",34.2,14.2,51.7,"105.209722167","97.188057",24.1,42.3
"Bride, Jonah",681146,2025,29,68,75,12,12,0,0,0,21,6,28,8,".176",".176",".240","0.416","0.000",".250","0","1","1",".187",".247",".192",".222",".251",".060",".224",".270",".250",".268","68.5",6.1,7.5,6.1,30,24.5,"7.3",6,"87.6","11.8",29.2,2.1,27.1,"96.8898075","92.705957708",23.4,36.5
"Garver, Mitch",641598,2025,34,59,73,12,10,1,0,1,20,13,27.4,17.8,".203",".271",".356","0.627","0.068",".289","1","0","0",".204",".330",".303",".319",".356",".127",".315",".345",".308",".308","72",17.3,14.5,10.2,33.3,23.5,"7.3",1,"92.8","20.4",28.2,7.7,48.7,"100.9465845","95.241855128",28.7,37.8
"Sweeney, Trey",700242,2025,25,126,140,32,25,3,1,3,30,14,21.4,10,".254",".365",".329","0.694","0.111",".312","0","0","0",".241",".376",".313",".308",".317",".135",".354",".348",".333",".317","73.9",33,16.5,12.6,27.3,20.9,"7.5",2,"88.3","5.6",31.3,6.3,37.5,"99.79993875","94.059725263",24.2,51.4
"Espinal, Santiago",669289,2025,30,105,115,32,26,6,0,0,12,10,10.4,8.7,".305",".362",".365","0.727","0.057",".344","0","0","0",".264",".343",".329",".300",".328",".079",".332",".296",".344",".298","68.1",2.5,9.6,8.3,43,36.9,"7.4",3,"86.7","13.2",37.6,1.1,29,"96.535603478","92.296220978",15.8,43.5
"Acuña, Luisangel",682668,2025,23,100,110,28,22,6,0,0,21,8,19.1,7.3,".280",".340",".336","0.676","0.060",".350","1","0","1",".264",".314",".306",".291",".325",".051",".341",".321",".350",".334","70.6",16,14.1,11,36.7,28.8,"7.3",2,"88.5","5.2",35,0,36.3,"99.483844737","93.826145526",21.1,49.5
"Story, Trevor",596115,2025,32,160,169,39,31,2,0,6,51,7,30.2,4.1,".244",".369",".284","0.653","0.125",".320","2","0","0",".243",".399",".291",".296",".283",".156",".392",".402",".358",".357","70.7",12,14.4,10.1,25.8,18.1,"7.3",7,"89.8","13",31.2,10.1,49.5,"102.59152963","95.762079167",28.9,55.6
"Bruján, Vidal",660644,2025,27,10,10,2,1,1,0,0,3,0,30,0,".200",".300",".200","0.500","0.100",".286","0","0","0",".147",".335",".217",".204",".147",".188",".310",".291",".286",".211","69.8",15.4,10,7.7,30,23.1,"6.8",0,"87.2","-6.1",42.9,0,57.1,"97.4550275","93.402872857",25,48.5
"Kim, Hyeseong",808975,2025,26,22,22,7,7,0,0,0,5,0,22.7,0,".318",".318",".318","0.636","0.000",".412","0","0","0",".288",".388",".284",".291",".288",".099",".368",".377",".412",".373","69.2",5.6,8,5.6,52,36.1,"7.5",1,"88.7","10.1",41.2,0,29.4,"96.380517778","92.556197059",32.5,50.6
"Rogers, Jake",668670,2025,30,18,22,4,3,0,1,0,5,4,22.7,18.2,".222",".333",".364","0.697","0.111",".308","0","0","0",".238",".380",".322",".344",".377",".142",".330",".367",".308",".330","70.3",7.1,4.5,3.6,18.2,14.3,"7.3",2,"79.8","20.6",61.5,15.4,23.1,"89.478827143","90.270839231",25,36
"Vázquez, Christian",543877,2025,34,53,61,9,5,4,0,0,12,7,19.7,11.5,".170",".245",".262","0.507","0.075",".214","0","0","1",".184",".253",".237",".248",".280",".069",".228",".244",".214",".240","67",3.2,8.9,7.4,39.2,33,"6.8",2,"88.8","12.3",35.7,2.4,31,"97.004788571","92.848046429",20.6,41.6
"Hicks, Liam",689414,2025,26,67,79,17,11,3,0,3,10,7,12.7,8.9,".254",".433",".338","0.771","0.179",".255","2","0","1",".268",".410",".341",".336",".351",".142",".343",".336",".293",".310","67.1",0,4.7,4,42.4,35.6,"6.8",3,"84.3","12.9",38.3,3.3,25,"95.016049643","91.528763214",17.6,42.2
"Arenado, Nolan",571448,2025,34,141,159,38,24,10,0,4,17,16,10.7,10.1,".270",".426",".352","0.778","0.156",".283","2","3","0",".259",".365",".340",".311",".345",".105",".343",".306",".306",".296","71.4",17.4,10.2,8.5,33.7,27.9,"8.5",7,"86.7","15.5",26.6,4,33.1,"97.334386885","92.769480744",20.6,46.9
"McCarthy, Jake",664983,2025,27,41,47,3,2,1,0,0,6,4,12.8,8.5,".073",".098",".170","0.268","0.025",".083","1","0","1",".173",".240",".140",".232",".260",".067",".085",".205",".083",".200","68.2",1.5,3.8,3,42.3,32.8,"7",0,"84.2","7.9",27.8,0,16.7,"93.374378333","90.763966",20.7,47.1
"Westburg, Jordan",676059,2025,26,92,98,20,13,2,1,4,22,5,22.4,5.1,".217",".391",".265","0.656","0.174",".242","1","0","0",".258",".462",".289",".330",".303",".204",".344",".402",".286",".339","70.5",8.7,16.8,12.8,34.5,26.2,"6.7",3,"88.6","13.9",25.7,12.9,40,"101.163520571","94.775730571",23.4,48.3
"Harris, Dustin",687957,2025,25,35,38,7,4,2,0,1,11,3,28.9,7.9,".200",".343",".263","0.606","0.143",".261","0","0","0",".208",".323",".271",".264",".271",".115",".342",".331",".292",".303","67",0,5.4,4.3,25,20.3,"7",3,"86.5","19.4",41.7,4.2,25,"96.2422775","92.12113875",22.2,51.3
"Urías, Ramón",602104,2025,31,72,82,21,17,2,0,2,16,8,19.5,9.8,".292",".403",".354","0.757","0.111",".339","0","0","2",".219",".333",".335",".292",".299",".114",".378",".316",".362",".285","70.4",10.5,11.5,8.9,31.3,24.2,"7.6",2,"87.4","10.4",24.1,8.6,37.9,"98.541316897","93.364450345",24.5,46.1
"Urshela, Gio",570482,2025,33,90,98,21,11,9,1,0,15,6,15.3,6.1,".233",".356",".281","0.637","0.123",".280","0","0","0",".276",".381",".282",".309",".321",".105",".305",".339",".280",".331","68.8",4.2,8.2,6,36.9,26.9,"7.3",4,"86.9","10.4",45.5,1.3,29.9,"96.98842","92.592146",27.3,55.9
"O'Hearn, Ryan",656811,2025,31,99,114,30,19,4,0,7,17,13,14.9,11.4,".303",".556",".395","0.951","0.253",".307","2","0","0",".300",".516",".414",".394",".392",".216",".447",".419",".366",".362","72.5",24.9,22,18.3,39.7,33.1,"7.3",6,"91.1","10.6",36.6,12.2,52.4,"100.899364146","95.242096707",20,41.5
"Narváez, Carlos",665966,2025,26,97,105,24,14,6,0,4,26,8,24.8,7.6,".247",".433",".305","0.738","0.186",".299","0","0","0",".236",".433",".324",".315",".294",".197",".401",".386",".338",".322","72",17.6,18.2,13.1,32.9,23.6,"7.6",3,"90.6","13.9",25.4,12.7,42.3,"102.707874722","95.836025634",27.7,52.6
"Renfroe, Hunter",592669,2025,33,84,92,14,11,3,0,0,19,7,20.7,7.6,".167",".202",".228","0.430","0.035",".212","0","0","1",".179",".269",".202",".232",".241",".091",".207",".249",".212",".230","74.5",43.5,13.7,10.7,30.4,23.7,"7.5",2,"87.9","16.6",21.2,4.5,34.8,"98.848378485","93.424189242",23.5,42.8
"Reynolds, Bryan",668804,2025,30,162,179,34,24,5,0,5,51,14,28.5,7.8,".210",".333",".274","0.607","0.123",".269","1","1","2",".262",".499",".270",".349",".322",".237",".338",".463",".301",".378","72.4",22.6,17.9,13.3,31.4,23.3,"6.9",13,"91.3","5.1",33.6,12.4,46.9,"102.60854625","95.839844911",29.5,48.6
"Reyes, Pablo",622569,2025,31,23,25,4,4,0,0,0,8,2,32,8,".174",".174",".240","0.414","0.000",".267","0","0","0",".156",".184",".199",".192",".223",".029",".238",".227",".267",".239","69.1",4.7,6.3,4.7,18.8,14,"7",2,"85.6","19.7",20,0,26.7,"93.61104","91.368345333",23.9,44.2
"Contreras, William",661388,2025,27,135,160,32,26,2,0,4,31,24,19.4,15,".237",".341",".350","0.691","0.104",".277","0","3","1",".229",".352",".311",".312",".348",".123",".325",".326",".305",".301","72.8",29.8,16.1,12.5,35.4,27.4,"7.1",5,"89.5","3.1",27.6,4.8,41.9,"101.619773269","94.959484808",25.7,44.9
"Marte, Noelvi",682622,2025,23,68,73,20,12,4,1,3,12,5,16.4,6.8,".294",".515",".342","0.857","0.221",".321","0","0","0",".242",".427",".372",".312",".294",".185",".423",".345",".357",".294","73.6",38.1,12.8,9.7,33.7,25.7,"7.2",7,"89.2","11.8",23.2,5.4,32.1,"99.905156786","94.185913636",27.3,55
"Martínez, Angel",682657,2025,23,89,93,27,20,5,1,1,15,2,16.1,2.2,".303",".416",".315","0.731","0.113",".351","0","0","1",".241",".339",".319",".264",".262",".098",".373",".305",".360",".295","70.4",9.3,13.6,11.1,35.6,29,"7.4",2,"88","14.2",26.3,2.6,34.2,"98.194433243","93.224057297",19.3,57.7
"Adell, Jo",666176,2025,26,108,113,21,12,4,0,5,33,4,29.2,3.5,".194",".370",".230","0.600","0.176",".229","1","0","0",".254",".487",".263",".330",".287",".233",".350",".451",".280",".366","77.1",67.5,16.6,12.3,26.5,19.7,"7.7",5,"89.9","13.5",32,14.7,45.3,"102.045587632","95.240534",29.4,54.6
"Montes, Coco",663796,2025,28,10,10,2,2,0,0,0,3,0,30,0,".200",".200",".200","0.400","0.000",".286","0","0","0",".266",".309",".179",".251",".266",".043",".255",".358",".286",".380","72.7",30,37.5,30,37.5,30,"7.7",1,"90.3","-3.5",28.6,0,42.9,"100.900335","95.37162",27.3,40.7
"Tena, José",677588,2025,24,64,68,15,11,3,1,0,18,4,26.5,5.9,".234",".313",".279","0.592","0.079",".326","0","0","0",".225",".319",".266",".262",".272",".094",".332",".330",".326",".318","70.7",16.1,10.8,8,34.9,25.9,"6.7",1,"88.8","-1.2",30.4,4.3,32.6,"98.677715909","93.603810682",26.4,47.3
"Swanson, Dansby",621020,2025,31,157,172,38,22,7,1,8,48,13,27.9,7.6,".242",".452",".298","0.750","0.210",".294","0","0","1",".261",".474",".327",".340",".317",".213",".426",".447",".345",".374","71.1",7.3,19.7,13.9,39.9,28.2,"7.4",8,"90.8","15.2",33.3,10.8,47.7,"101.403048727","95.177289633",31.5,46.3
"Bauers, Jake",641343,2025,29,49,57,13,8,2,0,3,20,8,35.1,14,".265",".490",".368","0.858","0.225",".385","0","0","0",".224",".466",".378",".347",".333",".242",".550",".489",".448",".379","74.3",48.7,21.6,14.1,35.3,23.1,"7.7",2,"91.6","25.2",41.4,17.2,48.3,"103.91278","96.487279643",37.1,41.2
"Lewis, Royce",668904,2025,26,18,19,2,2,0,0,0,2,1,10.5,5.3,".111",".111",".158","0.269","0.000",".125","0","0","0",".209",".242",".131",".223",".251",".033",".112",".222",".125",".235","72.7",33.3,17.4,13.3,34.8,26.7,"7.8",0,"86.1","7.5",18.8,0,37.5,"97.59459375","92.854970625",23.5,40.5
"Rodgers, Brendan",663898,2025,28,84,94,19,14,4,0,1,33,8,35.1,8.5,".226",".310",".298","0.608","0.084",".353","1","0","1",".244",".420",".277",".320",".315",".176",".379",".458",".365",".396","74",39.3,20.8,13.3,31.3,20,"7.3",1,"90.8","10.3",42.3,13.5,51.9,"102.413768077","95.655935769",36.1,46.2
"Gurriel Jr., Yuli",493329,2025,41,36,40,4,3,1,0,0,8,4,20,10,".111",".139",".200","0.339","0.028",".143","0","0","0",".128",".170",".169",".187",".217",".043",".141",".166",".143",".165","72.8",34.9,3.6,3.2,23.6,20.6,"7.9",2,"85.1","22.4",14.3,0,17.9,"94.735272857","91.508708519",18.6,47.3
"Giménez, Andrés",665926,2025,26,128,143,25,17,5,0,3,26,10,18.2,7,".195",".305",".273","0.578","0.110",".220","4","0","1",".255",".375",".264",".320",".332",".120",".270",".349",".243",".324","69.6",7.6,11.5,8.9,34.4,26.7,"7.1",1,"87.9","7",29.1,3.9,31.1,"97.95751102","93.052623265",22.5,49.3
"Crews, Dylan",686611,2025,23,137,147,25,17,2,1,5,41,7,27.9,4.8,".182",".321",".238","0.559","0.139",".220","3","0","0",".255",".459",".251",".331",".307",".204",".310",".435",".260",".367","73.2",34.8,17.5,12.7,34.4,24.9,"7.2",11,"90.3","7.6",30.2,13.5,41.7,"101.269627447","95.074423085",30.8,48.3
"Bliss, Ryan",669208,2025,25,35,39,7,5,1,0,1,11,4,28.2,10.3,".200",".314",".282","0.596","0.114",".261","0","0","0",".219",".425",".272",".316",".299",".206",".326",".397",".292",".320","70.1",3.4,22.9,13.8,42.9,25.9,"6.8",2,"89","10.2",37.5,12.5,33.3,"98.429506667","93.231437917",37.1,46.4
"Solano, Donovan",456781,2025,37,56,58,8,7,1,0,0,16,1,27.6,1.7,".143",".161",".155","0.316","0.018",".195","0","0","1",".170",".261",".142",".191",".182",".092",".184",".253",".195",".233","65.5",1.1,6.3,4.2,29.7,20,"7",4,"82","14.1",36.6,4.9,26.8,"94.488664762","91.437727561",33,54.5
"Edman, Tommy",669242,2025,30,111,122,28,15,4,1,8,18,6,14.8,4.9,".252",".523",".295","0.818","0.271",".227","2","0","3",".312",".574",".348",".399",".358",".262",".383",".449",".292",".372","69.9",12.4,19.7,16.5,40.8,34.1,"6.9",2,"90.2","15",41.7,10.4,47.9,"101.230189149","95.121064149",19.3,48
"Hill, Derek",656537,2025,29,42,48,7,4,2,0,1,17,3,35.4,6.3,".167",".286",".239","0.525","0.119",".250","1","0","0",".224",".360",".240",".289",".291",".136",".328",".419",".280",".376","72.3",20.7,9.8,6.5,23,15.2,"7.3",5,"88.6","-1.3",37,7.4,40.7,"101.471454167","94.735727083",36.4,53
"Margot, Manuel",622534,2025,30,19,20,6,6,0,0,0,6,0,30,0,".316",".316",".300","0.616","0.000",".429","0","0","1",".319",".362",".268",".303",".314",".043",".383",".432",".429",".448","71.1",11.8,4.3,2.9,21.7,14.7,"7",0,"79.5","10.1",42.9,0,14.3,"91.220212857","90.001579286",28.9,55.9
"Schneemann, Daniel",682177,2025,28,77,88,21,11,5,0,5,24,10,27.3,11.4,".273",".532",".356","0.888","0.259",".333","0","0","0",".258",".570",".386",".387",".343",".312",".502",".503",".396",".374","71.8",17.5,16.7,11.7,32.3,22.6,"7.1",5,"89.9","8.9",35.2,20.4,48.1,"101.666786296","95.405003585",29.8,45
"Greene, Riley",682985,2025,24,152,165,39,24,6,0,9,48,12,29.1,7.3,".257",".474",".315","0.789","0.217",".316","1","1","0",".249",".490",".343",".339",".308",".241",".460",".454",".375",".364","74.3",45,15.7,11.3,27.8,20.1,"7.1",2,"90.6","9.6",34.6,15.4,51,"102.645317308","95.798993077",28.5,51.2
"Frazier, Adam",624428,2025,33,113,125,26,21,3,0,2,20,9,16,7.2,".230",".310",".296","0.606","0.080",".261","2","1","1",".230",".292",".273",".262",".296",".062",".285",".271",".277",".277","65.6",2,1.1,1,33.7,28.9,"7",3,"84.7","15.6",31.9,0,18.1,"93.888479362","90.958750319",17,49
"Conforto, Michael",624424,2025,32,118,141,18,11,5,0,2,41,20,29.1,14.2,".153",".246",".291","0.537","0.093",".213","3","0","0",".214",".349",".259",".316",".342",".135",".264",".369",".234",".328","73.4",33.2,12.6,9.2,25.8,18.9,"7.4",4,"89.9","11",32.5,7.8,44.2,"100.138608718","94.454716883",28.5,41.3
"Wallner, Matt",670242,2025,27,57,67,15,7,5,2,1,19,9,28.4,13.4,".263",".474",".373","0.847","0.211",".378","1","0","0",".238",".441",".372",".351",".353",".203",".472",".437",".395",".360","76.5",69.2,18.5,10.3,30.8,17.1,"7.4",5,"89.6","17.9",28.9,10.5,47.4,"101.279297368","95.354957568",44.8,49.3
"Bichette, Bo",666182,2025,27,171,185,48,34,12,0,2,29,11,15.7,5.9,".281",".386",".330","0.716","0.105",".326","2","1","1",".314",".500",".317",".371",".363",".186",".348",".419",".336",".379","68.8",8.3,14.9,12,36.8,29.7,"7.2",6,"90.8","10.5",41.3,9.1,46.9,"101.51254","95.289297324",20.1,52.3
"Vargas, Miguel",678246,2025,25,135,154,29,19,8,0,2,30,17,19.5,11,".215",".319",".312","0.631","0.104",".262","2","0","0",".221",".343",".290",".297",".317",".122",".298",".309",".276",".285","70.7",10.7,12.1,9.9,34,27.8,"7.6",6,"89.6","21.1",33.3,4.8,38.1,"99.008128113","93.788605048",20.8,45.2
"Smith, Will",669257,2025,30,105,129,33,22,8,0,3,28,20,21.7,15.5,".314",".476",".419","0.895","0.162",".390","1","0","3",".273",".511",".394",".385",".386",".238",".451",".436",".412",".359","69.1",3.4,15,11.9,37.1,29.4,"7.1",9,"91.4","22.8",41.3,13.8,50,"100.8716975","94.796881",23.3,38.2
"Stephenson, Tyler",663886,2025,28,30,36,7,3,3,0,1,15,6,41.7,16.7,".233",".433",".361","0.794","0.200",".429","0","1","0",".223",".362",".345",".313",".352",".139",".572",".498",".467",".446","69.1",0,10.8,7.1,27,17.9,"7.5",4,"91.8","19.2",73.3,13.3,66.7,"99.70022375","95.203586667",37.5,39.3
"Judge, Aaron",592450,2025,33,154,180,63,36,11,2,14,38,24,21.1,13.3,".409",".779",".494","1.273","0.370",".480","2","6","0",".353",".785",".532",".503",".447",".432",".677",".633",".543",".469","76.6",68,25.3,18.4,34.3,25,"8.2",9,"95.9","15.8",38.8,25,57.8,"106.699545","98.620319224",30.1,45.3
"Beck, Jordan",687597,2025,24,99,109,27,14,4,3,6,32,8,29.4,7.3,".273",".556",".330","0.886","0.283",".339","0","0","1",".273",".578",".378",".389",".336",".305",".514",".533",".397",".407","73.6",41.2,18.9,12.8,30.7,20.9,"7.7",2,"91","13.9",48.5,19.1,45.6,"102.059959118","95.661140149",34.5,48.7
"McNeil, Jeff",643446,2025,33,39,44,9,5,0,2,2,7,4,15.9,9.1,".231",".487",".295","0.782","0.256",".226","0","1","1",".254",".381",".325",".300",".319",".128",".359",".328",".273",".304","71.2",14.1,6.3,5.9,16.5,15.3,"7.4",3,"83.6","14.3",36.4,6.1,24.2,"94.160195","91.744033438",10.2,56.3
"Lowe, Brandon",664040,2025,30,137,148,26,20,1,0,5,42,10,28.4,6.8,".190",".307",".243","0.550","0.117",".231","0","0","1",".251",".453",".247",".323",".300",".202",".308",".426",".271",".359","72.2",21.7,16.4,10.6,36.3,23.6,"7.1",8,"91.7","11.3",35.4,10.4,43.8,"101.753406875","95.271672292",38.4,53.6
"Ibáñez, Andy",628451,2025,32,59,67,15,11,2,0,2,5,5,7.5,7.5,".254",".390",".328","0.718","0.136",".245","2","0","1",".267",".454",".321",".348",".345",".186",".301",".333",".273",".290","69",1.9,12.6,10.6,48.3,40.4,"7.2",2,"90.4","10.2",30.9,5.5,40,"99.524259231","94.119381923",18.3,49.8
"Neto, Zach",687263,2025,24,82,88,22,13,5,0,4,25,4,28.4,4.5,".268",".476",".318","0.794","0.208",".340","2","0","0",".292",".582",".347",".391",".340",".290",".462",".529",".386",".420","72",17.9,19.3,14.6,36,27.2,"7",3,"94.4","19.2",54.4,12.3,50.9,"103.301438929","96.726769464",26,46
"Rojas, Miguel",500743,2025,36,56,58,15,12,2,0,1,9,2,15.5,3.4,".268",".357",".293","0.650","0.089",".304","0","0","0",".268",".344",".289",".280",".294",".076",".327",".316",".319",".321","66.6",3.4,8.2,6.8,39.7,33,"7",3,"86.7","4.8",36.2,2.1,27.7,"96.307555652","92.246084",18.9,50.5
"Perez, Salvador",521692,2025,35,150,161,36,21,13,0,2,33,8,20.5,5,".240",".367",".281","0.648","0.127",".293","1","0","1",".316",".571",".286",".392",".353",".255",".335",".478",".305",".402","72.8",26.8,17.9,13.4,30.7,22.9,"7.9",4,"90.6","17.9",41.5,15.3,46.6,"102.242503051","95.37660161",27.8,56.7
"Barrero, Jose",676480,2025,27,13,14,3,1,1,0,1,5,0,35.7,0,".231",".538",".286","0.824","0.307",".286","1","0","0",".167",".324",".356",".244",".226",".157",".531",".335",".375",".271","72.7",21.4,15,10.7,20,14.3,"7.2",1,"89.4","23.8",37.5,12.5,37.5,"99.9224075","93.96120375",32.3,52.5
"Maldonado, Martín",455117,2025,38,58,60,12,9,1,0,2,16,2,26.7,3.3,".207",".328",".233","0.561","0.121",".250","0","0","0",".247",".476",".248",".319",".273",".229",".321",".426",".286",".344","70.8",8.6,17,11.1,49.1,32.1,"7.5",4,"89.5","14.8",38.1,11.9,31,"98.1854765","93.269582564",37.2,48.2
"Adams, Riley",656180,2025,29,28,28,5,2,1,0,2,14,0,50,0,".179",".429",".179","0.608","0.250",".250","0","0","0",".243",".562",".258",".338",".243",".318",".516",".675",".357",".487","79.3",88.2,18.2,11.8,24.2,15.7,"8",2,"94.8","-0.4",35.7,21.4,71.4,"105.204397143","98.204585714",40.4,50.4