"last_name, first_name","player_id","year","player_age","pa","ab","hit","single","double","triple","home_run","strikeout","walk","k_percent","bb_percent","batting_avg","slg_percent","on_base_percent","on_base_plus_slg","isolated_power","babip","p_hit_by_pitch","p_intent_walk","p_sac_fly","xba","xslg","woba","xwoba","xobp","xiso","wobacon","xwobacon","bacon","xbacon","avg_swing_speed","fast_swing_rate","blasts_contact","blasts_swing","squared_up_contact","squared_up_swing","avg_swing_length","swords","exit_velocity_avg","launch_angle_avg","sweet_spot_percent","barrel_batted_rate","hard_hit_percent","avg_best_speed","avg_hyper_speed","whiff_percent","swing_percent"
"Dobbins, Hunter",690928,2025,25,96,90,23,14,6,1,2,19,4,19.8,4.2,".256",".411",".302","0.713","0.155",".304","2","0","0",".219",".369",".314",".279",".268",".151",".365",".317",".324",".278","71.2",17,20.8,15.6,41.5,31.2,"7.3",6,"88.5","8.2",26.8,4.2,42.3,"76.533710571","94.493339286",27.4,47.5
"Sousa, Bennett",656986,2025,30,40,36,9,6,3,0,0,13,3,32.5,7.5,".250",".333",".300","0.633","0.083",".375","0","0","1",".211",".291",".282",".285",".285",".080",".383",".393",".375",".353","72.1",30.2,22.2,15.1,36.1,24.5,"7.6",5,"90.4","8.8",25,8.3,45.8,"78.720465833","95.499315217",40,46.1
"Alvarado, Elvis",665660,2025,26,16,12,4,1,2,0,1,4,2,25,12.5,".333",".750",".500","1.250","0.417",".429","1","0","0",".221",".422",".524",".381",".416",".200",".690",".405",".500",".332","72.8",28.6,7.1,4.8,21.4,14.3,"7.8",0,"91.6","34.4",37.5,25,37.5,"83.646315","94.41876375",29.6,45
"Wheeler, Zack",554430,2025,35,223,210,42,24,9,1,8,74,11,33.2,4.9,".200",".367",".247","0.614","0.167",".266","2","0","0",".197",".331",".270",".252",".244",".134",".376",".347",".309",".305","71.8",25.4,12.5,8.9,27.9,19.8,"7.2",9,"88.5","15.3",36.8,8.1,36,"77.779799701","93.673041343",31.1,50.7
"Burnes, Corbin",669203,2025,30,167,143,33,18,10,0,5,33,19,19.8,11.4,".231",".406",".327","0.733","0.175",".264","2","1","1",".265",".440",".325",".348",".358",".174",".353",".387",".297",".342","73",31.9,15.9,12.5,33.3,26.1,"7.6",7,"90.2","7.1",35.4,8.8,46.9,"78.370678036","95.560292162",23.1,44.8
"Zerpa, Angel",672582,2025,25,73,67,25,15,6,0,4,12,5,16.4,6.8,".373",".642",".425","1.067","0.269",".412","1","0","0",".315",".535",".460",".390",".372",".220",".534",".442",".455",".385","70.8",13.5,19.8,18,36.6,33.3,"7.1",2,"90.9","-2.1",34.5,10.9,47.3,"79.88300037","95.827795094",11.1,42.6
"Walker, Taijuan",592836,2025,32,135,120,26,18,5,1,2,29,13,21.5,9.6,".217",".325",".304","0.629","0.108",".270","2","0","0",".242",".362",".287",".308",".327",".120",".310",".341",".286",".320","71.6",20.7,14.5,11.5,31.9,25.5,"7.3",2,"88.6","11.4",31.9,5.5,38.5,"78.048955111","93.678966222",20.9,42.7
"Cease, Dylan",656302,2025,29,178,158,40,24,12,0,4,48,17,27,9.6,".253",".405",".328","0.733","0.152",".336","1","1","1",".247",".429",".324",".326",".322",".182",".406",".409",".360",".352","71.6",22.9,12.4,8.6,28.7,19.9,"7.4",8,"88.3","16",43.2,10.8,39.6,"77.09822625","93.940925315",30.4,49.6
"Pearson, Nate",663878,2025,28,47,36,13,9,2,0,2,5,7,10.6,14.9,".361",".583",".447","1.030","0.222",".344","1","1","3",".246",".445",".428",".363",".374",".199",".434",".347",".382",".282","69.5",10.9,14,12.7,48,43.6,"7",1,"89.9","23.8",35.3,8.8,38.2,"80.586146471","93.978472353",16.2,40
"Cano, Yennier",666974,2025,31,54,50,13,9,2,0,2,14,4,25.9,7.4,".260",".420",".315","0.735","0.160",".324","0","0","0",".258",".386",".325",".308",".313",".127",".410",".385",".361",".359","72.4",29.2,12.9,9.4,31.4,22.9,"7.5",1,"86.7","0.3",33.3,5.6,33.3,"74.774943889","93.447638333",27.9,48.3
"Brown, Hunter",686613,2025,26,181,167,30,22,6,1,1,58,14,32,7.7,".180",".246",".243","0.489","0.066",".269","0","0","0",".224",".338",".225",".277",".284",".114",".284",".370",".275",".344","71.6",24.7,10.2,7.4,25.6,18.4,"7.1",9,"85","11.3",32.1,5.5,27.5,"72.388294182","92.908293303",28.4,45.3
"Jansen, Kenley",445276,2025,37,43,41,12,6,2,1,3,9,2,20.9,4.7,".293",".610",".326","0.936","0.317",".310","0","0","0",".284",".603",".399",".387",".317",".320",".493",".476",".375",".363","73.3",37.7,19,14.3,48.3,36.4,"7.2",1,"96.9","24.1",43.8,15.6,50,"91.135","97.095587419",25.3,56.5
"Stewart, Brock",592779,2025,33,29,24,5,3,0,1,1,9,3,31,10.3,".208",".417",".345","0.762","0.209",".286","2","0","0",".215",".415",".342",".343",".350",".201",".425",".425",".333",".344","71.3",17.3,15.8,11.5,23.7,17.3,"7.2",2,"91","27.7",33.3,6.7,46.7,"78.6779025","96.548763333",31.7,49.2
"Akin, Keegan",669211,2025,30,72,64,14,7,5,0,2,19,8,26.4,11.1,".219",".391",".306","0.697","0.172",".279","0","0","0",".203",".398",".311",".303",".292",".195",".373",".360",".311",".289","70.3",14.7,13.3,10.1,23.5,17.8,"7.3",1,"88.4","21.6",40,13.3,35.6,"78.024823182","93.420565227",22.7,51.5
"Bummer, Aaron",607481,2025,31,71,61,13,7,5,1,0,20,7,28.2,9.9,".213",".328",".296","0.624","0.115",".302","1","3","2",".201",".272",".261",".236",".286",".071",".331",".291",".302",".286","69.9",13.1,15.4,12.1,38.5,30.3,"7.2",5,"88.5","1.4",30.2,2.3,41.9,"78.887751364","93.468597907",24,42.8
"Neris, Héctor",593576,2025,36,14,13,5,3,1,0,1,5,1,35.7,7.1,".385",".692",".429","1.121","0.307",".571","0","0","0",".222",".396",".481",".294",".282",".174",".754",".446",".625",".380","75.2",50,10.3,8.8,17.2,14.7,"7.4",1,"95.3","19.4",37.5,12.5,37.5,"89.8173825","95.998747143",21.6,49.3
"Johnson, Ryan",696270,2025,22,72,66,24,19,1,0,4,16,5,22.2,6.9,".364",".561",".403","0.964","0.197",".426","0","1","1",".259",".423",".414",".310",".308",".164",".521",".377",".471",".336","70.8",18.2,14.3,10.7,31.9,24,"7.5",1,"86.7","13.2",33.3,7.8,35.3,"74.974366923","93.447405686",27.7,47.4
"Estrada, Jeremiah",669093,2025,26,70,64,12,8,2,0,2,25,4,35.7,5.7,".188",".313",".232","0.545","0.125",".263","0","0","1",".213",".380",".241",".274",".256",".168",".346",".403",".300",".342","70",21.7,12.4,8.5,27,18.6,"6.9",2,"90.6","24.3",41.5,9.8,41.5,"80.4061705","94.641956",30.8,56.3
"Kochanowicz, Jack",686799,2025,24,186,162,46,36,3,0,7,24,18,12.9,9.7,".284",".432",".360","0.792","0.148",".291","3","2","3",".274",".447",".347",".352",".356",".174",".359",".365",".326",".321","71.9",26.2,15.3,12.6,37.5,30.9,"7.3",3,"91.1","9.3",22.7,9.2,46.1,"81.059126338","94.945935816",18.9,49.3
"Alcantara, Sandy",645261,2025,29,168,145,39,25,7,0,7,31,21,18.5,12.5,".269",".462",".357","0.819","0.193",".294","0","0","2",".285",".491",".360",".374",".373",".206",".395",".415",".336",".359","72.1",25,14,10.9,35.1,27.5,"7.3",7,"91.9","8.7",34.5,10.3,50,"81.780223966","95.527640345",24.1,46.1
"Woo, Bryan",693433,2025,25,174,162,33,22,7,0,4,44,8,25.3,4.6,".204",".321",".243","0.564","0.117",".250","1","0","2",".226",".368",".250",".278",".268",".142",".308",".347",".275",".311","71.3",21.1,10.8,8,30.9,23.1,"7",4,"88.1","16.8",34.7,6.6,37.2,"76.367112667","94.012601417",25.9,54.4
"Schreiber, John",670167,2025,31,62,56,12,8,1,0,3,17,5,27.4,8.1,".214",".393",".279","0.672","0.179",".250","0","0","0",".232",".390",".298",".301",".295",".158",".376",".381",".308",".333","71.9",25.5,12.9,9.6,35.7,26.6,"7.3",2,"88.6","13.3",30,7.5,35,"78.6801935","93.454983846",30.1,48.3
"Davis, Noah",663562,2025,28,13,10,3,2,0,0,1,3,2,23.1,15.4,".300",".600",".462","1.062","0.300",".333","1","0","0",".282",".468",".461",".409",".448",".187",".553",".456",".429",".403","71",20,42.9,30,57.1,40,"7.5",0,"95.2","5.9",28.6,14.3,57.1,"89.9699875","96.329942857",23.1,23.2
"Fried, Max",608331,2025,31,208,193,36,27,5,1,3,47,11,22.6,5.3,".187",".269",".245","0.514","0.082",".231","4","0","0",".237",".395",".235",".301",".293",".158",".263",".358",".247",".314","71.3",21.8,13,10.1,34.6,27,"7.1",9,"87.9","7.4",29.5,7.5,37.7,"76.012493333","93.974048125",22.8,46.1
"Snell, Blake",605483,2025,32,46,37,10,7,3,0,0,4,8,8.7,17.4,".270",".351",".391","0.742","0.081",".294","0","0","1",".343",".524",".341",".430",".456",".181",".296",".417",".294",".380","71.7",25.9,14,10.3,30.2,22.4,"7.5",3,"88.2","10.1",44.1,11.8,38.2,"76.62677375","94.392176774",24.3,43
"Holderman, Colin",670059,2025,29,53,42,14,9,2,0,3,9,7,17,13.2,".333",".595",".442","1.037","0.262",".355","2","0","1",".315",".539",".446",".428",".435",".224",".495",".468",".412",".400","71.2",23.1,21.4,15.4,39.3,28.2,"7.4",3,"91","0.2",31.4,11.4,51.4,"80.529805294","95.343511765",29.5,48.2
"Toussaint, Touki",657053,2025,29,11,10,4,3,1,0,0,3,1,27.3,9.1,".400",".500",".455","0.955","0.100",".571","0","0","0",".274",".356",".423",".312",".340",".082",".565",".390",".571",".392","73.1",35.7,10,7.1,40,28.6,"7.9",0,"89.6","4.9",42.9,14.3,28.6,"81.80423","93.65363",35.3,45.9
"Fedde, Erick",607200,2025,32,193,170,40,27,10,0,3,29,21,15,10.9,".235",".347",".321","0.668","0.112",".266","1","0","1",".280",".449",".303",".356",".362",".170",".304",".376",".282",".337","72.4",30.8,15,12.8,33.8,28.9,"7.3",8,"90.9","15.4",29.6,8.5,43.7,"81.306008873","94.435675141",17.2,44.5
"Soriano, George",666277,2025,26,86,72,21,9,5,1,6,19,11,22.1,12.8,".292",".639",".400","1.039","0.347",".319","2","1","0",".307",".564",".440",".414",".413",".257",".538",".496",".396",".417","71.9",23,16.5,12.9,30.3,23.7,"7.3",2,"90.6","11.1",49.1,18.9,49.1,"78.896595926","95.730584717",24,44
"Horton, Cade",690990,2025,23,18,16,4,3,0,0,1,5,0,27.8,0,".250",".438",".294","0.732","0.188",".300","1","0","0",".226",".336",".323",".270",".271",".110",".433",".351",".364",".328","71.9",29.4,22.2,17.6,33.3,26.5,"7.5",1,"92.8","24.6",27.3,9.1,54.5,"83.768643333","96.622963636",24.3,48.1
"Harrison, Kyle",690986,2025,23,12,9,0,0,0,0,0,5,3,41.7,25,".000",".000",".250","0.250","0.000",".000","0","1","0",".166",".212",".127",".260",".375",".046",".000",".366",".000",".374","71.9",15,8.3,5,25,15,"6.7",0,"97.1","6.2",50,0,75,"92.71635","97.1175175",37.5,49
"Springs, Jeffrey",605488,2025,32,175,152,37,23,8,0,6,32,19,18.3,10.9,".243",".414",".320","0.734","0.171",".263","0","0","4",".245",".404",".323",".324",".327",".160",".349",".350",".298",".308","70.7",17.6,12,9.4,37,28.8,"7.3",4,"87.2","21",36.3,8.1,32.3,"76.75520129","92.901421452",24.1,45.3
"Muñoz, Roddery",682610,2025,25,21,19,5,2,2,0,1,6,2,28.6,9.5,".263",".526",".333","0.859","0.263",".333","0","0","0",".404",".718",".372",".496",".461",".314",".493",".694",".385",".590","71.3",11.6,24.1,16.3,31,20.9,"7.6",0,"92.8","9.4",53.8,15.4,61.5,"83.671192857","96.864928462",33.3,54.5
"Iglesias, Raisel",628452,2025,35,66,62,16,5,5,0,6,18,4,27.3,6.1,".258",".629",".303","0.932","0.371",".263","0","0","0",".265",".590",".391",".373",".311",".325",".530",".510",".364",".378","71.5",25.7,14.5,10.5,27.6,20,"7.5",2,"91.7","19.3",50,18.2,43.2,"81.322473333","95.618826585",28.2,54.6
"Maton III, Phil",664208,2025,32,69,63,16,13,3,0,0,19,4,27.5,5.8,".254",".302",".319","0.621","0.048",".364","2","0","0",".215",".309",".285",".267",".283",".094",".351",".322",".364",".308","71.1",22.1,22.7,15.8,36.4,25.3,"7.2",3,"85.8","5.8",34.1,4.5,36.4,"72.740775909","93.455738182",32.8,43.4
"Jax, Griffin",643377,2025,30,83,79,23,15,5,0,3,28,4,33.7,4.8,".291",".468",".325","0.793","0.177",".417","0","0","0",".260",".443",".347",".318",".296",".183",".510",".463",".451",".403","71.9",28,16.8,11.3,31.7,21.3,"7.5",5,"90.5","10.3",39.2,13.7,58.8,"78.019941923","96.523375686",34.5,52.6
"Cannon, Jonathan",686563,2025,24,195,176,47,32,8,1,6,33,17,16.9,8.7,".267",".426",".338","0.764","0.159",".299","2","0","0",".265",".434",".340",".338",".337",".169",".370",".367",".329",".327","72.3",25.9,14.4,11.7,33.2,26.9,"7.3",5,"89.1","16.5",29.4,9.8,42,"78.074931127","94.379134184",19.7,47.9
"Festa, Matt",670036,2025,32,21,20,5,5,0,0,0,3,0,14.3,0,".250",".250",".286","0.536","0.000",".294","1","0","0",".346",".478",".248",".372",".377",".132",".263",".417",".294",".407","70.8",15.2,10.3,9.1,37.9,33.3,"7",0,"87.8","9.2",35.3,5.9,35.3,"78.747841111","92.720810588",12.5,60.6
"Hanifee, Brenan",669724,2025,27,83,78,17,9,6,1,1,13,4,15.7,4.8,".218",".359",".265","0.624","0.141",".250","1","0","0",".259",".416",".276",".313",".304",".157",".298",".346",".262",".312","70.8",20.7,18,15.5,39,33.6,"7",1,"89.4","4.2",30.8,6.2,41.5,"78.761845938","94.196168906",14.2,41.2
"Barlow, Scott",605130,2025,32,78,63,13,9,3,0,1,13,14,16.7,17.9,".206",".302",".359","0.661","0.096",".245","1","1","0",".252",".354",".309",".340",".395",".103",".279",".328",".260",".317","71.3",20.2,11.5,8.7,41,30.8,"7.4",4,"89.8","18.3",24,4,28,"81.8149168","93.075801",28.3,40.4
"Graceffo, Gordon",700669,2025,25,42,41,10,4,5,0,1,7,1,16.7,2.4,".244",".439",".262","0.701","0.195",".273","0","0","0",".312",".583",".303",".386",".328",".272",".354",".457",".294",".376","71.4",15.7,22.8,18.6,40.4,32.9,"7.1",2,"94.3","5.8",41.2,14.7,52.9,"83.898586471","97.359070294",18.8,53.3
"Megill, Trevor",656730,2025,31,49,40,9,6,2,0,1,15,6,30.6,12.2,".225",".350",".306","0.656","0.125",".296","0","1","3",".296",".582",".281",".395",".376",".286",".357",".553",".321",".443","71.4",20.9,10.6,7.5,31.9,22.4,"7.2",4,"88.4","14",50,21.4,42.9,"76.60579","95.036856296",32.5,47.4
"Bibee, Tanner",676440,2025,26,185,166,39,21,8,1,9,31,16,16.8,8.6,".235",".458",".308","0.766","0.223",".236","2","0","1",".244",".452",".335",".333",".317",".209",".362",".360",".287",".298","71.6",22.6,14.9,12.2,30.7,25.1,"7.4",4,"88.8","13.4",27.9,10.3,40.4,"77.566854559","94.232831556",19.9,44.4
"Ryan, Joe",657746,2025,29,178,168,33,19,7,0,7,54,5,30.3,2.8,".196",".363",".242","0.605","0.167",".243","5","0","0",".209",".424",".267",".292",".254",".215",".355",".393",".289",".308","72.3",26.7,13.2,9.2,32,22.4,"7.2",3,"90.4","22.8",30.7,13.2,43.9,"80.345658947","94.704578053",30,50.4
"Wilson, Steven",621051,2025,30,41,35,3,1,1,0,1,10,6,24.4,14.6,".086",".200",".220","0.420","0.114",".083","0","0","0",".220",".463",".206",".347",".334",".243",".170",".401",".120",".308","72.7",28.4,16.7,11.9,27.1,19.4,"7.5",1,"86.7","26.7",28,16,32,"75.228438462","93.3295048",28.4,40.9
"Miller, Mason",695243,2025,26,61,54,9,4,2,1,2,30,6,49.2,9.8,".167",".352",".262","0.614","0.185",".318","1","0","0",".171",".373",".276",".283",".266",".203",".496",".514",".375",".384","69",5.6,9.4,5.6,28.3,16.9,"7.1",7,"89.6","10.6",37.5,20.8,58.3,"77.94514","95.45756625",48.3,48.8
"Meyer, Max",676974,2025,26,195,176,45,29,8,0,8,52,16,26.7,8.2,".256",".438",".323","0.761","0.182",".316","2","0","1",".264",".467",".335",".354",".335",".203",".422",".452",".360",".378","73",33.8,19.3,13.3,40.1,27.6,"7.4",8,"93.1","8.6",27.2,10.4,48.8,"84.103104516","96.033892033",31.2,47.1
"Kikuchi, Yusei",579328,2025,34,185,163,42,30,6,0,6,39,20,21.1,10.8,".258",".405",".341","0.746","0.147",".303","1","1","1",".263",".459",".331",".351",".347",".196",".376",".406",".336",".346","72.2",28.4,16.6,13.2,33.6,26.8,"7.3",2,"91.2","17.2",32,10.4,41.6,"81.076467419","95.185121301",21.5,46.1
"Matz, Steven",571927,2025,34,105,99,21,17,4,0,0,22,3,21,2.9,".212",".253",".240","0.493","0.041",".269","1","0","1",".224",".385",".222",".272",".252",".161",".260",".327",".269",".285","71.8",25.9,15.1,12.4,35.3,28.8,"7.2",3,"90.9","12.3",31.6,5.1,46.8,"80.708431282","94.855675",19.8,47.9
"Wesneski, Hayden",669713,2025,27,131,121,29,14,8,0,7,29,6,22.1,4.6,".240",".479",".279","0.758","0.239",".256","1","0","1",".259",".481",".327",".335",".300",".222",".401",".412",".312",".342","72.1",27.1,12.5,9.8,34.5,27.1,"7.3",8,"89.7","16.3",35.8,10.5,42.1,"79.32545587","94.265432935",23.2,47.4
"Matzek, Tyler",554431,2025,34,31,26,10,6,4,0,0,6,4,19.4,12.9,".385",".538",".452","0.990","0.153",".476","0","0","1",".287",".487",".427",".369",".374",".201",".498",".411",".476",".361","70.7",15.6,19.4,15.6,36.1,28.9,"7.1",2,"96","18.4",47.6,19,57.1,"88.106112727","97.751264286",20.4,47.8
"Brebbia, John",605154,2025,35,47,38,5,3,2,0,0,11,6,23.4,12.8,".132",".184",".298","0.482","0.052",".185","3","0","0",".154",".256",".247",".277",".316",".102",".194",".245",".185",".216","71.3",20.8,17.2,13.9,20.7,16.7,"7.1",2,"87.3","17.9",7.4,3.7,48.1,"73.174414286","95.268012963",18.5,43.3
"Gray, Sonny",543243,2025,35,186,170,39,27,6,0,6,47,11,25.3,5.9,".229",".371",".283","0.654","0.142",".280","2","0","1",".264",".442",".290",".329",".316",".178",".357",".414",".315",".364","72.8",29.2,14.7,11.3,32.1,24.7,"7.5",8,"88.9","16.2",36.3,9.7,39.5,"77.418518387","94.374019194",25.8,46.2
"Dollander, Chase",801403,2025,23,130,113,33,21,4,0,8,25,13,19.2,10,".292",".540",".364","0.904","0.248",".305","1","0","2",".280",".573",".390",".395",".358",".294",".450",".457",".367",".358","71.2",21,14.9,11.4,32.3,24.8,"7.1",6,"89.1","10.5",35.2,16.5,45.1,"76.606447778","94.955744",22.9,49
"Booser, Cam",592155,2025,33,67,56,12,7,2,0,3,15,8,22.4,11.9,".214",".411",".328","0.739","0.197",".231","2","0","1",".210",".400",".330",".333",".333",".190",".358",".364",".286",".292","71.4",15.8,15.1,10.9,31.5,22.8,"7.5",1,"90.5","21.4",23.8,11.9,45.2,"79.4239935","95.373068974",29.9,47.2
"Green, Chad",643338,2025,34,69,64,16,9,1,0,6,17,4,24.6,5.8,".250",".547",".304","0.851","0.297",".244","1","0","0",".251",".586",".367",".375",".306",".335",".464",".477",".340",".344","71.7",23.4,18.5,13.7,35.9,26.6,"7.3",2,"93.7","14.2",27.7,21.3,55.3,"84.85923913","96.765186889",25.9,51.5
"Vest, Will",676684,2025,30,66,59,10,7,1,1,1,19,7,28.8,10.6,".169",".271",".258","0.529","0.102",".231","0","1","0",".181",".339",".237",".264",".268",".157",".281",".325",".250",".268","70.6",17.5,11.4,8.3,23.9,17.5,"6.9",4,"86.3","8.8",25,7.5,35,"73.5085485","93.54111575",29.9,48.2
"Thornton, Trent",663423,2025,31,65,60,16,10,1,0,5,11,4,16.9,6.2,".267",".533",".323","0.856","0.266",".250","1","0","0",".313",".583",".371",".405",".366",".269",".421",".465",".327",".384","71.8",32,14.5,11.3,40.8,32,"7",0,"91.4","6.2",34.7,12.2,42.9,"81.155414","95.393169592",19.8,47.6
"Clarke, Taylor",664199,2025,32,19,19,3,3,0,0,0,3,0,15.8,0,".158",".158",".158","0.316","0.000",".188","0","0","0",".206",".250",".141",".199",".206",".044",".168",".236",".188",".245","72",23.5,17.2,14.7,37.9,32.4,"7.4",1,"89.5","15.3",18.8,0,43.8,"77.5878425","95.264565",18.9,46.3
"Fitts, Richard",690916,2025,25,70,62,14,11,1,0,2,13,5,18.6,7.1,".226",".339",".275","0.614","0.113",".245","0","0","2",".246",".411",".272",".326",".310",".165",".299",".373",".275",".322","70",18.3,11.1,9.2,31.3,25.8,"7.1",4,"88.6","11.8",37.3,9.8,39.2,"77.6634508","93.9800482",23.2,57
"Henry, Cole",669371,2025,25,56,47,10,6,3,0,1,13,5,23.2,8.9,".213",".340",".339","0.679","0.127",".273","4","1","0",".198",".303",".309",".287",".327",".106",".331",".296",".294",".273","71.2",15.5,14.5,10.7,37.1,27.4,"7.2",2,"89","21.3",29.4,2.9,38.2,"77.578283529","94.378051471",27.5,44.4
"Kinley, Tyler",641755,2025,34,78,62,17,14,2,0,1,16,13,20.5,16.7,".274",".355",".397","0.752","0.081",".340","1","3","2",".266",".375",".331",".336",".394",".109",".357",".364",".354",".348","70.5",16.2,5.4,4.3,23.7,18.8,"7.6",4,"83.5","19",45.8,2.1,27.1,"70.78076","92.089921739",24.2,45.7
"Cabrera, Génesis",650893,2025,28,13,12,3,2,1,0,0,0,1,0,7.7,".250",".333",".308","0.641","0.083",".250","0","0","0",".314",".642",".289",".426",".367",".329",".255",".403",".250",".314","71.4",16.7,29.4,27.8,58.8,55.6,"7.4",0,"92","23.1",8.3,16.7,50,"80.600341667","96.879975833",5,48.8
"Lauer, Eric",641778,2025,30,32,28,4,3,1,0,0,9,3,28.1,9.4,".143",".179",".250","0.429","0.036",".211","1","0","0",".183",".287",".212",".265",".285",".104",".208",".297",".211",".270","72.7",22,9.5,6.8,33.3,23.7,"7.2",0,"91.8","24",26.3,10.5,42.1,"84.135827","94.998500526",29,44
"Finnegan, Kyle",640448,2025,33,64,55,14,8,3,3,0,15,7,23.4,10.9,".255",".418",".328","0.746","0.163",".333","0","0","2",".234",".346",".323",".307",".320",".113",".376",".351",".333",".320","71.2",15,11.4,9,34.2,27,"7.1",2,"88.9","10.1",40.5,7.1,35.7,"78.904429524","93.687798095",22.7,44.7
"Pressly, Ryan",519151,2025,36,67,56,18,14,3,0,1,6,9,9,13.4,".321",".429",".424","0.853","0.108",".347","1","0","0",".311",".462",".385",".387",".416",".151",".368",".371",".360",".349","71.2",20.8,21.7,17.8,44.6,36.6,"7.3",0,"91.8","10.3",29.4,7.8,54.9,"82.2949684","95.6436976",16.4,44.2
"Peguero, Elvis",665625,2025,28,32,27,7,5,1,0,1,3,4,9.4,12.5,".259",".407",".375","0.782","0.148",".261","1","0","0",".271",".478",".355",".377",".385",".207",".326",".355",".292",".305","72.2",19.6,7.1,5.4,28.6,21.4,"7.9",0,"88.5","10.3",37.5,8.3,25,"79.190425833","92.97171625",24.6,47.7
"Leiter Jr., Mark",643410,2025,34,61,55,13,9,3,0,1,22,5,36.1,8.2,".236",".345",".311","0.656","0.109",".375","1","0","0",".214",".347",".298",".286",".291",".133",".423",".400",".394",".357","70.3",15.9,12.3,8,29.8,19.3,"7.3",4,"83.6","13.3",39.4,6.1,24.2,"71.746201765","92.306636061",35,42.4
"Imanaga, Shota",684007,2025,31,181,166,35,20,8,0,7,34,14,18.8,7.7,".211",".386",".272","0.658","0.175",".224","0","0","0",".253",".494",".291",".346",".312",".241",".323",".399",".265",".320","72.5",29.5,13.7,10.3,31.6,23.9,"7.5",4,"90.4","21.4",39.1,10.5,39.1,"81.013574154","94.173152615",25.3,54.2
"Bradley, Taj",671737,2025,24,191,170,40,26,7,0,7,35,19,18.3,9.9,".235",".400",".314","0.714","0.165",".256","1","0","1",".233",".370",".318",".303",".312",".138",".344",".323",".294",".291","72.5",30.2,12.8,10.4,28.4,23.2,"7.3",11,"89","11.4",28.7,5.1,35.3,"78.799776471","93.698159559",21.1,47.4
"Bolton, Cody",675989,2025,27,10,10,4,3,1,0,0,1,0,10,0,".400",".500",".400","0.900","0.100",".444","0","0","0",".377",".539",".395",".392",".377",".162",".439",".436",".444",".418","71.8",21.4,8.3,7.1,33.3,28.6,"7.3",0,"91.3","12.7",33.3,11.1,44.4,"81.015068","95.840591111",10,50
"Arias, Luarbert",678215,2025,24,50,42,15,10,2,2,1,9,5,18,10,".357",".571",".440","1.011","0.214",".424","2","0","1",".321",".517",".435",".408",".416",".196",".494",".454",".441",".406","72.4",27.3,17.2,14.3,40.6,33.8,"7.5",0,"93.6","17.5",55.9,11.8,44.1,"85.774974118","95.511693529",16.7,46.9
"Rogers, Tyler",643511,2025,34,70,67,11,9,1,0,1,17,3,24.3,4.3,".164",".224",".200","0.424","0.060",".204","0","0","0",".228",".303",".193",".249",".261",".075",".228",".307",".220",".305","71.2",19.5,15.9,12.4,37.5,29.2,"7",3,"86.2","-5.1",28,4,38,"74.3731464","93.0601858",24,53.1
"Boyd, Matthew",571510,2025,34,192,172,46,34,6,1,5,45,13,23.4,6.8,".267",".401",".335","0.736","0.134",".333","3","0","1",".250",".372",".329",".307",".319",".122",".391",".358",".359",".335","71.2",19.3,13.9,10.4,33.2,24.8,"7.3",3,"88.2","18.4",34.1,5.4,37.2,"76.830396719","93.851016953",26,50.9
"Priester, Quinn",682990,2025,24,131,110,28,17,8,0,3,20,19,15.3,14.5,".255",".409",".362","0.771","0.154",".284","0","0","1",".263",".409",".345",".348",".370",".146",".348",".351",".308",".320","70.9",16,16.1,12.9,34.2,27.3,"7.4",6,"89.8","7.4",29.3,7.6,34.8,"80.104964889","93.905540111",22.9,43.8
"Bello, Brayan",678394,2025,26,94,79,18,11,4,0,3,13,12,13.8,12.8,".228",".392",".344","0.736","0.164",".238","2","0","0",".285",".454",".333",".374",".393",".169",".321",".378",".273",".341","71.7",25.7,13.4,10.7,35.7,28.6,"7.3",2,"90.7","3.3",34.3,7.5,38.8,"80.653592727","94.804792424",20,42
"Ray, Robbie",592662,2025,33,181,155,30,19,6,0,5,46,23,25.4,12.7,".194",".329",".294","0.623","0.135",".236","0","0","2",".211",".374",".284",".307",".313",".163",".316",".354",".270",".301","71.7",21.6,12.5,9,34.8,25.2,"7.4",3,"92.3","14.4",28.6,9.8,49.1,"83.271281481","95.399352222",28.4,47.7
"Salazar, Eduardo",674285,2025,27,83,72,28,18,5,1,4,11,8,13.3,9.6,".389",".653",".451","1.104","0.264",".414","1","0","1",".335",".537",".472",".408",".408",".202",".522",".439",".452",".394","71.9",22,16.3,13,36.7,29.3,"7.1",2,"90.1","5",30.2,11.1,42.9,"78.965358","95.285525932",20.7,46.8
"Miller, Bobby",676272,2025,26,18,17,8,5,1,0,2,7,1,38.9,5.6,".471",".882",".500","1.382","0.411",".750","0","0","0",".278",".575",".589",".376",".318",".297",".990",".607",".800",".473","68.6",6.7,15.4,13.3,38.5,33.3,"7",2,"95.2","15.9",70,20,40,"89.995888","95.44578",20,41.7
"Mikolas, Miles",571945,2025,36,168,151,38,27,7,2,2,23,13,13.7,7.7,".252",".364",".317","0.681","0.112",".283","2","0","1",".267",".453",".305",".341",".332",".186",".313",".360",".295",".313","71.8",24,16.5,14,33.5,28.3,"7.2",1,"89","15.3",31.5,10,40.8,"77.069810923","94.577035504",15.6,45.6
"Scherzer, Max",453286,2025,40,11,11,3,1,0,0,2,1,0,9.1,0,".273",".818",".273","1.091","0.545",".125","0","0","0",".318",".895",".460",".499",".318",".577",".506",".548",".300",".350","71.7",26.7,23.1,20,53.8,46.7,"7",0,"95.6","28.1",40,20,50,"88.043604","96.714332",15.8,42.2
"Brown, Ben",676962,2025,25,169,149,44,36,5,0,3,44,16,26,9.5,".295",".389",".373","0.762","0.094",".398","3","0","1",".264",".408",".344",".334",".347",".144",".423",".407",".415",".374","71.2",19,16,12.1,36.2,27.4,"7.3",14,"91.6","10.8",41.5,6.6,44.3,"82.2071975","94.925784904",28.9,45.2
"Headrick, Brent",687396,2025,27,19,17,1,1,0,0,0,9,2,47.4,10.5,".059",".059",".158","0.217","0.000",".125","0","0","0",".105",".173",".121",".179",".199",".068",".112",".251",".125",".224","71.5",18.2,10,6.8,20,13.6,"7.2",0,"88.7","17.1",25,12.5,37.5,"77.7860575","94.34603375",33.3,56.5
"Alcala, Jorge",660896,2025,29,65,54,17,10,5,0,2,13,10,20,15.4,".315",".519",".431","0.950","0.204",".385","1","0","0",".217",".367",".418",".325",".350",".150",".475",".328",".415",".286","72",28.3,6.9,5.3,24.1,18.6,"7.4",1,"86","19.7",24.4,9.8,31.7,"73.2679645","93.4012515",24.6,46.8
"Criswell, Cooper",681867,2025,28,27,25,10,8,1,0,1,0,1,0,3.7,".400",".560",".407","0.967","0.160",".360","0","0","1",".327",".502",".415",".359",".346",".175",".404",".346",".385",".320","72.3",22.9,20.6,20,29.4,28.6,"7.3",1,"87.2","8",30.8,3.8,38.5,"76.042084615","93.4482512",4.9,42.7
"Verlander, Justin",434378,2025,42,178,161,40,25,9,0,6,35,15,19.7,8.4,".248",".416",".315","0.731","0.168",".281","1","0","1",".259",".460",".323",".339",".325",".201",".364",".387",".315",".329","71.6",22.9,14.5,10.5,33.2,24.1,"7.3",5,"88.3","18.8",37,10.2,36.2,"77.248842969","93.856722441",26.8,51.4
"Lawrence, Casey",596271,2025,37,60,57,20,14,4,0,2,5,1,8.3,1.7,".351",".526",".367","0.893","0.175",".353","1","0","1",".351",".604",".387",".430",".377",".253",".411",".460",".377",".390","72.4",27.6,23.4,20.7,45.5,40.2,"7.5",5,"88.9","14.4",35.8,13.2,37.7,"77.211621852","94.503674528",14.1,44.2
"Birdsong, Hayden",806185,2025,23,85,75,16,9,3,2,2,22,8,25.9,9.4,".213",".387",".294","0.681","0.174",".269","1","0","1",".210",".370",".301",".297",".295",".160",".357",".350",".296",".297","71",18.6,11.4,7.8,30.7,20.9,"7.3",5,"87.4","18.9",37,9.3,42.6,"75.34512037","93.896200926",30.9,47.4
"Strahm, Matt",621381,2025,33,67,58,16,13,3,0,0,20,5,29.9,7.5,".276",".328",".318","0.646","0.052",".390","0","0","3",".210",".258",".287",".237",".264",".047",".377",".297",".390",".302","71.1",20.2,7.5,6.2,19.8,16.3,"7.3",2,"87.6","23.9",19,0,38.1,"76.510342","93.631125897",19.5,52.8
"Bido, Osvaldo",674370,2025,29,186,163,47,28,9,1,9,27,16,14.5,8.6,".288",".521",".349","0.870","0.233",".288","2","0","5",".260",".483",".373",".350",".331",".223",".403",".372",".333",".309","71.9",24.7,13.5,10.6,35.9,28.2,"7.3",8,"90.5","19.5",32.6,11.3,39.7,"80.912357042","94.379520709",22.9,50.7
"Rea, Colin",607067,2025,34,123,114,29,21,6,0,2,25,7,20.3,5.7,".254",".360",".295","0.655","0.106",".307","0","0","1",".264",".434",".291",".319",".305",".170",".340",".378",".322",".335","71.8",23.5,15.4,12,41.3,32.2,"7.2",5,"89.3","15.9",40.7,6.6,38.5,"78.962961556","93.99244",23,44.3
"Falter, Bailey",663559,2025,28,173,155,36,22,8,0,6,31,13,17.9,7.5,".232",".400",".291","0.691","0.168",".248","1","0","3",".243",".416",".303",".309",".301",".173",".333",".342",".283",".298","71.4",23,16.7,13.6,35.7,29.2,"7.2",4,"89.8","19.1",28.9,8.6,44.5,"79.185659524","94.358891111",19.4,45.2
"Eisert, Brandon",685126,2025,27,73,66,19,10,5,2,2,19,5,26,6.8,".288",".515",".356","0.871","0.227",".378","2","1","0",".206",".396",".374",".292",".283",".189",".483",".359",".404",".291","71.5",22.9,14.1,10.2,31.8,22.9,"7.3",1,"88.1","9.5",29.8,10.6,36.2,"76.99513913","93.687533478",27.8,47.8
"Young, Brandon",687064,2025,26,42,33,11,6,4,0,1,9,8,21.4,19,".333",".545",".452","0.997","0.212",".417","0","0","1",".255",".441",".432",".368",".393",".186",".501",".395",".440",".340","71.6",23.9,5.6,4.5,25.9,20.9,"7.3",2,"88.5","13.4",32,8,44,"78.505810769","93.746808",21.9,41.5
"McCaughan, Darren",670766,2025,29,23,22,5,4,1,0,0,6,1,26.1,4.3,".227",".273",".261","0.534","0.046",".313","0","0","0",".233",".323",".241",".259",".266",".091",".303",".329",".313",".320","69.5",15,17.2,12.5,34.5,25,"7.4",1,"87.1","27.2",37.5,6.3,43.8,"74.02145375","94.079369375",27.3,51.2
"Phillips, Tyler",663969,2025,27,97,89,25,18,3,0,4,15,8,15.5,8.2,".281",".449",".340","0.789","0.168",".300","0","0","0",".275",".442",".349",".338",".334",".167",".382",".368",".338",".330","71.6",23,15.2,11.2,32.1,23.7,"7.6",5,"85.8","9.4",32.4,8.1,29.7,"73.642094324","92.974062162",27.6,47.7
"Kremer, Dean",665152,2025,29,190,176,46,28,9,1,8,30,11,15.8,5.8,".261",".460",".305","0.765","0.199",".271","1","0","2",".273",".496",".332",".350",".319",".222",".370",".392",".311",".329","71.3",22.1,17.7,14.9,36.9,31.2,"7.2",6,"89.5","15.4",29.1,10.1,40.5,"78.363588378","94.500678176",17.1,47.5
"Yarbrough, Ryan",642232,2025,33,102,90,21,17,0,0,4,20,10,19.6,9.8,".233",".367",".314","0.681","0.134",".254","1","0","1",".246",".356",".306",".304",".325",".110",".331",".328",".296",".312","72",25.5,7.6,5.7,33.3,24.8,"7.5",3,"83.3","15.3",39.4,2.8,22.5,"72.035723429","91.397011714",24.9,45
"Feltner, Ryan",663372,2025,28,135,122,33,20,9,0,4,25,12,18.5,8.9,".270",".443",".333","0.776","0.173",".309","0","0","1",".231",".357",".341",".290",".299",".125",".384",".314",".337",".289","72.1",27.3,12,9.1,33.7,25.5,"7.4",7,"90","11.1",27.6,4.1,35.7,"79.828118958","94.387792083",26.5,48.5
"Scott, Tanner",656945,2025,30,69,67,14,10,1,1,2,19,1,27.5,1.4,".209",".343",".217","0.560","0.134",".255","0","0","1",".271",".434",".242",".310",".284",".163",".326",".422",".286",".379","70.5",17.9,13.1,9.7,31.3,23.1,"7.3",3,"91","13.1",40.8,10.2,44.9,"81.0650728","94.956973673",26,57
"Bigge, Hunter",685801,2025,27,60,54,11,6,1,0,4,12,5,20,8.3,".204",".444",".283","0.727","0.240",".184","1","0","0",".286",".553",".320",".388",".357",".268",".356",".454",".262",".367","71.5",22.4,16,12.1,34.6,26.2,"7.2",3,"92.8","13",45.2,11.9,52.4,"83.164287619","95.96624381",28,52
"Pallante, Andre",669467,2025,26,185,169,44,29,7,1,7,28,16,15.1,8.6,".260",".438",".324","0.762","0.178",".276","0","0","0",".299",".467",".336",".360",".360",".168",".362",".393",".312",".358","72.2",26.4,19.8,15.8,42.5,34,"7.1",9,"90.4","-1.3",27,7.8,47.5,"78.881935714","95.378856643",22.2,44.8
"Corbin, Patrick",571578,2025,35,134,120,32,22,6,0,4,20,12,14.9,9,".267",".417",".333","0.750","0.150",".292","0","0","0",".274",".449",".333",".343",".340",".175",".356",".369",".320",".328","71.8",25.5,11.6,9.3,34.3,27.3,"7.5",3,"88.3","13.5",38.2,5.9,31.4,"78.8044312","92.9689142",20.9,46.4
"Bautista, Félix",642585,2025,30,48,42,6,3,2,0,1,15,6,31.3,12.5,".143",".262",".250","0.512","0.119",".192","0","0","0",".167",".315",".240",".265",".271",".147",".271",".316",".222",".260","71.1",17.5,9.8,6.3,19.6,12.5,"7.5",2,"85.7","3.7",25.9,7.4,25.9,"74.230205","92.87263",34.8,47.8
"Singer, Brady",663903,2025,28,178,161,40,24,8,2,6,39,15,21.9,8.4,".248",".435",".315","0.750","0.187",".291","1","0","1",".254",".428",".329",".326",".320",".174",".385",".381",".325",".334","72.4",26.6,16.5,13.3,36.9,29.7,"7.3",7,"90.3","15.9",42.3,9.8,41.5,"80.201040164","94.373373934",22.3,42.3
"Castillo, Luis F.",622379,2025,30,41,33,12,9,3,0,0,5,7,12.2,17.1,".364",".455",".475","0.930","0.091",".429","0","0","0",".296",".462",".419",".389",".419",".165",".424",".381",".429",".349","71.6",27.3,13,10.6,27.8,22.7,"7.4",3,"86.2","15.7",34.5,3.4,27.6,"74.612926429","93.334618889",20.3,44
"Casparius, Ben",676508,2025,26,110,104,24,18,5,0,1,29,5,26.4,4.5,".231",".308",".264","0.572","0.077",".307","0","0","1",".241",".370",".255",".279",".273",".129",".323",".357",".316",".329","70.2",15.3,10.6,7.9,31.9,23.8,"7.1",8,"87.5","17.3",32.9,5.3,28.9,"77.901565526","92.582382237",29,51.6
"King, Bryan",687911,2025,28,67,61,9,7,1,0,1,19,4,28.4,6,".148",".213",".209","0.422","0.065",".190","1","0","1",".225",".291",".196",".266",".290",".066",".224",".333",".209",".336","70.6",16.5,9.5,6.8,29.7,21.4,"7.1",1,"85.5","16.5",46.5,0,25.6,"76.010644762","91.639422927",26.5,45.9
"Severino, Luis",622663,2025,31,232,208,52,34,14,0,4,40,19,17.2,8.2,".250",".375",".317","0.692","0.125",".291","1","1","1",".295",".427",".308",".344",".358",".133",".335",".383",".308",".364","71.2",20.1,15.8,13,34.4,28.3,"7.1",2,"90.2","12.5",35.7,4.7,43.3,"79.1543825","94.92682869",17.5,48.3
"Anderson, Tyler",542881,2025,35,186,166,31,15,8,1,7,39,17,21,9.1,".187",".373",".263","0.636","0.186",".197","1","2","1",".215",".399",".275",".294",".290",".184",".308",".336",".240",".279","72.1",27,12,9,28.9,21.7,"7.5",8,"86.8","20.2",42.6,7.8,31,"75.492202031","93.096557188",27.2,50.1
"Glasnow, Tyler",607192,2025,31,77,65,12,8,0,0,4,23,11,29.9,14.3,".185",".369",".312","0.681","0.184",".211","1","0","0",".241",".493",".310",".370",".359",".252",".368",".479",".286",".373","71.5",26,14.7,11.5,26.7,20.8,"7.2",11,"88.7","13.8",38.1,19,35.7,"77.310268095","94.158382381",27.6,37.9
"Ruiz, José",614179,2025,30,49,41,10,3,5,0,2,11,6,22.4,12.2,".244",".512",".327","0.839","0.268",".267","0","0","2",".238",".406",".355",".336",".333",".168",".413",".384",".313",".323","70.8",18.2,15.1,10.4,30.2,20.8,"7.4",1,"87.7","12",28.1,9.4,34.4,"74.613138125","94.859845806",29.9,52.7
"Banda, Anthony",607455,2025,31,76,68,17,11,2,0,4,13,8,17.1,10.5,".250",".456",".329","0.785","0.206",".255","0","1","0",".271",".514",".341",".366",".348",".243",".376",".410",".309",".335","70.3",17.1,18,13.7,39.3,29.9,"7.1",7,"91.3","14.1",40,12.7,40,"82.491925","94.366132",26.1,48.6
"Garabito, Gerson",642520,2025,29,41,38,15,12,2,0,1,8,1,19.5,2.4,".395",".526",".439","0.965","0.131",".483","2","0","0",".335",".513",".427",".388",".384",".177",".512",".459",".500",".425","71.8",23.1,17.1,11.5,40,26.9,"7.3",1,"86.5","6.7",46.7,6.7,33.3,"74.663765333","93.185293667",31.6,47.1
"Ureña, José",570632,2025,33,44,41,13,7,2,0,4,5,3,11.4,6.8,".317",".659",".364","1.023","0.342",".281","0","0","0",".346",".780",".437",".486",".390",".434",".476",".536",".361",".394","72.7",29.9,11,9.2,27.4,23,"7.6",1,"89.6","25.8",41.7,19.4,36.1,"78.618614444","94.512235833",16.1,53.8
"Peterson, David",656849,2025,29,167,149,39,27,9,0,3,36,13,21.6,7.8,".262",".383",".329","0.712","0.121",".327","2","0","0",".288",".418",".319",".341",".354",".130",".370",".402",".345",".382","71.4",25.4,18.7,15.4,34.1,28.1,"7.3",11,"91.5","4.2",28.7,5.2,52.2,"80.90813","96.063479369",20.5,47.7
"Williams, Devin",642207,2025,30,63,49,13,9,4,0,0,16,11,25.4,17.5,".265",".347",".413","0.760","0.082",".382","2","0","1",".243",".350",".354",".370",".409",".107",".386",".417",".382",".375","72.4",28.7,14.1,9.9,25.4,17.8,"7.4",0,"86.8","14.3",41.2,8.8,32.4,"73.558551765","94.138085588",31.9,42.3
"Morejon, Adrian",670970,2025,26,73,66,16,12,3,1,0,15,4,20.5,5.5,".242",".318",".282","0.600","0.076",".308","0","1","1",".232",".297",".261",".249",".273",".065",".311",".294",".308",".296","72.2",29.6,9.8,8.2,32.9,27.6,"7",6,"86.7","7.9",37,3.7,25.9,"76.131165769","92.781421961",20.5,45.9
"Armstrong, Shawn",542888,2025,34,71,59,12,8,2,1,1,17,8,23.9,11.3,".203",".322",".310","0.632","0.119",".256","2","0","2",".260",".372",".288",".328",".360",".112",".304",".370",".273",".353","71.4",23,10.1,8,34.2,27,"7",1,"87","17.6",45.5,2.3,38.6,"75.032671364","93.5512775",22.7,42.7
"Hoglund, Gunnar",680684,2025,25,44,43,11,8,2,0,1,10,1,22.7,2.3,".256",".372",".273","0.645","0.116",".313","0","0","0",".240",".337",".284",".257",".257",".098",".357",".322",".333",".312","72.4",31.4,16.3,11.4,44.9,31.4,"7.2",2,"90.4","15.3",39.4,3,36.4,"81.87386","93.934574848",30,44.4
"Detmers, Reid",672282,2025,25,72,66,22,14,6,0,2,15,6,20.8,8.3,".333",".515",".389","0.904","0.182",".408","0","0","0",".267",".438",".396",".334",".328",".171",".477",".389",".431",".346","71",22.7,20,14.5,43.8,31.8,"7.1",4,"90.9","9.8",35.3,11.8,43.1,"80.9381336","94.794958163",29.9,45.4
"Leasure, Jordan",673929,2025,26,63,55,14,7,2,1,4,20,7,31.7,11.1,".255",".545",".333","0.878","0.290",".313","0","1","1",".196",".376",".370",".281",".282",".181",".521",".368",".389",".299","71.1",17.3,14.1,8.7,32.8,20.2,"7.5",2,"90.5","19.8",36.1,13.9,38.9,"80.912502222","94.19514",36.8,46.6
"García, Luis",472610,2025,38,84,72,19,12,4,2,1,19,12,22.6,14.3,".264",".417",".369","0.786","0.153",".346","0","2","0",".277",".453",".343",".358",".382",".176",".399",".423",".358",".378","70.4",19.5,13.7,11.4,22.6,18.8,"7.2",3,"91.7","-4.2",37.7,9.4,52.8,"80.728726538","95.919630192",21.8,49.6
"Hendricks, Kyle",543294,2025,35,148,130,30,19,5,0,6,21,15,14.2,10.1,".231",".408",".318","0.726","0.177",".231","2","0","1",".254",".451",".323",".346",".341",".196",".326",".357",".273",".305","72.2",26,13.8,11.5,27.2,22.6,"7.4",1,"85","15.3",30,9.1,30.9,"72.252258","92.870871091",16.2,45.2
"Merryweather, Julian",657240,2025,33,67,58,14,9,3,1,1,13,8,19.4,11.9,".241",".379",".328","0.707","0.138",".289","0","2","1",".261",".373",".304",".327",".356",".112",".338",".371",".304",".345","70.9",15.3,16.9,14.1,35.2,29.4,"7.2",4,"91.8","9.1",32.6,6.5,45.7,"83.612996087","94.646881333",20.2,42.5
"Wrobleski, Justin",680736,2025,24,26,22,8,5,1,0,2,4,3,15.4,11.5,".364",".682",".423","1.105","0.318",".353","0","0","1",".325",".655",".462",".450",".403",".330",".521",".505",".421",".393","70.3",21.6,17.9,13.5,46.4,35.1,"6.8",0,"90.4","14.3",47.4,10.5,57.9,"80.422771","95.561759474",23.3,49.4
"Heaney, Andrew",571760,2025,34,187,167,35,16,13,1,5,36,16,19.3,8.6,".210",".389",".290","0.679","0.179",".238","3","0","0",".260",".432",".302",".336",".336",".171",".327",".376",".267",".332","71.7",26.9,13.9,11,34.7,27.5,"7.3",5,"89.5","8.9",32.6,9.8,38.6,"78.958932615","94.348216744",21.5,48.5
"Alexander Jr., Scott",518397,2025,35,53,46,15,8,5,0,2,6,6,11.3,11.3,".326",".565",".415","0.980","0.239",".342","1","0","0",".283",".542",".426",".395",".377",".260",".442",".401",".375",".325","72.1",28.1,18.3,14.6,31,24.7,"7.3",2,"89.1","8",27.5,10,47.5,"76.662752","94.971228",19.8,42.7
"Sears, JP",676664,2025,29,181,171,38,24,9,0,5,36,7,19.9,3.9,".222",".363",".265","0.628","0.141",".254","3","0","0",".232",".417",".278",".298",".275",".185",".321",".347",".281",".294","71.5",21.5,12.5,10.4,31.9,26.5,"7.3",7,"88.7","19",31.1,7.4,40,"78.172564853","93.669852222",18.6,47.2
"Kranick, Max",668820,2025,27,95,90,21,15,3,0,3,15,4,15.8,4.2,".233",".367",".263","0.630","0.134",".247","0","0","1",".279",".425",".276",".332",".315",".146",".309",".379",".276",".342","70.7",20,11.1,9.1,33.3,27.3,"7.1",3,"88.9","17",34.2,7.9,38.2,"79.104848378","93.480560676",20.5,56.9
"Estes, Joey",683155,2025,23,42,33,15,7,4,0,4,5,6,11.9,14.3,".455",".939",".524","1.463","0.484",".423","1","0","2",".327",".629",".586",".444",".429",".302",".656",".458",".500",".368","72.7",32.3,13,10.8,35.2,29.2,"7.3",0,"89.2","24.4",50,16.7,36.7,"80.290734667","93.136111",17.1,47.9
"Soto, Gregory",642397,2025,30,61,52,15,9,6,0,0,15,6,24.6,9.8,".288",".404",".367","0.771","0.116",".395","1","0","1",".264",".372",".343",".324",".349",".108",".413",".382",".395",".366","71.1",18.1,17.8,13.8,37,28.7,"7.2",4,"91.5","8.7",33.3,2.6,48.7,"81.030754737","95.776924211",26.1,48.1
"Banks, Tanner",621383,2025,33,68,62,14,8,3,1,2,20,4,29.4,5.9,".226",".403",".273","0.676","0.177",".300","0","0","0",".233",".366",".296",".283",".280",".132",".399",".378",".333",".344","70.9",17.1,10.8,8.5,24.7,19.7,"7",1,"87.5","14.5",40.9,9.1,38.6,"75.790417619","93.774199756",24.1,49.3
"Muñoz, Andrés",662253,2025,26,68,58,7,7,0,0,0,25,8,36.8,11.8,".121",".121",".227","0.348","0.000",".212","0","2","0",".182",".247",".163",".233",".281",".065",".190",".325",".212",".320","70.1",13.9,15.2,9.9,33.3,21.8,"7.3",5,"90.7","1.2",17.6,2.9,50,"79.67122","95.605750303",38.8,45.9
"Sauer, Matt",669422,2025,26,42,40,9,8,1,0,0,8,1,19,2.4,".225",".250",".238","0.488","0.025",".273","0","0","1",".259",".347",".217",".266",".271",".088",".255",".318",".273",".314","71.3",22.6,8.9,8.1,32.1,29,"7",3,"87.7","5.8",27.3,3,21.2,"79.861881765","91.881977879",14.9,48.4
"Suárez, Ranger",624133,2025,29,43,40,10,8,2,0,0,11,3,25.6,7,".250",".300",".302","0.602","0.050",".345","0","0","0",".254",".318",".274",".281",".306",".064",".334",".344",".345",".350","71.3",20,9.1,7.1,30.9,24.3,"7.5",0,"85.6","5.7",41.4,0,27.6,"75.093408","92.386872414",22.8,48.2
"Rasmussen, Drew",656876,2025,29,158,146,32,23,3,0,6,35,10,22.2,6.3,".219",".363",".278","0.641","0.144",".248","2","0","0",".263",".407",".287",".318",".319",".144",".332",".377",".288",".346","72",29.9,16.4,13.1,33.8,26.9,"7.1",7,"90.8","8.1",34.2,8.1,43.2,"81.023150364","94.551533455",22.2,49.8
"Milner, Hoby",571948,2025,34,68,62,13,10,3,0,0,18,6,26.5,8.8,".210",".258",".279","0.537","0.048",".295","0","1","0",".238",".404",".243",".306",".305",".166",".290",".386",".295",".335","70.7",14.7,11.8,9.8,29.4,24.5,"7.1",1,"86.5","3.2",29.5,9.1,34.1,"76.098253636","92.434078864",17.4,39.8
"Kelly, Zack",677161,2025,30,45,41,12,8,3,0,1,11,2,24.4,4.4,".293",".439",".356","0.795","0.146",".379","2","0","0",".262",".435",".354",".334",".328",".172",".435",".406",".400",".359","71",23.8,12.2,9.5,38.8,30.2,"7.1",2,"88.7","12.4",43.3,10,46.7,"77.213055333","94.472423",25,48.8
"Webb, Logan",657277,2025,28,222,206,50,38,9,1,2,65,14,29.3,6.3,".243",".325",".290","0.615","0.082",".343","0","0","1",".241",".344",".276",".279",".289",".103",".361",".366",".352",".351","71.6",24.1,16.5,12.5,35,26.4,"7.2",9,"88.9","4.8",37.1,5.6,39.2,"77.367564648","94.401469574",26.7,44.8
"Buehler, Walker",621111,2025,30,140,127,32,22,5,0,5,29,9,20.7,6.4,".252",".409",".309","0.718","0.157",".287","2","0","1",".255",".420",".318",".320",".312",".166",".368",".371",".323",".328","71.9",25.6,11.2,9.2,29.4,24.2,"7.5",5,"86.3","10.5",33.3,9.1,31.3,"74.054473265","93.503799794",19.4,45.8
"Lorenzen, Michael",547179,2025,33,193,177,43,24,11,0,8,40,14,20.7,7.3,".243",".441",".301","0.742","0.198",".269","1","0","1",".249",".442",".324",".326",".308",".193",".378",".381",".312",".323","71.6",21.9,12.2,9.3,36.2,27.6,"7.4",7,"89.2","15.1",36.2,9.4,40.6,"78.750757101","94.019511752",24.9,47.8
"Leiter, Jack",683004,2025,25,99,87,19,13,4,0,2,18,11,18.2,11.1,".218",".333",".313","0.646","0.115",".254","1","0","0",".261",".416",".296",".339",".350",".155",".303",".364",".275",".329","71.7",22.3,10.1,8,28.3,22.3,"7.3",3,"87.8","15.2",31.9,8.7,30.4,"77.122358571","93.339954493",22.3,46.2
"Gillispie, Connor",687362,2025,27,123,109,32,15,11,0,6,23,11,18.7,8.9,".294",".560",".358","0.918","0.266",".317","1","0","2",".272",".505",".393",".365",".341",".233",".453",".414",".364",".341","72.5",31,19.3,15.5,38.7,31,"7.4",5,"91.4","16.5",36.4,12.5,50,"80.485346279","95.911199535",21.4,45.6
"deGrom, Jacob",594798,2025,37,169,158,34,21,6,0,7,46,10,27.2,5.9,".215",".386",".266","0.652","0.171",".257","1","0","0",".211",".367",".288",".276",".263",".155",".366",".348",".304",".300","71.4",22.2,11.3,7.6,28.4,19.2,"7.4",8,"87.6","14.1",26.8,8,36.6,"76.086231818","93.573735636",32.9,50.7
"López, Jorge",605347,2025,32,72,63,16,13,0,2,1,10,5,13.9,6.9,".254",".365",".319","0.684","0.111",".278","2","0","2",".317",".501",".304",".374",".375",".184",".308",".400",".291",".363","70.9",14.2,18.3,16,40.9,35.8,"7.4",0,"92","9.6",41.8,5.5,52.7,"81.871827143","95.986245455",13.7,49.2
"Montero, Keider",672456,2025,24,93,80,22,16,1,1,4,15,10,16.1,10.8,".275",".463",".370","0.833","0.188",".295","2","0","0",".276",".480",".369",".372",".373",".204",".393",".398",".338",".342","71.7",20.7,12.8,10,35.9,28,"7.3",3,"89.1","13.1",36.4,9.1,40.9,"78.800244194","94.14618",23.5,49.1
"Mears, Nick",683232,2025,28,50,47,5,5,0,0,0,14,2,28,4,".106",".106",".140","0.246","0.000",".147","0","0","1",".223",".281",".117",".241",".257",".058",".131",".315",".147",".321","71",22.8,7.4,5.4,26.5,19.6,"7.3",5,"88.5","7.3",26.5,0,32.4,"79.267165882","93.342973939",26.1,56.9
"Suarez, Robert",663158,2025,34,61,57,6,4,2,0,0,18,4,29.5,6.6,".105",".140",".164","0.304","0.035",".154","0","0","0",".211",".367",".146",".275",".262",".157",".157",".359",".154",".308","70.2",15.8,10.7,7.9,32.1,23.7,"7",1,"91.9","25.9",33.3,12.8,38.5,"82.787497368","95.491533684",25.4,57
"Uceta, Edwin",670955,2025,27,71,62,17,11,3,0,3,13,6,18.3,8.5,".274",".468",".352","0.820","0.194",".298","2","2","1",".345",".662",".350",".465",".425",".317",".398",".557",".340",".444","73.1",30.9,18.9,14.6,34.7,26.8,"7.6",3,"92.7","17.7",50,16,46,"82.8015592","95.8637354",25.4,55.7
"Weissert, Greg",669711,2025,30,71,65,14,13,0,0,1,18,5,25.4,7,".215",".262",".282","0.544","0.047",".283","1","0","0",".231",".346",".252",".286",".296",".116",".292",".343",".298",".319","70.7",17.8,8.8,6.5,28.7,21.5,"7.1",2,"87.6","9",34,4.3,36.2,"77.18386375","93.227445745",25.4,44.2
"Cosgrove, Tom",676680,2025,29,16,15,3,3,0,0,0,3,1,18.8,6.3,".200",".200",".250","0.450","0.000",".250","0","0","0",".161",".183",".211",".186",".213",".023",".224",".189",".250",".201","72.3",21.2,3.6,3,17.9,15.2,"7.8",0,"81.7","2.6",16.7,0,8.3,"71.965208333","90.309905",19.4,56.3
"Doval, Camilo",666808,2025,27,69,61,6,5,1,0,0,14,6,20.3,8.7,".098",".115",".191","0.306","0.017",".128","1","1","0",".194",".265",".149",".242",".277",".072",".122",".256",".128",".251","71.1",15.5,13.5,9.7,39.2,28.2,"7.5",2,"87","5.7",29.2,4.2,29.2,"75.45488625","93.42421234",27.7,47.6
"Sánchez, Cristopher",650911,2025,28,157,140,32,23,5,0,4,44,14,28,8.9,".229",".350",".312","0.662","0.121",".304","3","0","0",".219",".308",".301",".279",".303",".089",".367",".331",".333",".319","71.9",24.1,12.6,8.8,36,25.3,"7.5",7,"90.3","3.6",21.9,3.1,40.6,"80.261542292","94.561895625",31.6,46.8
"Allard, Kolby",663465,2025,27,42,40,8,5,3,0,0,3,0,7.1,0,".200",".275",".190","0.465","0.075",".205","0","0","2",".259",".490",".197",".310",".253",".231",".213",".334",".205",".273","71.9",24.3,20.3,17.1,44.1,37.1,"7.2",1,"90","18.8",33.3,10.3,41,"81.095398","93.832920256",15.2,57.7
"Hancock, Emerson",676106,2025,26,102,95,30,22,5,0,3,17,7,16.7,6.9,".316",".463",".363","0.826","0.147",".360","0","0","0",".282",".427",".364",".331",".332",".144",".414",".370",".385",".344","72.3",27.4,12.6,10.4,25.2,20.7,"7.2",1,"86.3","12.1",33.3,6.4,34.6,"74.486067692","93.109601667",19.7,47.6
"Johnson, Pierce",572955,2025,34,56,51,9,6,3,0,0,17,4,30.4,7.1,".176",".235",".232","0.467","0.059",".257","0","0","1",".193",".328",".214",".262",".256",".135",".262",".339",".257",".296","70.4",16,18.1,13,34.7,25,"7.2",3,"91.7","16.7",37.1,11.4,45.7,"82.406069412","94.960480588",27.9,46.8
"Fairbanks, Pete",664126,2025,31,68,60,10,8,2,0,0,15,8,22.1,11.8,".167",".200",".265","0.465","0.033",".222","0","0","0",".232",".287",".225",".282",".324",".056",".216",".302",".222",".311","71.5",22.3,11.6,8.9,34.9,26.8,"7.3",3,"90.5","11.9",20,2.2,42.2,"80.637479091","94.335554545",28.8,44.7
"Thompson, Zach",605507,2025,31,12,11,0,0,0,0,0,3,1,25,8.3,".000",".000",".083","0.083","0.000",".000","0","0","0",".129",".148",".058",".170",".202",".019",".000",".168",".000",".178","71.3",16.7,5.3,4.2,21.1,16.7,"7.1",0,"79.4","18.1",0,0,12.5,"66.66586","90.29403125",17.9,46.7
"Mena, Cristian",691441,2025,22,12,11,0,0,0,0,0,5,1,41.7,8.3,".000",".000",".083","0.083","0.000",".000","0","0","0",".114",".122",".058",".154",".188",".008",".000",".192",".000",".209","72.4",34.8,6.3,4.3,25,17.4,"7.6",0,"86.1","21.3",16.7,0,66.7,"72.57734","95.18373",30.4,50
"Cruz, Steven",674444,2025,26,41,37,3,3,0,0,0,8,4,19.5,9.8,".081",".081",".171","0.252","0.000",".103","0","0","0",".180",".233",".134",".229",".260",".052",".092",".228",".103",".230","70.9",15.4,11.3,9.2,30.2,24.6,"7.3",2,"87.9","11.1",27.6,0,31,"78.368137143","92.714195",24.1,55.2
"Little, Brendon",663893,2025,28,77,67,13,9,2,1,1,28,9,36.4,11.7,".194",".299",".299","0.598","0.105",".316","1","0","0",".176",".293",".277",".264",".283",".118",".366",".342",".333",".302","72.9",37.1,20,9.5,38.2,18.1,"7.8",9,"89.5","6.5",30.8,10.3,43.6,"79.11728","94.349806923",53.9,46.1
"Nola, Aaron",605400,2025,32,196,177,47,31,8,0,8,50,15,25.5,7.7,".266",".446",".333","0.779","0.180",".328","3","0","0",".264",".446",".345",".339",".332",".182",".429",".421",".370",".369","72.1",19.4,13.1,9.8,32,24,"7.6",10,"89.3","12.2",33.6,9.4,40.6,"78.604246094","94.406163543",26.4,46.7
"Hicks, Jordan",663855,2025,28,189,169,46,34,7,3,2,40,15,21.2,7.9,".272",".385",".344","0.729","0.113",".344","4","0","1",".258",".357",".326",".308",".332",".099",".372",".345",".354",".336","71.4",22.7,15,11.7,35.5,27.8,"7.3",8,"89.2","3",28.5,4.6,44.6,"77.203355846","94.900266769",24.4,44
"Brash, Matt",666374,2025,27,12,9,2,2,0,0,0,3,2,25,16.7,".222",".222",".417","0.639","0.000",".333","1","0","0",".131",".145",".326",".267",".348",".014",".298",".179",".333",".197","71.3",23.5,0,0,33.3,29.4,"7.3",0,"87","-12.6",0,0,33.3,"79.586593333","91.57765",11.1,36.7
"Hurter, Brant",676428,2025,26,80,72,15,9,3,0,3,17,5,21.3,6.3,".208",".375",".266","0.641","0.167",".226","1","1","1",".248",".377",".277",".293",".302",".129",".323",".345",".268",".319","71",16.7,15.1,12,39.5,31.5,"7.3",4,"88","9.5",31.6,5.3,36.8,"77.09365","93.742355741",23.1,46
"Canning, Griffin",656288,2025,29,174,158,37,29,3,1,4,42,16,24.1,9.2,".234",".342",".305","0.647","0.108",".295","0","0","0",".241",".386",".292",".307",".311",".145",".342",".365",".319",".329","72.4",27.5,13,9.5,33.2,24.3,"7.4",8,"91.9","8",29.3,6,48.3,"82.347725789","95.330747018",26.6,46.9
"Hoffman, Jeff",656546,2025,32,75,71,15,7,5,0,3,30,3,40,4,".211",".408",".240","0.648","0.197",".308","0","1","1",".192",".324",".274",".235",".226",".133",".449",".380",".357",".332","71.7",25.8,12.2,8.3,26.8,18.3,"7.5",5,"89","14.3",35.7,7.1,40.5,"77.110600476","94.644650714",32.7,54
"Herget, Jimmy",623474,2025,31,80,68,17,10,4,0,3,11,9,13.8,11.3,".250",".441",".338","0.779","0.191",".250","1","0","2",".262",".424",".341",".343",".353",".162",".344",".346",".288",".309","70.9",20.2,21.1,16.8,41.1,32.8,"7.4",0,"90.4","18.1",40.7,6.8,45.8,"79.754892069","94.948201228",19.7,46
"Walker, Ryan",676254,2025,29,65,57,16,14,2,0,0,15,5,23.1,7.7,".281",".316",".369","0.685","0.035",".381","3","0","0",".247",".345",".313",".305",".340",".099",".359",".346",".381",".335","69.9",17.9,8.8,7.1,23.5,19,"7.3",3,"84","6.1",31,4.8,26.2,"72.460775714","92.020310488",19.1,39.9
"McDaniels, Garrett",680729,2025,25,50,41,13,9,2,0,2,6,8,12,16,".317",".512",".440","0.952","0.195",".333","1","0","0",".289",".455",".421",".387",".417",".166",".422",".373",".371",".338","71.4",26.8,24.1,18.3,40.7,31,"7.4",1,"89","1.5",22.9,11.4,42.9,"76.641867222","94.898244571",24,39.3
"Castillo, Luis",622491,2025,32,189,169,42,29,9,0,4,33,18,17.5,9.5,".249",".373",".323","0.696","0.124",".286","1","0","1",".253",".414",".312",".325",".327",".161",".334",".351",".307",".313","70.9",18.3,13,10.2,31.3,24.6,"7.1",5,"90.4","12.7",29.9,10.2,43.1,"79.700301912","94.945713235",21.1,50.1
"Moll, Sam",594580,2025,33,12,8,3,2,0,0,1,1,3,8.3,25,".375",".750",".545","1.295","0.375",".333","0","0","0",".259",".448",".542",".407",".461",".189",".553",".341",".429",".296","70.6",26.3,7.7,5.3,38.5,26.3,"7.5",0,"92","16.1",50,0,37.5,"86.328905","94.37256",27.3,42.3
"Rodriguez, Elvin",660730,2025,27,84,76,23,11,5,0,7,17,7,20.2,8.3,".303",".645",".369","1.014","0.342",".308","1","0","0",".296",".621",".433",".415",".363",".325",".521",".496",".390",".381","71",15.4,20,16.2,40,32.5,"7.4",2,"88.3","21.9",54.2,18.6,47.5,"76.197580333","94.565351017",21.9,43.2
"Brzykcy, Zach",694350,2025,25,11,9,2,0,1,0,1,1,2,9.1,18.2,".222",".667",".364","1.031","0.445",".143","0","0","0",".254",".403",".432",".359",".390",".149",".419",".318",".250",".286","72.2",29.2,5.6,4.2,38.9,29.2,"7.2",0,"95.1","26.1",37.5,0,37.5,"91.525825","95.375185",21.4,56
"Orze, Eric",679358,2025,27,60,53,14,14,0,0,0,9,6,15,10,".264",".264",".350","0.614","0.000",".318","1","0","0",".256",".398",".291",".328",".343",".143",".284",".336",".318",".308","72.2",25.8,9.5,7.5,25.7,20.4,"7.4",0,"86.7","8",29.5,6.8,31.8,"76.307123182","92.590356818",20,48.3
"Nicolas, Kyle",693312,2025,26,42,34,10,5,3,0,2,6,8,14.3,19,".294",".559",".429","0.988","0.265",".308","0","0","0",".264",".471",".429",".384",".404",".207",".445",".377",".357",".320","71.6",18.4,10.7,7.9,33.9,25,"7.4",3,"88.6","16.4",46.4,7.1,28.6,"79.087952857","93.024297143",28.9,44.4
"Díaz, Edwin",621242,2025,31,65,55,11,7,2,0,2,23,7,35.4,10.8,".200",".345",".308","0.653","0.145",".290","2","0","1",".176",".293",".297",".274",".295",".117",".393",".347",".333",".307","71.3",23.5,9.4,6.1,26.6,17.3,"7.3",2,"87.5","10.4",30.3,6.1,36.4,"76.277635882","93.895148485",37.5,44.3
"Junis, Jakob",596001,2025,32,74,72,19,17,0,0,2,13,2,17.6,2.7,".264",".347",".284","0.631","0.083",".298","0","0","0",".303",".493",".281",".350",".322",".190",".328",".415",".322",".370","72",23.3,17.7,14.7,41.7,34.5,"7.6",4,"89.5","11.2",33.9,6.8,42.4,"79.633025","94.221821017",22.1,44.9
"Hart, Kyle",606996,2025,32,90,83,23,12,5,0,6,16,6,17.8,6.7,".277",".554",".322","0.876","0.277",".274","0","0","1",".257",".476",".375",".335",".306",".219",".435",".382",".338",".317","72.2",27.3,13.2,10.6,33,26.5,"7.5",0,"89.4","19.6",38.2,8.8,42.6,"78.307276061","94.544489545",17.8,45.9
"Clevinger, Mike",605182,2025,34,31,22,5,4,1,0,0,3,8,9.7,25.8,".227",".273",".419","0.692","0.046",".250","0","0","1",".198",".251",".337",".343",".418",".053",".242",".253",".250",".249","71.8",17.1,6.9,4.9,37.9,26.8,"7.4",0,"91","8.1",25,10,45,"80.896157","94.9773115",24,43.9
"Eflin, Zach",621107,2025,31,89,84,19,10,7,0,2,13,3,14.6,3.4,".226",".381",".258","0.639","0.155",".243","1","0","1",".244",".419",".279",".298",".277",".176",".306",".330",".264",".287","72.6",28,20,15.9,42.9,34.1,"7.3",1,"91.4","16.9",34.7,8.3,44.4,"81.856281389","94.916241831",21.7,47.4
"Mejia, Juan",675848,2025,24,35,32,9,5,1,1,2,10,3,28.6,8.6,".281",".563",".343","0.906","0.282",".350","0","0","0",".220",".306",".389",".270",".291",".086",".524",".340",".409",".330","69.8",13.2,12.5,9.4,42.5,32.1,"7.2",1,"90.2","10.4",36.4,0,36.4,"81.815114","93.9355365",29.7,44.8
"Garrett, Reed",657585,2025,32,67,61,12,9,2,0,1,18,6,26.9,9,".197",".279",".269","0.548","0.082",".262","0","0","0",".219",".374",".252",".291",".289",".155",".295",".356",".279",".310","71.5",22.5,14.9,10.8,40.5,29.4,"7.5",4,"89.3","13.9",37.2,9.3,44.2,"78.249174091","94.63560093",28.7,43.1
"Martinez, Justin",679885,2025,23,42,34,5,3,1,0,1,11,6,26.2,14.3,".147",".265",".310","0.575","0.118",".182","2","0","0",".197",".281",".278",".301",".350",".083",".262",".305",".217",".292","70.4",12.1,4.9,3.4,22,15.5,"7.1",6,"81","2.8",26.1,4.3,26.1,"66.47513","91.837540455",28.8,40.2
"McFarland, T.J.",519008,2025,36,48,44,15,9,4,2,0,4,3,8.3,6.3,".341",".523",".396","0.919","0.182",".375","1","0","0",".309",".500",".400",".374",".367",".191",".409",".378",".375",".340","71.4",23,26.8,24.6,48.2,44.3,"7.3",2,"92.1","6.6",40,10,42.5,"82.599314","95.745105897",16,45.2
"Fermin, Jose",820862,2025,23,29,25,7,5,0,0,2,10,3,34.5,10.3,".280",".520",".379","0.899","0.240",".385","1","0","0",".212",".462",".395",".340",".320",".250",".575",".470",".467",".353","70.9",16.3,12.1,8.2,30.3,20.4,"7.4",1,"89.4","21.5",53.3,20,46.7,"79.62039","94.322353333",32.1,44.1
"Veneziano, Anthony",685107,2025,27,74,63,16,9,3,1,3,13,8,17.6,10.8,".254",".476",".338","0.814","0.222",".265","1","0","2",".292",".527",".352",".383",".372",".235",".379",".423",".308",".356","72.4",31.6,23.7,18.8,33.3,26.5,"7.3",4,"91.2","13.6",26.9,13.5,48.1,"79.379508462","95.881078627",22.3,48.1
"Alvarado, José",621237,2025,30,79,75,19,16,2,0,1,24,3,30.4,3.8,".253",".320",".278","0.598","0.067",".353","0","0","1",".226",".368",".266",".274",".259",".142",".364",".375",".365",".336","70.4",19.1,16.5,12.8,33,25.5,"7.2",1,"93.8","10.7",36.5,11.5,50,"84.277652692","96.556214423",23.2,48.7
"Pagán, Emilio",641941,2025,34,68,63,8,2,3,0,3,21,5,30.9,7.4,".127",".317",".191","0.508","0.190",".128","0","0","0",".206",".451",".226",".306",".264",".246",".282",".412",".190",".309","71.5",25.2,12,8.4,31.5,22.1,"7.3",0,"91.5","30.4",26.2,11.9,50,"81.041658095","95.450271905",30.3,54.4
"Schultz, Paxton",687606,2025,27,29,27,6,3,2,0,1,11,2,37.9,6.9,".222",".407",".276","0.683","0.185",".333","0","0","0",".233",".478",".300",".328",".286",".245",".457",".508",".375",".394","70.7",24,14.3,10,31.4,22,"7.3",0,"92.3","13.9",31.3,18.8,43.8,"83.25179875","95.248279375",34.5,47.9
"Elder, Bryce",693821,2025,26,160,146,37,18,11,0,8,30,12,18.8,7.5,".253",".493",".306","0.799","0.240",".264","0","0","2",".267",".479",".345",".341",".319",".212",".396",".391",".314",".330","72.4",28.9,19.2,15.9,36,29.7,"7.5",4,"89.7","9.1",25.4,10.2,44.9,"78.326762542","95.027535593",19.3,43.9
"Cameron, Noah",702070,2025,25,25,20,1,1,0,0,0,3,5,12,20,".050",".050",".240","0.290","0.000",".059","0","0","0",".260",".314",".175",".339",".408",".054",".053",".294",".059",".306","72.1",33.3,20.8,16.7,29.2,23.3,"7.6",1,"90.2","15.3",17.6,0,41.2,"79.70030375","94.458680625",21.6,46.8
"Bernardino, Brennan",657514,2025,33,63,56,10,8,1,0,1,15,2,23.8,3.2,".179",".250",".230","0.480","0.071",".220","2","1","1",".181",".277",".211",".219",".232",".096",".250",".262",".238",".242","71",19.4,15.5,11.8,32.4,24.7,"7.3",3,"86","6.5",27.9,7,32.6,"73.845005238","93.153726905",24.8,49.8
"Leahy, Kyle",681517,2025,28,80,72,7,4,1,0,2,19,7,23.8,8.8,".097",".194",".188","0.382","0.097",".098","1","0","0",".220",".358",".183",".292",".298",".138",".170",".335",".132",".299","71.4",17.3,16,12,28,21.1,"7.2",2,"87.2","5.9",28.3,9.4,43.4,"73.36037963","94.824140189",24.5,47.6
"Guenther, Sean",674944,2025,29,23,20,4,3,1,0,0,5,3,21.7,13,".200",".250",".304","0.554","0.050",".267","0","0","0",".229",".366",".263",".314",".334",".137",".264",".343",".267",".311","72.2",29.6,23.8,18.5,38.1,29.6,"7.2",1,"88","14.7",33.3,6.7,33.3,"76.685011429","94.125839231",21.9,36.8
"Hodge, Porter",687863,2025,24,75,65,16,11,2,1,2,16,10,21.3,13.3,".246",".400",".347","0.747","0.154",".298","0","0","0",".245",".368",".335",".320",".345",".123",".371",".347",".327",".325","70.7",18.8,5.3,4.3,28.4,23.1,"7.1",7,"85.3","9.7",34.7,4.1,20.4,"75.8119852","91.523210612",24.8,49.2
"Dunning, Dane",641540,2025,30,14,12,4,3,0,0,1,3,2,21.4,14.3,".333",".583",".429","1.012","0.250",".375","0","0","0",".246",".405",".440",".340",".354",".159",".529",".374",".444",".328","72.9",28.6,6.3,4.8,18.8,14.3,"7.2",0,"74.2","4.7",44.4,11.1,22.2,"61.240682","90.488552222",24,48.1
"Adam, Jason",592094,2025,33,82,71,11,8,1,0,2,26,9,31.7,11,".155",".254",".259","0.513","0.099",".209","1","0","0",".146",".209",".242",".220",".251",".064",".280",".240",".244",".230","71.9",20.7,10,6.7,30,20,"7.8",1,"86.7","15.9",19.6,4.3,32.6,"76.477973478","92.596664444",34.7,45.5
"Lucas, Easton",687922,2025,28,75,66,17,9,3,0,5,19,9,25.3,12,".258",".530",".347","0.877","0.272",".286","0","0","0",".266",".545",".381",".384",".354",".279",".474",".479",".362",".374","71.5",24.8,18,13.5,32,24.1,"7.2",2,"92.6","18",38.3,12.8,48.9,"82.396334167","95.744316596",25.2,50.7
"Castillo, José",620454,2025,29,31,27,10,5,2,0,3,3,3,9.7,9.7,".370",".778",".419","1.197","0.408",".318","0","0","1",".274",".524",".495",".364",".338",".251",".530",".367",".400",".299","71.9",19.5,17.1,14.6,40,34.1,"7.5",0,"89.3","7.2",40,8,40,"80.269512308","93.7064352",12,48.1
"Wilson, Bryse",669060,2025,27,126,111,35,24,5,1,5,16,13,12.7,10.3,".315",".514",".392","0.906","0.199",".333","1","0","0",".317",".551",".397",".406",".394",".234",".419",".431",".368",".371","71.8",24.5,18.5,15.5,33.3,28,"7.2",2,"89.7","15.3",35.8,9.5,41.1,"78.335910213","94.691163441",17.3,46
"Alexander, Tyler",641302,2025,30,120,104,23,18,4,0,1,22,12,18.3,10,".221",".288",".305","0.593","0.067",".268","1","0","1",".263",".455",".274",".347",".343",".192",".280",".384",".277",".330","71.1",17.4,15.1,12.6,33.3,27.9,"7.2",3,"89.8","21.6",39.3,6,41.7,"79.341731463","94.453328148",17.4,47.2
"Civale, Aaron",650644,2025,30,14,13,4,1,0,0,3,2,1,14.3,7.1,".308","1.000",".357","1.357","0.692",".125","0","1","0",".366","1.012",".549",".570",".411",".647",".649",".674",".364",".432","72.2",17.2,19.2,17.2,26.9,24.1,"7.7",0,"91.2","27.8",45.5,27.3,54.5,"77.75252","97.603228182",15.2,48.5
"Irvin, Jake",663623,2025,28,196,181,41,25,6,1,9,33,14,16.8,7.1,".227",".420",".286","0.706","0.193",".230","1","0","0",".284",".534",".310",".372",".339",".249",".340",".423",".277",".348","71.8",25.4,20.8,17.2,39.6,32.7,"7.4",5,"90.8","15.7",36.5,12.8,45.9,"79.751460137","95.337335274",19.2,46.6
"Gilbert, Logan",669302,2025,28,117,110,18,10,5,0,3,44,6,37.6,5.1,".164",".291",".214","0.505","0.127",".238","1","0","0",".203",".314",".226",".250",".251",".111",".326",".368",".273",".339","70.5",16.8,9.1,5.9,29.4,19.1,"7.5",10,"89.4","8.8",28.8,4.5,40.9,"79.114525152","94.245194697",38.3,51.3
"Wentz, Joey",666214,2025,27,82,71,16,10,4,0,2,15,9,18.3,11,".225",".366",".317","0.683","0.141",".255","1","2","1",".262",".418",".298",".336",".355",".156",".319",".373",".281",".335","71.5",23.6,17.1,13.9,30.8,25,"7.4",3,"91.8","13.9",31.6,8.8,45.6,"82.3432125","95.054472143",22.9,49
"García, Yimi",554340,2025,34,69,58,10,9,0,0,1,23,9,33.3,13,".172",".224",".294","0.518","0.052",".265","1","1","0",".228",".402",".245",".326",".341",".175",".289",".443",".286",".377","72.5",21.3,14.9,10.2,32.4,22.2,"7.3",0,"91.4","10.3",36.1,11.1,41.7,"82.62794","94.609225714",29.6,44
"Mey, Luis",682825,2025,24,22,20,2,2,0,0,0,9,2,40.9,9.1,".100",".100",".182","0.282","0.000",".182","0","0","0",".127",".137",".145",".169",".206",".010",".163",".211",".182",".231","70.7",21.4,3.6,2.4,14.3,9.5,"7.3",2,"84.6","-0.5",18.2,0,27.3,"72.527321667","93.070492727",33.3,51
"Romero, JoJo",668941,2025,28,52,39,10,7,2,0,1,8,9,15.4,17.3,".256",".385",".380","0.765","0.129",".281","0","2","2",".235",".430",".329",".343",".377",".195",".330",".352",".303",".296","70.9",23,10.4,8.2,33.3,26.2,"7.4",2,"87.5","-0.4",28.6,8.6,31.4,"75.21301375","93.970839063",20.5,40.2
"Eovaldi, Nathan",543135,2025,35,210,199,37,27,6,1,3,60,5,28.6,2.4,".186",".271",".220","0.491","0.085",".248","4","0","1",".243",".400",".220",".295",".276",".157",".283",".394",".264",".348","72",24.5,14.6,10.4,33,23.5,"7.4",7,"90.6","7.9",34.8,7.1,41.1,"80.364081159","94.762998406",29.1,51.4
"Minter, A.J.",621345,2025,31,43,39,6,5,1,0,0,14,4,32.6,9.3,".154",".179",".233","0.412","0.025",".240","0","0","0",".205",".385",".199",".291",".279",".180",".230",".389",".240",".320","72",22.2,18.6,12.7,30.2,20.6,"7.5",4,"89.7","6.7",36,12,44,"78.792067692","94.7833268",34.2,39.5
"Halvorsen, Seth",678020,2025,25,69,61,14,10,3,0,1,17,7,24.6,10.1,".230",".328",".304","0.632","0.098",".295","0","0","1",".216",".322",".286",".275",".293",".107",".330",".314",".311",".294","70.8",20.2,9.2,6.1,29.2,19.2,"7.2",2,"86.7","-3.7",24.4,4.4,33.3,"75.604564545","92.939936364",34.7,49.6
"Valdez, Framber",664285,2025,31,196,175,40,23,11,1,5,44,17,22.4,8.7,".229",".389",".303","0.692","0.160",".276","2","0","1",".274",".422",".307",".340",".346",".148",".353",".401",".303",".367","72.6",28.2,15.8,12.1,35.5,27.2,"7.4",8,"91.2","4.8",32.3,8.3,45.1,"81.061744697","95.302714504",24.5,47.4
"Suárez, Albert",544150,2025,35,11,10,5,5,0,0,0,2,0,18.2,0,".500",".500",".455","0.955","0.000",".556","0","0","1",".230",".315",".406",".266",".234",".085",".497",".325",".556",".286","71.5",14.3,20,14.3,50,35.7,"7.2",1,"90.1","10.3",44.4,0,55.6,"80.95153","95.376305556",26.3,48.7
"Anderson, Grant",681982,2025,28,94,82,18,15,2,0,1,20,11,21.3,11.7,".220",".280",".309","0.589","0.060",".274","0","1","1",".267",".375",".269",".319",".350",".109",".286",".360",".286",".347","70.6",18.4,12.4,9.5,36.3,27.9,"7.3",5,"88.7","13.2",30.2,3.2,36.5,"77.693692258","93.950901935",25.9,46.6
"Soriano, José",667755,2025,26,194,173,49,40,6,0,3,37,20,19.1,10.3,".283",".370",".356","0.726","0.087",".343","0","0","1",".276",".398",".328",".333",".353",".122",".362",".371",".358",".353","72.2",24.9,20.5,15.4,40.5,30.5,"7.4",7,"91.3","-0.5",26.3,8.8,48.9,"79.666509403","96.016381791",25.3,44.4
"Gallen, Zac",668678,2025,29,218,193,44,27,10,1,6,54,23,24.8,10.6,".228",".383",".312","0.695","0.155",".284","1","0","0",".229",".391",".311",".311",".314",".161",".364",".365",".314",".317","72.2",28.5,17.9,13.2,37.4,27.6,"7.5",11,"90","17.1",35,7.9,41.4,"79.611673429","94.4930465",27.9,41.9
"Holton, Tyler",663947,2025,29,72,66,16,12,0,0,4,17,5,23.6,6.9,".242",".424",".292","0.716","0.182",".261","0","0","1",".274",".478",".313",".341",".321",".204",".381",".422",".320",".362","72.2",26.8,15.9,12.5,34.1,26.8,"7.5",4,"90.1","9.8",40,10,48,"79.5130888","95.146136327",23.5,45.4
"Rogers, Taylor",573124,2025,34,60,50,12,9,1,1,1,12,6,20,10,".240",".360",".305","0.665","0.120",".275","0","1","3",".232",".383",".285",".295",".304",".151",".317",".332",".293",".292","71.1",14.9,18.1,14.9,37.5,31,"7.3",2,"90.6","11.4",33.3,9.5,42.9,"80.8349195","94.297104",24.5,42.9
"Kelly, Kevin",687330,2025,27,19,17,2,1,0,0,1,2,2,10.5,10.5,".118",".294",".211","0.505","0.176",".071","0","0","0",".415",".934",".230",".579",".480",".520",".198",".645",".133",".474","71.7",20,36.4,32,50,44,"7.1",0,"95.2","13.2",53.3,26.7,66.7,"87.57542","97.811650714",10.7,41.8
"Rodriguez, Eduardo",593958,2025,32,191,172,53,29,15,1,8,48,15,25.1,7.9,".308",".547",".358","0.905","0.239",".378","0","0","3",".264",".462",".388",".342",".323",".198",".498",".428",".417",".366","72.4",34,16.7,12.6,34,25.6,"7.2",6,"88.7","18.2",37.5,9.4,38.3,"77.344370968","94.104003952",25.1,46.1
"Gómez, Yoendrys",672782,2025,25,69,58,15,11,1,0,3,11,11,15.9,15.9,".259",".431",".377","0.808","0.172",".273","0","0","0",".292",".595",".363",".425",".407",".303",".369",".462",".319",".362","71.7",21.3,20.6,15.7,36.8,28.1,"7.3",2,"89.4","13.7",42.6,17,38.3,"77.77864913","94.792360435",22.7,42
"Nelson, Ryne",669194,2025,27,98,89,19,12,3,2,2,23,8,23.5,8.2,".213",".360",".286","0.646","0.147",".266","1","0","0",".265",".386",".288",".317",".333",".121",".332",".376",".288",".358","71.1",20.4,14.4,11.2,39.8,30.9,"6.9",0,"92.8","14.1",39.4,4.5,45.5,"84.238111818","95.451734308",20.7,45.4
"Lord, Brad",695418,2025,25,129,114,33,24,5,1,3,23,12,17.8,9.3,".289",".430",".367","0.797","0.141",".341","2","0","0",".313",".453",".356",".370",".388",".140",".392",".412",".363",".392","70.8",17.5,13.2,10.6,31,24.9,"6.9",3,"89.3","12.6",39.1,5.4,44.6,"77.74502","94.721473077",21.5,50.8
"Santillan, Tony",663574,2025,28,76,70,12,7,3,0,2,17,6,22.4,7.9,".171",".300",".237","0.537","0.129",".196","0","0","0",".255",".466",".242",".336",".314",".212",".269",".402",".226",".337","71.4",23.1,16.7,12.7,30.4,23.1,"7",3,"90.4","22.5",39.6,9.4,41.5,"79.225632308","95.007407885",24.5,51.2
"Hill, Tim",657612,2025,35,70,65,12,9,2,0,1,11,5,15.7,7.1,".185",".262",".243","0.505","0.077",".208","0","0","0",".227",".283",".231",".257",".283",".056",".235",".268",".222",".274","70.6",16.5,17.1,14.4,37.8,32,"6.7",3,"88.6","-13.6",13,3.7,48.1,"75.667945","95.234104231",16.7,52.1
"Santana, Dennis",642701,2025,29,64,58,12,8,2,2,0,11,3,17.2,4.7,".207",".310",".234","0.544","0.103",".240","0","0","3",".296",".467",".235",".331",".317",".171",".258",".382",".240",".346","72.6",28.8,21.1,15.4,39.5,28.8,"7.5",3,"89.4","12.3",36,8,40,"78.7077872","94.2109062",29.1,53.4
"Harrington III, Thomas",802419,2025,23,39,33,11,7,1,0,3,7,5,17.9,12.8,".333",".636",".410","1.046","0.303",".333","0","0","1",".272",".503",".443",".368",".361",".231",".510",".404",".407",".335","71.4",21.5,18.4,13.8,32.7,24.6,"7.3",1,"90.7","9.8",22.2,7.4,44.4,"79.415617692","95.328477308",25.4,47.3
"Kelly, Merrill",518876,2025,36,179,166,34,16,11,1,6,33,12,18.4,6.7,".205",".392",".263","0.655","0.187",".220","1","0","0",".279",".499",".288",".356",".331",".220",".319",".411",".256",".348","72.7",34.5,19.4,16,34.6,28.6,"7.4",13,"90.4","12.2",32.3,10.5,45.9,"78.480006667","95.372841515",20.7,48.1
"Lopez, Jacob",682052,2025,27,40,31,11,10,1,0,0,9,7,22.5,17.5,".355",".387",".487","0.874","0.032",".500","1","0","0",".239",".285",".406",".325",".395",".046",".464",".321",".500",".337","70.8",17.9,7.1,6,21.4,17.9,"7.3",1,"85.4","19.9",34.8,0,21.7,"75.508844545","92.018212381",16.7,45.3
"Smith, Cade",671922,2025,26,82,71,17,11,6,0,0,26,8,31.7,9.8,".239",".324",".317","0.641","0.085",".362","1","1","2",".214",".296",".285",".266",".298",".082",".372",".339",".362",".328","71",23.2,10.8,7.2,31.3,20.8,"7",2,"91.4","15.3",44.7,4.3,46.8,"82.999500833","94.568623191",32,47.8
"Buttó, José",676130,2025,27,94,82,22,15,5,0,2,22,10,23.4,10.6,".268",".402",".344","0.746","0.134",".339","0","0","1",".268",".469",".332",".351",".344",".201",".392",".421",".361",".360","71.4",16.6,15.5,11,35,24.8,"7.4",4,"89.6","7.9",32.3,11.3,41.9,"79.090422258","94.290161639",31.2,47.2
"Brieske, Beau",689225,2025,27,54,49,14,8,3,0,3,8,4,14.8,7.4,".286",".531",".333","0.864","0.245",".282","0","0","1",".219",".378",".370",".298",".290",".159",".410",".317",".333",".277","71.6",19.3,18.6,14.8,35.7,28.4,"7.4",2,"88.7","15.9",21.4,4.8,54.8,"76.035517619","95.328529286",22.9,44.4
"Soroka, Michael",647336,2025,27,43,39,10,5,4,0,1,11,3,25.6,7,".256",".436",".326","0.762","0.180",".333","1","0","0",".252",".337",".336",".296",".321",".085",".416",".354",".357",".351","70.3",15.6,10.2,7.8,34.7,26.6,"7",2,"91","8.8",25,0,35.7,"84.359185714","93.173951852",23.7,47.2
"Cabrera, Edward",665795,2025,27,131,116,32,20,7,0,5,26,13,19.8,9.9,".276",".466",".351","0.817","0.190",".314","1","0","1",".270",".450",".359",".346",".346",".181",".409",".391",".352",".345","71.5",23.2,14.6,12.1,35,28.9,"7.4",6,"89.9","13.5",35.2,7.7,44,"79.05368","94.674719333",21,41
"Gibson, Cade",806188,2025,27,18,17,4,3,0,1,0,3,1,16.7,5.6,".235",".353",".278","0.631","0.118",".286","0","0","0",".304",".403",".277",".328",".343",".099",".307",".371",".286",".369","70.8",21.7,19,17.4,38.1,34.8,"7.2",0,"89.1","7.8",42.9,0,42.9,"78.764268571","93.731317857",10.3,35.8
"Palencia, Daniel",694037,2025,25,44,39,4,2,1,0,1,11,5,25,11.4,".103",".205",".205","0.410","0.102",".111","0","0","0",".275",".414",".196",".340",".358",".139",".184",".410",".143",".383","70.4",19.1,5.7,4.4,41.5,32.4,"6.7",2,"88.7","11.1",50,3.6,35.7,"79.105595714","93.544416071",24.4,43.3
"Márquez, Germán",608566,2025,30,171,153,50,32,13,1,4,20,13,11.7,7.6,".327",".503",".391","0.894","0.176",".357","2","0","0",".288",".442",".393",".349",".355",".154",".414",".359",".376",".331","72.8",32.4,17.8,15.4,32.9,28.3,"7.4",9,"89.5","13.9",32.1,5.2,44,"78.056425455","94.698287273",17.1,49.4
"Senga, Kodai",673540,2025,32,152,134,28,20,6,1,1,35,17,23,11.2,".209",".291",".303","0.594","0.082",".276","1","0","0",".226",".343",".275",".298",".318",".117",".295",".331",".283",".307","71.1",21.4,13.6,10.5,33.5,25.8,"7.4",8,"88.9","14.6",28.3,6.1,42.4,"77.694002857","94.173083505",26.5,45.8
"Holmes, Grant",656550,2025,29,163,140,29,18,3,0,8,40,20,24.5,12.3,".207",".400",".307","0.707","0.193",".223","1","0","2",".241",".426",".314",".338",".339",".185",".358",".396",".284",".336","71.1",19.5,13.8,10.5,30.9,23.3,"7.4",7,"90.8","8",36.3,11.8,42.2,"81.249373333","94.735263529",24.6,46.9
"Ribalta, Orlando",687377,2025,27,33,29,5,3,0,0,2,6,4,18.2,12.1,".172",".379",".273","0.652","0.207",".143","0","0","0",".254",".482",".292",".359",".344",".229",".298",".393",".217",".320","70.1",19.4,12.5,9.7,22.9,17.7,"7.4",3,"80.7","17.2",30.4,13,30.4,"65.221345","92.805227826",26.1,48.6
"Morton, Charlie",450203,2025,41,167,139,44,29,6,1,8,30,22,18,13.2,".317",".547",".407","0.954","0.230",".343","2","0","4",".289",".497",".411",".381",".387",".208",".459",".415",".389",".359","71.9",22.1,18.6,14.4,36.2,28,"7.3",7,"91.6","11",31.9,10.6,47.8,"81.974946316","95.253826283",24.3,44.3
"Olson, Reese",681857,2025,25,182,159,37,27,8,0,2,45,18,24.7,9.9,".233",".321",".326","0.647","0.088",".313","3","1","0",".248",".394",".296",".324",".340",".146",".338",".383",".325",".347","71.3",20.1,14.9,10.4,37.1,25.9,"7.6",12,"91.3","9.2",33.9,7.8,47,"81.410119825","95.284307257",32.2,43.9
"Povich, Cade",700249,2025,25,158,145,43,28,7,1,7,29,12,18.4,7.6,".297",".503",".348","0.851","0.206",".327","0","1","1",".304",".572",".368",".393",".357",".268",".428",".462",".368",".380","72",24.8,18.4,14.7,38.2,30.6,"7.4",4,"90.7","12.9",37.6,12,46.2,"79.920825","95.116716897",21.2,44.9
"Curry, Xzavion",675540,2025,26,16,13,4,4,0,0,0,1,3,6.3,18.8,".308",".308",".438","0.746","0.000",".333","0","0","0",".189",".327",".354",".308",".341",".138",".298",".235",".333",".204","71.5",23.8,15,14.3,35,33.3,"7.4",0,"86","17.8",16.7,8.3,33.3,"77.14369","91.963804545",4.2,42.9
"Gillaspie, Logan",670810,2025,28,31,26,7,6,0,0,1,4,4,12.9,12.9,".269",".385",".387","0.772","0.116",".286","1","0","0",".317",".521",".354",".414",".427",".204",".338",".423",".318",".374","70.1",6.5,15.8,13,36.8,30.4,"7",3,"92.1","6.2",50,4.5,45.5,"83.374281818","94.791150455",18.5,48.2
"Sugano, Tomoyuki",608372,2025,35,183,173,39,26,5,1,7,26,8,14.2,4.4,".225",".387",".268","0.655","0.162",".229","2","0","0",".286",".503",".289",".355",".325",".218",".311",".394",".265",".336","72",26.5,15.6,12.4,38.1,30.2,"7.4",2,"89.1","12.9",36.1,10.2,38.1,"78.399794324","94.136135034",19.6,47.9
"Chapman, Aroldis",547973,2025,37,58,53,9,6,1,0,2,20,5,34.5,8.6,".170",".302",".241","0.543","0.132",".226","0","0","0",".191",".384",".246",".280",".260",".193",".327",".387",".273",".306","71.9",23.8,15.6,9.5,29.7,18.1,"7.1",4,"91.7","21.7",42.4,15.2,48.5,"81.3404425","95.689313125",37.4,59
"Smith-Shawver, AJ",700363,2025,22,138,122,29,21,5,0,3,34,15,24.6,10.9,".238",".352",".321","0.673","0.114",".306","0","0","0",".288",".464",".306",".362",".366",".176",".357",".445",".330",".400","71.5",20.8,20.3,14.6,43.5,31.3,"7.5",3,"90.9","16.5",39.3,10.1,49.4,"79.0430925","95.902639545",28.6,45
"Trivino, Lou",642152,2025,33,54,48,11,7,0,0,4,11,5,20.4,9.3,".229",".479",".315","0.794","0.250",".212","1","0","0",".256",".531",".348",".372",".338",".275",".394",".429",".297",".332","71.1",14,15.9,11.6,33.3,24.4,"7.4",1,"87.9","16.2",27,10.8,37.8,"75.837354737","94.143299459",26.6,44.1
"Blewett, Scott",656240,2025,29,79,70,16,12,2,0,2,19,6,24.1,7.6,".229",".343",".299","0.642","0.114",".286","1","0","0",".185",".282",".290",".245",".259",".096",".342",".274",".314",".254","72.3",30.2,20.7,14.7,34.1,24.1,"7.5",5,"90.6","7.6",17,3.8,43.4,"80.0796092","95.0211172",31.6,48.7
"Greene, Hunter",668881,2025,25,176,166,29,16,5,1,7,61,8,34.7,4.5,".175",".343",".222","0.565","0.168",".224","2","0","0",".185",".365",".249",".258",".231",".180",".351",".366",".276",".293","70.6",14.7,12.3,8.4,29.6,20.4,"7.2",11,"90.3","22.3",32.4,10.5,42.9,"80.204948113","94.630251714",33.7,56.8
"Koenig, Jared",657649,2025,31,70,60,11,9,1,1,0,18,7,25.7,10,".183",".233",".275","0.508","0.050",".256","1","0","1",".161",".230",".240",".228",".256",".069",".254",".235",".256",".225","71.9",22.6,9.3,7.5,31.4,25.5,"7.2",2,"89.5","10.4",29.5,2.3,31.8,"80.583325909","93.445749767",22.5,41.7
"Santos, Gregory",666619,2025,25,36,27,8,5,3,0,0,0,8,0,22.2,".296",".407",".457","0.864","0.111",".296","0","2","0",".299",".456",".378",".391",".459",".157",".307",".322",".296",".299","72",14.3,20,18.4,35.6,32.7,"7.4",0,"89.6","6.3",21.4,7.1,39.3,"78.382035","94.862442593",10.7,42.4
"Sasaki, Roki",808963,2025,23,154,129,29,18,4,1,6,24,22,15.6,14.3,".225",".411",".351","0.762","0.186",".232","3","0","0",".266",".513",".343",".390",".386",".247",".336",".405",".276",".328","71.4",20.6,15.9,13.2,38.2,31.9,"7.2",4,"90.4","13.6",32.4,10.5,44.8,"80.588860192","94.503791442",20.4,42.8
"Vodnik, Victor",680767,2025,25,35,29,7,4,1,0,2,8,6,22.9,17.1,".241",".483",".371","0.854","0.242",".263","0","0","0",".281",".579",".377",".419",".405",".298",".429",".498",".333",".388","72.9",41.1,19,14.3,38.1,28.6,"7.2",1,"95.2","10.6",42.9,14.3,61.9,"86.610475455","97.84699",24.6,38.6
"Fernandez, Ryan",681676,2025,27,45,40,15,8,3,2,2,7,5,15.6,11.1,".375",".700",".444","1.144","0.325",".419","0","1","0",".307",".564",".481",".398",".384",".257",".556",".446",".455",".373","71.2",22.5,21.1,16.9,36.8,29.6,"7.4",3,"92.8","9.7",27.3,15.2,57.6,"83.297868824","96.744837273",23.2,51.9
"Cleavinger, Garrett",664076,2025,31,57,53,8,5,1,0,2,19,3,33.3,5.3,".151",".283",".211","0.494","0.132",".188","1","0","0",".190",".305",".223",".246",".247",".115",".291",".329",".235",".296","72.4",28,11.3,7.3,34,22,"7.4",1,"89","17.3",35.3,5.9,35.3,"79.331590588","93.78231303",36.2,47.3
"Gaddis, Hunter",683769,2025,27,65,55,13,10,2,0,1,22,8,33.8,12.3,".236",".327",".333","0.660","0.091",".375","0","1","0",".214",".329",".298",".286",".314",".115",".411",".388",".394",".357","70.3",16.5,11,7.3,31.5,21.1,"7.5",7,"90.2","16.7",28.6,2.9,28.6,"81.271271765","93.935397576",38.7,48.6
"Chafin, Andrew",605177,2025,35,19,14,3,3,0,0,0,5,4,26.3,21.1,".214",".214",".389","0.603","0.000",".333","0","0","0",".169",".209",".304",".283",".354",".040",".298",".255",".333",".263","73.3",34.4,19,12.5,28.6,18.8,"7.6",1,"90.1","7.3",20,0,40,"78.972858","95.805983333",37.8,47.4
"Mlodzinski, Carmen",669387,2025,26,162,150,45,31,9,1,4,26,11,16,6.8,".300",".453",".352","0.805","0.153",".342","1","0","0",".309",".481",".355",".364",".360",".172",".396",".407",".363",".374","71.6",25.3,18.9,15.2,40,32.1,"7.2",4,"90.3","12.2",37.1,8.1,42.7,"79.680434032","94.847550565",20,45.2
"Roycroft, Chris",688297,2025,28,36,28,8,4,3,1,0,5,6,13.9,16.7,".286",".464",".389","0.853","0.178",".320","0","1","2",".293",".609",".357",".434",".411",".316",".360",".468",".320",".351","73.6",31.4,27.5,21.6,42.5,33.3,"7.2",1,"95","19.1",24,20,56,"86.351029167","97.434601667",20.6,42.9
"Warren, Will",701542,2025,26,158,139,33,20,8,1,4,41,16,25.9,10.1,".237",".396",".312","0.708","0.159",".302","0","0","2",".271",".435",".313",".338",".342",".164",".380",".420",".330",".377","71.3",21.6,21.1,15.2,39.8,28.6,"7.2",7,"93.3","10.2",37,11,52,"83.7952896","96.284490101",26.9,39.5
"Barnes, Jacob",606930,2025,35,36,31,10,8,1,0,1,5,3,13.9,8.3,".323",".452",".361","0.813","0.129",".333","0","0","2",".314",".540",".350",".393",".373",".227",".375",".431",".357",".373","72.5",32.8,14.6,11.5,35.4,27.9,"7.2",3,"88.5","15.8",35.7,10.7,35.7,"76.031944286","94.849605714",26.5,46.6
"Henderson, Logan",701656,2025,23,21,20,3,2,0,0,1,9,1,42.9,4.8,".150",".300",".190","0.490","0.150",".200","0","0","0",".184",".428",".217",".276",".223",".244",".352",".464",".273",".334","71.7",17.9,18.5,12.8,29.6,20.5,"7.1",0,"96.4","28.4",36.4,18.2,63.6,"91.459503333","96.737017273",31,50.6
"Roberts, Ethan",681799,2025,27,35,31,8,4,2,0,2,6,2,17.1,5.7,".258",".516",".314","0.830","0.258",".250","1","0","1",".283",".501",".355",".358",".339",".218",".396",".400",".308",".341","70.5",22.4,17.1,14.3,36.6,30.6,"7.1",2,"84","13.4",38.5,15.4,26.9,"70.108376923","93.041255",18.6,46.5
"Perdomo, Angel",622780,2025,31,16,12,2,2,0,0,0,2,3,12.5,18.8,".167",".167",".375","0.542","0.000",".200","1","0","0",".288",".450",".288",".414",".466",".162",".179",".379",".200",".346","67.1",3.7,9.1,7.4,31.8,25.9,"6.8",0,"83","7.9",20,10,30,"68.750508","92.58259",18.8,44.4
"Beeks, Jalen",656222,2025,31,83,76,14,9,3,0,2,21,6,25.3,7.2,".184",".303",".241","0.544","0.119",".222","0","1","1",".216",".315",".238",".257",".273",".099",".286",".314",".250",".297","73",30.2,7.4,5,25,17,"7.4",3,"85.4","8.7",26.8,5.4,28.6,"72.798047037","93.068362593",33,53.8
"Clase, Emmanuel",661403,2025,27,80,72,25,19,4,1,1,17,4,21.3,5,".347",".472",".375","0.847","0.125",".421","1","0","3",".270",".390",".366",".305",".311",".121",".444",".360",".431",".342","70.8",17,8.2,5.4,27.6,18.4,"7.1",6,"88","9.1",39.7,5.2,39.7,"76.604091034","93.810567586",33.1,59.7
"Gausman, Kevin",592332,2025,34,175,160,32,20,8,0,4,40,12,22.9,6.9,".200",".325",".251","0.576","0.125",".235","0","1","3",".246",".457",".253",".320",".295",".211",".296",".390",".260",".322","72.7",29.9,14.3,10.9,28.6,21.7,"7.3",5,"90.7","16.9",34.1,12.2,45.5,"80.027309355","95.105044309",24.6,51.4
"Uribe, Abner",682842,2025,25,75,66,15,14,0,0,1,22,8,29.3,10.7,".227",".273",".311","0.584","0.046",".326","0","0","0",".228",".292",".273",".278",".312",".065",".332",".342",".341",".344","70.7",17.8,16.7,11.9,31.9,22.8,"7.5",4,"86.7","5.1",31.1,2.2,42.2,"72.701481429","94.376864762",33.3,43.6
"Vargas, Carlos",672841,2025,25,82,74,23,19,2,0,2,13,7,15.9,8.5,".311",".419",".366","0.785","0.108",".350","0","0","1",".247",".377",".349",".302",".309",".131",".382",".321",".371",".296","70.7",18.8,12,9.9,45.8,37.6,"7",2,"88.6","4.1",22.6,6.5,32.3,"78.877746129","93.443502131",21.1,42.5
"Miller, Erik",669062,2025,27,56,45,12,11,1,0,0,11,9,19.6,16.1,".267",".289",".382","0.671","0.022",".343","0","2","1",".280",".398",".302",".341",".394",".118",".317",".376",".343",".361","71.2",22.2,18.6,13.6,39,28.4,"7.2",3,"90.3","13.6",36.1,2.8,47.2,"80.162082353","94.641051471",28.1,46.6
"Poteet, Cody",547001,2025,30,16,14,6,3,2,1,0,1,2,6.3,12.5,".429",".714",".500","1.214","0.285",".462","0","0","0",".261",".508",".515",".373",".354",".247",".526",".351",".462",".281","73.2",21.4,13.6,10.7,36.4,28.6,"7.3",0,"89.6","16.6",38.5,7.7,30.8,"81.123797143","93.698304615",20.7,42.6
"Burke, Sean",680732,2025,25,191,164,39,23,8,0,8,29,22,15.2,11.5,".238",".433",".342","0.775","0.195",".244","4","0","0",".283",".560",".346",".402",".381",".278",".351",".431",".289",".344","72.1",26.9,17.8,13.3,35.5,26.6,"7.2",6,"88.3","15.9",40.4,12.5,41.9,"75.622864627","94.780277143",25.5,44.5
"De los Santos, Yerry",660787,2025,27,28,26,5,5,0,0,0,2,2,7.1,7.1,".192",".192",".250","0.442","0.000",".208","0","0","0",".264",".416",".210",".320",".317",".152",".186",".316",".208",".287","73.2",39.5,18.2,15.8,39.4,34.2,"7.2",1,"92.2","1.1",20.8,4.2,45.8,"82.910993333","94.77855",14,48.9
"Lugo, Seth",607625,2025,35,222,204,47,30,8,0,9,42,15,18.9,6.8,".230",".402",".285","0.687","0.172",".247","1","1","1",".281",".486",".301",".350",".332",".205",".342",".408",".288",".352","71.7",21.6,19.3,15.9,37.2,30.5,"7.3",4,"90.5","13.2",32.3,7.9,45.7,"79.921748395","94.921528519",19.6,44.9
"Rainey, Tanner",663432,2025,32,10,8,3,2,1,0,0,3,1,30,10,".375",".500",".444","0.944","0.125",".600","0","0","0",".333",".449",".418",".378",".407",".115",".612",".540",".600",".533","72.4",33.3,30.8,22.2,30.8,22.2,"8.2",1,"99.9","5.8",33.3,16.7,66.7,"92.931666667","103.636216",33.3,48.8
"O'Brien, Riley",676617,2025,30,13,10,3,2,0,0,1,2,2,15.4,15.4,".300",".600",".462","1.062","0.300",".286","1","0","0",".347",".522",".461",".451",".498",".175",".484",".467",".375",".434","70.1",13.3,16.7,13.3,33.3,26.7,"6.8",3,"85","14.2",25,12.5,25,"73.56009","93.295531429",28.6,43.8
"López, Reynaldo",625643,2025,31,25,23,9,7,1,0,1,1,2,4,8,".391",".565",".440","1.005","0.174",".381","0","0","0",".416",".612",".440",".463",".462",".196",".437",".463",".409",".435","70.3",19.4,15.2,13.9,42.4,38.9,"7.1",0,"90.6","5.7",45.5,4.5,50,"79.534244545","95.367335455",7.3,43.6
"Hader, Josh",623352,2025,31,67,61,11,4,6,0,1,25,4,37.3,6,".180",".328",".239","0.567","0.148",".278","1","0","1",".182",".283",".251",".236",".242",".101",".359",".333",".297",".304","70.7",22.2,6.6,4.4,24.2,16.3,"7.4",4,"86.5","24.7",51.4,8.1,27,"77.276459474","92.053602973",36.8,56.9
"Coulombe, Danny",543056,2025,35,58,57,8,6,2,0,0,19,1,32.8,1.7,".140",".175",".155","0.330","0.035",".211","0","0","0",".190",".272",".148",".208",".204",".082",".208",".299",".211",".284","73",35.2,11,8.3,25.6,19.4,"7.5",1,"87.4","22",28.9,0,39.5,"77.069501053","92.849251579",27.7,51.5
"Hudson, Bryan",663542,2025,28,45,33,7,5,2,0,0,9,9,20,20,".212",".273",".409","0.682","0.061",".292","2","1","0",".205",".249",".327",".315",".404",".045",".292",".271",".292",".281","71.4",20.4,17.5,13,42.5,31.5,"7.2",0,"90","15",20,0,44,"78.717690833","95.262435833",24.6,33.2
"Bird, Jake",656234,2025,29,102,87,17,11,5,0,1,33,14,32.4,13.7,".195",".287",".314","0.601","0.092",".302","1","0","0",".200",".278",".282",".279",".317",".078",".338",".332",".315",".322","70.9",16,11.7,8.3,30.1,21.5,"7.4",7,"88.2","9.9",33.3,3.7,38.9,"76.728539259","93.815538333",29.9,42
"Yamamoto, Yoshinobu",808967,2025,26,175,160,30,19,7,0,4,53,14,30.3,8,".188",".306",".257","0.563","0.118",".252","1","0","0",".216",".312",".256",".268",".283",".096",".320",".340",".280",".323","71.4",22.8,13.7,9.4,30.2,20.8,"7.3",4,"89.4","2.2",28,5.6,40.2,"77.980235","94.564901402",31.7,45.8
"Pivetta, Nick",601713,2025,32,177,161,33,22,6,1,4,49,14,27.7,7.9,".205",".329",".271","0.600","0.124",".266","0","0","1",".236",".435",".270",".319",".300",".199",".330",".408",".292",".337","72.1",23.2,15.4,10.9,35.6,25.3,"7.3",1,"89.4","20.5",36.3,13.3,41.6,"78.281038571","94.454031441",28.6,48.8
"Erceg, Lucas",668674,2025,30,57,55,8,8,0,0,0,13,1,22.8,1.8,".145",".145",".175","0.320","0.000",".190","1","0","0",".198",".282",".151",".224",".226",".085",".170",".270",".190",".259","72",25.9,15.7,12,26.5,20.4,"7.1",1,"88.2","12.3",16.7,4.8,38.1,"75.310399524","94.593260952",23.4,51.7
"Murfee, Penn",682171,2025,31,63,57,19,12,4,0,3,13,5,20.6,7.9,".333",".561",".397","0.958","0.228",".390","1","0","0",".298",".596",".417",".407",".366",".298",".501",".489",".432",".389","72.1",20.2,18.8,14.6,40.6,31.5,"7.3",6,"89.5","13.9",47.7,11.4,36.4,"78.531925909","94.701767209",25.7,45.3
"Quantrill, Cal",615698,2025,30,140,127,42,27,10,0,5,22,11,15.7,7.9,".331",".528",".386","0.914","0.197",".366","1","0","1",".306",".519",".398",".381",".367",".213",".446",".425",".396",".372","72.3",30.7,19.2,15.5,39.4,31.9,"7.4",6,"91.9","13.4",40.6,11.3,45.3,"82.446229423","95.252403398",20.5,46.8
"Giolito, Lucas",608337,2025,30,68,62,17,13,2,0,2,14,4,20.6,5.9,".274",".403",".313","0.716","0.129",".319","0","0","1",".260",".456",".315",".323",".301",".195",".374",".384",".347",".330","71.3",20,15,12,43.8,35,"7.3",1,"91","13.7",38,8,42,"81.542038","94.639888367",20.3,48.8
"Yoho, Craig",684974,2025,25,28,20,7,5,1,0,1,4,6,14.3,21.4,".350",".550",".500","1.050","0.200",".375","1","0","1",".257",".366",".455",".367",".434",".109",".460",".316",".412",".303","72",25,11.1,9.1,30.6,25,"7.6",0,"89.7","4.2",23.5,5.9,35.3,"79.176431111","95.032725882",21.2,40.3
"Tidwell, Blade",694918,2025,24,23,18,9,8,0,0,1,2,3,8.7,13,".500",".667",".565","1.232","0.167",".500","1","0","1",".342",".533",".524",".416",".442",".191",".543",".396",".529",".362","72",21.4,18.2,14.3,36.4,28.6,"7.5",1,"84.9","28.2",41.2,5.9,23.5,"74.08244625","91.90933",21.2,40.2
"Zeferjahn, Ryan",666171,2025,27,50,48,10,6,2,0,2,22,2,44,4,".208",".375",".240","0.615","0.167",".333","0","0","0",".189",".340",".269",".242",".221",".151",".464",".412",".385",".348","71.8",23.9,15.8,10.2,24.6,15.9,"7.4",2,"93.1","10.7",38.5,7.7,57.7,"82.948036154","97.086562",38.4,50.2
"May, Dustin",669160,2025,27,166,150,34,23,5,2,4,33,15,19.9,9,".227",".367",".301","0.668","0.140",".265","1","0","0",".276",".435",".299",".342",".346",".160",".329",".390",".291",".354","72.3",25.7,17.7,13.9,36.5,28.7,"7",3,"90.7","7",30.8,6.8,44.4,"78.988974655","95.497866552",21.9,44.6
"Slaten, Justin",686580,2025,27,61,56,11,8,2,0,1,9,5,14.8,8.2,".196",".286",".262","0.548","0.090",".217","0","2","0",".243",".417",".235",".302",".305",".174",".251",".335",".234",".290","71.1",16.2,8.9,6.7,36.7,27.6,"7.3",2,"89","19.2",42.6,8.5,29.8,"79.97673125","93.201708723",25.6,53.4
"Gonsolin, Tony",664062,2025,31,63,58,13,9,2,0,2,21,4,33.3,6.3,".224",".362",".274","0.636","0.138",".314","0","0","0",".192",".337",".283",".256",".245",".144",".399",".353",".351",".302","72.1",26.1,13.2,8,45.3,27.3,"7.4",6,"89","24.2",31.6,5.3,28.9,"78.631258889","93.955290278",37.8,45.7
"Wicks, Jordan",696136,2025,25,12,11,6,6,0,0,0,2,0,16.7,0,".545",".545",".545","1.090","0.000",".667","0","0","0",".400",".447",".488",".369",".400",".047",".596",".452",".667",".489","71.8",0,18.2,14.3,54.5,42.9,"7.2",0,"88.9","5.6",40,0,40,"78.851232","95.008283333",23.8,58.3
"Legumina, Casey",668984,2025,28,47,39,7,5,1,0,1,10,6,21.3,12.8,".179",".282",".304","0.586","0.103",".214","1","2","0",".183",".315",".258",".267",".307",".132",".270",".284",".241",".246","69.8",18.2,10.6,7.6,42.6,30.3,"6.8",2,"89.7","24.1",30,6.7,33.3,"82.025277333","93.213745172",27.9,48.9
"Ort, Kaleb",672391,2025,33,20,18,2,1,0,0,1,3,1,15,5,".111",".278",".158","0.436","0.167",".071","0","0","0",".175",".374",".193",".255",".219",".199",".198",".276",".133",".210","71.3",13.3,8,6.7,32,26.7,"7.2",1,"88.9","21.1",13.3,6.7,33.3,"79.9847275","93.315309333",20,41.2
"Bender, Anthony",669622,2025,30,67,57,10,8,1,1,0,13,8,19.4,11.9,".175",".228",".299","0.527","0.053",".227","2","0","0",".240",".397",".255",".336",".354",".157",".228",".351",".227",".311","70.9",17.9,16.5,13.7,38,31.6,"7.2",1,"91.3","12.5",27.3,6.8,47.7,"82.380655","94.594206047",16.2,41
"Mantiply, Joe",573009,2025,34,50,47,22,16,2,0,4,7,2,14,4,".468",".766",".500","1.266","0.298",".500","1","0","0",".298",".540",".546",".376",".340",".243",".629",".417",".550",".350","71.7",26.8,15.5,12.7,37.9,31,"7.6",1,"88.3","5.1",32.5,12.5,30,"77.652505263","93.560339737",20.3,47
"Blubaugh, AJ",805123,2025,24,19,17,5,3,0,0,2,6,1,31.6,5.3,".294",".647",".316","0.963","0.353",".300","0","0","1",".237",".545",".397",".327",".265",".308",".570",".460",".417",".336","71.3",22.2,20,13.3,36.7,24.4,"7.4",2,"97.4","23.2",33.3,16.7,75,"92.401616667","98.379926667",33.3,57.1
"Cruz, Fernando",518585,2025,35,79,72,13,8,3,0,2,31,7,39.2,8.9,".181",".306",".253","0.559","0.125",".282","0","0","0",".185",".303",".253",".251",".257",".118",".369",".365",".317",".325","70.9",18.7,16.1,9.3,35.5,20.6,"8",5,"84.2","22.9",43.9,4.9,34.1,"72.657485714","92.117526585",47.5,44.4
"Chavez, Jesse",445926,2025,41,16,13,4,1,2,0,1,3,3,18.8,18.8,".308",".692",".438","1.130","0.384",".333","0","0","0",".242",".517",".476",".389",".384",".276",".552",".413",".400",".315","70.9",13.6,16.7,13.6,33.3,27.3,"7.4",0,"91.5","24.2",50,20,40,"82.156166","94.452838",16.7,34.8
"Edwards Jr., Carl",605218,2025,33,13,11,4,3,0,0,1,2,1,15.4,7.7,".364",".636",".385","1.021","0.272",".333","0","0","1",".255",".486",".420",".331",".302",".230",".476",".360",".400",".293","73",25,20,12.5,30,18.8,"7.3",0,"88","11.5",40,10,30,"76.493176","93.866075",30,42.6
"Varland, Louis",686973,2025,27,77,71,16,10,3,0,3,23,4,29.9,5.2,".225",".394",".267","0.661","0.169",".289","0","0","0",".228",".403",".291",".291",".269",".176",".396",".396",".333",".337","71.3",20.2,15.7,12.4,26.5,20.9,"7.1",7,"91.4","8",24,14,56,"79.060906667","96.603980417",25,54.7
"Dreyer, Jack",676263,2025,26,92,79,14,9,3,2,0,25,11,27.2,12,".177",".266",".272","0.538","0.089",".250","0","1","2",".183",".261",".243",".247",".280",".078",".269",".277",".250",".263","71.3",22.6,13.7,9.8,33.7,24.1,"7.1",7,"90.5","14.2",25,1.8,37.5,"81.805565714","93.949250909",28.7,50.1
"Herrin, Tim",682120,2025,28,69,56,11,7,1,0,3,17,9,24.6,13,".196",".375",".348","0.723","0.179",".222","4","0","0",".233",".392",".333",".350",".378",".159",".353",".383",".282",".335","71.4",19.1,15.9,12.4,42,32.6,"7.6",4,"91.6","15.2",23.1,5.1,53.8,"82.324976","95.358427179",28.2,40.4
"Spence, Mitch",687765,2025,27,115,102,29,18,8,0,3,25,10,21.7,8.7,".284",".451",".357","0.808","0.167",".347","1","0","1",".252",".416",".356",".326",".328",".164",".417",".372",".372",".330","71.5",22.6,10,7.3,30.8,22.6,"7.5",6,"89.4","8.2",34.6,7.7,39.7,"79.427536154","93.893611795",27.5,47.4
"Rocker, Kumar",677958,2025,25,95,88,30,20,6,1,3,16,5,16.8,5.3,".341",".534",".379","0.913","0.193",".386","1","0","1",".317",".527",".396",".386",".362",".210",".457",".445",".411",".388","71.6",22.2,20,16.3,40,32.7,"7.3",8,"92","9.1",38.4,12.3,50.7,"81.004871081","96.263253562",22.5,49.4
"Stroman, Marcus",573186,2025,34,47,40,12,5,5,0,2,7,7,14.9,14.9,".300",".575",".404","0.979","0.275",".323","0","0","0",".305",".541",".423",".410",".411",".236",".454",".436",".364",".371","72.4",27.3,19.7,15.6,32.8,26,"7.3",2,"92.2","13.6",39.4,12.1,45.5,"82.174071875","95.888068125",22.9,41.3
"Suter, Brent",608718,2025,35,83,78,14,10,2,0,2,13,3,15.7,3.6,".179",".282",".217","0.499","0.103",".188","1","0","0",".255",".401",".223",".300",".289",".146",".237",".334",".212",".303","71.3",19.7,12.6,10.7,29.1,24.6,"7.1",1,"83.1","13.5",31.8,7.6,30.3,"69.847291875","92.301237344",18.3,46.6
"Petty, Chase",695534,2025,22,36,28,13,7,3,0,3,7,8,19.4,22.2,".464",".893",".583","1.476","0.429",".556","0","0","0",".344",".643",".609",".480",".490",".299",".777",".557",".619",".458","72.7",36.5,15.4,9.5,35.9,22.2,"7.6",1,"91.6","18.1",57.1,14.3,47.6,"80.076633636","96.847233333",36.8,42.8
"Williams, Trevor",592866,2025,33,186,169,53,40,6,2,5,34,12,18.3,6.5,".314",".462",".357","0.819","0.148",".361","1","0","3",".276",".404",".358",".321",".327",".128",".413",".364",".384",".344","71.4",18.7,15.9,12.6,36.8,29.1,"7.4",6,"90.5","17",34.5,5.8,40.3,"80.467363284","94.486043985",20.4,44.8
"Keller, Mitch",656605,2025,29,199,180,48,35,9,1,3,35,15,17.6,7.5,".267",".378",".337","0.715","0.111",".317","4","0","0",".303",".462",".322",".363",".369",".159",".349",".406",".331",".376","71.2",20.7,15.2,12.8,31.5,26.4,"7.2",8,"89","12.9",38.6,6.9,42.1,"77.890713889","94.250389167",18.2,48
"Hamilton, Ian",641656,2025,30,46,36,4,4,0,0,0,15,10,32.6,21.7,".111",".111",".304","0.415","0.000",".190","0","0","0",".177",".238",".230",".292",".356",".060",".170",".306",".190",".304","70.8",22.4,5.4,3.9,30.4,22.4,"7.4",6,"89.3","7.8",28.6,4.8,28.6,"81.103512727","93.114368571",33.7,48.2
"Matsui, Yuki",673513,2025,29,65,57,9,4,2,1,2,21,6,32.3,9.2,".158",".333",".231","0.564","0.175",".194","0","1","2",".178",".344",".240",".254",".251",".166",".313",".336",".237",".271","71.6",25,9.2,6.7,29.9,21.7,"7.5",7,"90.6","20.5",23.7,7.9,39.5,"82.486691053","93.899433684",30.9,51.5
"Pepiot, Ryan",686752,2025,27,187,168,42,20,11,3,8,38,16,20.3,8.6,".250",".494",".316","0.810","0.244",".274","1","0","2",".253",".451",".349",".340",".323",".198",".404",".392",".318",".329","72.1",28.5,16.7,13,33.1,25.6,"7.4",8,"90.2","13.9",33.3,9.8,40.9,"79.278881061","94.937992672",24.6,50.3
"Contreras, Luis",664351,2025,29,43,37,11,6,3,0,2,10,6,23.3,14,".297",".541",".395","0.936","0.244",".360","0","0","0",".231",".391",".408",".325",".338",".160",".494",".362",".407",".317","72",28.8,14,10.6,32,24.2,"7.2",0,"90.2","28.9",48.1,7.4,37,"81.767490714","93.762288889",26.7,43.6
"Baker, Bryan",641329,2025,30,61,56,13,8,2,0,3,18,5,29.5,8.2,".232",".429",".295","0.724","0.197",".286","0","0","0",".244",".451",".319",".327",".306",".207",".419",".433",".342",".360","71.5",25.2,12.7,8.7,27.8,19.1,"7.1",1,"90.3","18.6",36.8,15.8,44.7,"79.884874737","94.487726579",29.6,49
"Cortes Jr., Nestor",641482,2025,30,38,31,7,1,1,0,5,8,7,21.1,18.4,".226",".742",".368","1.110","0.516",".111","0","0","0",".235",".649",".459",".425",".376",".414",".547",".490",".304",".317","72.1",25.5,24.3,17.6,40.5,29.4,"7.5",1,"92.1","20.2",30.4,17.4,47.8,"81.187172727","95.964047727",28.1,38
"Baz, Shane",669358,2025,26,163,145,37,27,5,0,5,40,14,24.5,8.6,".255",".393",".327","0.720","0.138",".317","2","0","1",".220",".382",".322",".300",".297",".162",".386",".352",".349",".302","71.8",24.9,14.6,11.7,31.1,24.9,"7.2",6,"90.7","14.6",27.1,10.3,42.1,"80.630361887","94.739511132",21.9,48.1
"Faucher, Calvin",676534,2025,29,56,48,10,7,2,0,1,13,8,23.2,14.3,".208",".313",".321","0.634","0.105",".265","0","0","0",".285",".408",".294",".356",".387",".123",".311",".410",".286",".391","71.9",25,11.8,9,25,19,"7.3",2,"86.9","9",45.7,5.7,34.3,"75.134028333","93.568506286",27.3,43.7
"Jacob, Alek",689690,2025,27,78,68,18,12,3,0,3,12,5,15.4,6.4,".265",".441",".346","0.787","0.176",".278","4","0","1",".253",".380",".349",".319",".337",".127",".365",".325",".316",".303","71.3",22.8,13,10.6,30,24.4,"7.3",4,"85.6","20.1",29.8,3.5,28.1,"73.418351429","92.910595536",22.5,48.1
"Steele, Justin",657006,2025,29,92,85,21,12,4,0,5,21,5,22.8,5.4,".247",".471",".293","0.764","0.224",".267","1","0","1",".277",".491",".331",".348",".322",".214",".403",".428",".323",".364","71.5",20.3,16.7,14.4,37.3,32.2,"7.2",2,"92","10",33.8,9.2,47.7,"82.11077303","95.473462462",18.5,51.8
"Guerrero, Luis",692285,2025,24,13,13,1,1,0,0,0,3,0,23.1,0,".077",".077",".077","0.154","0.000",".100","0","0","0",".268",".665",".069",".388",".268",".397",".089",".504",".100",".348","72",22.2,27.8,18.5,44.4,29.6,"7.6",2,"95.9","14.9",30,20,70,"88.807596","97.136618",36.7,69.8
"Strider, Spencer",675911,2025,26,21,19,5,2,2,0,1,5,1,23.8,4.8,".263",".526",".333","0.859","0.263",".308","1","0","0",".277",".532",".373",".377",".346",".255",".458",".463",".357",".376","70.5",20,12.5,8.6,29.2,20,"7.2",1,"93.8","25.4",57.1,7.1,50,"83.026895714","96.424864286",29.5,45.4
"Miller, Bryce",682243,2025,26,174,149,40,26,10,1,3,35,21,20.1,12.1,".268",".409",".356","0.765","0.141",".325","1","0","2",".282",".399",".340",".346",".373",".117",".375",".383",".342",".366","71.5",22.5,13.9,10.8,32.4,25,"7.3",2,"91","15.7",40.2,5.1,41.9,"80.911421552","94.914594522",23,47.7
"Shugart, Chase",663767,2025,28,68,60,12,7,3,0,2,12,7,17.6,10.3,".200",".350",".279","0.629","0.150",".213","0","1","1",".239",".383",".275",".306",".319",".144",".291",".333",".245",".300","70.7",18.6,12,9.3,33.3,25.8,"7.3",2,"84.6","18.8",36.7,6.1,32.7,"72.128516","92.768007551",27.4,44.3
"Brazobán, Huascar",623211,2025,35,89,79,12,9,1,0,2,24,6,27,6.7,".152",".241",".239","0.480","0.089",".189","3","0","0",".223",".359",".226",".296",".305",".136",".245",".359",".218",".325","71.5",22,9,6.7,28.8,21.3,"7.5",3,"88.4","14.1",33.9,8.9,35.7,"78.756264444","93.386909623",27.1,49.3
"Abreu, Bryan",650556,2025,28,75,65,12,9,3,0,0,25,10,33.3,13.3,".185",".231",".293","0.524","0.046",".300","0","0","0",".232",".322",".251",".301",".335",".090",".297",".389",".300",".378","71.7",30.1,14.3,9.7,31.2,21.2,"7.4",4,"91","8.4",37.5,5,50,"81.4465545","94.925946667",36.2,44.5
"Bergert, Ryan",686701,2025,25,14,13,1,1,0,0,0,2,0,14.3,0,".077",".077",".143","0.220","0.000",".091","1","0","0",".186",".419",".116",".288",".244",".233",".081",".300",".091",".220","72.5",18.2,11.1,9.1,33.3,27.3,"7.3",0,"89.1","23.8",27.3,9.1,36.4,"82.135075","92.678749091",16,49
"Ober, Bailey",641927,2025,29,191,178,52,35,12,0,5,37,9,19.4,4.7,".292",".444",".330","0.774","0.152",".341","2","0","2",".259",".410",".339",".308",".300",".151",".398",".357",".364",".324","72.3",26,16.1,12.1,36.4,27.3,"7.5",4,"90.2","20.2",33.6,7,41.3,"79.153415352","94.964986454",25.6,52.6
"Quintana, Jose",500779,2025,36,138,126,31,23,3,0,5,24,11,17.4,8,".246",".389",".307","0.696","0.143",".268","0","0","0",".271",".448",".310",".337",".329",".177",".341",".378",".304",".335","71.2",20.1,16.7,13.9,41.4,34.5,"7.4",2,"90.2","12.8",33,8.7,42.7,"80.875992941","94.33782901",17.5,42.6
"Abbott, Andrew",671096,2025,26,98,86,16,10,3,0,3,31,12,31.6,12.2,".186",".326",".286","0.612","0.140",".250","0","0","0",".175",".310",".279",".267",".277",".135",".345",".324",".291",".275","72.3",30.7,7.6,5.7,22.7,17,"7.4",2,"87.8","19.8",34.5,9.1,25.5,"78.659236296","92.485076667",26.1,44.4
"Kolek, Stephen",663568,2025,28,52,48,9,8,1,0,0,11,4,21.2,7.7,".188",".208",".250","0.458","0.020",".243","0","0","0",".214",".277",".216",".250",".275",".063",".228",".276",".243",".279","72.3",25.7,21,17.6,40.3,33.8,"7.1",1,"92.8","8",13.5,0,45.9,"83.722833889","95.643589722",18.1,44.1
"Ferrer, Jose A.",678606,2025,25,96,82,27,21,4,1,1,20,8,20.8,8.3,".329",".439",".409","0.848","0.110",".426","3","0","0",".239",".354",".380",".307",".329",".115",".445",".336",".435",".316","71.3",19.1,11.2,8.4,40.8,30.5,"7.1",3,"89.7","5.5",30.8,3.1,36.9,"80.249535667","93.968923559",24.7,46.2
"Liberatore, Matthew",669461,2025,25,160,154,33,23,8,0,2,38,6,23.8,3.8,".214",".305",".244","0.549","0.091",".272","0","0","0",".239",".364",".244",".274",".268",".125",".301",".342",".284",".317","72.2",27.6,16.8,12.8,40.8,30.9,"7.4",3,"90.2","10.8",31.9,6.9,44.8,"80.145370517","94.736976609",25.7,49.3
"VanWey, Logan",701121,2025,26,43,39,15,12,1,0,2,5,3,11.6,7,".385",".564",".442","1.006","0.179",".406","1","0","0",".326",".454",".442",".370",".389",".128",".475",".384",".441",".374","70.2",12.5,17,14.3,42.6,35.7,"7.1",0,"89.8","13.5",41.2,5.9,44.1,"80.482813529","94.091157273",12.9,43.8
"Puk, A.J.",640462,2025,30,35,32,8,3,3,0,2,12,2,34.3,5.7,".250",".531",".314","0.845","0.281",".333","1","0","0",".211",".345",".365",".278",".279",".134",".533",".380",".400",".338","70.3",16.7,2,1.4,28.6,19.4,"7.1",3,"86.7","19.3",40,5,25,"77.192733","92.4729705",32.5,53.2
"Jobe, Jackson",695549,2025,22,122,104,26,17,4,0,5,20,15,16.4,12.3,".250",".433",".339","0.772","0.183",".259","0","0","2",".240",".438",".340",".333",".330",".198",".357",".347",".302",".291","71.9",24.9,14.2,11.4,37.4,30.1,"7.4",5,"89.1","12.3",33.3,8,42.5,"77.634643256","94.450384186",20.8,45.9
"Senzatela, Antonio",622608,2025,30,185,173,66,46,12,0,8,19,9,10.3,4.9,".382",".590",".413","1.003","0.208",".395","1","0","1",".336",".589",".435",".411",".374",".253",".471",".444",".426",".379","71.6",23.9,22.6,18.9,41.7,35,"7.3",8,"91","7.6",31.4,10.9,47.4,"79.323465526","95.803496316",18,46.2
"López, Pablo",641154,2025,29,155,145,31,22,6,0,3,43,7,27.7,4.5,".214",".317",".252","0.569","0.103",".277","0","0","0",".227",".385",".253",".285",".269",".158",".323",".371",".298",".324","71.8",24.5,12.7,9.4,28.9,21.5,"7.2",8,"88.5","14.4",36.5,6.7,36.5,"76.836212885","94.185568544",26.6,47.4
"Yates, Kirby",489446,2025,38,71,65,14,3,9,0,2,30,5,42.3,7,".215",".446",".282","0.728","0.231",".364","1","0","0",".195",".339",".317",".267",".263",".144",".523",".422",".400",".363","72.1",25.2,13.6,8.7,28.4,18.1,"7.4",3,"92.1","17.2",28.6,11.4,45.7,"83.534156471","94.776355",39.9,52
"Burke, Brock",656271,2025,28,69,58,17,10,3,1,3,12,8,17.4,11.6,".293",".534",".382","0.916","0.241",".318","1","2","1",".269",".560",".387",".387",".368",".292",".439",".441",".362",".340","71.9",24.4,16.7,12.6,36.7,27.7,"7.2",1,"92.3","16.1",29.2,14.6,52.1,"81.916673913","96.616638444",24.6,51.1
"Topa, Justin",623437,2025,34,56,50,11,8,3,0,0,11,4,19.6,7.1,".220",".280",".286","0.566","0.060",".275","1","1","1",".213",".289",".251",".265",".289",".076",".274",".294",".275",".279","71.7",19.5,18.2,15.6,33.3,28.6,"7.1",2,"86.8","10.7",32.5,2.5,40,"73.986888","94.08078025",18,45.5
"Pomeranz, Drew",519141,2025,36,24,20,1,1,0,0,0,6,2,25,8.3,".050",".050",".208","0.258","0.000",".071","2","0","0",".195",".373",".156",".319",".329",".178",".064",".343",".071",".279","71.6",27.9,9.4,7,28.1,20.9,"7.1",1,"86.9","29",35.7,14.3,35.7,"76.499111429","92.705952857",26.7,51.1
"Joyce, Ben",690829,2025,24,21,19,5,2,1,1,1,1,2,4.8,9.5,".263",".579",".333","0.912","0.316",".235","0","0","0",".294",".605",".388",".408",".361",".311",".375",".398",".278",".310","71.4",16.2,13.8,10.8,34.5,27,"6.9",1,"90.8","9.5",38.9,11.1,33.3,"81.820947778","94.173991111",22.5,57.1
"Montgomery, Mason",682254,2025,25,62,56,12,8,0,0,4,20,5,32.3,8.1,".214",".429",".279","0.708","0.215",".250","0","0","0",".228",".462",".311",".324",".291",".235",".430",".452",".333",".354","72.1",22.8,15.5,9.6,23.9,14.9,"7.4",1,"88.3","13.3",32.4,13.5,32.4,"76.713872778","94.082999429",35.1,56.7
"Díaz, Yilber",700270,2025,24,15,12,4,2,2,0,0,1,3,6.7,20,".333",".500",".467","0.967","0.167",".364","0","0","0",".386",".681",".429",".502",".509",".295",".394",".495",".364",".421","74",50,17.6,16.7,35.3,33.3,"7.3",0,"98.1","16.2",36.4,9.1,63.6,"91.310493333","98.328471818",8.7,38.3
"Reynolds, Sean",669308,2025,27,10,10,5,2,1,0,2,3,0,30,0,".500","1.200",".500","1.700","0.700",".600","0","0","0",".473","1.140",".722",".673",".473",".667","1.032",".961",".714",".676","72.3",18.8,33.3,25,50,37.5,"7.5",2,"99.7","22.8",71.4,28.6,85.7,"94.67185","100.62946",30,48.8
"Stratton, Hunter",676702,2025,28,12,11,6,4,1,0,1,0,1,0,8.3,".545",".909",".583","1.492","0.364",".500","0","0","0",".527","1.004",".636",".650",".567",".477",".630",".645",".545",".527","71.2",10.7,27.3,21.4,40.9,32.1,"7.1",0,"94.4","11.9",54.5,18.2,63.6,"85.423206667","98.542414545",23.3,58.8
"McKenzie, Triston",663474,2025,27,30,22,7,4,2,0,1,4,7,13.3,23.3,".318",".545",".467","1.012","0.227",".333","0","0","1",".334",".602",".436",".496",".504",".268",".432",".525",".368",".427","70.8",10.2,17.9,14.3,35.9,28.6,"7.2",1,"93.4","20.7",52.6,21.1,47.4,"84.38792","96.313027895",21.2,42.3
"Monteverde, Patrick",687287,2025,27,20,19,9,7,2,0,0,4,1,20,5,".474",".579",".500","1.079","0.105",".600","0","0","0",".303",".414",".475",".328",".338",".112",".587",".391",".600",".383","74.6",48.8,8.3,7.3,16.7,14.6,"7.5",1,"88.6","22.8",33.3,6.7,26.7,"80.59916","92.500766",15.6,51.7
"Thompson, Ryan",657044,2025,33,70,63,16,10,3,0,3,15,6,21.4,8.6,".254",".444",".329","0.773","0.190",".289","1","1","0",".256",".531",".337",".362",".331",".275",".396",".433",".333",".336","71.7",27.4,17.5,13.2,37.5,28.3,"7.5",5,"89.4","10.8",39.6,12.5,35.4,"77.825445","94.681268125",28.5,49.8
"Lively, Ben",594902,2025,33,166,153,37,24,7,0,6,28,13,16.9,7.8,".242",".405",".301","0.706","0.163",".261","0","0","0",".262",".481",".313",".343",".319",".219",".343",".383",".296",".320","72.1",26.2,15.3,13.1,35.5,30.3,"7.2",5,"92","19.5",34.4,10.4,45.6,"82.703373333","95.38484224",16.7,47.9
"Long, Sam",669674,2025,29,37,32,12,7,3,0,2,6,5,16.2,13.5,".375",".656",".459","1.115","0.281",".417","0","1","0",".257",".501",".473",".362",".357",".244",".548",".393",".462",".316","71.6",26.7,16.3,13.3,38.8,31.7,"7.3",2,"91.6","14.6",23.1,11.5,38.5,"83.849866154","93.9909944",20.3,43.4
"Bachar, Lake",669199,2025,30,84,68,11,7,1,2,1,21,15,25,17.9,".162",".279",".321","0.600","0.117",".217","1","3","0",".177",".322",".271",".291",".335",".146",".273",".307",".234",".257","71.6",18,11.8,8.2,42.4,29.5,"7.4",3,"90.8","19.7",25.5,6.4,42.6,"82.839602609","94.077313111",31.6,39.7
"Taillon, Jameson",592791,2025,33,181,171,42,21,10,1,10,35,9,19.3,5,".246",".491",".283","0.774","0.245",".254","0","0","0",".270",".505",".334",".346",".307",".235",".396",".412",".309",".340","71.7",24.3,16.9,13.6,33.3,26.8,"7.4",11,"88.1","18.5",33.6,12.4,39.4,"75.711856029","94.329280667",21.7,47.4
"Funderburk, Kody",681892,2025,28,17,15,3,2,0,0,1,5,1,29.4,5.9,".200",".400",".294","0.694","0.200",".222","1","0","0",".244",".446",".312",".344",".333",".202",".387",".441",".300",".366","69.8",12.1,3.6,3,21.4,18.2,"7.2",0,"88.5","1.9",30,10,20,"80.389338","92.330099",18.4,48.1
"Anderson, Shaun",641312,2025,30,20,18,4,4,0,0,0,6,2,30,10,".222",".222",".300","0.522","0.000",".333","0","0","0",".221",".402",".249",".308",".299",".181",".298",".396",".333",".332","73.5",31.6,14.8,10.5,25.9,18.4,"7.1",0,"90.7","15.1",8.3,8.3,41.7,"82.380408333","93.895096667",29.5,51.8
"Ellard, Fraser",686642,2025,27,25,18,1,1,0,0,0,10,6,40,24,".056",".056",".320","0.376","0.000",".125","1","0","0",".124",".240",".233",".307",".369",".116",".112",".346",".125",".279","70.9",20.5,14.3,10.3,25,17.9,"7.2",1,"96.2","19.8",12.5,0,75,"91.75911","97.44192125",34,41.2
"Bazardo, Eduard",660825,2025,29,83,74,16,13,0,1,2,16,8,19.3,9.6,".216",".324",".289","0.613","0.108",".246","0","0","1",".230",".342",".277",".290",".304",".112",".295",".314",".271",".292","71",19.8,8.7,7.1,31.7,26.2,"7.2",3,"84.7","16.8",32.2,5.1,32.2,"72.344410667","92.638006949",19,42.5
"Lynch IV, Daniel",663738,2025,28,75,66,13,10,2,0,1,10,7,13.3,9.3,".197",".273",".284","0.557","0.076",".218","1","0","0",".239",".373",".253",".305",".322",".135",".242",".309",".232",".282","71.2",17.2,19.3,14.7,40.9,31,"7.4",0,"88.3","10.6",21.1,5.3,45.6,"76.548640357","94.862705636",22.9,48.7
"Paddack, Chris",663978,2025,29,170,148,35,26,2,0,7,30,16,17.6,9.4,".236",".392",".302","0.694","0.156",".241","0","0","5",".251",".461",".305",".342",".321",".211",".328",".378",".285",".311","71.3",23.8,13.9,11.5,30.7,25.5,"7.2",3,"90.5","16.7",33.1,9.7,42.7,"79.8527015","94.884731583",19.7,48.6
"Darrell-Hicks, Michael",690382,2025,27,38,31,10,8,1,0,1,6,4,15.8,10.5,".323",".452",".395","0.847","0.129",".346","1","0","2",".330",".607",".369",".447",".420",".277",".389",".498",".370",".406","71.5",28.6,19.5,16.3,48.8,40.8,"7.4",4,"91.3","16",51.9,18.5,55.6,"82.200266429","95.488360741",22.8,42.5
"Mahle, Tyler",641816,2025,30,166,151,27,21,3,1,2,32,15,19.3,9,".179",".252",".253","0.505","0.073",".214","0","0","0",".258",".398",".234",".318",".325",".140",".238",".356",".227",".327","71.6",23,9.5,7.3,32.5,25,"7.2",2,"88.1","12.4",32.8,5.9,33.6,"77.715996333","93.323105042",22.2,48.5
"Phillips, Evan",623465,2025,30,22,20,4,4,0,0,0,6,2,27.3,9.1,".200",".200",".273","0.473","0.000",".286","0","0","0",".204",".246",".226",".240",".277",".042",".255",".278",".286",".292","71.6",30.3,0,0,29.2,21.2,"7.1",2,"84.6","10.1",21.4,0,28.6,"75.107624286","91.117835714",30.2,46.7
"Newcomb, Sean",656794,2025,32,128,113,38,34,3,0,1,33,12,25.8,9.4,".336",".389",".405","0.794","0.053",".468","1","0","0",".258",".363",".360",".312",".335",".105",".454",".378",".475",".365","71.9",25.7,11.7,9.3,26.9,21.5,"7.3",1,"91","9.6",32.1,6.2,46.9,"80.540515897","95.232015128",20.8,45.5
"Bowman, Matt",621199,2025,34,79,75,22,13,6,0,3,12,3,15.2,3.8,".293",".493",".329","0.822","0.200",".317","1","0","0",".285",".463",".359",".338",".321",".178",".405",".379",".349",".339","71.5",18.3,15.5,12.7,27.2,22.2,"7.2",3,"87.5","12.7",39.7,7.9,34.9,"75.496800968","93.798226613",18.5,48.4
"Skenes, Paul",694973,2025,23,190,177,34,20,9,1,4,47,12,24.7,6.3,".192",".322",".247","0.569","0.130",".238","1","0","0",".206",".329",".255",".260",".260",".124",".302",".310",".262",".280","71",19.2,10.6,7.8,30.1,22.2,"7.3",5,"88.3","8.2",28.5,4.6,38.5,"77.583248462","93.595648692",27,50.1
"Kerkering, Orion",689147,2025,24,69,58,15,7,6,0,2,14,9,20.3,13,".259",".466",".348","0.814","0.207",".295","0","1","2",".247",".432",".348",".342",".354",".185",".393",".386",".326",".335","71.2",18.3,15.8,12.9,35.5,29,"7.3",5,"86.3","14.5",34.8,10.9,39.1,"73.400280435","93.798951111",24.6,41.8
"Suarez, José",660761,2025,27,30,22,3,0,2,0,1,5,7,16.7,23.3,".136",".364",".345","0.709","0.228",".125","0","1","0",".221",".515",".315",".390",".409",".294",".272",".397",".176",".286","71.2",26.7,16.7,11.1,33.3,22.2,"7.4",0,"91.3","6.8",22.2,16.7,55.6,"81.882877778","95.63035",32.7,39.8
"Morgan, Eli",669212,2025,29,35,32,12,4,5,0,3,4,3,11.4,8.6,".375",".813",".429","1.242","0.438",".360","0","1","0",".270",".536",".517",".362",".333",".265",".578",".389",".429",".309","69.2",14.5,8.9,7.3,35.6,29.1,"7.2",2,"89.6","10.6",32.1,14.3,35.7,"78.665670714","94.52517",21.7,52.3
"Lee, Dylan",669276,2025,30,60,54,9,5,1,0,3,16,6,26.7,10,".167",".352",".250","0.602","0.185",".171","0","1","0",".209",".370",".262",".284",".288",".162",".315",".349",".237",".296","72.1",27.9,6.9,4.9,25.3,18,"7.7",2,"86.4","13.6",23.7,7.9,34.2,"74.759086316","93.069696316",29.1,50.6
"Borucki, Ryan",621366,2025,31,61,57,10,6,4,0,0,15,4,24.6,6.6,".175",".246",".230","0.476","0.071",".238","0","1","0",".211",".318",".209",".251",".263",".108",".249",".309",".238",".286","71.1",21.9,15.2,10.4,30.3,20.8,"7.7",2,"84.3","3.5",19,4.8,33.3,"71.1938405","93.005897949",32.2,46.7
"Lawrence, Justin",664875,2025,30,44,36,5,2,3,0,0,15,6,34.1,13.6,".139",".222",".295","0.517","0.083",".238","2","1","0",".171",".331",".246",".292",".321",".160",".267",".363",".238",".293","71.8",28.6,15.2,10.2,27.3,18.4,"7.6",4,"86","9.6",33.3,19,23.8,"76.548829091","92.053301429",37.3,39
"Helsley, Ryan",664854,2025,30,64,52,13,10,2,0,1,14,10,21.9,15.6,".250",".346",".375","0.721","0.096",".316","1","1","1",".260",".387",".327",".345",".387",".127",".348",".378",".333",".353","71.5",24.2,13,9.5,30.4,22.1,"7.5",1,"90.1","13",43.6,5.1,43.6,"79.827987","94.822390256",27,48.7
"Crochet, Garrett",676979,2025,26,225,203,39,32,4,0,3,65,21,28.9,9.3,".192",".256",".267","0.523","0.064",".265","0","0","1",".230",".367",".243",".300",".303",".138",".287",".381",".281",".340","71.2",22.7,10.3,7.5,28.7,20.9,"7.3",15,"88.2","11.6",34.5,7.9,36.7,"76.536240588","94.053635735",30.2,50
"Blanco, Ronel",669854,2025,31,173,153,32,19,7,0,6,43,17,24.9,9.8,".209",".373",".285","0.658","0.164",".245","0","0","2",".198",".349",".292",".276",".276",".150",".343",".318",".286",".272","71.9",25.9,10.6,7.3,27.8,19.2,"7.7",5,"85.5","17.9",23.9,8,29.2,"74.430965818","92.453837064",32.1,47.4
"Houck, Tanner",656557,2025,29,183,163,48,33,7,0,8,32,14,17.5,7.7,".294",".485",".361","0.846","0.191",".320","4","0","2",".283",".465",".370",".359",".355",".181",".414",".399",".361",".353","71.5",25.8,19.4,15.4,39.3,31.1,"7.3",8,"91.5","6.8",33.1,7.5,48.1,"80.694991045","95.583033308",22.8,45.1
"Martin, Davis",663436,2025,28,184,167,48,31,10,2,5,28,12,15.2,6.5,".287",".461",".342","0.803","0.174",".316","3","0","2",".325",".523",".351",".390",".380",".197",".383",".434",".340",".390","72",24.4,19.3,16.2,37.8,31.7,"7.2",7,"91.4","11.2",36.9,9.9,47.5,"80.947303571","95.589935214",18.7,47.9
"Blalock, Bradley",687134,2025,24,78,71,27,18,3,0,6,8,6,10.3,7.7,".380",".676",".423","1.099","0.296",".362","0","0","1",".296",".553",".469",".379",".346",".257",".506",".397",".422",".328","71.8",24,17.4,14.7,35.8,30.2,"7.2",5,"89.2","13.2",35.9,12.5,42.2,"78.18091","94.361936719",16.4,48.8
"Thielbar, Caleb",573204,2025,38,56,47,8,4,4,0,0,14,7,25,12.5,".170",".255",".268","0.523","0.085",".229","0","1","2",".164",".249",".234",".233",".267",".085",".248",".246",".229",".227","71",19.5,15.8,11.7,43.9,32.5,"7.5",3,"89.1","23.8",31.4,5.7,31.4,"79.972055","93.797447714",27.5,42.7
"Littell, Zack",641793,2025,29,188,176,43,25,8,0,10,30,9,16,4.8,".244",".460",".278","0.738","0.216",".239","0","1","2",".274",".524",".317",".352",".309",".250",".360",".405",".291",".329","72",27.6,17.2,13.9,36.9,30,"7.4",2,"90.5","15.2",32.4,12.8,45.9,"80.117845405","94.939830816",18,53.8
"Weaver, Luke",596133,2025,31,63,56,6,4,2,0,0,16,6,25.4,9.5,".107",".143",".190","0.333","0.036",".146","0","1","1",".172",".326",".155",".253",".257",".154",".149",".298",".146",".248","72",26.5,13.4,9.4,37.8,26.5,"7.5",0,"91.1","22.4",34.1,7.3,39,"82.279410476","94.583500244",30.7,52.9
"Ortiz, Luis",682847,2025,26,188,166,38,24,7,1,6,49,21,26.1,11.2,".229",".392",".314","0.706","0.163",".286","0","0","1",".261",".503",".315",".363",".343",".242",".377",".456",".322",".369","72.2",27.9,19.6,13.8,39.2,27.5,"7.3",6,"93.3","13.7",33.1,14.4,49.2,"83.442609483","96.468211207",30.4,47.4
"Hollowell, Gavin",668970,2025,27,26,24,6,5,0,0,1,5,2,19.2,7.7,".250",".375",".308","0.683","0.125",".278","0","0","0",".251",".451",".306",".328",".308",".200",".345",".375",".316",".317","70.4",16.3,2.8,2.3,22.2,18.6,"7",0,"87","15.5",42.1,10.5,26.3,"78.842059","91.888386842",19.6,51.9
"Dobnak, Randy",677976,2025,30,19,17,2,1,0,0,1,1,2,5.3,10.5,".118",".294",".211","0.505","0.176",".067","0","0","0",".302",".534",".230",".390",".375",".233",".186",".376",".125",".321","72.7",37.9,24,20.7,40,34.5,"7.4",1,"94.4","11.8",31.3,6.3,56.3,"84.3648625","97.02669375",16.1,39.2
"Myers, Tobias",668964,2025,26,75,63,15,11,3,0,1,11,10,14.7,13.3,".238",".333",".347","0.680","0.095",".269","1","0","1",".239",".355",".313",".318",".349",".116",".297",".305",".283",".286","71.8",23.3,14.4,11.6,28.8,23.3,"7.4",0,"89.2","14",26.4,1.9,37.7,"79.043078077","93.949910196",18.2,48.1
"Taylor, Troy",700187,2025,23,23,20,8,6,1,0,1,2,1,8.7,4.3,".400",".600",".409","1.009","0.200",".389","0","0","1",".416",".676",".428",".456",".424",".261",".459",".492",".421",".438","71.3",13.2,18.2,15.8,33.3,28.9,"7.1",0,"90","20.3",40,10,40,"79.457417","94.824466316",11.9,46.2
"Skubal, Tarik",669373,2025,28,184,176,37,30,3,0,4,60,5,32.6,2.7,".210",".295",".240","0.535","0.085",".295","2","0","0",".226",".342",".240",".261",".256",".116",".336",".370",".319",".344","71.1",19,8.8,5.6,27.9,17.8,"7.3",6,"85.5","12",36.8,5.1,30.8,"73.604054483","92.730020957",35.8,55.7
"Allen, Logan",671106,2025,26,162,136,40,30,7,0,3,25,19,15.4,11.7,".294",".412",".375","0.787","0.118",".330","1","0","4",".251",".452",".350",".352",".345",".201",".365",".368",".348",".306","72.2",30.9,14.9,12.7,32.8,28,"7.4",4,"89","16.7",27.6,11.2,35.3,"78.025694211","94.205234123",16.5,41.7
"Hernández, Daysbel",678226,2025,28,69,59,9,7,2,0,0,12,10,17.4,14.5,".153",".186",".275","0.461","0.033",".191","0","1","0",".202",".301",".222",".280",".318",".099",".187",".272",".191",".254","71.9",29.1,9.9,7.3,29.6,21.8,"7.4",1,"87.6","11",27.7,4.3,29.8,"77.716706957","92.723480435",27,43
"Latz, Jacob",656641,2025,29,52,45,13,9,2,0,2,9,6,17.3,11.5,".289",".467",".365","0.832","0.178",".314","0","0","1",".281",".526",".364",".376",".359",".244",".399",".416",".351",".343","72.2",21,14.3,9.9,37.5,25.9,"7.5",5,"89.4","20.3",37.8,10.8,40.5,"79.806077368","93.667398919",34.7,48.2
"Stratton, Chris",608717,2025,34,77,69,25,18,3,2,2,15,7,19.5,9.1,".362",".551",".416","0.967","0.189",".434","0","0","1",".274",".470",".418",".355",".345",".196",".496",".408",".455",".356","72",21.5,18.8,13.2,35.3,24.8,"7.4",2,"85.9","10.4",36.4,7.3,34.5,"73.247478929","93.456037091",28.1,45.8
"Sandlin, Nick",680704,2025,28,37,31,6,5,1,0,0,10,4,27,10.8,".194",".226",".324","0.550","0.032",".286","2","0","0",".239",".287",".270",".307",".363",".047",".273",".338",".286",".354","71.5",29.1,19.4,12.7,30.6,20,"7.8",5,"86.2","15.2",28.6,0,42.9,"72.343049091","94.548360952",39.2,46.5
"Englert, Mason",669438,2025,25,80,73,23,19,2,0,2,18,4,22.5,5,".315",".425",".354","0.779","0.110",".389","1","0","1",".333",".511",".345",".380",".372",".178",".423",".473",".411",".436","72.3",26.5,17.7,12.9,36.5,26.5,"7.6",2,"93","11.2",44.6,10.7,53.6,"82.747824643","96.605913273",25.8,50.5
"Ferguson, Caleb",657571,2025,28,73,61,15,12,3,0,0,10,8,13.7,11,".246",".295",".347","0.642","0.049",".288","2","2","1",".219",".292",".289",".277",".329",".073",".280",".264",".288",".261","69.9",16.5,6.9,5.8,23,19.4,"6.8",2,"81.7","12.7",32.1,3.8,20.8,"70.009425769","91.319901373",16.5,46.2
"Holman, Grant",680880,2025,25,42,40,9,9,0,0,0,6,2,14.3,4.8,".225",".225",".262","0.487","0.000",".265","0","0","0",".230",".278",".225",".243",".267",".047",".237",".260",".265",".271","70.7",21.2,10,7.6,36,27.3,"7.5",4,"84.8","6.3",23.5,0,29.4,"73.000732941","92.259892353",27.6,50.7
"Lovelady, Richard",663992,2025,29,12,6,2,0,2,0,0,3,2,25,16.7,".333",".667",".583","1.250","0.334",".500","3","0","1",".177",".359",".511",".412",".505",".182",".636",".340",".500",".266","71",17.6,8.3,5.9,25,17.6,"7.4",0,"85.3","30.2",50,25,25,"72.74019","92.9795475",25,43.5
"Henriquez, Ronny",678692,2025,25,85,71,17,13,2,0,2,25,11,29.4,12.9,".239",".352",".357","0.709","0.113",".341","2","1","0",".218",".417",".323",".331",".339",".200",".398",".414",".370",".336","72",21.3,15.5,10.7,34.5,23.8,"7.5",6,"87.6","15.9",38.3,10.6,40.4,"75.337875217","94.239782609",34.4,46.5
"Díaz, Alexis",664747,2025,28,33,26,8,2,2,0,4,3,5,9.1,15.2,".308",".846",".455","1.301","0.538",".211","2","0","0",".335",".725",".534",".502",".481",".390",".550",".505",".348",".381","72.5",32.1,12.8,10.7,27.7,23.2,"7.2",0,"89.1","23.7",56.5,26.1,39.1,"77.797984545","94.151699091",16.1,47.3
"Peralta, Freddy",642547,2025,29,181,163,32,23,4,0,5,48,15,26.5,8.3,".196",".313",".268","0.581","0.117",".245","1","0","0",".214",".352",".264",".282",".284",".139",".314",".342",".278",".303","71.3",20.3,8.6,6.2,29.4,21.2,"7.3",12,"87.9","21.2",29.9,6.8,35,"77.24523569","93.440613826",31.3,47.1
"Sands, Cole",663485,2025,27,64,54,13,10,2,0,1,12,6,18.8,9.4,".241",".333",".317","0.650","0.092",".279","1","0","2",".268",".425",".293",".355",".353",".157",".308",".397",".295",".346","72",21.3,14.5,11.1,25.3,19.4,"7.2",0,"88.5","16.1",26.7,8.9,44.4,"75.907726364","94.945933256",23.4,52.3
"Sterner, Justin",686993,2025,28,79,64,10,7,1,0,2,24,11,30.4,13.9,".156",".266",".291","0.557","0.110",".200","2","0","2",".145",".261",".264",".257",".284",".116",".278",".266",".238",".225","70.1",15.3,9.2,6.5,34.5,24.2,"7.1",4,"90.7","25.1",23.8,4.8,38.1,"82.622260476","93.574222619",32.5,45
"Gore, MacKenzie",669022,2025,26,213,193,45,30,6,1,8,75,16,35.2,7.5,".233",".399",".292","0.691","0.166",".330","1","0","2",".223",".410",".305",".303",".286",".186",".439",".436",".375",".363","71",22.5,13.6,9,29.8,19.8,"7.2",8,"91.2","17.5",38,11.6,45.5,"81.255731333","95.241151681",34.6,49.5
"Dana, Caden",702674,2025,21,14,12,4,2,1,0,1,2,1,14.3,7.1,".333",".667",".357","1.024","0.334",".300","0","0","1",".343",".619",".417",".415",".376",".277",".467",".465",".364",".388","69.9",4.2,11.8,8.3,47.1,33.3,"7.1",0,"91","14.2",45.5,9.1,27.3,"85.286921667","93.367419091",30.8,46.4
"Freeland, Kyle",607536,2025,32,182,172,58,42,12,1,3,30,7,16.5,3.8,".337",".471",".365","0.836","0.134",".393","1","0","1",".305",".465",".366",".344",".334",".160",".424",".396",".406",".367","72.3",27.6,17.6,14.5,36.1,29.7,"7.4",13,"90.2","7",35.4,6.3,43.1,"79.752010986","94.791077376",21.2,53.1
"Ferguson, Tyler",621053,2025,31,73,59,9,8,0,0,1,17,10,23.3,13.7,".153",".203",".274","0.477","0.050",".182","1","0","3",".179",".283",".232",".266",".297",".104",".205",".261",".200",".237","70.7",17.1,13.2,9.5,36.8,26.7,"7.2",4,"89.4","23.5",26.7,2.2,35.6,"79.913422609","93.748157333",29.4,43.4
"Rutledge, Jackson",671131,2025,26,69,59,13,10,2,0,1,22,7,31.9,10.1,".220",".305",".319","0.624","0.085",".324","2","0","1",".225",".328",".289",".302",".326",".103",".357",".381",".342",".355","71.5",20.8,5.7,4,22.7,16,"7.4",5,"87.1","18.3",34.2,2.6,36.8,"76.325795263","93.00373",32.2,48.1
"Pereda, Jhonny",640902,2025,29,12,11,5,1,3,0,1,2,1,16.7,8.3,".455","1.000",".500","1.500","0.545",".500","0","0","0",".405",".730",".624",".501",".454",".325",".755",".590",".556",".495","69.5",18.2,36.4,36.4,45.5,45.5,"7.1",0,"95.7","20.7",44.4,11.1,66.7,"89.224538","97.360108889",0,39.5
"Bellozo, Valente",678368,2025,25,76,64,14,9,4,0,1,14,10,18.4,13.2,".219",".328",".329","0.657","0.109",".260","1","0","1",".204",".405",".302",".318",".319",".200",".298",".323",".275",".258","72",28.1,11.6,9.1,26.3,20.7,"7.2",0,"87","32.9",35.3,9.8,27.5,"76.315432","92.8427228",20.1,43.2
"Romano, Jordan",605447,2025,32,66,59,18,9,6,0,3,14,6,21.2,9.1,".305",".559",".379","0.938","0.254",".357","1","1","0",".250",".412",".402",".320",".330",".162",".487",".369",".400",".328","71.6",23.3,21,15.1,41.9,30.2,"7.3",2,"88.1","15.4",35.6,8.9,37.8,"76.345537391","94.184104",29.4,44.7
"Rodón, Carlos",607074,2025,32,215,193,33,20,5,0,8,67,20,31.2,9.3,".171",".321",".248","0.569","0.150",".210","0","0","1",".197",".348",".256",".276",".273",".151",".322",".356",".260",".303","71.7",25.8,9.8,7.1,32.5,23.3,"7.4",10,"89.2","14.5",30.5,7,38.3,"78.689070161","94.121193468",31.7,43.9
"Hill, Jaden",677955,2025,25,13,11,3,2,0,1,0,5,2,38.5,15.4,".273",".455",".385","0.840","0.182",".500","0","0","0",".106",".214",".369",".220",".243",".108",".567",".243",".500",".194","71.2",15.8,7.7,5.3,30.8,21.1,"7.2",2,"89.8","17.8",33.3,0,33.3,"82.92633","95.066472",31.8,42.3
"Vesia, Alex",681911,2025,29,74,66,14,6,3,0,5,29,7,39.2,9.5,".212",".485",".297","0.782","0.273",".281","1","0","0",".203",".464",".341",".324",".290",".261",".529",".496",".378",".363","70.6",18,11.5,7.9,25,17.3,"7.1",4,"90.2","26.3",40.5,18.9,43.2,"78.775858421","95.422897838",31.4,51.8
"Parker, Mitchell",680730,2025,25,196,166,37,27,8,1,1,26,22,13.3,11.2,".223",".301",".318","0.619","0.078",".252","3","0","4",".244",".365",".285",".319",".341",".121",".264",".309",".257",".287","71.9",26.3,16,12.8,32.3,25.9,"7.3",7,"88.8","14.5",26.2,3.4,42.1,"77.803326479","94.195494397",20.8,50.5
"Patrick, Chad",694477,2025,26,175,157,39,24,11,0,4,36,14,20.6,8,".248",".395",".310","0.705","0.147",".294","1","1","1",".260",".414",".310",".319",".322",".154",".356",".369",".317",".334","71.3",17.3,13.2,10.5,32.1,25.5,"7.1",2,"90.2","22.4",40.3,4.8,45.2,"79.607912787","94.731050656",20.2,48.5
"Knack, Landon",689017,2025,27,61,53,13,8,4,0,1,12,7,19.7,11.5,".245",".377",".328","0.705","0.132",".293","0","0","1",".277",".439",".315",".353",".363",".161",".341",".396",".310",".361","71",18.2,18.1,14.8,38.9,31.8,"7.2",1,"91.6","13.7",42.9,7.1,47.6,"81.994442857","95.495016667",23.6,46
"Garcia, Robert",676395,2025,29,64,59,12,11,1,0,0,15,4,23.4,6.3,".203",".220",".250","0.470","0.017",".267","0","0","0",".275",".403",".217",".316",".319",".128",".247",".387",".267",".364","71.3",14.3,14,10.7,26.7,20.5,"7.4",3,"87.6","11",44.4,11.1,31.1,"76.313803478","93.676524222",24.4,52.5
"Richardson, Lyon",680689,2025,25,37,30,5,5,0,0,0,6,4,16.2,10.8,".167",".167",".297","0.464","0.000",".200","0","1","1",".257",".383",".223",".349",".383",".126",".179",".361",".200",".327","71.1",14.9,24.3,19.1,40.5,31.9,"7.4",0,"88.9","11.6",36,8,48,"76.711312308","94.9846804",18.5,40.6
"Bubic, Kris",663460,2025,27,194,178,39,29,8,0,2,47,14,24.2,7.2,".219",".298",".284","0.582","0.079",".287","2","1","0",".243",".381",".263",".300",".306",".137",".307",".361",".298",".331","72.3",27.4,12.9,9.4,28.8,21.1,"7.2",9,"87.4","14.1",36.6,7.6,39.7,"75.419236364","93.861047176",27.9,51.2
"Miller, Shelby",571946,2025,34,66,60,10,9,0,0,1,19,5,28.8,7.6,".167",".217",".242","0.459","0.050",".225","1","0","0",".232",".347",".217",".291",".302",".115",".247",".365",".244",".340","71.8",20.9,13.4,10,25.6,19.1,"7.2",3,"86.2","12.4",34.1,4.9,39,"73.50313","93.735143171",27.3,49
"Morillo, Juan",666661,2025,26,32,29,8,6,1,0,1,8,3,25,9.4,".276",".414",".344","0.758","0.138",".350","0","0","0",".227",".375",".338",".298",".299",".148",".415",".355",".381",".313","71.2",20.9,9.6,7.5,28.8,22.4,"7",0,"90.5","6.3",33.3,4.8,52.4,"81.339821818","94.559012857",22.2,51.4
"Holmes, Clay",605280,2025,32,178,158,37,31,4,1,1,44,16,24.7,9,".234",".291",".309","0.600","0.057",".313","2","0","2",".222",".334",".276",".287",".302",".111",".315",".332",".319",".308","71.6",20.4,14.5,11.8,32.4,26.3,"7.3",7,"89.3","5.8",31,5.2,40.5,"78.409798276","94.38548487",21.4,43.6
"Svanson, Matt",694335,2025,26,23,19,3,2,1,0,0,4,3,17.4,13,".158",".211",".261","0.472","0.053",".188","0","0","1",".226",".380",".224",".307",".320",".154",".191",".310",".188",".272","71.5",17.9,12.5,10.7,45.8,39.3,"6.9",1,"93.8","4.7",31.3,12.5,43.8,"86.475305","95.562753125",17.1,34
"Jarvis, Bryce",686826,2025,27,32,27,7,4,2,0,1,9,3,28.1,9.4,".259",".444",".344","0.788","0.185",".333","1","0","1",".214",".353",".345",".329",".325",".139",".432",".406",".368",".337","71.5",25.5,15,11.8,40,31.4,"7.2",1,"93.4","5.3",26.3,10.5,47.4,"85.151111","96.330931579",22.2,43.2
"Rodríguez, Randy",678495,2025,25,65,61,12,9,2,0,1,24,2,36.9,3.1,".197",".279",".231","0.510","0.082",".297","1","0","1",".207",".299",".228",".246",".246",".092",".333",".368",".316",".344","70.4",12.1,16,11.2,34.6,24.1,"7.4",1,"92.3","14.5",28.9,7.9,47.4,"83.552820526","95.267667027",31,50.6
"Waddell, Brandon",663399,2025,31,16,16,3,3,0,0,0,4,0,25,0,".188",".188",".188","0.376","0.000",".250","0","0","0",".268",".390",".168",".283",".268",".122",".224",".377",".250",".358","71.8",33.3,13,10,43.5,33.3,"7.5",1,"89.2","10.7",33.3,8.3,41.7,"79.174381667","94.070381667",25,53.3
"Bednar, David",670280,2025,30,48,45,12,8,1,2,1,16,3,33.3,6.3,".267",".444",".313","0.757","0.177",".393","0","1","0",".232",".424",".322",".296",".280",".191",".474",".432",".414",".361","69.9",12.5,20,13.9,44,30.6,"7.1",4,"90.6","7.3",37.9,13.8,51.7,"80.707239333","95.562884483",38.1,45.7
"Chivilli, Angel",683409,2025,22,105,95,23,18,3,0,2,17,9,16.2,8.6,".242",".337",".314","0.651","0.095",".276","1","1","0",".270",".421",".292",".332",".340",".150",".309",".361",".295",".329","71.7",23.7,16.2,12.2,35.9,26.9,"7.6",2,"88.1","-2.7",23.1,6.4,37.2,"75.033302821","94.646137949",25.7,47
"Roupp, Landen",694738,2025,26,178,161,46,33,7,0,6,42,14,23.6,7.9,".286",".441",".339","0.780","0.155",".348","0","0","1",".240",".388",".343",".302",".301",".148",".421",".361",".380",".325","71.8",22.4,13.6,9.8,34.8,25.2,"7.6",9,"86.8","11.2",40.2,7.4,30.3,"75.1618535","93.264674286",28.8,44.2
"Boushley, Caleb",676961,2025,31,37,34,7,3,2,0,2,8,2,21.6,5.4,".206",".441",".270","0.711","0.235",".208","1","0","0",".246",".477",".311",".337",".307",".231",".361",".397",".269",".322","70.8",17.5,13.6,10.5,31.8,24.6,"7",0,"88.7","-1.4",30.8,11.5,46.2,"77.020597692","94.831518077",22.4,42.7
"McGreevy, Michael",700241,2025,24,20,18,1,1,0,0,0,5,1,25,5,".056",".056",".150","0.206","0.000",".077","1","0","0",".203",".363",".116",".287",".283",".160",".069",".332",".077",".281","70.4",16.1,16.7,12.9,29.2,22.6,"6.8",1,"87.6","9.4",23.1,7.7,38.5,"76.043044286","94.195060769",25,45
"Hernández, Carlos",672578,2025,28,76,64,18,12,3,0,3,14,9,18.4,11.8,".281",".469",".387","0.856","0.188",".319","2","1","0",".297",".633",".376",".432",".400",".336",".416",".498",".360",".380","69.5",14,17.2,14,37.6,30.7,"7",3,"90.8","22.2",31.4,19.6,47.1,"79.403134","95.583539184",20.5,49.4
"Murdock, Noah",668716,2025,26,98,75,26,18,8,0,0,21,20,21.4,20.4,".347",".453",".490","0.943","0.106",".473","2","3","1",".257",".399",".417",".365",".425",".142",".478",".389",".473",".355","70",17.1,16.3,12,31.4,23.1,"7",4,"88.3","11.5",38.2,7.3,40,"77.488891538","93.8654775",25.8,38.5
"Payamps, Joel",606303,2025,31,64,58,18,9,5,1,3,13,4,20.3,6.3,".310",".586",".344","0.930","0.276",".341","0","1","2",".322",".703",".387",".452",".369",".382",".474",".561",".383",".417","71.4",18.2,19.2,15.9,38.4,31.8,"7.4",1,"91","21.2",44.7,21.3,40.4,"80.924019583","94.944508723",21.2,43.5
"Flexen, Chris",623167,2025,30,20,18,3,3,0,0,0,5,2,25,10,".167",".167",".250","0.417","0.000",".231","0","0","0",".221",".326",".204",".280",".299",".105",".206",".324",".231",".306","71.8",26.5,10.3,8.8,24.1,20.6,"7.5",0,"90.1","21.3",38.5,7.7,38.5,"80.125475","94.329506667",19.5,51.9
"Church, Marc",687847,2025,24,23,16,4,2,2,0,0,5,6,21.7,26.1,".250",".375",".435","0.810","0.125",".333","0","0","1",".276",".621",".371",".443",".453",".345",".361",".499",".333",".368","72.6",27.3,21.7,15.2,34.8,24.2,"7.7",1,"93.4","16.2",41.7,33.3,50,"83.118396667","95.881765",28.6,35.4
"Wilson, Justin",458677,2025,37,54,48,13,10,3,0,0,14,5,25.9,9.3,".271",".333",".340","0.673","0.062",".382","0","2","0",".224",".277",".291",".245",".297",".053",".375",".306",".382",".316","70.9",20,5.8,3.8,20.3,13.3,"7",1,"84.5","6.8",34.3,0,28.6,"72.977032941","92.374977273",32.2,57.3
"Sisk, Evan",681895,2025,28,11,9,2,2,0,0,0,5,2,45.5,18.2,".222",".222",".364","0.586","0.000",".500","0","0","0",".094",".106",".290",".199",".258",".013",".447",".199",".500",".211","70.6",14.3,25,14.3,37.5,21.4,"7.4",1,"91.4","2.8",0,0,50,"83.414095","93.7404275",47.4,38.8
"Gibaut, Ian",664139,2025,31,51,46,12,7,3,0,2,11,4,21.6,7.8,".261",".457",".314","0.771","0.196",".294","0","0","1",".233",".462",".334",".323",".292",".229",".396",".380",".333",".303","70.4",10.8,11.1,9.5,31.7,27,"6.7",2,"88","23.4",38.9,13.9,36.1,"76.583486667","93.793611944",18.9,49.7
"Hendriks, Liam",521230,2025,36,36,31,7,6,0,0,1,7,4,19.4,11.1,".226",".323",".333","0.656","0.097",".261","1","0","0",".233",".520",".305",".368",".339",".288",".310",".405",".292",".301","71.7",26.3,6.7,5.3,44.4,35.1,"7.4",3,"92.3","24.8",41.7,8.3,50,"84.657525833","95.298282083",24.6,45.9
"Sulser, Cole",642121,2025,35,27,24,8,6,1,0,1,3,3,11.1,11.1,".333",".500",".407","0.907","0.167",".350","0","0","0",".309",".478",".400",".376",".385",".169",".415",".383",".381",".353","72",18.8,25,18.8,47.2,35.4,"7.3",1,"95.9","10.8",42.9,4.8,71.4,"89.675597273","97.682282381",26.4,49.1
"Poche, Colin",621363,2025,31,46,32,10,5,3,1,1,10,12,21.7,26.1,".313",".563",".478","1.041","0.250",".391","0","0","2",".217",".396",".443",".370",".419",".179",".499",".360",".417",".303","72.1",25.4,10,7.9,38,30.2,"7",1,"90.2","25.4",41.7,12.5,54.2,"80.832853333","94.713522917",21.9,34
"Festa, David",701581,2025,25,56,49,12,10,2,0,0,15,5,26.8,8.9,".245",".286",".339","0.625","0.041",".353","2","0","0",".291",".493",".294",".380",".380",".202",".338",".481",".353",".420","72.4",24,18.2,14,27.3,21,"7.6",2,"90","19.2",50,8.8,41.2,"78.352599412","95.235813235",23.2,50
"Gusto, Ryan",687473,2025,26,117,108,27,20,4,0,3,29,8,24.8,6.8,".250",".370",".308","0.678","0.120",".316","1","0","0",".244",".438",".304",".320",".302",".194",".370",".395",".342",".333","71.4",22.4,16.3,11.9,37.3,27.1,"7.2",0,"92.8","19.4",31.6,8.9,48.1,"84.3305955","95.539012278",26.5,51.3
"Speier, Gabe",642100,2025,30,59,55,11,6,4,0,1,19,3,32.2,5.1,".200",".327",".254","0.581","0.127",".286","1","0","0",".202",".332",".260",".259",".256",".129",".348",".346",".306",".309","70.1",14.7,23.9,14.7,45.7,28,"7",3,"90","5.9",27.8,13.9,41.7,"77.942240556","95.302630556",37.6,50.8
"Woods Richardson, Simeon",680573,2025,24,145,130,36,23,7,0,6,31,12,21.4,8.3,".277",".469",".345","0.814","0.192",".319","2","0","1",".263",".543",".357",".371",".333",".280",".420",".439",".360",".342","71.5",22.6,15.8,12.3,32.1,25,"7.2",6,"90.2","22.2",41,17,46,"79.3624506","94.739400202",23.4,47.9
"De Los Santos, Enyel",660853,2025,29,76,69,12,8,2,0,2,22,6,28.9,7.9,".174",".290",".250","0.540","0.116",".222","1","1","0",".227",".404",".241",".302",".299",".177",".295",".391",".255",".334","70.8",17.7,16,11.3,28,19.9,"7.5",1,"89.1","12.1",38.3,10.6,46.8,"77.108189167","95.099958298",30.4,50
"Pérez, Cionel",672335,2025,29,82,63,22,15,5,0,2,17,14,20.7,17.1,".349",".524",".475","0.999","0.175",".444","2","1","1",".217",".331",".436",".321",".371",".114",".509",".316",".468",".291","70.6",17.1,12.2,9.8,29.6,23.6,"7.1",4,"90.3","6.8",24.5,4.1,42.9,"81.03376875","94.05184",24.5,44.4
"Bivens, Spencer",702352,2025,31,71,63,14,8,2,3,1,13,7,18.3,9.9,".222",".397",".310","0.707","0.175",".265","1","0","0",".237",".427",".313",".328",".323",".190",".332",".354",".280",".299","71.7",24.8,14.9,11.9,35.6,28.4,"7.3",1,"87.4","5.1",28,8,42,"75.2324968","93.8431754",20.7,45.3
"Smith, Shane",681343,2025,25,177,156,32,24,7,0,1,38,15,21.5,8.5,".205",".269",".294","0.563","0.064",".263","5","0","1",".234",".337",".263",".300",".322",".103",".273",".327",".269",".311","71.6",24.7,12.4,9,34.2,24.7,"7.1",4,"88.7","12.8",28.6,4.2,39.5,"76.757505254","94.562353162",28.5,48.1
"Fulmer, Michael",605242,2025,32,13,11,4,1,2,0,1,2,2,15.4,15.4,".364",".818",".462","1.280","0.454",".375","0","0","0",".365",".837",".532",".531",".463",".472",".613",".611",".444",".446","72.3",33.3,12.5,11.1,20.8,18.5,"7.6",0,"91.9","27.2",44.4,22.2,33.3,"84.094842","94.254745556",14.3,44.4
"Peralta, Wandy",593974,2025,33,70,62,17,11,4,0,2,11,7,15.7,10,".274",".435",".343","0.778","0.161",".300","0","1","0",".275",".471",".337",".346",".344",".196",".367",".379",".327",".328","72.6",28.4,20.8,14.7,45.8,32.4,"7.6",2,"88.5","2.7",25,9.6,38.5,"75.743397308","94.722032115",29.3,54
"Kahnle, Tommy",592454,2025,35,56,50,6,5,1,0,0,13,5,23.2,8.9,".120",".140",".214","0.354","0.020",".162","1","0","0",".181",".281",".178",".252",".269",".100",".155",".267",".162",".245","72.1",25.6,10.4,8.1,28.4,22.1,"7.5",0,"85.3","4.4",24.3,5.4,27,"74.311306842","92.374406486",25.5,44.5
"Saucedo, Tayler",642048,2025,32,22,19,8,6,1,0,1,3,3,13.6,13.6,".421",".632",".500","1.132","0.211",".467","0","0","0",".400",".720",".492",".506",".482",".320",".545",".564",".500",".475","71.4",21.4,23.8,17.9,52.4,39.3,"7.2",1,"88.2","13.5",56.3,12.5,50,"75.39874","94.8914325",28.6,41.7
"Keller, Brad",641745,2025,29,77,70,16,14,2,0,0,21,6,27.3,7.8,".229",".257",".299","0.556","0.028",".327","1","0","0",".189",".262",".260",".240",".263",".073",".307",".277",".327",".270","70.4",17.2,11.7,8.6,27.7,20.3,"7.2",2,"85.8","7.5",26.5,6.1,30.6,"73.4751504","93.360731837",25.2,47
"Duran, Jhoan",661395,2025,27,77,68,10,10,0,0,0,23,9,29.9,11.7,".147",".147",".247","0.394","0.000",".222","0","2","0",".198",".240",".184",".238",".292",".042",".199",".289",".222",".299","71.2",16.7,11.2,7.6,25.8,17.4,"6.9",6,"88","-5.9",15.6,2.2,42.2,"75.883676818","94.328041395",34.2,54.8
"Pfaadt, Brandon",694297,2025,26,195,181,47,30,10,0,7,41,10,21,5.1,".260",".431",".313","0.744","0.171",".301","4","1","0",".306",".515",".326",".374",".356",".209",".387",".452",".336",".396","72.6",31.7,18.1,13.9,35.4,27.2,"7.4",12,"91.6","12.3",43.6,9.3,47.1,"81.289488429","95.454467714",24.4,49.4
"Flaherty, Jack",656427,2025,29,173,157,37,21,6,1,9,50,14,28.9,8.1,".236",".459",".301","0.760","0.223",".283","1","0","1",".262",".486",".331",".348",".325",".224",".433",".460",".343",".381","71.9",23.5,16.5,12.1,32.1,23.5,"7.6",8,"90.4","15.4",45.4,12,40.7,"79.586796667","94.971154486",30.8,45.7
"Luzardo, Jesús",666200,2025,27,192,177,44,32,10,0,2,51,13,26.6,6.8,".249",".339",".297","0.636","0.090",".333","0","0","2",".245",".373",".284",".296",".298",".128",".355",".373",".344",".345","71.6",24,11.8,8.3,32.9,23.1,"7.5",11,"89","12.2",34.4,6.3,39.8,"78.370793125","93.942410394",31.2,48.4
"Okert, Steven",595345,2025,33,72,66,8,3,4,0,1,24,3,33.3,4.2,".121",".227",".169","0.396","0.106",".167","1","0","1",".190",".391",".179",".271",".235",".201",".229",".381",".186",".295","72.2",28,17.1,10.6,37.8,23.5,"7.3",0,"90.5","29.5",34.1,11.4,38.6,"81.16527","94.198513721",37.3,50.5
"King, John",667463,2025,30,60,55,18,13,3,0,2,7,5,11.7,8.3,".327",".491",".383","0.874","0.164",".348","0","0","0",".323",".493",".385",".378",".380",".170",".408",".400",".375",".371","72",21.8,16,13.8,42.7,36.8,"7.1",2,"90.5","-0.8",31.3,6.3,41.7,"79.197802917","95.268978125",17.3,48.5
"Tinoco, Jesus",622786,2025,30,49,44,9,5,2,1,1,8,5,16.3,10.2,".205",".364",".286","0.650","0.159",".229","0","1","0",".240",".381",".281",".300",".317",".142",".297",".322",".250",".293","71.7",29.4,12.5,10.3,32.1,26.5,"7.6",1,"86.9","16.7",36.1,2.8,27.8,"77.192978889","92.457402857",20,39.7
"Thomas, Connor",671162,2025,27,31,26,12,7,2,0,3,5,2,16.1,6.5,".462",".885",".484","1.369","0.423",".450","1","0","2",".361",".684",".554",".477",".432",".323",".654",".550",".522",".452","72.7",26.1,22.5,19.6,32.5,28.3,"7.4",0,"93.2","13.7",52.2,13,56.5,"81.943926364","97.324945455",11.8,42.9
"Tate, Dillon",622253,2025,31,30,23,7,5,1,0,1,7,6,23.3,20,".304",".478",".467","0.945","0.174",".400","1","0","0",".250",".491",".425",".404",".425",".241",".489",".449",".438",".360","73.6",51.2,8.8,7.3,26.5,22,"7.6",0,"84.4","15.7",37.5,12.5,31.3,"71.80473625","92.885633125",20,38.1
"Boyle, Joe",671212,2025,25,18,15,0,0,0,0,0,7,2,38.9,11.1,".000",".000",".167","0.167","0.000",".000","1","0","0",".180",".372",".118",".311",".316",".192",".000",".433",".000",".337","72.8",37,10.5,7.4,10.5,7.4,"7.4",2,"90.6","27.5",25,12.5,37.5,"79.382275","95.07555875",34.3,47.3
"Shuster, Jared",694363,2025,26,47,43,15,10,5,0,0,8,2,17,4.3,".349",".465",".383","0.848","0.116",".417","1","1","1",".305",".462",".364",".338",".343",".158",".425",".392",".417",".364","72.2",23.3,8.2,5.5,32.7,21.9,"7.5",1,"82.5","11.9",36.1,8.3,16.7,"70.263568333","91.684671429",30.6,49.4
"Anderson, Ian",666120,2025,27,51,44,17,13,2,0,2,8,7,15.7,13.7,".386",".568",".471","1.039","0.182",".441","0","1","0",".298",".444",".450",".365",".394",".147",".509",".390",".472",".364","72.4",28.2,15,11.5,31.7,24.4,"7.5",1,"88.3","13.4",36.1,8.3,41.7,"74.938236471","94.911152647",22.6,45.8
"Stanek, Ryne",592773,2025,33,67,61,13,10,2,1,0,15,6,22.4,9,".213",".279",".284","0.563","0.066",".283","0","0","0",".216",".350",".258",".282",".286",".135",".285",".320",".283",".286","71",16.8,11.3,8.4,27.8,20.6,"7.2",3,"90.1","20.9",28.3,10.9,41.3,"80.423143913","94.009334783",27.1,54.8
"Montero, Rafael",606160,2025,34,62,49,10,8,2,0,0,14,13,22.6,21,".204",".245",".371","0.616","0.041",".286","0","1","0",".201",".272",".296",".301",".369",".071",".277",".286",".286",".282","72.4",30.3,10.3,6.4,26.5,16.5,"7.5",1,"90.3","11.8",22.9,2.9,40,"80.276060588","94.741420882",37.4,44.1
"Lodolo, Nick",666157,2025,27,197,180,41,28,7,1,5,38,7,19.3,3.6,".228",".361",".277","0.638","0.133",".259","6","0","2",".247",".422",".283",".313",".297",".176",".319",".360",".285",".312","71.7",25.4,12.1,10,32.2,26.6,"7.3",15,"89.7","11.4",28.1,7.5,39.7,"79.568801268","94.321597943",22,51.2
"Megill, Tylor",656731,2025,29,176,155,34,27,3,1,3,52,17,29.5,9.7,".219",".310",".307","0.617","0.091",".307","3","0","1",".230",".351",".283",".300",".316",".122",".344",".372",".327",".343","71.6",23.3,14.1,10.4,35.7,26.3,"7.3",7,"89.9","14.7",29.8,5.8,45.2,"79.158530769","94.90208534",28.7,43.8
"Scott, Tayler",605463,2025,33,72,57,15,9,4,1,1,15,12,20.8,16.7,".263",".421",".400","0.821","0.158",".341","1","0","0",".260",".469",".371",".381",".397",".210",".401",".419",".357",".353","71.2",18,20.5,15,32.9,24,"7.3",5,"86.9","5.5",34.1,9.1,45.5,"73.094368571","94.996269024",28.8,40.4
"Ashcraft, Graham",668933,2025,27,86,74,17,14,2,0,1,23,10,26.7,11.6,".230",".297",".321","0.618","0.067",".320","0","0","0",".210",".304",".287",".278",".305",".095",".336",".322",".333",".306","70.9",20.8,10.4,7.6,21.7,16,"7.2",7,"83.2","4.5",20.8,3.8,28.3,"69.6214912","92.6668386",29,51.4
"Schmidt, Clarke",657376,2025,29,88,77,19,12,3,1,3,19,10,21.6,11.4,".247",".429",".330","0.759","0.182",".286","0","0","1",".211",".356",".334",".290",".299",".144",".380",".314",".322",".276","71.8",23.8,15.4,11.1,36.3,26.2,"7.2",5,"87.6","14.4",37.3,5.1,35.6,"76.315163","93.619770169",29.3,44.8
"Hahn, Jesse",534910,2025,35,17,12,3,3,0,0,0,3,4,17.6,23.5,".250",".250",".438","0.688","0.000",".333","0","3","0",".207",".225",".260",".230",".405",".018",".298",".254",".333",".276","70",28.6,18.2,14.3,45.5,35.7,"6.8",0,"89.5","-11",20,0,30,"79.93367","95.123613333",28.6,41.2
"Whitlock, Garrett",676477,2025,29,91,81,19,14,4,0,1,26,8,28.6,8.8,".235",".321",".308","0.629","0.086",".327","1","0","1",".233",".384",".286",".303",".307",".151",".352",".380",".339",".338","71.1",20.8,17,10.7,36.2,22.8,"7.3",6,"89.1","17.4",39.3,14.3,35.7,"77.291976786","94.575442321",37.4,48.2
"Walker, Josh",677020,2025,30,25,22,8,5,3,0,0,8,2,32,8,".364",".500",".440","0.940","0.136",".571","1","0","0",".240",".377",".417",".316",".331",".137",".592",".412",".571",".377","73.3",38.2,30.4,20.6,34.8,23.5,"7.7",1,"90.7","18.7",42.9,21.4,57.1,"74.977998571","97.932096429",35.7,45.7
"Feyereisen, J.P.",656420,2025,32,12,11,5,2,2,0,1,2,1,16.7,8.3,".455",".909",".500","1.409","0.454",".500","0","1","0",".309",".553",".583",".367",".366",".244",".713",".449",".556",".377","71.8",25,14.8,12.5,22.2,18.8,"7.5",2,"92.2","23",44.4,22.2,44.4,"85.48104","94.594155556",15.2,60
"Gilbert, Tyler",656457,2025,31,50,43,7,5,0,0,2,15,7,30,14,".163",".302",".280","0.582","0.139",".192","0","0","0",".201",".385",".270",".311",".313",".183",".308",".381",".250",".309","72.3",30.4,11.7,8.9,35,26.6,"7.2",3,"89.4","20.9",39.3,14.3,42.9,"79.437905","94.0896725",28.9,45.3
"Snider, Collin",676092,2025,29,80,73,20,8,8,2,2,14,3,17.5,3.8,".274",".521",".308","0.829","0.247",".310","1","0","1",".281",".485",".353",".349",".322",".204",".412",".408",".333",".352","71.3",21.5,12.4,10.1,23.1,18.8,"7.3",4,"90.1","11.4",32.3,11.3,46.8,"77.832029333","95.51713322",20.2,56.2
"Cruz, Omar",678316,2025,26,18,15,4,3,1,0,0,5,3,27.8,16.7,".267",".333",".389","0.722","0.066",".400","0","0","0",".205",".310",".336",".298",".338",".106",".395",".327",".400",".307","70.4",22.2,25,14.8,50,29.6,"7",1,"98.7","22",40,0,70,"91.54998","99.066032",37.5,39.5
"Ragans, Cole",666142,2025,27,171,154,37,23,9,1,4,65,13,38,7.6,".240",".390",".300","0.690","0.150",".379","1","0","2",".188",".311",".304",".250",".253",".123",".461",".360",".407",".320","71.1",16.9,11.3,7.8,26.4,18.2,"7.3",11,"88.5","15.8",32.6,7.6,40.2,"76.898691522","94.327819011",33.8,49.4
"Agnos, Zach",688642,2025,24,39,39,9,7,2,0,0,4,0,10.3,0,".231",".282",".231","0.513","0.051",".257","0","0","0",".292",".383",".226",".293",".292",".091",".252",".328",".257",".328","71.7",16,16,10.7,50,33.3,"7.5",2,"91.2","17.8",22.9,2.9,40,"82.334376471","94.850647576",32.5,54.6
"Mize, Casey",663554,2025,28,167,157,34,24,3,1,6,35,9,21,5.4,".217",".363",".257","0.620","0.146",".239","0","0","1",".208",".372",".273",".269",".250",".164",".320",".314",".276",".266","72.2",26.7,16.8,12.1,40.3,28.9,"7.3",4,"89.8","13.8",29.3,8.9,40.7,"79.774505806","94.279611057",28.3,49.5
"McCullers Jr., Lance",621121,2025,31,26,18,6,3,2,0,1,4,6,15.4,23.1,".333",".611",".538","1.149","0.278",".385","2","0","0",".374",".537",".498",".488",".567",".163",".522",".503",".429",".481","71.3",15.9,13.5,11.4,24.3,20.5,"7.6",1,"92.4","5.3",50,14.3,50,"82.57586","95.739182857",17.4,37.4
"Mayza, Tim",641835,2025,33,40,37,9,4,4,0,1,8,1,20,2.5,".243",".432",".275","0.707","0.189",".276","1","0","1",".196",".365",".304",".270",".243",".170",".358",".312",".300",".258","71.4",22.4,7.7,6,34.6,26.9,"7.3",0,"88.9","10.7",33.3,10,36.7,"80.247203333","92.779816667",24.4,48.1
"Vasil, Mike",678024,2025,25,101,85,16,12,2,1,1,15,13,14.9,12.9,".188",".271",".317","0.588","0.083",".217","3","2","0",".248",".458",".271",".357",".368",".210",".242",".363",".229",".302","71.1",16.2,15.1,11.7,34.5,26.6,"7.2",1,"88.2","13.4",30,10,34.3,"77.241536857","93.861263478",23.3,44.9
"Webb, Jacob",657097,2025,31,77,69,13,9,1,0,3,14,5,18.2,6.5,".188",".333",".250","0.583","0.145",".189","1","0","1",".241",".420",".260",".314",".301",".179",".278",".351",".232",".302","70.9",22.2,16.1,11.9,32.3,23.8,"7.4",0,"88.5","20.3",36.8,5.3,38.6,"77.507071111","93.78087037",25,51.1
"Lee, Chase",695445,2025,26,35,28,4,3,0,1,0,9,4,25.7,11.4,".143",".214",".257","0.471","0.071",".190","1","0","2",".196",".329",".223",".281",".302",".133",".205",".301",".190",".265","69.3",7.1,11.9,8.9,33.3,25,"7.1",3,"83.6","15.4",33.3,4.8,33.3,"70.250012727","92.921001429",26.1,44.5
"Maeda, Kenta",628317,2025,37,43,33,9,5,3,0,1,8,6,18.6,14,".273",".455",".429","0.884","0.182",".333","3","0","0",".262",".400",".399",".374",".420",".138",".415",".373",".360",".345","70.6",18.8,13.7,10.1,37.3,27.5,"7.4",1,"91.2","12.2",36,8,36,"83.734502308","93.5867232",28.2,45.6
"Sewald, Paul",623149,2025,35,48,46,13,8,2,0,3,15,2,31.3,4.2,".283",".522",".313","0.835","0.239",".357","0","0","0",".240",".530",".361",".338",".271",".291",".514",".479",".419",".356","71.4",18.1,19.2,13.9,34.6,25,"7.1",1,"88","31.6",45.2,19.4,35.5,"76.765229375","93.995815806",32.6,47.1
"Martin, Chris",455119,2025,39,70,66,14,12,1,0,1,22,3,31.4,4.3,".212",".273",".243","0.516","0.061",".295","0","2","1",".253",".400",".217",".282",".283",".146",".313",".414",".311",".376","71.6",23.2,12.5,9.6,22.9,17.6,"7",1,"90","15.3",44.4,8.9,40,"78.708304545","94.810949773",22.9,55.2
"Jameson, Drey",686753,2025,27,13,10,4,2,2,0,0,0,3,0,23.1,".400",".600",".538","1.138","0.200",".400","0","0","0",".414",".519",".495",".471",".549",".105",".433",".403",".400",".414","71.8",25,23.1,18.8,38.5,31.3,"7.1",1,"89.7","6",50,0,40,"78.362868","94.563921",20,37.7
"Berríos, José",621244,2025,31,198,174,45,29,7,1,8,45,21,22.7,10.6,".259",".448",".340","0.788","0.189",".303","1","1","1",".255",".464",".346",".350",".340",".209",".408",".415",".346",".346","73",29.8,18.1,13.8,36.2,27.6,"7.5",6,"90.2","13.8",30.5,12.2,44.3,"79.097375077","95.059101705",24.7,44.1
"Selby, Colin",681882,2025,27,15,14,3,1,1,0,1,5,1,33.3,6.7,".214",".500",".267","0.767","0.286",".250","0","0","0",".226",".514",".330",".336",".277",".288",".472",".482",".333",".351","71.2",28.6,13.3,9.5,40,28.6,"7.3",0,"86.6","2.5",44.4,22.2,33.3,"76.01447","93.297575556",33.3,49.1
"Ross, Joe",605452,2025,32,89,81,22,11,8,0,3,15,4,16.9,4.5,".272",".481",".315","0.796","0.209",".292","2","0","2",".275",".509",".343",".352",".320",".233",".386",".399",".324",".330","71.2",20.9,12,9.5,31.2,24.7,"7.1",3,"88.8","10.8",39.7,10.3,39.7,"77.860802121","93.960405303",23,53
"Jackson, Luke",592426,2025,33,57,50,12,8,2,0,2,12,7,21.1,12.3,".240",".400",".333","0.733","0.160",".278","0","0","0",".231",".433",".329",".333",".326",".202",".365",".370",".316",".304","71.7",22.9,18.5,14.5,41.5,32.5,"7.4",4,"90.7","8.9",31.6,10.5,39.5,"79.996744737","95.236170263",24.7,44.1
"Winckowski, Josh",670174,2025,27,52,44,11,9,2,0,0,9,5,17.3,9.6,".250",".295",".327","0.622","0.045",".297","1","0","2",".308",".503",".285",".387",".389",".195",".286",".432",".297",".384","70.9",19.4,18.6,14,34.3,25.8,"7.1",2,"89.9","6.1",35.1,13.5,54.1,"78.26791","96.008135429",26.7,50.7
"Sale, Chris",519242,2025,36,212,192,54,38,8,3,5,64,13,30.2,6.1,".281",".432",".341","0.773","0.151",".395","4","0","0",".230",".375",".342",".295",".295",".145",".460",".383",".419",".342","70.8",21.6,9.6,6.9,28.3,20.4,"7.4",15,"88.1","14.4",37.7,9.2,31.5,"77.099973385","93.626084186",32.7,50
"Ginn, J.T.",669372,2025,26,63,56,15,10,1,0,4,15,6,23.8,9.5,".268",".500",".349","0.849","0.232",".297","1","0","0",".260",".440",".372",".343",".342",".180",".452",".407",".366",".355","72.7",25.2,18.5,14.6,30.9,24.3,"7.5",0,"89.8","4",22,12.2,53.7,"77.413601429","96.149792195",20.9,43
"Alexander, Jason",669920,2025,32,17,16,5,2,2,1,0,4,1,23.5,5.9,".313",".563",".353","0.916","0.250",".417","0","0","0",".293",".438",".391",".339",".337",".145",".496",".430",".417",".400","70.3",17.6,27.3,17.6,54.5,35.3,"7.6",0,"94.3","8.6",25,16.7,58.3,"84.108821667","98.490673636",28.6,43.8
"Bassitt, Chris",605135,2025,36,196,185,48,34,7,1,6,49,8,25,4.1,".259",".405",".296","0.701","0.146",".321","2","0","1",".247",".387",".308",".292",".284",".140",".390",".366",".350",".334","71.4",18.8,14.9,11.8,30.6,24.2,"7.2",11,"87.6","11.7",33.6,6.6,37.2,"75.816103768","93.73629365",24.1,50.2
"Vásquez, Randy",681190,2025,26,173,145,36,28,4,1,3,18,25,10.4,14.5,".248",".352",".364","0.716","0.104",".264","2","0","1",".278",".489",".329",".386",".393",".211",".297",".373",".281",".320","71.8",26.2,13.1,10.9,33.2,27.7,"7.3",1,"86.8","14.9",32.8,10.2,33.6,"75.132564531","93.303927344",16.1,43.3
"Cantillo, Joey",676282,2025,25,91,80,21,11,7,0,3,26,11,28.6,12.1,".263",".463",".352","0.815","0.200",".353","0","0","0",".273",".428",".359",".348",".361",".155",".463",".443",".389",".405","70.5",13,21.2,14.6,35.3,24.4,"7.4",1,"89.6","9.3",38.9,9.3,44.4,"77.499914074","94.940542037",29.8,39.9
"King, Michael",650633,2025,30,178,161,30,21,5,0,4,48,14,27,7.9,".186",".292",".258","0.550","0.106",".236","2","0","1",".204",".345",".251",".276",".275",".142",".294",".332",".263",".289","71.6",22,12.8,9.4,28,20.6,"7.5",7,"88.3","19.2",28.1,7.9,40.4,"76.488736667","94.256226726",27.7,44.2
"Sims, Lucas",608371,2025,31,72,51,14,8,3,1,2,13,14,18.1,19.4,".275",".490",".486","0.976","0.215",".333","7","0","0",".256",".447",".439",".419",".473",".191",".441",".401",".368",".343","71.6",22.2,19.6,13.6,39.3,27.2,"7.4",5,"86.7","14.1",28.9,10.5,39.5,"73.662255789","94.073607027",35.3,36.6
"Hagenman, Justin",663795,2025,28,13,13,3,1,2,0,0,4,0,30.8,0,".231",".385",".231","0.616","0.154",".333","0","0","0",".206",".319",".265",".223",".206",".113",".382",".323",".333",".298","72.4",23.8,11.1,9.5,44.4,38.1,"7.1",2,"92.8","12",33.3,0,66.7,"86.60394","95.576798889",20,50
"Herget, Kevin",643361,2025,34,10,10,3,2,1,0,0,1,0,10,0,".300",".400",".300","0.700","0.100",".333","0","0","0",".273",".438",".306",".302",".273",".165",".340",".336",".333",".303","69.3",11.1,20,16.7,46.7,38.9,"7.3",0,"92.8","20.3",33.3,0,44.4,"88.29401","93.822995556",15.8,45.2
"Gordon, Tanner",685299,2025,27,28,27,9,7,2,0,0,4,1,14.3,3.6,".333",".407",".357","0.764","0.074",".391","0","0","0",".314",".466",".339",".346",".339",".153",".383",".393",".391",".371","73.1",29.8,15.8,12.8,31.6,25.5,"7.5",0,"91.7","17.3",43.5,8.7,43.5,"80.432263636","95.523713182",17.5,64
"Treinen, Blake",595014,2025,37,36,32,8,6,1,0,1,10,3,27.8,8.3,".250",".375",".333","0.708","0.125",".333","1","0","0",".224",".372",".321",".305",".311",".147",".396",".371",".364",".326","70",14.3,10.6,8.9,23.4,19.6,"7.2",2,"85","17.3",40.9,4.5,31.8,"71.998176364","93.033808182",21.2,45.5
"Williams, Gavin",668909,2025,25,167,144,41,30,5,0,6,45,23,26.9,13.8,".285",".444",".383","0.827","0.159",".376","0","0","0",".276",".451",".370",".364",".376",".176",".461",".453",".414",".402","71.3",20.3,13.7,9.6,31.5,22.1,"7.3",7,"90.1","11.7",34.3,10.1,40.4,"78.971707347","95.021349796",30.5,46.3
"Young, Danny",664849,2025,31,37,32,9,9,0,0,0,13,3,35.1,8.1,".281",".281",".361","0.642","0.000",".474","1","0","0",".213",".252",".302",".258",".300",".040",".424",".341",".474",".358","71.4",21.4,13.3,9.5,43.3,31,"7.1",2,"86.9","-2.8",30,0,30,"76.995647","92.759951053",33.3,32.3
"Harris, Hogan",663687,2025,28,54,46,9,6,2,0,1,14,8,25.9,14.8,".196",".304",".315","0.619","0.108",".258","0","1","0",".252",".360",".281",".321",".363",".109",".312",".378",".281",".362","70.7",17.6,10.9,8.1,41.8,31.1,"7.3",2,"89.9","16.2",31.3,3.1,25,"81.18151375","93.349710625",24.4,43.7
"Pérez, Martín",527048,2025,34,83,71,14,9,3,1,1,18,11,21.7,13.3,".197",".310",".313","0.623","0.113",".250","1","0","0",".293",".537",".289",".402",".395",".244",".294",".470",".264",".393","72.2",24.8,24.7,18.2,40.4,29.8,"7.4",0,"89.9","18.1",39.6,15.1,47.2,"78.156183704","95.370958491",25,40.3
"Brogdon, Connor",641401,2025,30,17,14,6,4,0,0,2,3,2,17.6,11.8,".429",".857",".500","1.357","0.428",".444","0","0","0",".399",".819",".571",".534",".474",".420",".703",".649",".545",".508","73.6",42.9,26.1,21.4,39.1,32.1,"7.5",0,"94.1","22.4",58.3,33.3,58.3,"84.481728333","98.430157273",24.2,48.5
"Martinez, Nick",607259,2025,34,185,172,47,22,20,1,4,37,11,20,5.9,".273",".471",".315","0.786","0.198",".326","0","0","1",".267",".415",".341",".317",".311",".148",".405",".373",".346",".340","71.9",27.7,11.6,8.9,38.1,29.1,"7.5",5,"88.3","16.9",35.8,7.3,36.5,"78.560992059","93.102568",26.1,47
"Evans, Logan",688138,2025,24,68,60,18,15,1,0,2,11,7,16.2,10.3,".300",".417",".373","0.790","0.117",".340","0","0","0",".285",".425",".354",".345",".359",".140",".385",".371",".367",".349","72.5",31.7,13.6,11.9,26.1,22.8,"7.4",0,"88.7","15.1",42,6,34,"77.926434","93.98294",14.2,44.1
"Wynne, Randy",691094,2025,32,13,12,3,1,1,0,1,3,1,23.1,7.7,".250",".583",".308","0.891","0.333",".250","0","0","0",".226",".588",".380",".369",".286",".362",".472",".455",".333",".302","72.8",27.3,15,13.6,30,27.3,"7.2",0,"93.9","20.8",11.1,22.2,44.4,"85.16381","97.109861111",10.7,59.6
"Domínguez, Seranthony",622554,2025,30,50,42,9,6,1,0,2,13,8,26,16,".214",".381",".340","0.721","0.167",".259","0","0","0",".253",".397",".328",".345",".372",".144",".372",".403",".310",".366","72.4",28.8,12.7,9.6,23.6,17.8,"7.3",1,"86","17.5",34.5,6.9,34.5,"73.425805333","93.576461379",29.4,40.9
"Mederos, Victor",682989,2025,24,13,10,2,0,1,1,0,2,3,15.4,23.1,".200",".500",".385","0.885","0.300",".250","0","0","0",".133",".216",".383",".274",".333",".083",".361",".183",".250",".166","70.6",5,12.5,10,37.5,30,"6.9",0,"93.6","-2.9",37.5,0,62.5,"86.2395675","95.89992875",22.7,39.3
"Wacha, Michael",608379,2025,33,185,169,38,27,8,1,2,34,14,18.4,7.6,".225",".320",".283","0.603","0.095",".269","0","0","1",".257",".410",".271",".315",".313",".152",".295",".355",".279",".321","72.3",27,12.4,10,28.9,23.3,"7.4",12,"87.4","15",39,6.6,34.6,"76.261176119","93.427320376",21.4,49.7
"Spiers, Carson",686730,2025,27,60,50,13,8,2,0,3,11,7,18.3,11.7,".260",".480",".356","0.836","0.220",".270","1","0","1",".304",".565",".365",".407",".395",".260",".399",".460",".325",".382","72.7",29,22.7,18.3,41.3,33.3,"7.5",2,"93.9","22.3",29.3,12.2,48.8,"84.59626","96.4511865",22.6,43.3
"Estévez, Carlos",608032,2025,32,77,65,12,9,3,0,0,16,9,20.8,11.7,".185",".231",".303","0.534","0.046",".245","2","3","0",".243",".364",".240",".309",".353",".121",".242",".345",".245",".323","71.4",27.8,12.2,10.4,28.6,24.3,"7.1",3,"90.4","22.3",28,6,42,"80.3638028","94.561898163",17.8,47
"Gibson, Kyle",502043,2025,37,64,57,23,11,4,1,7,9,6,14.1,9.4,".404",".877",".453","1.330","0.473",".381","0","0","1",".337",".655",".551",".438",".394",".319",".635",".487",".469",".392","73.1",30.3,26.8,21.3,52.1,41.6,"7.7",3,"93.3","10.4",32.7,16.3,57.1,"84.8822232","96.093836735",21.2,44.6
"Kent, Zak",687849,2025,27,17,15,4,3,1,0,0,5,2,29.4,11.8,".267",".333",".353","0.686","0.066",".400","0","0","0",".192",".254",".315",".252",".287",".061",".395",".289",".400",".288","75.2",50,15.8,12.5,15.8,12.5,"7.9",1,"87.2","12.7",50,0,30,"78.622126","91.900453",24.1,40.3
"Ginkel, Kevin",656464,2025,31,26,22,9,4,3,0,2,7,3,26.9,11.5,".409",".818",".500","1.318","0.409",".538","1","0","0",".278",".661",".553",".440",".389",".383",".770",".574",".600",".408","71.5",25.6,15.6,12.8,34.4,28.2,"7.5",3,"92","8.8",46.7,13.3,53.3,"80.508985","97.335912",25,38.9
"Peralta, Luis",678821,2025,24,44,34,10,7,2,0,1,5,8,11.4,18.2,".294",".441",".432","0.873","0.147",".310","1","0","1",".302",".473",".391",".416",".450",".171",".363",".399",".333",".357","70.3",12.9,12.7,10,36.4,28.6,"7.1",1,"93","20",43.3,6.7,43.3,"84.872724","95.357100345",20.9,44.8
"Francis, Bowden",670102,2025,29,176,160,44,27,4,1,12,30,11,17,6.3,".275",".537",".324","0.861","0.262",".264","2","0","3",".311",".552",".369",".393",".361",".241",".420",".451",".331",".380","72",27.4,20.1,16,37.5,29.9,"7.4",2,"91.1","20",30.8,12,50.4,"79.782318788","95.931332955",21,46.8
"Arrighetti, Spencer",681293,2025,25,39,33,4,1,2,0,1,8,5,20.5,12.8,".121",".273",".256","0.529","0.152",".125","1","0","0",".205",".376",".250",".315",".327",".172",".221",".323",".160",".270","72.4",33.3,20.5,13.3,43.6,28.3,"7.4",1,"90.9","20.7",28,8,48,"82.640168462","94.7145568",36.2,43.9
"Carrasco, Carlos",471911,2025,38,142,131,39,23,9,0,7,25,10,17.6,7,".298",".527",".345","0.872","0.229",".320","0","0","1",".290",".470",".377",".354",".342",".180",".435",".405",".364",".361","72.4",26.6,19.5,15.1,39.1,30.3,"7.6",4,"91.1","14.8",36.4,12.1,42.1,"80.977164528","94.860102381",22.6,46.5
"Freeman, Caleb",673965,2025,27,12,10,4,2,1,0,1,2,1,16.7,8.3,".400",".800",".455","1.255","0.400",".429","0","0","0",".296",".549",".531",".387",".360",".252",".643",".444",".500",".370","67.9",9.1,10.5,9.1,21.1,18.2,"7.1",0,"90.6","26.9",33.3,22.2,44.4,"78.813945","95.4061475",10.7,52.8
"Rodríguez, Manuel",655889,2025,28,73,67,15,12,2,0,1,17,3,23.3,4.1,".224",".299",".264","0.563","0.075",".280","1","0","1",".260",".333",".253",".282",".299",".073",".301",".343",".294",".344","72.5",30.9,13.6,9.8,33,23.6,"7.4",3,"89.9","0.2",28.8,1.9,46.2,"78.769826","94.9156972",29.3,51.7
"Harvey, Hunter",640451,2025,30,17,17,1,1,0,0,0,7,0,41.2,0,".059",".059",".059","0.118","0.000",".100","0","0","0",".125",".157",".053",".123",".125",".032",".089",".209",".100",".212","72",13.8,15,10.3,40,27.6,"7.4",0,"94.4","0.4",20,0,50,"88.302204","95.485184",31.4,44.3
"Rodriguez, Yariel",684320,2025,28,78,67,15,7,4,0,4,21,8,26.9,10.3,".224",".463",".321","0.784","0.239",".256","2","1","1",".214",".446",".338",".332",".317",".232",".419",".409",".319",".313","71.7",26.1,12.6,9.2,26.4,19.3,"7.2",2,"87.7","20.2",42.6,17,40.4,"75.771324167","94.188059149",29.1,45.3
"Leclerc, José",600917,2025,31,46,41,13,7,2,1,3,8,5,17.4,10.9,".317",".634",".391","1.025","0.317",".333","0","0","0",".300",".566",".438",".402",".376",".267",".505",".455",".394",".372","71.6",21.5,13.6,9.7,27.3,19.4,"7.6",1,"88.8","14.9",45.5,12.1,45.5,"77.330501176","94.621630606",30.9,48
"Nikhazy, Doug",680951,2025,25,20,14,5,2,2,1,0,3,6,15,30,".357",".643",".550","1.193","0.286",".455","0","0","0",".338",".620",".507",".492",".536",".283",".541",".514",".455",".430","72.6",25,25,16.7,29.2,19.4,"7.2",0,"97.4","24.2",63.6,18.2,63.6,"91.267805","98.485047273",32.5,44.4
"Fluharty, Mason",689254,2025,23,54,47,4,0,4,0,0,15,5,27.8,9.3,".085",".170",".185","0.355","0.085",".121","1","1","1",".178",".294",".163",".252",".274",".115",".154",".298",".121",".267","72.4",24.3,9.8,7.1,41.2,30,"7.5",0,"88.1","25.7",33.3,6.1,30.3,"79.074884118","92.724444848",31,40.8
"Schwellenbach, Spencer",680885,2025,25,194,181,44,26,12,1,5,43,9,22.2,4.6,".243",".403",".285","0.688","0.160",".291","2","1","1",".280",".428",".300",".324",".321",".148",".364",".396",".317",".366","71.4",22.5,17.6,12.9,37.1,27.3,"7.3",6,"90.3","7.9",37.1,6.4,45.7,"79.225694857","94.965496547",28.3,53.1